schema_version,customer_id,matched_count,distance_min,distance_mean,distance_median,distance_max,outcome_share_healthy,outcome_share_recovered,outcome_share_stress,outcome_share_delinquent,breakpoint_status,breakpoint_month,breakpoint_factor,breakpoint_risk_group_count,breakpoint_avoidance_group_count,breakpoint_persistence_months,analysis_status,error_category,error_message
population_detail.v1,C000001,200,0.3936177466174276,0.8554499058088516,0.8619158999225163,1.1843396995018023,0.0,0.0,0.09,0.91,insufficient_group_size,,,200,0,0,success,,
population_detail.v1,C000002,200,0.17791271358872973,0.5768484658660946,0.5995260204532769,0.7504378074057398,0.975,0.02,0.005,0.0,insufficient_group_size,,,1,199,0,success,,
population_detail.v1,C000003,200,0.22658349846554007,0.7485924257521497,0.7826023960680664,0.92009379989181,0.06,0.035,0.73,0.175,insufficient_group_size,,,181,19,0,success,,
population_detail.v1,C000004,200,0.4232288362857906,1.5681383046685347,1.689202221550878,1.9982736371667675,0.89,0.11,0.0,0.0,insufficient_group_size,,,0,200,0,success,,
population_detail.v1,C000005,200,0.1388649798209492,0.4600157390351012,0.4813632978807557,0.6376110231409969,1.0,0.0,0.0,0.0,insufficient_group_size,,,0,200,0,success,,
population_detail.v1,C000006,200,0.18103846369882298,0.7172946192224319,0.7641932678147183,1.001906775085779,0.995,0.005,0.0,0.0,insufficient_group_size,,,0,200,0,success,,
population_detail.v1,C000007,200,0.2955430859280568,0.7013027042028018,0.7517362324806295,0.900316511506423,0.01,0.01,0.75,0.23,insufficient_group_size,,,196,4,0,success,,
population_detail.v1,C000008,200,0.34179681173679605,1.352598950394816,1.4441765770292592,1.8161699940378457,0.38,0.62,0.0,0.0,insufficient_group_size,,,0,200,0,success,,
population_detail.v1,C000009,200,0.1642170010853573,0.597423131663543,0.6345792428477137,0.7414302040535379,0.56,0.06,0.38,0.0,found,13.0,variable_expense_ratio,76,124,24,success,,
population_detail.v1,C000010,200,0.3131253549169814,0.9956905622536257,1.0678579601982396,1.2707089230530693,0.01,0.015,0.45,0.525,insufficient_group_size,,,195,5,0,success,,
population_detail.v1,C000011,200,0.401720156499413,1.4423627673946595,1.4896605847315936,1.848278080954153,0.53,0.415,0.01,0.045,insufficient_group_size,,,11,189,0,success,,
population_detail.v1,C000012,200,0.31449379586703574,1.5701762144154185,1.7503715760755252,1.8748286074980778,0.795,0.015,0.19,0.0,found,13.0,cash_balance_ratio,38,162,24,success,,
population_detail.v1,C000013,200,0.11937308393641591,0.48324165098246014,0.5057869627138571,0.6740055944636091,1.0,0.0,0.0,0.0,insufficient_group_size,,,0,200,0,success,,
population_detail.v1,C000014,200,0.43931683632890217,1.4222943461664206,1.6356171492960132,1.809169333383784,0.805,0.195,0.0,0.0,insufficient_group_size,,,0,200,0,success,,
population_detail.v1,C000015,200,0.24878060300612032,0.5862015223689643,0.5919150189695925,0.772292396544941,1.0,0.0,0.0,0.0,insufficient_group_size,,,0,200,0,success,,
population_detail.v1,C000016,200,0.10736452579988241,0.4511778428276672,0.4729881190453294,0.6163822118756671,1.0,0.0,0.0,0.0,insufficient_group_size,,,0,200,0,success,,
population_detail.v1,C000017,200,0.23083163763232661,0.5129824176595933,0.5209932890604063,0.6791900702156273,0.99,0.01,0.0,0.0,insufficient_group_size,,,0,200,0,success,,
population_detail.v1,C000018,200,0.19024482335874673,0.9037318126633228,0.9301254929437622,1.3220439984715695,0.3,0.7,0.0,0.0,insufficient_group_size,,,0,200,0,success,,
population_detail.v1,C000019,200,0.2361778622151455,0.6989074761444123,0.7239698034379778,0.8926480519505843,0.355,0.155,0.43,0.06,found,13.0,cash_balance_ratio,98,102,24,success,,
population_detail.v1,C000020,200,0.1315897128878933,0.8851900771400429,0.9210142758552538,1.2558455375124178,0.325,0.065,0.61,0.0,found,13.0,variable_expense_ratio,122,78,24,success,,
population_detail.v1,C000021,200,1.6655134129468137,10.04713649233961,11.960876036458687,12.34987605049994,0.52,0.315,0.115,0.05,found,13.0,cash_balance_ratio,33,167,24,success,,
population_detail.v1,C000022,200,0.20271499043544486,0.5579535081490306,0.5778642001930152,0.6866200974364259,0.58,0.12,0.29,0.01,found,13.0,variable_expense_ratio,60,140,24,success,,
population_detail.v1,C000023,200,0.17538239704748812,0.6524498071865213,0.6816245306325968,0.8528282430836571,0.005,0.01,0.575,0.41,insufficient_group_size,,,197,3,0,success,,
population_detail.v1,C000024,200,0.24551156016272166,1.1711457141570873,1.2289625062074223,1.598899332391007,0.52,0.48,0.0,0.0,insufficient_group_size,,,0,200,0,success,,
population_detail.v1,C000025,200,0.06534334225667071,0.49545627324711794,0.5260172309786895,0.6984235156694055,1.0,0.0,0.0,0.0,insufficient_group_size,,,0,200,0,success,,
population_detail.v1,C000026,200,0.10545257521260935,0.5239198382447919,0.5391964077251112,0.6496716277294007,0.285,0.075,0.605,0.035,found,13.0,variable_expense_ratio,128,72,24,success,,
population_detail.v1,C000027,200,0.2150213643221683,0.6482196830436772,0.6983343363895358,0.8439807642379527,0.995,0.0,0.005,0.0,insufficient_group_size,,,1,199,0,success,,
population_detail.v1,C000028,200,0.6979672060378673,1.3461405400967146,1.3697409736328718,1.454904215135748,0.125,0.035,0.71,0.13,found,13.0,variable_expense_ratio,168,32,24,success,,
population_detail.v1,C000029,200,0.2955861114178061,0.8687343818236215,0.9377615938237236,1.1112029467818876,0.705,0.02,0.275,0.0,found,13.0,variable_expense_ratio,55,145,24,success,,
population_detail.v1,C000030,200,0.2919002950747708,1.100645650071718,1.1228127562009886,1.5980553939099478,0.865,0.135,0.0,0.0,insufficient_group_size,,,0,200,0,success,,
population_detail.v1,C000031,200,0.26193105569091213,0.5219343645527227,0.5279897855657448,0.6634047612577099,0.96,0.01,0.03,0.0,insufficient_group_size,,,6,194,0,success,,
population_detail.v1,C000032,200,0.24220990943799123,0.7244544408394512,0.7512953334903876,0.9716960259379558,0.0,0.0,0.11,0.89,insufficient_group_size,,,200,0,0,success,,
population_detail.v1,C000033,200,1.896007502615029,11.386624357035917,11.813760393046831,12.093283894879377,0.44,0.555,0.005,0.0,insufficient_group_size,,,1,199,0,success,,
population_detail.v1,C000034,200,1.7282188333624935,13.379988347893915,15.714702031870397,16.112667246069783,0.55,0.285,0.11,0.055,found,13.0,cash_balance_ratio,33,167,24,success,,
population_detail.v1,C000035,200,0.34155532340570594,1.1543046349022457,1.201217712529933,1.5097545466960467,0.005,0.0,0.195,0.8,insufficient_group_size,,,199,1,0,success,,
population_detail.v1,C000036,200,0.16865051570785036,0.5475777172907286,0.5607595083300592,0.7246982029070765,0.95,0.015,0.035,0.0,insufficient_group_size,,,7,193,0,success,,
population_detail.v1,C000037,200,0.20939426346624818,0.750071352736747,0.7550008609872141,1.1079641311283075,0.41,0.04,0.55,0.0,found,13.0,variable_expense_ratio,110,90,24,success,,
population_detail.v1,C000038,200,0.3157343019957344,0.5825569947116385,0.5985065422912621,0.7282634030569808,0.145,0.045,0.69,0.12,found,13.0,cash_balance_ratio,162,38,24,success,,
population_detail.v1,C000039,200,0.2751589175912084,1.0931114519668563,1.1589035851943148,1.3472858582530052,0.455,0.22,0.32,0.005,found,13.0,variable_expense_ratio,65,135,24,success,,
population_detail.v1,C000040,200,0.3380888292684661,0.8696626550485022,0.9393627156865767,1.0877285843402804,0.995,0.0,0.005,0.0,insufficient_group_size,,,1,199,0,success,,
population_detail.v1,C000041,200,0.2918300414330789,1.3052481652074845,1.3431833450050257,1.590870877332209,0.595,0.405,0.0,0.0,insufficient_group_size,,,0,200,0,success,,
population_detail.v1,C000042,200,3.0885355369737413,14.746608815647727,17.111016664847696,17.49702555244959,0.43,0.405,0.115,0.05,found,13.0,cash_balance_ratio,33,167,24,success,,
population_detail.v1,C000043,200,0.2534734873439894,0.5958954898679747,0.6030453357231065,0.7307748596820318,0.07,0.02,0.695,0.215,insufficient_group_size,,,182,18,0,success,,
population_detail.v1,C000044,200,0.2351320228987565,0.7068730341985691,0.7222088941650511,0.8870598451054742,0.395,0.165,0.43,0.01,found,13.0,cash_balance_ratio,88,112,24,success,,
population_detail.v1,C000045,200,0.41813293596650764,0.7947168529803287,0.8218944039756664,0.9884715836143739,0.085,0.02,0.655,0.24,found,13.0,cash_balance_ratio,179,21,24,success,,
population_detail.v1,C000046,200,0.7346925803962124,2.3600824028639233,2.436418270520928,2.5779756662722377,0.28,0.18,0.29,0.25,found,13.0,cash_balance_ratio,108,92,24,success,,
population_detail.v1,C000047,200,0.17528778566151132,0.5963133564809361,0.6152563931283803,0.8048384490729485,1.0,0.0,0.0,0.0,insufficient_group_size,,,0,200,0,success,,
population_detail.v1,C000048,200,0.24797542653576665,0.4948659965028186,0.5129913907054408,0.6661163134138616,1.0,0.0,0.0,0.0,insufficient_group_size,,,0,200,0,success,,
population_detail.v1,C000049,200,0.4715777204891861,1.606283155544824,1.663036433450668,2.333481440182874,0.3,0.7,0.0,0.0,insufficient_group_size,,,0,200,0,success,,
population_detail.v1,C000050,200,0.20635051351566988,0.7386825822330878,0.7541449724775495,1.0129837436562323,0.0,0.0,0.045,0.955,insufficient_group_size,,,200,0,0,success,,
population_detail.v1,C000051,200,0.4208163078273736,1.141115672857427,1.231755013523563,1.4855489405159623,0.44,0.21,0.33,0.02,found,13.0,variable_expense_ratio,70,130,24,success,,
population_detail.v1,C000052,200,0.21457921703402796,0.6470133696342267,0.675139673527483,0.835994538462562,0.05,0.02,0.815,0.115,insufficient_group_size,,,186,14,0,success,,
population_detail.v1,C000053,200,0.19875349248848692,0.7218145684090264,0.7468656039902393,0.9268895695769278,0.03,0.02,0.8,0.15,insufficient_group_size,,,190,10,0,success,,
population_detail.v1,C000054,200,0.19585119853108057,0.5488202862049402,0.5685783435302934,0.7161915286182872,0.26,0.06,0.65,0.03,found,13.0,variable_expense_ratio,136,64,24,success,,
population_detail.v1,C000055,200,0.09691486834153042,0.5474412707854279,0.5651554140761033,0.747731603244485,0.995,0.005,0.0,0.0,insufficient_group_size,,,0,200,0,success,,
population_detail.v1,C000056,200,0.3404029309575484,0.6643335787875603,0.6902403727713948,0.8188628099132493,0.905,0.055,0.04,0.0,insufficient_group_size,,,8,192,0,success,,
population_detail.v1,C000057,200,0.3745434595210175,1.2394059522609162,1.2899041468496086,1.4622013757653922,0.68,0.115,0.205,0.0,found,13.0,variable_expense_ratio,41,159,24,success,,
population_detail.v1,C000058,200,0.2634824127500274,0.7261256126669084,0.7636484403687432,0.9542871243725104,0.01,0.02,0.75,0.22,insufficient_group_size,,,194,6,0,success,,
population_detail.v1,C000059,200,0.17756295739519634,0.5365040112215589,0.5874491938666011,0.6885248030278432,1.0,0.0,0.0,0.0,insufficient_group_size,,,0,200,0,success,,
population_detail.v1,C000060,200,0.3902807655272515,1.0359159241751958,1.0924945366489618,1.3299412870532445,0.43,0.225,0.325,0.02,found,13.0,variable_expense_ratio,69,131,24,success,,
population_detail.v1,C000061,200,0.1562990573251786,0.6381174239381885,0.6533540502035755,0.8796750381633254,1.0,0.0,0.0,0.0,insufficient_group_size,,,0,200,0,success,,
population_detail.v1,C000062,200,0.30378920275556076,0.9909433734292794,1.0119820618679412,1.4022110238915122,0.385,0.615,0.0,0.0,insufficient_group_size,,,0,200,0,success,,
population_detail.v1,C000063,200,0.23249363955000493,0.8356978391332791,0.8750255671036362,1.0470710114831785,0.015,0.015,0.4,0.57,insufficient_group_size,,,194,6,0,success,,
population_detail.v1,C000064,200,0.26614535026319464,0.5982175418298753,0.6123739722725676,0.7105263293460925,0.96,0.035,0.005,0.0,insufficient_group_size,,,1,199,0,success,,
population_detail.v1,C000065,200,0.2568847403748313,1.0888420943512054,1.1349592661194285,1.6052509060458657,0.3,0.7,0.0,0.0,insufficient_group_size,,,0,200,0,success,,
population_detail.v1,C000066,200,0.26651047089856095,0.9099657082261475,0.9563747226812847,1.2920408536706858,0.295,0.055,0.65,0.0,found,13.0,variable_expense_ratio,130,70,24,success,,
population_detail.v1,C000067,200,0.31435258624972656,0.8824316857436475,0.9062025941447598,1.1480563869061824,0.005,0.01,0.525,0.46,insufficient_group_size,,,197,3,0,success,,
population_detail.v1,C000068,200,0.39042997427502296,1.4839857436970516,1.5559500095078103,1.9364208868177342,0.635,0.365,0.0,0.0,insufficient_group_size,,,0,200,0,success,,
population_detail.v1,C000069,200,0.23916685708915952,0.9042248066464836,0.9399084191087022,1.272312794977468,0.385,0.615,0.0,0.0,insufficient_group_size,,,0,200,0,success,,
population_detail.v1,C000070,200,0.2296800541443965,0.5123337214513625,0.5317548021093037,0.6331713215607037,0.97,0.025,0.005,0.0,insufficient_group_size,,,1,199,0,success,,
population_detail.v1,C000071,200,0.22089031432612705,0.5001817390377371,0.5154105952368198,0.668941295365475,0.99,0.01,0.0,0.0,insufficient_group_size,,,0,200,0,success,,
population_detail.v1,C000072,200,0.23317441296393546,0.5782272578911879,0.601863458819438,0.725416957530401,0.97,0.02,0.01,0.0,insufficient_group_size,,,2,198,0,success,,
population_detail.v1,C000073,200,0.45827105154616077,1.4481284426116934,1.525578159571432,1.888524583657286,0.91,0.005,0.085,0.0,insufficient_group_size,,,17,183,0,success,,
population_detail.v1,C000074,200,0.4561017674882905,0.9353394298121895,0.974012333758264,1.186156133010501,0.015,0.005,0.355,0.625,insufficient_group_size,,,196,4,0,success,,
population_detail.v1,C000075,200,0.21824383839275058,0.6250814850819348,0.6463448080966198,0.8405690713027515,0.97,0.01,0.02,0.0,insufficient_group_size,,,4,196,0,success,,
population_detail.v1,C000076,200,0.3402012206652369,0.7342016620939253,0.7541501725571318,0.8708051859257467,0.085,0.015,0.75,0.15,found,13.0,variable_expense_ratio,180,20,6,success,,
population_detail.v1,C000077,200,0.28458639185426166,0.7117743202619526,0.7413860284663294,0.9204274700295908,0.055,0.02,0.79,0.135,insufficient_group_size,,,185,15,0,success,,
population_detail.v1,C000078,200,0.13971340402335722,0.4837258671664488,0.5059755504326452,0.6128759157995367,0.99,0.01,0.0,0.0,insufficient_group_size,,,0,200,0,success,,
population_detail.v1,C000079,200,0.22903832539257085,0.7920128247467615,0.8349631488689565,1.028744898510861,0.21,0.1,0.545,0.145,found,13.0,cash_balance_ratio,138,62,24,success,,
population_detail.v1,C000080,200,0.3020625609390561,0.5948379506575739,0.6159399702852905,0.7671950256766186,0.99,0.005,0.005,0.0,insufficient_group_size,,,1,199,0,success,,
population_detail.v1,C000081,200,0.2012408103403895,0.8746592302448044,0.918642027426746,1.2125870101376408,0.0,0.005,0.405,0.59,insufficient_group_size,,,199,1,0,success,,
population_detail.v1,C000082,200,0.2577400267260898,0.6837321316342587,0.7080143038904563,0.9430677126825451,0.0,0.0,0.11,0.89,insufficient_group_size,,,200,0,0,success,,
population_detail.v1,C000083,200,0.48525760288049063,1.302820113166853,1.3671955799074071,1.6195908745048593,0.49,0.51,0.0,0.0,insufficient_group_size,,,0,200,0,success,,
population_detail.v1,C000084,200,0.3209160715712808,1.2014487270094576,1.22230415841323,1.7067349905447589,0.88,0.03,0.09,0.0,insufficient_group_size,,,18,182,0,success,,
population_detail.v1,C000085,200,0.329923223428082,0.9377870692295067,0.9643552790435811,1.3019983306531464,0.335,0.665,0.0,0.0,insufficient_group_size,,,0,200,0,success,,
population_detail.v1,C000086,200,0.22930135889948222,0.8130676984414348,0.8418360921167977,1.063957533717375,0.83,0.04,0.13,0.0,found,13.0,variable_expense_ratio,26,174,24,success,,
population_detail.v1,C000087,200,0.2851555091125584,0.5488762574558437,0.5719298371172564,0.6765126217607415,0.63,0.125,0.24,0.005,found,13.0,variable_expense_ratio,49,151,24,success,,
population_detail.v1,C000088,200,0.8733755912420449,2.003557788785853,2.078639987431001,2.2392276637637574,0.09,0.035,0.62,0.255,found,13.0,variable_expense_ratio,175,25,24,success,,
population_detail.v1,C000089,200,0.10657616864249335,0.42698677009724806,0.41918940025203877,0.6567777654353287,1.0,0.0,0.0,0.0,insufficient_group_size,,,0,200,0,success,,
population_detail.v1,C000090,200,0.28136998526188756,0.872393406480208,0.8896500187074592,1.1444536631730091,0.015,0.01,0.385,0.59,insufficient_group_size,,,195,5,0,success,,
population_detail.v1,C000091,200,0.36966388126863126,1.2419069034331272,1.3458022278091832,1.6569236108483805,0.52,0.095,0.385,0.0,found,13.0,variable_expense_ratio,77,123,24,success,,
population_detail.v1,C000092,200,0.286256713523598,1.2300537912217664,1.3362885110708813,1.5590027459721862,0.525,0.04,0.435,0.0,found,13.0,variable_expense_ratio,87,113,24,success,,
population_detail.v1,C000093,200,0.2585815359732814,0.9013314960743114,0.9383828857226342,1.1363744576809933,0.35,0.17,0.475,0.005,found,13.0,variable_expense_ratio,96,104,24,success,,
population_detail.v1,C000094,200,0.12907687942259286,0.45953269847950123,0.4781830503986103,0.5755770478904587,0.995,0.005,0.0,0.0,insufficient_group_size,,,0,200,0,success,,
population_detail.v1,C000095,200,0.2843302471195251,0.8487591554896565,0.8712768467413735,1.141614503497638,0.005,0.01,0.41,0.575,insufficient_group_size,,,197,3,0,success,,
population_detail.v1,C000096,200,0.15773721896082762,0.5031371654600774,0.5303305236174148,0.6643659406269012,0.86,0.03,0.11,0.0,found,13.0,variable_expense_ratio,22,178,24,success,,
population_detail.v1,C000097,200,0.4653517523852605,0.9197209157667539,0.9381981292525812,1.1828564272897062,0.0,0.0,0.04,0.96,insufficient_group_size,,,200,0,0,success,,
population_detail.v1,C000098,200,0.19516843924279012,0.6768787491096916,0.7187675364771862,0.8715136046016712,0.035,0.02,0.66,0.285,insufficient_group_size,,,189,11,0,success,,
population_detail.v1,C000099,200,0.30199124869997157,0.7332418834096017,0.723778724294355,1.0632006280424384,0.0,0.0,0.1,0.9,insufficient_group_size,,,200,0,0,success,,
population_detail.v1,C000100,200,0.2751589175912084,1.0797395651450867,1.156913888785707,1.337503630036858,0.395,0.205,0.395,0.005,found,13.0,variable_expense_ratio,80,120,24,success,,
population_detail.v1,C000101,200,0.2753165322788264,0.7833547083310433,0.8257301175522135,1.0182987242488342,0.01,0.01,0.61,0.37,insufficient_group_size,,,196,4,0,success,,
population_detail.v1,C000102,200,0.15263900455306859,0.5793582563168106,0.6057581441366967,0.7639654320855161,1.0,0.0,0.0,0.0,insufficient_group_size,,,0,200,0,success,,
population_detail.v1,C000103,200,0.2612004751249027,0.9053009642386904,0.9642820109543486,1.1647335382272261,0.54,0.045,0.415,0.0,found,13.0,variable_expense_ratio,83,117,24,success,,
population_detail.v1,C000104,200,0.6979376935881542,6.1511446943167805,7.037868784289693,7.261952025615413,0.49,0.35,0.14,0.02,found,13.0,cash_balance_ratio,32,168,24,success,,
population_detail.v1,C000105,200,0.3499458036329963,1.891529865549088,1.9578314349292734,2.5676354191560646,0.545,0.105,0.35,0.0,found,13.0,variable_expense_ratio,70,130,24,success,,
population_detail.v1,C000106,200,0.21865803396387448,0.6913405051167831,0.742603004273866,0.8839953690077139,0.995,0.005,0.0,0.0,insufficient_group_size,,,0,200,0,success,,
population_detail.v1,C000107,200,0.16635998656967563,0.6084953089069783,0.6459975030279621,0.824261968940368,1.0,0.0,0.0,0.0,insufficient_group_size,,,0,200,0,success,,
population_detail.v1,C000108,200,0.3299822021004108,0.6508191721627596,0.6833067383169096,0.8112131005485268,0.735,0.065,0.195,0.005,found,13.0,variable_expense_ratio,40,160,24,success,,
population_detail.v1,C000109,200,0.20983448734228854,0.880335300270804,0.9178893232025033,1.1549675623435274,0.92,0.02,0.06,0.0,insufficient_group_size,,,12,188,0,success,,
population_detail.v1,C000110,200,0.383729207656739,1.039055807623473,1.0805043951696112,1.4932511787752334,0.29,0.71,0.0,0.0,insufficient_group_size,,,0,200,0,success,,
population_detail.v1,C000111,200,0.18400632888361662,0.5175136237181336,0.5296511399699844,0.6840704207286298,1.0,0.0,0.0,0.0,insufficient_group_size,,,0,200,0,success,,
population_detail.v1,C000112,200,0.30775778394712255,1.0637957907700952,1.1024408439789275,1.3661805161254783,0.005,0.0,0.215,0.78,insufficient_group_size,,,199,1,0,success,,
population_detail.v1,C000113,200,0.2717091075531864,1.0300942221418938,1.0387181042180837,1.5097512947632834,0.405,0.595,0.0,0.0,insufficient_group_size,,,0,200,0,success,,
population_detail.v1,C000114,200,0.8414467608855443,7.364567443266899,7.569400538967811,7.835737710352436,0.685,0.315,0.0,0.0,insufficient_group_size,,,0,200,0,success,,
population_detail.v1,C000115,200,0.23120034136904874,0.5077919967987787,0.5310374409880021,0.6642340717772235,1.0,0.0,0.0,0.0,insufficient_group_size,,,0,200,0,success,,
population_detail.v1,C000116,200,0.18007943129866372,0.6215820159069165,0.6338880561227234,0.8022654502631168,0.15,0.02,0.665,0.165,found,13.0,variable_expense_ratio,166,34,24,success,,
population_detail.v1,C000117,200,0.18662197058265897,0.6120502562583899,0.6510448079625926,0.7617719599769317,0.875,0.055,0.07,0.0,insufficient_group_size,,,14,186,0,success,,
population_detail.v1,C000118,200,0.27827347670463676,0.745300908499382,0.7769032516730661,1.03431546799279,0.0,0.0,0.045,0.955,insufficient_group_size,,,200,0,0,success,,
population_detail.v1,C000119,200,0.1495665184707161,0.5474435093407655,0.5743530669492558,0.7088010828391176,0.995,0.005,0.0,0.0,insufficient_group_size,,,0,200,0,success,,
population_detail.v1,C000120,200,0.3806637851364227,0.6913881291342662,0.706141614218516,0.8838021571936358,0.0,0.0,0.13,0.87,insufficient_group_size,,,200,0,0,success,,
population_detail.v1,C000121,200,0.29442252657808554,1.2984268330196147,1.3856992645882606,1.8025722313817159,0.3,0.7,0.0,0.0,insufficient_group_size,,,0,200,0,success,,
population_detail.v1,C000122,200,0.28333311607545836,0.8224349842837626,0.8659420503236879,1.0456818159509977,0.57,0.14,0.285,0.005,found,13.0,variable_expense_ratio,58,142,24,success,,
population_detail.v1,C000123,200,0.6973018454962698,1.612889487290734,1.7413550052568258,2.0783262652990353,0.75,0.25,0.0,0.0,insufficient_group_size,,,0,200,0,success,,
population_detail.v1,C000124,200,0.2743855137959316,0.6549602541040984,0.6839727275821974,0.7906283606585903,0.69,0.07,0.235,0.005,found,13.0,variable_expense_ratio,48,152,24,success,,
population_detail.v1,C000125,200,0.4432439902142328,0.8070034075754018,0.8399822926120546,0.9629281383655367,0.07,0.025,0.77,0.135,insufficient_group_size,,,181,19,0,success,,
population_detail.v1,C000126,200,0.1475832534752002,0.7808046109779108,0.8234417876100874,1.1461307054760788,0.38,0.05,0.57,0.0,found,13.0,variable_expense_ratio,114,86,24,success,,
population_detail.v1,C000127,200,0.293073797582558,0.6154690066081903,0.6608924974876087,0.755214409055038,0.38,0.035,0.555,0.03,found,13.0,variable_expense_ratio,117,83,24,success,,
population_detail.v1,C000128,200,0.20890086955915785,0.6029238702225196,0.6279203101286142,0.7616562183931085,0.92,0.005,0.075,0.0,insufficient_group_size,,,15,185,0,success,,
population_detail.v1,C000129,200,0.7844062146065126,1.2420941986620033,1.276008109694548,1.4237756766738405,0.085,0.015,0.72,0.18,found,13.0,variable_expense_ratio,180,20,24,success,,
population_detail.v1,C000130,200,0.1674613606413121,0.7602167868916692,0.8014519836481084,0.9641769286470259,0.2,0.08,0.57,0.15,found,13.0,variable_expense_ratio,144,56,24,success,,
population_detail.v1,C000131,200,0.17787417865658542,0.6654687164488513,0.6787055958284134,0.9605427033394306,0.0,0.0,0.105,0.895,insufficient_group_size,,,200,0,0,success,,
population_detail.v1,C000132,200,0.3429199146224703,0.9074269278145326,0.9659221853763182,1.1402284856627598,0.04,0.02,0.815,0.125,insufficient_group_size,,,188,12,0,success,,
population_detail.v1,C000133,200,0.30516467966984545,0.8075028561166768,0.8590777913499998,1.0513979959565987,0.2,0.075,0.555,0.17,found,13.0,cash_balance_ratio,145,55,24,success,,
population_detail.v1,C000134,200,0.24331711879761872,0.49096831631501814,0.5150621324472449,0.6644247237522473,1.0,0.0,0.0,0.0,insufficient_group_size,,,0,200,0,success,,
population_detail.v1,C000135,200,0.16360019817356036,0.8545567528888596,0.8826207520248528,1.1513087763462235,0.0,0.0,0.28,0.72,insufficient_group_size,,,200,0,0,success,,
population_detail.v1,C000136,200,0.21676897660054315,1.1360569955050417,1.212394788071355,1.5340234576553966,0.485,0.095,0.42,0.0,found,13.0,variable_expense_ratio,84,116,24,success,,
population_detail.v1,C000137,200,0.19690155025458833,0.5817609174837545,0.6109632540499698,0.736798704979246,0.97,0.02,0.01,0.0,insufficient_group_size,,,2,198,0,success,,
population_detail.v1,C000138,200,0.1282692007124102,0.5156816039676293,0.5187171203875247,0.7409334761423475,1.0,0.0,0.0,0.0,insufficient_group_size,,,0,200,0,success,,
population_detail.v1,C000139,200,0.23299584935642337,0.6718894169999272,0.7119173912095378,0.9053190591424604,0.98,0.01,0.01,0.0,insufficient_group_size,,,2,198,0,success,,
population_detail.v1,C000140,200,0.1994901202607953,0.6344521631126537,0.6482694445488427,0.8446579790591756,1.0,0.0,0.0,0.0,insufficient_group_size,,,0,200,0,success,,
population_detail.v1,C000141,200,0.23401866785537007,0.6011383692019158,0.6306884489424742,0.7323087370228262,0.575,0.16,0.26,0.005,found,13.0,variable_expense_ratio,53,147,24,success,,
population_detail.v1,C000142,200,0.44356166291175,1.1701983414910644,1.2062354780071103,1.4152998622497213,0.25,0.145,0.595,0.01,found,13.0,variable_expense_ratio,121,79,24,success,,
population_detail.v1,C000143,200,0.4175015571606239,0.8903574119530592,0.9193204433555325,1.1768114401655716,0.0,0.0,0.175,0.825,insufficient_group_size,,,200,0,0,success,,
population_detail.v1,C000144,200,0.22109202869465136,0.6247703471963427,0.6560550469909328,0.7910503202284445,0.24,0.14,0.595,0.025,found,13.0,cash_balance_ratio,124,76,24,success,,
population_detail.v1,C000145,200,0.3236149348559826,1.2341498663166235,1.2975612665930891,1.6843058586336976,0.535,0.12,0.345,0.0,found,13.0,variable_expense_ratio,69,131,24,success,,
population_detail.v1,C000146,200,0.41917857273124554,0.9949335760992842,1.0443436629743423,1.3466724602872706,0.015,0.01,0.345,0.63,insufficient_group_size,,,195,5,0,success,,
population_detail.v1,C000147,200,0.29470734297072504,0.6323964292116595,0.663448191822947,0.7901946530908699,0.98,0.01,0.01,0.0,insufficient_group_size,,,2,198,0,success,,
population_detail.v1,C000148,200,0.28674696087927765,0.909374688103375,0.9376183774699753,1.2254804332345435,0.385,0.03,0.585,0.0,found,13.0,variable_expense_ratio,117,83,24,success,,
population_detail.v1,C000149,200,0.23716895128048693,0.6795242469274676,0.7121445135609489,0.8409594803924928,0.735,0.05,0.21,0.005,found,13.0,variable_expense_ratio,43,157,24,success,,
population_detail.v1,C000150,200,0.19138826768183187,0.5359066156658918,0.5606445512097498,0.7195066534343161,1.0,0.0,0.0,0.0,insufficient_group_size,,,0,200,0,success,,
population_detail.v1,C000151,200,0.20457995571489607,0.6889754819153101,0.735518047022295,0.8371713518460212,0.99,0.005,0.005,0.0,insufficient_group_size,,,1,199,0,success,,
population_detail.v1,C000152,200,0.2063987937598034,0.7717402569112484,0.7973351925456214,1.031851742288119,0.05,0.02,0.78,0.15,insufficient_group_size,,,186,14,0,success,,
population_detail.v1,C000153,200,0.18929235801205277,0.5681442736797525,0.5967446872145103,0.706666000903912,0.735,0.12,0.145,0.0,found,13.0,variable_expense_ratio,29,171,24,success,,
population_detail.v1,C000154,200,0.2499647350321721,0.6080438243761881,0.6369280924959648,0.7456376482310179,0.69,0.175,0.13,0.005,found,13.0,variable_expense_ratio,27,173,24,success,,
population_detail.v1,C000155,200,0.378254511225464,0.9137983238608115,0.9518416505334086,1.0863804262386545,0.035,0.005,0.805,0.155,insufficient_group_size,,,192,8,0,success,,
population_detail.v1,C000156,200,0.34470857701148183,1.1587571758412238,1.1504665256522886,1.821351756375733,0.985,0.01,0.005,0.0,insufficient_group_size,,,1,199,0,success,,
population_detail.v1,C000157,200,0.20887533525215055,0.6272633373929187,0.6745306745118995,0.7419604766232277,1.0,0.0,0.0,0.0,insufficient_group_size,,,0,200,0,success,,
population_detail.v1,C000158,200,0.27464115846510867,0.928374902170707,0.9851694055574126,1.2661365380896328,0.345,0.655,0.0,0.0,insufficient_group_size,,,0,200,0,success,,
population_detail.v1,C000159,200,0.3743941317778016,0.9290597646528858,0.9693991158435389,1.222115243033406,0.015,0.01,0.33,0.645,insufficient_group_size,,,195,5,0,success,,
population_detail.v1,C000160,200,0.1841089581160273,1.1063656623530067,1.1317216805343477,1.7647086443305064,0.935,0.065,0.0,0.0,insufficient_group_size,,,0,200,0,success,,
population_detail.v1,C000161,200,0.35625196735420533,1.0928966531014055,1.1676215518460829,1.4445789493795675,0.015,0.005,0.35,0.63,insufficient_group_size,,,196,4,0,success,,
population_detail.v1,C000162,200,0.47354321481623884,1.4410538102150434,1.4690878556728548,1.855524984758655,0.64,0.325,0.005,0.03,insufficient_group_size,,,7,193,0,success,,
population_detail.v1,C000163,200,0.1489217646564158,0.7316093129788777,0.7658467279227383,1.0104450819390476,1.0,0.0,0.0,0.0,insufficient_group_size,,,0,200,0,success,,
population_detail.v1,C000164,200,0.28115367406881775,1.2151733214190565,1.23057054295442,1.7870396238339397,0.28,0.72,0.0,0.0,insufficient_group_size,,,0,200,0,success,,
population_detail.v1,C000165,200,0.13094466880265596,0.8781243105802412,0.9397719725197115,1.1437958724996364,0.66,0.065,0.275,0.0,found,13.0,variable_expense_ratio,55,145,24,success,,
population_detail.v1,C000166,200,0.10802177102746552,0.4888207695577123,0.5083384361277243,0.6868709510774513,1.0,0.0,0.0,0.0,insufficient_group_size,,,0,200,0,success,,
population_detail.v1,C000167,200,0.4916572648674073,1.3380869780721272,1.3647006107293036,1.7196804381387651,0.665,0.335,0.0,0.0,insufficient_group_size,,,0,200,0,success,,
population_detail.v1,C000168,200,0.23680701201005316,0.6790181925733154,0.7065490196683796,0.8314264498990911,0.25,0.135,0.53,0.085,found,13.0,cash_balance_ratio,123,77,24,success,,
population_detail.v1,C000169,200,0.2144269131301768,0.8620406367001485,0.9161513987792327,1.1051922485938,0.45,0.17,0.335,0.045,found,13.0,cash_balance_ratio,76,124,24,success,,
population_detail.v1,C000170,200,0.416556638212456,0.9568489499095049,0.9885690511031322,1.2276176701782477,0.385,0.155,0.445,0.015,found,13.0,variable_expense_ratio,92,108,24,success,,
population_detail.v1,C000171,200,0.4057023141883835,1.1376338158440604,1.1874026643691606,1.4703303935031602,0.025,0.005,0.39,0.58,insufficient_group_size,,,194,6,0,success,,
population_detail.v1,C000172,200,0.2159461792567567,0.49591192534669504,0.5173571491741846,0.641847625271826,0.99,0.01,0.0,0.0,insufficient_group_size,,,0,200,0,success,,
population_detail.v1,C000173,200,0.31439702614059256,1.1867293077362582,1.2816714156185323,1.5133733819604434,0.13,0.04,0.79,0.04,found,13.0,savings_rate,166,34,2,success,,
population_detail.v1,C000174,200,0.26988304842973704,0.8617184436059365,0.8916196039627122,1.2339273517660418,0.3,0.7,0.0,0.0,insufficient_group_size,,,0,200,0,success,,
population_detail.v1,C000175,200,0.31869276289347154,0.7787517308633657,0.814856049994803,0.9487105992466843,0.705,0.135,0.16,0.0,found,13.0,variable_expense_ratio,32,168,24,success,,
population_detail.v1,C000176,200,0.30936869813780654,0.7927475842866377,0.8134484687791608,0.9749356652622144,0.275,0.155,0.51,0.06,found,13.0,cash_balance_ratio,114,86,24,success,,
population_detail.v1,C000177,200,0.27459646472629007,0.8122900940317783,0.8323514447006537,1.1737065571575893,0.0,0.0,0.09,0.91,insufficient_group_size,,,200,0,0,success,,
population_detail.v1,C000178,200,0.24438935231538034,0.8016619570993399,0.8320439324676261,1.1855638299160098,0.35,0.055,0.595,0.0,found,13.0,variable_expense_ratio,119,81,24,success,,
population_detail.v1,C000179,200,0.30875684844871776,0.9415350858141537,0.9725286706002032,1.3019864429785453,0.355,0.645,0.0,0.0,insufficient_group_size,,,0,200,0,success,,
population_detail.v1,C000180,200,0.2996167698503168,1.1590951696185192,1.2069036082247617,1.6453822055172682,0.42,0.58,0.0,0.0,insufficient_group_size,,,0,200,0,success,,
population_detail.v1,C000181,200,0.3873750266627975,1.3516646292857721,1.415583870190452,1.8358615660146647,0.54,0.125,0.335,0.0,found,13.0,variable_expense_ratio,67,133,24,success,,
population_detail.v1,C000182,200,0.2173322019784018,0.5398728461890139,0.5804218311964386,0.6807363513873714,0.61,0.095,0.29,0.005,found,13.0,variable_expense_ratio,59,141,24,success,,
population_detail.v1,C000183,200,0.31548059825664004,1.0425249816772955,1.0720069001804449,1.3974269653994988,0.0,0.0,0.12,0.88,insufficient_group_size,,,200,0,0,success,,
population_detail.v1,C000184,200,0.2189513811776269,1.3975422947857994,1.4408133181635379,2.097099388608601,0.905,0.095,0.0,0.0,insufficient_group_size,,,0,200,0,success,,
population_detail.v1,C000185,200,0.24961373615576832,0.7148842748149338,0.7562868116053765,0.8872790138088629,1.0,0.0,0.0,0.0,insufficient_group_size,,,0,200,0,success,,
population_detail.v1,C000186,200,0.24577421110663658,0.6720128728060655,0.7037143161574151,0.9090623742606705,0.005,0.02,0.69,0.285,insufficient_group_size,,,195,5,0,success,,
population_detail.v1,C000187,200,0.2182688172916064,0.5771061705545282,0.5976306246962109,0.7068616136657792,0.595,0.13,0.25,0.025,found,13.0,variable_expense_ratio,55,145,24,success,,
population_detail.v1,C000188,200,0.15976082596653596,0.7176003766070383,0.7533161628574702,0.9673326476887081,0.67,0.03,0.3,0.0,found,13.0,variable_expense_ratio,60,140,24,success,,
population_detail.v1,C000189,200,0.23828313664323317,0.6357139174363065,0.6606506954687659,0.7986076694918013,0.9,0.045,0.055,0.0,insufficient_group_size,,,11,189,0,success,,
population_detail.v1,C000190,200,0.2941509919702329,1.104611298133478,1.1835126601359247,1.4618075908634791,0.505,0.06,0.435,0.0,found,13.0,variable_expense_ratio,87,113,24,success,,
population_detail.v1,C000191,200,0.23302524478009926,0.609028899609816,0.6308153190054026,0.7718930347892549,0.09,0.065,0.79,0.055,found,13.0,cash_balance_ratio,169,31,24,success,,
population_detail.v1,C000192,200,0.2389126013884094,0.7887055655661319,0.8149902267775013,0.9975899034602462,0.04,0.025,0.795,0.14,insufficient_group_size,,,187,13,0,success,,
population_detail.v1,C000193,200,0.1690150811224755,0.9224806485401902,0.9550914950584055,1.3156668367420248,0.305,0.695,0.0,0.0,insufficient_group_size,,,0,200,0,success,,
population_detail.v1,C000194,200,0.19494997636348965,1.2565083698244184,1.3329315867436315,1.5581129965692462,0.375,0.15,0.465,0.01,found,13.0,variable_expense_ratio,95,105,24,success,,
population_detail.v1,C000195,200,0.31968726715716866,1.4837067534486479,1.568053609854371,2.1756069381733836,0.89,0.11,0.0,0.0,insufficient_group_size,,,0,200,0,success,,
population_detail.v1,C000196,200,0.1333639386791893,0.5521167323561361,0.5606863471371653,0.7934317422288151,1.0,0.0,0.0,0.0,insufficient_group_size,,,0,200,0,success,,
population_detail.v1,C000197,200,0.2473089311652966,0.5536065297351938,0.5800477957125516,0.6855164792044326,0.44,0.14,0.4,0.02,found,13.0,cash_balance_ratio,84,116,24,success,,
population_detail.v1,C000198,200,0.3745434595210175,1.3004694704886162,1.3589068433621205,1.5155842080880022,0.755,0.09,0.155,0.0,found,13.0,variable_expense_ratio,31,169,24,success,,
population_detail.v1,C000199,200,0.43639033057950666,1.373284773300563,1.4636821360554184,1.6766075650012204,0.38,0.205,0.385,0.03,found,13.0,variable_expense_ratio,83,117,24,success,,
population_detail.v1,C000200,200,0.14423367406650445,0.563821468116603,0.6064511987323076,0.6908825602425639,1.0,0.0,0.0,0.0,insufficient_group_size,,,0,200,0,success,,
population_detail.v1,C000201,200,0.26263478424482706,0.5478665619873722,0.573639335536017,0.690618752134338,0.08,0.02,0.8,0.1,found,13.0,variable_expense_ratio,180,20,24,success,,
population_detail.v1,C000202,200,0.29509067909032427,0.9363719266764707,0.9987098397978582,1.2029674330579971,0.6,0.16,0.24,0.0,found,13.0,variable_expense_ratio,48,152,24,success,,
population_detail.v1,C000203,200,0.11344453387129695,0.6392236119949148,0.6616226899605258,0.8472174002026167,1.0,0.0,0.0,0.0,insufficient_group_size,,,0,200,0,success,,
population_detail.v1,C000204,200,0.28756728091037403,0.844613883259342,0.8800060788921649,1.069491110305372,0.02,0.01,0.43,0.54,insufficient_group_size,,,194,6,0,success,,
population_detail.v1,C000205,200,0.44767946248379725,0.7718902125909212,0.7868663267143705,0.9001590398639188,0.05,0.015,0.61,0.325,insufficient_group_size,,,187,13,0,success,,
population_detail.v1,C000206,200,0.20955838627112047,0.5673260273913513,0.601224766331625,0.7345543723338008,0.135,0.045,0.745,0.075,found,13.0,variable_expense_ratio,164,36,24,success,,
population_detail.v1,C000207,200,0.568739500248589,3.0475368837032444,3.2519217441908532,3.618146636278,0.0,0.0,0.03,0.97,insufficient_group_size,,,200,0,0,success,,
population_detail.v1,C000208,200,0.36070450531070664,17.138219492799305,19.998503781438217,20.56995012911202,0.27,0.68,0.05,0.0,insufficient_group_size,,,10,190,0,success,,
population_detail.v1,C000209,200,0.16849803878867808,0.4588092633520951,0.471937120649386,0.6185114062697247,1.0,0.0,0.0,0.0,insufficient_group_size,,,0,200,0,success,,
population_detail.v1,C000210,200,0.18492933344954957,0.4565824970463851,0.46560376115792657,0.616782204183309,1.0,0.0,0.0,0.0,insufficient_group_size,,,0,200,0,success,,
population_detail.v1,C000211,200,0.21924404610918816,0.6947221384087172,0.7077129845669687,0.8667429065345235,0.96,0.015,0.025,0.0,insufficient_group_size,,,5,195,0,success,,
population_detail.v1,C000212,200,0.2563264565600728,0.8502561519116563,0.8715660747891845,1.1390689169666788,0.0,0.01,0.4,0.59,insufficient_group_size,,,198,2,0,success,,
population_detail.v1,C000213,200,0.221198276484833,0.6314129185659327,0.6513386495296358,0.809138824491805,0.155,0.02,0.76,0.065,found,13.0,variable_expense_ratio,165,35,24,success,,
population_detail.v1,C000214,200,0.34526215703032465,1.3412843254221676,1.429905366267029,2.0063223349916357,0.88,0.12,0.0,0.0,insufficient_group_size,,,0,200,0,success,,
population_detail.v1,C000215,200,0.13290727757513443,0.5575640852208978,0.5963253937202269,0.770019625278207,0.945,0.03,0.025,0.0,insufficient_group_size,,,5,195,0,success,,
population_detail.v1,C000216,200,0.3764102206917262,1.327768359030493,1.3881044939234628,1.956412145513541,0.305,0.695,0.0,0.0,insufficient_group_size,,,0,200,0,success,,
population_detail.v1,C000217,200,0.2551330197284819,0.7382479487584515,0.764083376573268,0.9835140139041296,0.005,0.01,0.64,0.345,insufficient_group_size,,,197,3,0,success,,
population_detail.v1,C000218,200,0.25492928525028086,0.5255066517447579,0.5534913210642975,0.6682895783615354,0.21,0.08,0.635,0.075,found,13.0,cash_balance_ratio,142,58,24,success,,
population_detail.v1,C000219,200,0.17082352641235268,0.627481428832144,0.6601196310388312,0.8196848029416626,0.22,0.08,0.575,0.125,found,13.0,cash_balance_ratio,140,60,24,success,,
population_detail.v1,C000220,200,0.36820176376643404,0.8563302851536426,0.8974208706617035,1.1043650354517454,0.415,0.135,0.44,0.01,found,13.0,variable_expense_ratio,90,110,24,success,,
population_detail.v1,C000221,200,0.19503045455462525,0.6046355401154797,0.6325162754957664,0.7578866824503157,0.98,0.015,0.005,0.0,insufficient_group_size,,,1,199,0,success,,
population_detail.v1,C000222,200,0.40067923969374836,1.1862386767296096,1.23476193576756,1.8044426520260952,0.855,0.145,0.0,0.0,insufficient_group_size,,,0,200,0,success,,
population_detail.v1,C000223,200,0.212666671050995,0.5450213797446682,0.5624907799195965,0.6915505315228403,0.96,0.02,0.02,0.0,insufficient_group_size,,,4,196,0,success,,
population_detail.v1,C000224,200,0.1985823397774456,0.610305181975166,0.6166195154256802,0.840374633978059,1.0,0.0,0.0,0.0,insufficient_group_size,,,0,200,0,success,,
population_detail.v1,C000225,200,0.23913937158764287,0.5547847672112486,0.5650947129196621,0.7002739047084326,0.095,0.025,0.755,0.125,found,13.0,variable_expense_ratio,176,24,24,success,,
population_detail.v1,C000226,200,0.23900408712705878,0.6517233485355753,0.6661521940527262,0.8546506671592643,1.0,0.0,0.0,0.0,insufficient_group_size,,,0,200,0,success,,
population_detail.v1,C000227,200,0.4065666857710397,0.9918338022241329,1.044312050687044,1.241165077424967,0.36,0.125,0.485,0.03,found,13.0,variable_expense_ratio,103,97,24,success,,
population_detail.v1,C000228,200,0.27060527449442867,0.5697814255510248,0.5948791656338916,0.7045715099208231,0.915,0.045,0.04,0.0,insufficient_group_size,,,8,192,0,success,,
population_detail.v1,C000229,200,0.2181854367134245,0.5539694892867825,0.5735728312228097,0.6954884273188909,0.985,0.015,0.0,0.0,insufficient_group_size,,,0,200,0,success,,
population_detail.v1,C000230,200,0.5081812009534113,1.0134149639731627,1.0386069111675922,1.2486855550538973,0.0,0.0,0.145,0.855,insufficient_group_size,,,200,0,0,success,,
population_detail.v1,C000231,200,0.4071774799690226,1.0558665711303326,1.0748929714459918,1.43816210046258,0.0,0.0,0.125,0.875,insufficient_group_size,,,200,0,0,success,,
population_detail.v1,C000232,200,0.21347781015249578,0.5314048857774384,0.5475246283728743,0.686149440066574,1.0,0.0,0.0,0.0,insufficient_group_size,,,0,200,0,success,,
population_detail.v1,C000233,200,0.3034835391571835,1.1379239654249949,1.176314961381686,1.486280613874277,0.355,0.645,0.0,0.0,insufficient_group_size,,,0,200,0,success,,
population_detail.v1,C000234,200,0.3100821105635982,0.6423012583141019,0.6721400494279944,0.7659802566513022,0.425,0.1,0.455,0.02,found,13.0,variable_expense_ratio,95,105,24,success,,
population_detail.v1,C000235,200,0.19996771306663627,0.6947189840019073,0.7214560518979363,1.0125958366126218,0.0,0.0,0.11,0.89,insufficient_group_size,,,200,0,0,success,,
population_detail.v1,C000236,200,0.45312100617281553,1.1232047991495875,1.1894797780911182,1.4203770633241797,0.36,0.245,0.385,0.01,found,13.0,variable_expense_ratio,79,121,5,success,,
population_detail.v1,C000237,200,0.1896296396631246,0.5141916920239299,0.534245061956224,0.6574772185336578,0.995,0.0,0.005,0.0,insufficient_group_size,,,1,199,0,success,,
population_detail.v1,C000238,200,0.29771013610071373,0.8767854393039863,0.9088221670137762,1.168308881095244,0.0,0.0,0.025,0.975,insufficient_group_size,,,200,0,0,success,,
population_detail.v1,C000239,200,0.20518985150699554,0.8887256181606716,0.9267163446877282,1.249876450612937,0.32,0.035,0.645,0.0,found,13.0,savings_rate,129,71,3,success,,
population_detail.v1,C000240,200,0.17520895332130915,0.6692221058525746,0.7140923953715632,0.8293025624025148,0.99,0.005,0.005,0.0,insufficient_group_size,,,1,199,0,success,,
population_detail.v1,C000241,200,0.3011427808957574,0.632896959439351,0.652704444358742,0.8125826380961731,0.94,0.035,0.025,0.0,insufficient_group_size,,,5,195,0,success,,
population_detail.v1,C000242,200,0.2425853248109113,0.7483152735045635,0.7706442186494011,0.9176124349258189,0.555,0.22,0.215,0.01,found,13.0,variable_expense_ratio,45,155,5,success,,
population_detail.v1,C000243,200,0.2705161862050773,0.7455930142853769,0.7880751463235194,1.026021529813236,0.0,0.0,0.08,0.92,insufficient_group_size,,,200,0,0,success,,
population_detail.v1,C000244,200,0.43199189843678515,1.01454265798647,1.0652442444042947,1.3772440762490867,0.0,0.005,0.38,0.615,insufficient_group_size,,,199,1,0,success,,
population_detail.v1,C000245,200,0.33493298512743,0.8982620816417554,0.9474657790118266,1.121210588636582,0.26,0.175,0.545,0.02,found,13.0,cash_balance_ratio,113,87,24,success,,
population_detail.v1,C000246,200,0.1717399489457074,1.2999878337971769,1.3809253663428316,1.9416958345193989,0.875,0.125,0.0,0.0,insufficient_group_size,,,0,200,0,success,,
population_detail.v1,C000247,200,0.12930804065334792,0.4667750198568599,0.4822210914833831,0.6464304516264213,1.0,0.0,0.0,0.0,insufficient_group_size,,,0,200,0,success,,
population_detail.v1,C000248,200,0.14431537392758179,0.48459944776276864,0.5050025115253216,0.6096715792207338,0.995,0.005,0.0,0.0,insufficient_group_size,,,0,200,0,success,,
population_detail.v1,C000249,200,0.31297901912701387,1.0325781458989938,1.0796312737997016,1.5096252404804933,0.35,0.65,0.0,0.0,insufficient_group_size,,,0,200,0,success,,
population_detail.v1,C000250,200,0.23507852626894915,0.6195046847870553,0.646031287220314,0.7728288021327955,0.97,0.01,0.02,0.0,insufficient_group_size,,,4,196,0,success,,
population_detail.v1,C000251,200,0.09791925495558933,0.4340563670042617,0.43830489286428864,0.6359963413158306,1.0,0.0,0.0,0.0,insufficient_group_size,,,0,200,0,success,,
population_detail.v1,C000252,200,0.20228778408040118,0.7629443088126828,0.7929351594295799,0.9860923780835149,0.045,0.015,0.6,0.34,insufficient_group_size,,,188,12,0,success,,
population_detail.v1,C000253,200,0.21273420118867153,0.8506644184714693,0.902148110091719,1.0998035339471557,0.4,0.17,0.375,0.055,found,13.0,variable_expense_ratio,86,114,24,success,,
population_detail.v1,C000254,200,0.21937296966406042,0.5492845473417971,0.5787409203423162,0.6721661535945689,0.345,0.05,0.555,0.05,found,13.0,variable_expense_ratio,121,79,24,success,,
population_detail.v1,C000255,200,0.21373106679757375,0.5062299988864267,0.5286865185246981,0.6857766782661964,0.97,0.025,0.005,0.0,insufficient_group_size,,,1,199,0,success,,
population_detail.v1,C000256,200,0.2925807843880404,0.6395963945720525,0.6549398373343719,0.777443429400724,1.0,0.0,0.0,0.0,insufficient_group_size,,,0,200,0,success,,
population_detail.v1,C000257,200,0.16690334720087371,0.8110697122755863,0.828638133969548,1.1157939531762564,0.0,0.0,0.125,0.875,insufficient_group_size,,,200,0,0,success,,
population_detail.v1,C000258,200,0.2914773376819295,0.684012534452416,0.6972836745676783,0.9210553347028891,0.0,0.0,0.07,0.93,insufficient_group_size,,,200,0,0,success,,
population_detail.v1,C000259,200,0.23877936479325867,0.6104831029009729,0.6157869237917855,0.8554317528830006,0.0,0.0,0.085,0.915,insufficient_group_size,,,200,0,0,success,,
population_detail.v1,C000260,200,0.14399462707889069,0.482947499796077,0.5027671039190258,0.641004371448241,1.0,0.0,0.0,0.0,insufficient_group_size,,,0,200,0,success,,
population_detail.v1,C000261,200,0.7741793133045815,1.3845381976674802,1.4203276949102737,1.4953947507279781,0.24,0.085,0.59,0.085,found,13.0,variable_expense_ratio,135,65,24,success,,
population_detail.v1,C000262,200,0.2497315567420205,1.3270743552586048,1.3640923219391503,2.0329338013438623,0.9,0.1,0.0,0.0,insufficient_group_size,,,0,200,0,success,,
population_detail.v1,C000263,200,0.3050036167838528,0.6028553175921819,0.6199184738452073,0.7482736582076757,0.82,0.07,0.11,0.0,found,13.0,variable_expense_ratio,22,178,24,success,,
population_detail.v1,C000264,200,0.35362299539168557,0.8831157589218276,0.9029989119522543,1.1419368893275328,0.0,0.0,0.235,0.765,insufficient_group_size,,,200,0,0,success,,
population_detail.v1,C000265,200,0.37988206814497205,1.4747105250225774,1.55715793951346,1.8922315443942626,0.48,0.155,0.36,0.005,found,13.0,variable_expense_ratio,73,127,24,success,,
population_detail.v1,C000266,200,0.2567855350547561,0.9475055461085583,0.9932085433669844,1.3197453022769126,0.345,0.655,0.0,0.0,insufficient_group_size,,,0,200,0,success,,
population_detail.v1,C000267,200,0.17976571569778055,0.5097825675766492,0.5387333712631196,0.6467020440063973,0.955,0.0,0.045,0.0,insufficient_group_size,,,9,191,0,success,,
population_detail.v1,C000268,200,0.29826178978780776,0.8918549032587637,0.9461735646535117,1.125165639736853,0.595,0.155,0.245,0.005,found,13.0,variable_expense_ratio,50,150,24,success,,
population_detail.v1,C000269,200,0.48105054314666934,0.8338523419941726,0.849362943506337,1.0024506907997912,0.0,0.0,0.165,0.835,insufficient_group_size,,,200,0,0,success,,
population_detail.v1,C000270,200,0.24142981455432003,0.952692011167826,1.0051477279205572,1.3009583760478935,0.0,0.005,0.35,0.645,insufficient_group_size,,,199,1,0,success,,
population_detail.v1,C000271,200,0.3161226368070167,0.8259439902805923,0.8732109927500857,1.0828553437168835,0.005,0.0,0.685,0.31,insufficient_group_size,,,199,1,0,success,,
population_detail.v1,C000272,200,0.1286114833604657,0.5233627896950532,0.5508364073488388,0.6673762679899744,1.0,0.0,0.0,0.0,insufficient_group_size,,,0,200,0,success,,
population_detail.v1,C000273,200,0.2007374169966097,0.5266354380950807,0.5519601556324356,0.6777896039600408,0.185,0.055,0.68,0.08,found,13.0,variable_expense_ratio,152,48,24,success,,
population_detail.v1,C000274,200,0.17272653230838284,0.7872566156889848,0.8164175465425769,0.9750244067238806,0.415,0.225,0.35,0.01,found,13.0,variable_expense_ratio,72,128,5,success,,
population_detail.v1,C000275,200,1.0776174279408564,2.358221984361562,2.4480484771218705,2.592371959711181,0.31,0.14,0.495,0.055,found,13.0,variable_expense_ratio,110,90,24,success,,
population_detail.v1,C000276,200,0.20895176360418605,0.47664495270640544,0.4933093783048233,0.6256672637752175,0.995,0.0,0.005,0.0,insufficient_group_size,,,1,199,0,success,,
population_detail.v1,C000277,200,0.3869585190162614,1.342217567913167,1.3833794498620935,1.9535480703929826,0.785,0.215,0.0,0.0,insufficient_group_size,,,0,200,0,success,,
population_detail.v1,C000278,200,0.21535106249941616,0.6759748427250463,0.6925711201950727,0.864123523774792,0.06,0.005,0.77,0.165,insufficient_group_size,,,187,13,0,success,,
population_detail.v1,C000279,200,0.1529446401875563,0.5972690062666883,0.6157973582673633,0.8123955915358024,0.965,0.02,0.015,0.0,insufficient_group_size,,,3,197,0,success,,
population_detail.v1,C000280,200,0.40168850545713675,1.1341688546526034,1.165190469393516,1.5386072715030519,0.45,0.23,0.305,0.015,found,13.0,variable_expense_ratio,64,136,24,success,,
population_detail.v1,C000281,200,0.2816409104095097,1.4104234764711419,1.4464568344181534,1.7766723219555223,0.72,0.28,0.0,0.0,insufficient_group_size,,,0,200,0,success,,
population_detail.v1,C000282,200,0.2898272794540562,0.9778029742991866,1.0366406976305402,1.2376582598749486,0.395,0.21,0.385,0.01,found,13.0,variable_expense_ratio,79,121,24,success,,
population_detail.v1,C000283,200,0.2441738810799857,0.8647539841335825,0.8959563431434497,1.2527425400743444,0.285,0.715,0.0,0.0,insufficient_group_size,,,0,200,0,success,,
population_detail.v1,C000284,200,0.23481731173014989,1.2529540365132106,1.3262559776669445,1.6958236575060452,0.525,0.475,0.0,0.0,insufficient_group_size,,,0,200,0,success,,
population_detail.v1,C000285,200,0.25595421850194255,1.0689553783266466,1.0983209565781533,1.403699580615545,0.01,0.005,0.3,0.685,insufficient_group_size,,,197,3,0,success,,
population_detail.v1,C000286,200,0.21420200445550938,0.8685005645662767,0.8745154237238645,1.281762456754878,0.315,0.685,0.0,0.0,insufficient_group_size,,,0,200,0,success,,
population_detail.v1,C000287,200,0.23550127892283435,0.5350447379191073,0.5436769651112028,0.6667864669397877,0.995,0.005,0.0,0.0,insufficient_group_size,,,0,200,0,success,,
population_detail.v1,C000288,200,0.3574336294556043,0.7475308207399849,0.7774390833167932,0.909078029660429,0.3,0.165,0.455,0.08,found,13.0,variable_expense_ratio,107,93,24,success,,
population_detail.v1,C000289,200,0.621453956471662,11.248898004636239,11.60233454271295,11.889708844119498,0.265,0.675,0.055,0.005,insufficient_group_size,,,12,188,0,success,,
population_detail.v1,C000290,200,0.45756385012888545,1.806382130586365,1.948885311225313,2.306966366323564,0.0,0.0,0.03,0.97,insufficient_group_size,,,200,0,0,success,,
population_detail.v1,C000291,200,0.2305473205676461,0.5342850591036915,0.5546387056785457,0.6718137361095757,0.165,0.055,0.715,0.065,found,13.0,variable_expense_ratio,156,44,24,success,,
population_detail.v1,C000292,200,0.3430759665151208,1.4390658737337194,1.5330449841768208,1.6751271071330567,0.725,0.275,0.0,0.0,insufficient_group_size,,,0,200,0,success,,
population_detail.v1,C000293,200,0.4144239280404966,0.9442029979101548,1.0067609456144542,1.1850464572824142,0.485,0.12,0.385,0.01,found,13.0,variable_expense_ratio,79,121,24,success,,
population_detail.v1,C000294,200,0.5994990669588931,1.5477512334205086,1.5854976198650177,2.204151439255701,0.275,0.725,0.0,0.0,insufficient_group_size,,,0,200,0,success,,
population_detail.v1,C000295,200,0.17384656356662112,0.4716408126769711,0.4955557465648732,0.6204953214864266,0.995,0.0,0.005,0.0,insufficient_group_size,,,1,199,0,success,,
population_detail.v1,C000296,200,0.21763847065679245,0.7333627682657149,0.7610518963105164,0.9664595721522,0.01,0.005,0.76,0.225,insufficient_group_size,,,197,3,0,success,,
population_detail.v1,C000297,200,0.2762514529306092,0.6513310013307755,0.6834222297770092,0.8099862405901428,0.595,0.165,0.22,0.02,found,13.0,variable_expense_ratio,48,152,24,success,,
population_detail.v1,C000298,200,0.23942178519100446,0.809849618997376,0.8528839409366433,1.1463743735950827,0.0,0.0,0.065,0.935,insufficient_group_size,,,200,0,0,success,,
population_detail.v1,C000299,200,0.2597211828355912,0.5467243240514125,0.5710942693829695,0.6767203402479814,0.97,0.02,0.01,0.0,insufficient_group_size,,,2,198,0,success,,
population_detail.v1,C000300,200,0.26937077970767476,1.1313109568933777,1.1634850310303413,1.6666879221604356,0.275,0.725,0.0,0.0,insufficient_group_size,,,0,200,0,success,,
population_detail.v1,C000301,200,0.259685383987101,0.8234646013467076,0.8581648712125414,1.083893521596637,0.06,0.01,0.595,0.335,insufficient_group_size,,,186,14,0,success,,
population_detail.v1,C000302,200,0.19722637404907759,0.7311885153523972,0.7636332670272633,1.0229101933959996,0.0,0.0,0.135,0.865,insufficient_group_size,,,200,0,0,success,,
population_detail.v1,C000303,200,0.20831359083172746,0.5747180742387935,0.5891532093811869,0.7366553349563304,0.22,0.055,0.695,0.03,found,13.0,variable_expense_ratio,145,55,24,success,,
population_detail.v1,C000304,200,0.11240600104637344,0.6335307040078753,0.6755519674847421,0.7718042910210481,0.85,0.09,0.06,0.0,insufficient_group_size,,,12,188,0,success,,
population_detail.v1,C000305,200,0.22018797265291964,0.5957390320947109,0.6271280598507638,0.7635586867537424,0.135,0.055,0.73,0.08,found,13.0,variable_expense_ratio,162,38,5,success,,
population_detail.v1,C000306,200,0.3198871212969826,0.5635020814015046,0.5820719367979532,0.6743791192481814,0.915,0.055,0.03,0.0,insufficient_group_size,,,6,194,0,success,,
population_detail.v1,C000307,200,0.34508339274570954,1.4332966315420288,1.5145335815057934,2.175733707094307,0.295,0.705,0.0,0.0,insufficient_group_size,,,0,200,0,success,,
population_detail.v1,C000308,200,0.21586552256485597,0.9778469328920565,1.016631916490234,1.3329743032708976,0.4,0.6,0.0,0.0,insufficient_group_size,,,0,200,0,success,,
population_detail.v1,C000309,200,0.3210366891310103,1.0060404116415345,1.0496184581539474,1.3849848568783265,0.32,0.68,0.0,0.0,insufficient_group_size,,,0,200,0,success,,
population_detail.v1,C000310,200,0.20187639967327545,0.8043448676552868,0.8428367225986587,1.037569548367191,0.03,0.02,0.605,0.345,insufficient_group_size,,,190,10,0,success,,
population_detail.v1,C000311,200,0.15263900455306859,0.5630262153118661,0.5847689276297751,0.7323185641902434,1.0,0.0,0.0,0.0,insufficient_group_size,,,0,200,0,success,,
population_detail.v1,C000312,200,0.26705986621146066,0.5752876869365456,0.5894729497326807,0.7300780358190502,0.995,0.0,0.005,0.0,insufficient_group_size,,,1,199,0,success,,
population_detail.v1,C000313,200,0.2548196214536717,1.0754889567464099,1.1035633482570706,1.5475257072361084,0.445,0.555,0.0,0.0,insufficient_group_size,,,0,200,0,success,,
population_detail.v1,C000314,200,0.28657372278063964,0.7350006457141746,0.7609477127797246,0.9017197524030894,0.275,0.1,0.56,0.065,found,13.0,variable_expense_ratio,125,75,24,success,,
population_detail.v1,C000315,200,0.31814225251084144,0.5980176685444201,0.6172216404737005,0.6959466636407794,0.78,0.06,0.16,0.0,found,13.0,variable_expense_ratio,32,168,24,success,,
population_detail.v1,C000316,200,0.1167376376025374,0.48016344196225125,0.49373110638427425,0.6520008177476041,1.0,0.0,0.0,0.0,insufficient_group_size,,,0,200,0,success,,
population_detail.v1,C000317,200,0.27481440589019795,0.8871882006506521,0.8993613186938683,1.1889421028037708,0.0,0.0,0.15,0.85,insufficient_group_size,,,200,0,0,success,,
population_detail.v1,C000318,200,0.4717665551783745,0.8420407259639405,0.867667605652259,1.017105815997499,0.02,0.005,0.67,0.305,insufficient_group_size,,,195,5,0,success,,
population_detail.v1,C000319,200,0.3234380288450558,1.0127213119221687,1.0462827763356919,1.4184593743052143,0.33,0.67,0.0,0.0,insufficient_group_size,,,0,200,0,success,,
population_detail.v1,C000320,200,0.12270645818953656,0.4223406093712454,0.4313316062323763,0.6200842812413058,1.0,0.0,0.0,0.0,insufficient_group_size,,,0,200,0,success,,
population_detail.v1,C000321,200,0.44720265571713097,0.7947417100717522,0.8302083863833791,0.9721292445013717,0.025,0.015,0.505,0.455,insufficient_group_size,,,192,8,0,success,,
population_detail.v1,C000322,200,0.16811053968096454,0.4898612777743673,0.5163269565165991,0.6486128660642481,0.9,0.025,0.075,0.0,insufficient_group_size,,,15,185,0,success,,
population_detail.v1,C000323,200,0.29705604932426427,0.7150971702120035,0.7294059057394935,0.929932114518396,0.085,0.01,0.63,0.275,insufficient_group_size,,,181,19,0,success,,
population_detail.v1,C000324,200,0.2585469056048772,0.8212097543210238,0.8598408543124018,1.1039992449936469,0.0,0.0,0.165,0.835,insufficient_group_size,,,200,0,0,success,,
population_detail.v1,C000325,200,0.20222171034729505,0.6423670447156197,0.6654535122774226,0.8091445836782684,0.16,0.075,0.635,0.13,found,13.0,variable_expense_ratio,153,47,24,success,,
population_detail.v1,C000326,200,1.9894325125352421,6.826487850743969,7.485809776356357,7.70944628496587,0.78,0.08,0.135,0.005,found,13.0,cash_balance_ratio,28,172,24,success,,
population_detail.v1,C000327,200,0.34179681173679605,1.3777000427615929,1.45691914374572,1.814021335336087,0.41,0.59,0.0,0.0,insufficient_group_size,,,0,200,0,success,,
population_detail.v1,C000328,200,0.26604067041429086,0.5931106644578169,0.6202736498757734,0.7651834421782616,1.0,0.0,0.0,0.0,insufficient_group_size,,,0,200,0,success,,
population_detail.v1,C000329,200,0.25984278622679585,0.5874557208325404,0.6060551872285163,0.7130588790817636,0.89,0.08,0.03,0.0,insufficient_group_size,,,6,194,0,success,,
population_detail.v1,C000330,200,0.1592549573639934,0.716162655076219,0.7745768771269008,0.9763170543829303,0.01,0.01,0.76,0.22,insufficient_group_size,,,196,4,0,success,,
population_detail.v1,C000331,200,0.3313607610494839,0.9910195571639773,1.037052278746265,1.340484009676941,0.36,0.64,0.0,0.0,insufficient_group_size,,,0,200,0,success,,
population_detail.v1,C000332,200,0.22385999441537183,0.48823743588783985,0.5059988807415452,0.6184883730731185,0.99,0.0,0.01,0.0,insufficient_group_size,,,2,198,0,success,,
population_detail.v1,C000333,200,0.23167751665734296,0.8181382550131369,0.8312412409799357,1.1093260665933502,0.005,0.01,0.37,0.615,insufficient_group_size,,,197,3,0,success,,
population_detail.v1,C000334,200,0.35813470607409914,0.7498761158834444,0.7587861696647873,1.0011041715122104,0.08,0.01,0.625,0.285,insufficient_group_size,,,182,18,0,success,,
population_detail.v1,C000335,200,0.26190430227627165,0.7831318455900516,0.8147352514097563,1.035884997661309,0.025,0.01,0.51,0.455,insufficient_group_size,,,193,7,0,success,,
population_detail.v1,C000336,200,0.3543923716346062,0.879244344233306,0.9312447772951845,1.0830409105596763,0.735,0.105,0.16,0.0,found,13.0,variable_expense_ratio,32,168,24,success,,
population_detail.v1,C000337,200,0.330026942911123,0.868162630565054,0.8968586966679878,1.1179933033904785,0.075,0.01,0.555,0.36,insufficient_group_size,,,183,17,0,success,,
population_detail.v1,C000338,200,0.29239032541667126,0.6500977480962475,0.6755248531105317,0.8023724405312389,0.91,0.06,0.03,0.0,insufficient_group_size,,,6,194,0,success,,
population_detail.v1,C000339,200,0.37551175640139123,0.6879290641920042,0.7017847970142115,0.8499138067470136,0.02,0.005,0.58,0.395,insufficient_group_size,,,195,5,0,success,,
population_detail.v1,C000340,200,0.25110401845430225,0.607745811386801,0.6427354441659374,0.7445507013269842,0.26,0.06,0.61,0.07,found,13.0,variable_expense_ratio,136,64,24,success,,
population_detail.v1,C000341,200,0.20068889964119585,0.5217208346623744,0.5368616711163827,0.7565224395952994,0.985,0.005,0.01,0.0,insufficient_group_size,,,2,198,0,success,,
population_detail.v1,C000342,200,0.18065297304094952,0.5568022712315378,0.5899357259668202,0.761056470382851,0.97,0.015,0.015,0.0,insufficient_group_size,,,3,197,0,success,,
population_detail.v1,C000343,200,0.23030614968639077,0.5504787779203497,0.5758060262821606,0.6921529267025749,1.0,0.0,0.0,0.0,insufficient_group_size,,,0,200,0,success,,
population_detail.v1,C000344,200,0.3671664464550028,1.497053221385655,1.6049486762042537,2.072103667669438,0.87,0.0,0.13,0.0,found,13.0,cash_balance_ratio,26,174,24,success,,
population_detail.v1,C000345,200,0.2599606424939446,0.8785151709865191,0.9142177805816274,1.148781020691392,0.79,0.075,0.135,0.0,found,13.0,variable_expense_ratio,27,173,24,success,,
population_detail.v1,C000346,200,0.3252111921824641,0.6751713145921479,0.6977066361827906,0.8009734283947946,0.98,0.015,0.005,0.0,insufficient_group_size,,,1,199,0,success,,
population_detail.v1,C000347,200,0.27460130119852033,0.6715105775339322,0.6898747604443964,0.8790428204855704,0.0,0.0,0.085,0.915,insufficient_group_size,,,200,0,0,success,,
population_detail.v1,C000348,200,0.16641320387120448,0.6870245039124565,0.7180974622708514,0.8988413491139732,0.01,0.0,0.735,0.255,insufficient_group_size,,,198,2,0,success,,
population_detail.v1,C000349,200,0.34281564311246476,0.8317207900672119,0.8780940468782723,1.0998205612936163,0.505,0.07,0.425,0.0,found,13.0,variable_expense_ratio,85,115,24,success,,
population_detail.v1,C000350,200,0.2174473596445121,0.8084740722490751,0.8802210714471856,1.1303702690876638,0.985,0.01,0.005,0.0,insufficient_group_size,,,1,199,0,success,,
population_detail.v1,C000351,200,0.2272029686492752,0.5101379939590011,0.5324905370537871,0.6491034694973222,0.99,0.01,0.0,0.0,insufficient_group_size,,,0,200,0,success,,
population_detail.v1,C000352,200,0.13529076934999018,0.530398046299893,0.5586836597892866,0.6464785973990737,0.7,0.05,0.25,0.0,found,13.0,variable_expense_ratio,50,150,24,success,,
population_detail.v1,C000353,200,0.1819648558302808,0.804584565655775,0.8417615900399918,1.050025345676734,0.99,0.005,0.005,0.0,insufficient_group_size,,,1,199,0,success,,
population_detail.v1,C000354,200,0.14562378874626086,0.4944099614445356,0.4916656219012352,0.7341302044680033,1.0,0.0,0.0,0.0,insufficient_group_size,,,0,200,0,success,,
population_detail.v1,C000355,200,0.3740583794589702,1.4111871419987827,1.4966630255121576,2.0259808771373624,0.365,0.635,0.0,0.0,insufficient_group_size,,,0,200,0,success,,
population_detail.v1,C000356,200,0.3259587495897825,1.8421579552236778,1.921275471506468,2.707516663174954,0.555,0.12,0.325,0.0,found,13.0,variable_expense_ratio,65,135,24,success,,
population_detail.v1,C000357,200,0.21362765648181467,0.5270211595636437,0.5529100262792466,0.6487816743026454,0.345,0.06,0.56,0.035,found,13.0,variable_expense_ratio,119,81,24,success,,
population_detail.v1,C000358,200,0.2569523097983198,0.611356379515371,0.6284397832171406,0.7814935549773392,1.0,0.0,0.0,0.0,insufficient_group_size,,,0,200,0,success,,
population_detail.v1,C000359,200,0.20695476894284084,1.452340563093409,1.5693885813690658,1.9568924185453398,0.425,0.575,0.0,0.0,insufficient_group_size,,,0,200,0,success,,
population_detail.v1,C000360,200,0.10933256969354319,0.43730146262534164,0.4442581677074001,0.6564663181001502,1.0,0.0,0.0,0.0,insufficient_group_size,,,0,200,0,success,,
population_detail.v1,C000361,200,0.1722654556430838,0.6630417260246645,0.7032254160725211,0.8473179779054161,0.955,0.025,0.02,0.0,insufficient_group_size,,,4,196,0,success,,
population_detail.v1,C000362,200,0.1343633336163677,0.4917936767582776,0.5118937250770037,0.6594598340956455,0.88,0.05,0.07,0.0,insufficient_group_size,,,14,186,0,success,,
population_detail.v1,C000363,200,0.1832996989507835,0.9912427851392187,1.129523512657918,1.3713844580695653,0.26,0.04,0.695,0.005,found,13.0,savings_rate,140,60,3,success,,
population_detail.v1,C000364,200,0.12274100325926388,0.44943583994800407,0.4690677704807937,0.6329746375780488,1.0,0.0,0.0,0.0,insufficient_group_size,,,0,200,0,success,,
population_detail.v1,C000365,200,0.4102193146689214,0.9249679114568992,0.9584821721173972,1.1327814512122043,0.445,0.18,0.355,0.02,found,13.0,variable_expense_ratio,75,125,24,success,,
population_detail.v1,C000366,200,0.1757370598465132,0.6519174718981171,0.6901471742693455,0.8518731644823545,0.995,0.0,0.005,0.0,insufficient_group_size,,,1,199,0,success,,
population_detail.v1,C000367,200,0.2850243800209508,0.7274229883532315,0.7517090849652822,0.9375287870507116,0.955,0.02,0.025,0.0,insufficient_group_size,,,5,195,0,success,,
population_detail.v1,C000368,200,0.22036858240990778,0.6107780153367485,0.6386805036272658,0.8495617612511258,1.0,0.0,0.0,0.0,insufficient_group_size,,,0,200,0,success,,
population_detail.v1,C000369,200,0.16122945216795653,0.619602698895743,0.6413570083214668,0.7999861208346947,0.065,0.02,0.72,0.195,insufficient_group_size,,,183,17,0,success,,
population_detail.v1,C000370,200,0.29980271147743653,0.913414433197225,0.9707012085902886,1.1276239077428059,0.505,0.12,0.37,0.005,found,13.0,variable_expense_ratio,75,125,24,success,,
population_detail.v1,C000371,200,0.12845985599767426,0.4935330438939619,0.5073996093932143,0.6670972668226736,1.0,0.0,0.0,0.0,insufficient_group_size,,,0,200,0,success,,
population_detail.v1,C000372,200,0.33040581725069884,1.5715534759172323,1.6259731830046262,2.0740165950276874,0.905,0.075,0.02,0.0,insufficient_group_size,,,4,196,0,success,,
population_detail.v1,C000373,200,0.3040179218275589,0.974605296461431,1.0225176641707092,1.2586690027263336,0.0,0.0,0.215,0.785,insufficient_group_size,,,200,0,0,success,,
population_detail.v1,C000374,200,0.2275828315398126,0.5595739093847267,0.5953370564691971,0.6904764831851657,1.0,0.0,0.0,0.0,insufficient_group_size,,,0,200,0,success,,
population_detail.v1,C000375,200,0.21971018322186547,0.9127212131769358,0.9884315818897498,1.245149945508992,0.98,0.01,0.01,0.0,insufficient_group_size,,,2,198,0,success,,
population_detail.v1,C000376,200,0.19047070154555365,0.548927805553992,0.5603353963092481,0.7249195584270824,1.0,0.0,0.0,0.0,insufficient_group_size,,,0,200,0,success,,
population_detail.v1,C000377,200,1.2064920444261944,2.34330271212093,2.4317000819719654,2.5775712945742018,0.34,0.055,0.595,0.01,found,13.0,variable_expense_ratio,121,79,24,success,,
population_detail.v1,C000378,200,0.4635276588941137,1.0618728355889917,1.1015028561123876,1.3673815681188959,0.0,0.0,0.19,0.81,insufficient_group_size,,,200,0,0,success,,
population_detail.v1,C000379,200,0.9879192640180916,5.991355067543088,6.6640629107139056,6.735280309880199,0.275,0.01,0.38,0.335,found,13.0,savings_rate,143,57,24,success,,
population_detail.v1,C000380,200,0.27564124817482133,0.5959195292561364,0.6194246065977869,0.731529084684697,0.595,0.12,0.28,0.005,found,13.0,variable_expense_ratio,57,143,24,success,,
population_detail.v1,C000381,200,0.20781526309525047,0.7798904178014234,0.8077317752210066,1.0404565506348407,0.03,0.015,0.525,0.43,insufficient_group_size,,,191,9,0,success,,
population_detail.v1,C000382,200,0.1436222608731227,0.9082438551378863,1.0056492957369247,1.3160909913203849,0.29,0.045,0.665,0.0,found,13.0,savings_rate,133,67,3,success,,
population_detail.v1,C000383,200,0.22243718390222875,1.8168841596369398,1.8729465389039397,2.561772754099658,0.515,0.15,0.335,0.0,found,13.0,variable_expense_ratio,67,133,24,success,,
population_detail.v1,C000384,200,0.18415901730763373,0.7388974421733187,0.7839723199209503,0.8967730056196882,0.33,0.105,0.55,0.015,found,13.0,variable_expense_ratio,113,87,24,success,,
population_detail.v1,C000385,200,0.12051021964664366,0.4754700517003529,0.4898452663253689,0.617538032374924,1.0,0.0,0.0,0.0,insufficient_group_size,,,0,200,0,success,,
population_detail.v1,C000386,200,0.22564737777668895,0.6720188658401254,0.7210639903821644,0.8591471329745708,0.96,0.025,0.015,0.0,insufficient_group_size,,,3,197,0,success,,
population_detail.v1,C000387,200,0.36863149285941993,1.0014776423007172,1.0316533097181908,1.3898908732369228,0.475,0.525,0.0,0.0,insufficient_group_size,,,0,200,0,success,,
population_detail.v1,C000388,200,0.2336641613195187,0.5650352156533281,0.5862694703694382,0.7395192955900179,0.84,0.065,0.085,0.01,insufficient_group_size,,,19,181,0,success,,
population_detail.v1,C000389,200,0.4491998346192883,1.2383633568095036,1.3110418147980225,1.6112219790493334,0.435,0.24,0.305,0.02,found,13.0,variable_expense_ratio,65,135,24,success,,
population_detail.v1,C000390,200,0.28939437693498227,0.8715221913817502,0.90132904085718,1.1833185647402082,0.0,0.0,0.055,0.945,insufficient_group_size,,,200,0,0,success,,
population_detail.v1,C000391,200,0.15820643027118123,1.3417510060861257,1.3614685423616533,1.9165712049725967,0.925,0.015,0.06,0.0,insufficient_group_size,,,12,188,0,success,,
population_detail.v1,C000392,200,0.5302915890417159,1.2336205863048844,1.2736281958465119,1.4243641190789182,0.19,0.115,0.66,0.035,found,13.0,variable_expense_ratio,139,61,24,success,,
population_detail.v1,C000393,200,0.3050292263483477,0.6601415238277889,0.6949112738006767,0.8258812679435686,0.245,0.06,0.615,0.08,found,13.0,variable_expense_ratio,139,61,24,success,,
population_detail.v1,C000394,200,0.23516945639002385,0.7399837154800082,0.758707634648913,1.0040605916810883,0.97,0.015,0.015,0.0,insufficient_group_size,,,3,197,0,success,,
population_detail.v1,C000395,200,0.25368148215456504,0.7761151635629226,0.8068272834778034,0.9874048497975139,0.225,0.065,0.65,0.06,found,13.0,variable_expense_ratio,142,58,24,success,,
population_detail.v1,C000396,200,0.38973394340116835,1.2321018068913585,1.2286148855577954,1.7920213881533638,0.32,0.68,0.0,0.0,insufficient_group_size,,,0,200,0,success,,
population_detail.v1,C000397,200,0.4699043518305091,0.8533494690313436,0.8870075312520933,1.0260929012962936,0.09,0.025,0.655,0.23,found,13.0,cash_balance_ratio,177,23,24,success,,
population_detail.v1,C000398,200,0.1771386533408753,0.5887086398245569,0.616118739649883,0.7668039529717786,1.0,0.0,0.0,0.0,insufficient_group_size,,,0,200,0,success,,
population_detail.v1,C000399,200,0.116491222312153,0.41773922868817126,0.4241462534958719,0.6086838463937831,1.0,0.0,0.0,0.0,insufficient_group_size,,,0,200,0,success,,
population_detail.v1,C000400,200,0.20617359167388216,0.4830912393498901,0.4982846128708054,0.6220894639931334,1.0,0.0,0.0,0.0,insufficient_group_size,,,0,200,0,success,,
population_detail.v1,C000401,200,0.3594736361141075,0.6399044843974819,0.6707213103143401,0.7871499198817739,0.37,0.09,0.52,0.02,found,13.0,variable_expense_ratio,108,92,24,success,,
population_detail.v1,C000402,200,0.24237532410456472,0.5340348951309813,0.5493662546180466,0.6737352592499453,1.0,0.0,0.0,0.0,insufficient_group_size,,,0,200,0,success,,
population_detail.v1,C000403,200,0.22462643203619145,1.1128850240325918,1.1768200179895971,1.4587952787996261,0.01,0.005,0.315,0.67,insufficient_group_size,,,197,3,0,success,,
population_detail.v1,C000404,200,0.24063675815594635,0.854797031815138,0.9027262533520499,1.1708042235392393,0.0,0.0,0.05,0.95,insufficient_group_size,,,200,0,0,success,,
population_detail.v1,C000405,200,0.2871052485032146,0.6974745350795445,0.7409486244388173,0.899314847902614,0.05,0.035,0.755,0.16,insufficient_group_size,,,183,17,0,success,,
population_detail.v1,C000406,200,0.1736955576919331,0.5454197449944277,0.5621111206789249,0.7144490844813834,0.965,0.02,0.015,0.0,insufficient_group_size,,,3,197,0,success,,
population_detail.v1,C000407,200,0.2179892628697974,0.6849837107950916,0.7286410768609941,0.8441525376384611,0.015,0.02,0.735,0.23,insufficient_group_size,,,193,7,0,success,,
population_detail.v1,C000408,200,0.2077324379670243,0.8892380814316023,0.9268958749977207,1.2620066027840684,0.31,0.69,0.0,0.0,insufficient_group_size,,,0,200,0,success,,
population_detail.v1,C000409,200,0.21235935635124648,0.5555808510198071,0.5829278185681969,0.7119674415928994,0.995,0.0,0.005,0.0,insufficient_group_size,,,1,199,0,success,,
population_detail.v1,C000410,200,0.1540607801086631,0.459741486390684,0.48964067488504387,0.6209198994795745,1.0,0.0,0.0,0.0,insufficient_group_size,,,0,200,0,success,,
population_detail.v1,C000411,200,0.5757129678131697,10.172911161575135,10.545102968964159,10.836493956109967,0.45,0.545,0.005,0.0,insufficient_group_size,,,1,199,0,success,,
population_detail.v1,C000412,200,1.2953829682056188,2.7451484157190165,2.7852943955570444,2.9185011394970957,0.03,0.055,0.08,0.835,insufficient_group_size,,,183,17,0,success,,
population_detail.v1,C000413,200,0.15378885577434775,0.8486906944278401,0.8813994603424519,1.1187563034161139,0.005,0.02,0.7,0.275,insufficient_group_size,,,195,5,0,success,,
population_detail.v1,C000414,200,0.16698762466886663,0.5932188204787429,0.6212300288369479,0.8035921687875084,0.995,0.005,0.0,0.0,insufficient_group_size,,,0,200,0,success,,
population_detail.v1,C000415,200,0.15134292214656142,0.4646395503942231,0.4782796589859931,0.645247993485669,1.0,0.0,0.0,0.0,insufficient_group_size,,,0,200,0,success,,
population_detail.v1,C000416,200,0.22719285872480424,0.56941773369716,0.6021267467824356,0.7241245369343611,0.18,0.08,0.685,0.055,found,13.0,cash_balance_ratio,148,52,24,success,,
population_detail.v1,C000417,200,0.17439178855018375,0.7271471266497919,0.762111411234953,0.8838913616018368,0.885,0.01,0.105,0.0,found,13.0,variable_expense_ratio,21,179,24,success,,
population_detail.v1,C000418,200,0.18603289653029698,0.5303921595184415,0.5511282264372246,0.7306108697229532,0.995,0.005,0.0,0.0,insufficient_group_size,,,0,200,0,success,,
population_detail.v1,C000419,200,0.46465935640304196,1.2107457516805198,1.2728213327791804,1.6490032305419242,0.405,0.21,0.37,0.015,found,13.0,variable_expense_ratio,77,123,24,success,,
population_detail.v1,C000420,200,0.24963410052222815,0.7725520080139774,0.8067830058668738,1.0732617477989306,0.455,0.045,0.5,0.0,found,13.0,variable_expense_ratio,100,100,24,success,,
population_detail.v1,C000421,200,0.26051164364769214,0.7352076352978196,0.782616160111868,0.9866104070453979,0.625,0.035,0.34,0.0,found,13.0,variable_expense_ratio,68,132,24,success,,
population_detail.v1,C000422,200,0.15620012339273215,0.5979238058755566,0.6220621222103581,0.7518875719946483,0.54,0.155,0.275,0.03,found,13.0,variable_expense_ratio,61,139,24,success,,
population_detail.v1,C000423,200,0.34969921395501985,1.0561089009443159,1.1326424657667542,1.3811558500151515,0.005,0.0,0.24,0.755,insufficient_group_size,,,199,1,0,success,,
population_detail.v1,C000424,200,0.44389305763601894,1.0611583210021538,1.0959777210671362,1.3433044104905854,0.0,0.0,0.035,0.965,insufficient_group_size,,,200,0,0,success,,
population_detail.v1,C000425,200,0.212623046099066,0.5432881691035611,0.5721076859522015,0.6693335651272756,0.26,0.07,0.605,0.065,found,13.0,variable_expense_ratio,134,66,24,success,,
population_detail.v1,C000426,200,0.2132449241773427,0.4812131560056758,0.49805722190774304,0.6226230226758164,1.0,0.0,0.0,0.0,insufficient_group_size,,,0,200,0,success,,
population_detail.v1,C000427,200,0.21211995531282177,0.6097009646170023,0.6302644674240334,0.7483668962749128,0.355,0.11,0.47,0.065,found,13.0,variable_expense_ratio,107,93,24,success,,
population_detail.v1,C000428,200,0.17225567720494028,0.554730752689546,0.5735685012796611,0.7245250240318678,0.985,0.01,0.005,0.0,insufficient_group_size,,,1,199,0,success,,
population_detail.v1,C000429,200,0.25988002471384797,0.9773007834060919,1.0056621746221328,1.2892129493462914,0.01,0.005,0.3,0.685,insufficient_group_size,,,197,3,0,success,,
population_detail.v1,C000430,200,0.3723697173849928,1.0806322497690906,1.1466265043934434,1.4198274090912943,0.63,0.085,0.285,0.0,found,13.0,variable_expense_ratio,57,143,24,success,,
population_detail.v1,C000431,200,0.24867268115620153,0.933540108765478,0.9836928894834047,1.2640057257967592,0.0,0.0,0.065,0.935,insufficient_group_size,,,200,0,0,success,,
population_detail.v1,C000432,200,0.13928361105362602,1.0998734435549793,1.1441514678917473,1.6227911745255876,0.46,0.54,0.0,0.0,insufficient_group_size,,,0,200,0,success,,
population_detail.v1,C000433,200,0.21207327943214146,0.5537109132514071,0.5819282236700284,0.6834105312784097,1.0,0.0,0.0,0.0,insufficient_group_size,,,0,200,0,success,,
population_detail.v1,C000434,200,0.21947934730790195,0.533997041180298,0.5586311318041002,0.6681365193237545,0.235,0.05,0.635,0.08,found,13.0,variable_expense_ratio,143,57,24,success,,
population_detail.v1,C000435,200,0.3752622680709413,6.574815746120874,6.780476388304386,7.014902116738879,0.61,0.39,0.0,0.0,insufficient_group_size,,,0,200,0,success,,
population_detail.v1,C000436,200,0.3524620514086841,1.1199391427909167,1.1675831085954422,1.4715959020594507,0.5,0.5,0.0,0.0,insufficient_group_size,,,0,200,0,success,,
population_detail.v1,C000437,200,0.1699703823526854,0.8897013198339594,0.9338409487857773,1.283685066375108,0.34,0.66,0.0,0.0,insufficient_group_size,,,0,200,0,success,,
population_detail.v1,C000438,200,0.36852826741706357,0.9262475048062917,0.9566843389725146,1.1675258749851103,0.05,0.035,0.77,0.145,insufficient_group_size,,,183,17,0,success,,
population_detail.v1,C000439,200,0.269441785120091,0.956356468379287,0.947518514583372,1.3842840641816694,0.305,0.695,0.0,0.0,insufficient_group_size,,,0,200,0,success,,
population_detail.v1,C000440,200,0.2760032737318239,0.6703500876606556,0.695740487352662,0.8444554179642186,0.055,0.035,0.775,0.135,insufficient_group_size,,,182,18,0,success,,
population_detail.v1,C000441,200,0.1750998363230631,0.6002434434948385,0.6423981125737666,0.7607552946612056,0.1,0.045,0.755,0.1,found,13.0,variable_expense_ratio,171,29,6,success,,
population_detail.v1,C000442,200,0.21856827443950136,0.6018843321571701,0.6153656083495911,0.7910586556899759,0.995,0.0,0.005,0.0,insufficient_group_size,,,1,199,0,success,,
population_detail.v1,C000443,200,0.24614177218370376,0.5988898111483809,0.6255188447288573,0.7618046463361674,0.98,0.015,0.005,0.0,insufficient_group_size,,,1,199,0,success,,
population_detail.v1,C000444,200,0.24323504516510142,0.6813754968998884,0.7028167938661878,0.8614445670737353,0.07,0.025,0.78,0.125,insufficient_group_size,,,181,19,0,success,,
population_detail.v1,C000445,200,0.15769111120881443,0.5946971366905537,0.6162658570490103,0.7409522219968574,0.27,0.05,0.61,0.07,found,13.0,variable_expense_ratio,136,64,24,success,,
population_detail.v1,C000446,200,0.23896023321358048,0.7900104886770007,0.8070210528939801,1.0304168658777884,0.095,0.06,0.78,0.065,found,13.0,variable_expense_ratio,169,31,5,success,,
population_detail.v1,C000447,200,0.23777082392107524,0.8331920220797112,0.8974873890780528,1.146885428908661,0.53,0.035,0.435,0.0,found,13.0,variable_expense_ratio,87,113,24,success,,
population_detail.v1,C000448,200,1.3791813339754002,10.809683383355486,12.811772016421724,13.222416891173566,0.6,0.235,0.115,0.05,found,13.0,cash_balance_ratio,33,167,24,success,,
population_detail.v1,C000449,200,0.27498503841017913,1.2454811522839238,1.3684113111398077,1.6933039979877946,0.455,0.545,0.0,0.0,insufficient_group_size,,,0,200,0,success,,
population_detail.v1,C000450,200,0.2189689885426481,0.6206797719080841,0.6474124548009078,0.8035863502868771,0.095,0.045,0.775,0.085,found,13.0,variable_expense_ratio,172,28,24,success,,
population_detail.v1,C000451,200,0.22447210829822564,0.5845229657198128,0.610552622271847,0.7588779076331427,0.125,0.05,0.735,0.09,found,13.0,variable_expense_ratio,165,35,5,success,,
population_detail.v1,C000452,200,0.2831552087614151,0.706737023542849,0.7352235045905837,0.9346396357667883,0.985,0.015,0.0,0.0,insufficient_group_size,,,0,200,0,success,,
population_detail.v1,C000453,200,0.15516091578639285,0.535853243924809,0.5627457414870547,0.7426973300707239,0.995,0.005,0.0,0.0,insufficient_group_size,,,0,200,0,success,,
population_detail.v1,C000454,200,0.646754272786731,7.795921073360321,9.221773353000852,9.516967141667394,0.53,0.325,0.115,0.03,found,13.0,cash_balance_ratio,29,171,24,success,,
population_detail.v1,C000455,200,0.24657427457392025,1.0298581215298723,1.0630777532108373,1.4297797246275743,0.33,0.67,0.0,0.0,insufficient_group_size,,,0,200,0,success,,
population_detail.v1,C000456,200,0.4192721753501269,1.465466829081075,1.5208071875099507,1.8947660422939103,0.795,0.055,0.15,0.0,found,13.0,cash_balance_ratio,30,170,24,success,,
population_detail.v1,C000457,200,0.21961679341589288,1.0763388702666765,1.1056915473525166,1.5389607627215778,0.495,0.505,0.0,0.0,insufficient_group_size,,,0,200,0,success,,
population_detail.v1,C000458,200,0.21738096465494725,0.49709564411361673,0.5180740245603354,0.6238330683624639,0.97,0.015,0.015,0.0,insufficient_group_size,,,3,197,0,success,,
population_detail.v1,C000459,200,0.2303512474735414,0.5357408075796133,0.5556904486796115,0.7262396450769246,1.0,0.0,0.0,0.0,insufficient_group_size,,,0,200,0,success,,
population_detail.v1,C000460,200,0.14189125657337517,1.1473140987884072,1.1981171903381806,1.8798646446168266,0.92,0.08,0.0,0.0,insufficient_group_size,,,0,200,0,success,,
population_detail.v1,C000461,200,0.2745862585893442,0.8153094820897383,0.8528148827188079,1.068820040818166,0.005,0.015,0.705,0.275,insufficient_group_size,,,196,4,0,success,,
population_detail.v1,C000462,200,0.2776300200001504,0.6092617600343044,0.624290246755146,0.7673164988599436,0.97,0.015,0.015,0.0,insufficient_group_size,,,3,197,0,success,,
population_detail.v1,C000463,200,0.1274614995325874,0.44345296633574277,0.47443655139098045,0.6236397576814868,1.0,0.0,0.0,0.0,insufficient_group_size,,,0,200,0,success,,
population_detail.v1,C000464,200,0.23269602495556874,0.6814386885935514,0.7092626716635229,0.8937367418272237,0.05,0.025,0.66,0.265,insufficient_group_size,,,185,15,0,success,,
population_detail.v1,C000465,200,0.1911690795133762,0.9876608539855973,1.0394562473865054,1.2647812879927358,0.72,0.075,0.205,0.0,found,13.0,variable_expense_ratio,41,159,24,success,,
population_detail.v1,C000466,200,0.32745956269222254,0.6865604988455267,0.7149982232564271,0.8866229548703853,1.0,0.0,0.0,0.0,insufficient_group_size,,,0,200,0,success,,
population_detail.v1,C000467,200,0.264238424922288,0.8184585821106267,0.8805503733241895,1.0532579492598864,0.57,0.145,0.28,0.005,found,13.0,variable_expense_ratio,57,143,24,success,,
population_detail.v1,C000468,200,0.20770975177620335,0.6606176015921065,0.6920389154449973,0.8502133445621881,0.95,0.0,0.05,0.0,insufficient_group_size,,,10,190,0,success,,
population_detail.v1,C000469,200,0.12369396561611168,0.4981756803631774,0.5179751069204277,0.6917652932694894,1.0,0.0,0.0,0.0,insufficient_group_size,,,0,200,0,success,,
population_detail.v1,C000470,200,0.20768307318089166,0.48488644156732763,0.4980469825247918,0.645064120418009,0.965,0.03,0.005,0.0,insufficient_group_size,,,1,199,0,success,,
population_detail.v1,C000471,200,0.14065163810748088,0.5771775336520567,0.6135516479245897,0.7203054740157129,1.0,0.0,0.0,0.0,insufficient_group_size,,,0,200,0,success,,
population_detail.v1,C000472,200,0.22477883187477457,0.5836925494436112,0.6084179681866163,0.831276779021244,1.0,0.0,0.0,0.0,insufficient_group_size,,,0,200,0,success,,
population_detail.v1,C000473,200,0.23167328865757875,0.5936518487008758,0.6162952028393773,0.7550953066320572,0.92,0.05,0.03,0.0,insufficient_group_size,,,6,194,0,success,,
population_detail.v1,C000474,200,0.19138135975726425,0.5988039252552173,0.6370407574344765,0.7877296910309437,1.0,0.0,0.0,0.0,insufficient_group_size,,,0,200,0,success,,
population_detail.v1,C000475,200,0.24400495184457194,0.6432240469287589,0.6694879522043424,0.816847376637477,0.25,0.135,0.585,0.03,found,13.0,variable_expense_ratio,123,77,5,success,,
population_detail.v1,C000476,200,0.19163601193691945,0.5164119779484436,0.5371613722543865,0.647147770295084,0.985,0.015,0.0,0.0,insufficient_group_size,,,0,200,0,success,,
population_detail.v1,C000477,200,0.19366028988464815,0.7471134173950904,0.7967530403867636,0.9287741758843685,1.0,0.0,0.0,0.0,insufficient_group_size,,,0,200,0,success,,
population_detail.v1,C000478,200,4.016321942858645,24.048820023228245,26.781688512482532,27.16429953371598,0.425,0.4,0.125,0.05,found,13.0,cash_balance_ratio,35,165,24,success,,
population_detail.v1,C000479,200,0.3567011876807569,1.1534306701769355,1.1646095570044466,1.7886473581877693,0.285,0.715,0.0,0.0,insufficient_group_size,,,0,200,0,success,,
population_detail.v1,C000480,200,0.2750654587197482,1.3153592561552445,1.420922089122998,1.7641106550249233,0.565,0.435,0.0,0.0,insufficient_group_size,,,0,200,0,success,,
population_detail.v1,C000481,200,0.303973508769402,0.6114181517511378,0.6353819572129982,0.7417648378023082,0.35,0.11,0.485,0.055,found,13.0,variable_expense_ratio,108,92,24,success,,
population_detail.v1,C000482,200,0.28302337039375475,1.0166742105576823,1.0802787827011882,1.349240446554435,0.38,0.215,0.38,0.025,found,13.0,variable_expense_ratio,81,119,24,success,,
population_detail.v1,C000483,200,0.2947412952982122,0.7470881658667864,0.7709974874323782,0.9706859840816755,0.145,0.08,0.655,0.12,found,13.0,cash_balance_ratio,155,45,24,success,,
population_detail.v1,C000484,200,0.09633153256900269,0.5317834737887928,0.5562814718440043,0.7136046379522589,1.0,0.0,0.0,0.0,insufficient_group_size,,,0,200,0,success,,
population_detail.v1,C000485,200,0.19118541366520064,0.4717951450637894,0.49165195360283565,0.6187511294236857,0.99,0.0,0.01,0.0,insufficient_group_size,,,2,198,0,success,,
population_detail.v1,C000486,200,0.4692592863634883,1.4119753872520187,1.4896734740241881,1.8745022046374975,0.46,0.09,0.45,0.0,found,13.0,variable_expense_ratio,90,110,24,success,,
population_detail.v1,C000487,200,0.3016383193508037,0.9751884978831565,1.0356799078642662,1.2889774728841943,0.37,0.05,0.58,0.0,found,13.0,variable_expense_ratio,116,84,24,success,,
population_detail.v1,C000488,200,0.2658058096196155,1.0478971363426057,1.1207091600801182,1.3043395833219744,0.395,0.17,0.43,0.005,found,13.0,variable_expense_ratio,87,113,24,success,,
population_detail.v1,C000489,200,0.26818651944294347,0.6308660396998592,0.6574134103111202,0.7861658951715983,0.225,0.09,0.595,0.09,found,13.0,variable_expense_ratio,137,63,24,success,,
population_detail.v1,C000490,200,0.4188099438604893,1.0423741337641363,1.0954109640928116,1.4117940341972317,0.0,0.005,0.33,0.665,insufficient_group_size,,,199,1,0,success,,
population_detail.v1,C000491,200,0.2511128889468027,0.9674344580144038,1.0230061305978495,1.31186303869113,0.01,0.005,0.295,0.69,insufficient_group_size,,,197,3,0,success,,
population_detail.v1,C000492,200,0.20597852570127642,0.6762525321204823,0.7149613416745115,0.8926141258790758,0.03,0.01,0.76,0.2,insufficient_group_size,,,192,8,0,success,,
population_detail.v1,C000493,200,0.39978027260428495,0.9507342719000375,0.9721148709722667,1.3328380961128776,0.425,0.575,0.0,0.0,insufficient_group_size,,,0,200,0,success,,
population_detail.v1,C000494,200,0.30868781719979704,1.0028371918853818,1.0204402754046336,1.4730356503940667,0.355,0.645,0.0,0.0,insufficient_group_size,,,0,200,0,success,,
population_detail.v1,C000495,200,0.11079986577645684,0.5393131180358293,0.564844381248524,0.7111804708509021,1.0,0.0,0.0,0.0,insufficient_group_size,,,0,200,0,success,,
population_detail.v1,C000496,200,0.2531383713233505,1.065819383263271,1.1070636840944243,1.4347593611231582,0.415,0.585,0.0,0.0,insufficient_group_size,,,0,200,0,success,,
population_detail.v1,C000497,200,0.3843416253686591,0.8062422554125814,0.8370954024958888,0.9652972133438923,0.27,0.14,0.525,0.065,found,13.0,variable_expense_ratio,118,82,24,success,,
population_detail.v1,C000498,200,0.4397724718156076,1.0576471616600756,1.1094451900991187,1.3540869810247804,0.015,0.005,0.415,0.565,insufficient_group_size,,,196,4,0,success,,
population_detail.v1,C000499,200,0.25120111054828076,0.5270636060170127,0.5484464057206144,0.6466711715193237,0.755,0.06,0.17,0.015,found,13.0,variable_expense_ratio,37,163,24,success,,
population_detail.v1,C000500,200,0.3536687668358102,1.148710687065293,1.2253841317999499,1.5596141830704724,0.0,0.0,0.14,0.86,insufficient_group_size,,,200,0,0,success,,
population_detail.v1,C000501,200,0.2596743358441235,0.655963355319008,0.686562297454526,0.8471521103231016,0.125,0.06,0.77,0.045,found,13.0,variable_expense_ratio,163,37,5,success,,
population_detail.v1,C000502,200,0.21161395826475457,0.9339841099018633,1.010500103499374,1.2868925502321082,0.995,0.005,0.0,0.0,insufficient_group_size,,,0,200,0,success,,
population_detail.v1,C000503,200,0.10607163704668321,0.5270639974912215,0.5463955670071952,0.7376220495257916,1.0,0.0,0.0,0.0,insufficient_group_size,,,0,200,0,success,,
population_detail.v1,C000504,200,0.19836928087921923,0.5789092535762713,0.6099833811266531,0.7439920529742249,0.15,0.07,0.715,0.065,found,13.0,variable_expense_ratio,156,44,24,success,,
population_detail.v1,C000505,200,0.44306296318101085,1.2452954791836868,1.3337999199730701,1.5647025601138282,0.575,0.425,0.0,0.0,insufficient_group_size,,,0,200,0,success,,
population_detail.v1,C000506,200,0.24926414275852002,0.7452759294194703,0.7756149820058642,0.9888284297579354,0.0,0.0,0.08,0.92,insufficient_group_size,,,200,0,0,success,,
population_detail.v1,C000507,200,0.3465904493250604,0.6901037523151793,0.7122131059723188,0.8627261218391349,0.375,0.165,0.445,0.015,found,13.0,cash_balance_ratio,92,108,24,success,,
population_detail.v1,C000508,200,0.282080210465131,0.8625294405166397,0.8961771527685289,1.0834394870125248,0.0,0.0,0.26,0.74,insufficient_group_size,,,200,0,0,success,,
population_detail.v1,C000509,200,0.5455055807518554,1.2883186154196147,1.3089791869592695,1.7816145224360809,0.42,0.58,0.0,0.0,insufficient_group_size,,,0,200,0,success,,
population_detail.v1,C000510,200,0.2639121559367757,0.9312400540645601,0.9598385754207278,1.2402078634682836,0.0,0.0,0.075,0.925,insufficient_group_size,,,200,0,0,success,,
population_detail.v1,C000511,200,0.22067246097568932,1.1606858285406698,1.2054386243608497,1.7199134664637072,0.925,0.075,0.0,0.0,insufficient_group_size,,,0,200,0,success,,
population_detail.v1,C000512,200,0.3174220290329044,0.7238739625188296,0.7368848126220855,0.9400188345749897,0.0,0.0,0.095,0.905,insufficient_group_size,,,200,0,0,success,,
population_detail.v1,C000513,200,0.5593993208228871,1.292379688081149,1.2971114988712937,1.7169695658102537,0.87,0.045,0.085,0.0,insufficient_group_size,,,17,183,0,success,,
population_detail.v1,C000514,200,0.25725025675735586,0.5666598450921775,0.5925363123282622,0.6794158492579873,0.86,0.055,0.085,0.0,insufficient_group_size,,,17,183,0,success,,
population_detail.v1,C000515,200,0.26242561860579317,0.6918151967478835,0.7283626946374906,0.8512006337029767,0.5,0.135,0.355,0.01,found,13.0,variable_expense_ratio,73,127,24,success,,
population_detail.v1,C000516,200,0.7189648127278975,1.1396999345866028,1.1775702094504477,1.2647336971262275,0.115,0.045,0.7,0.14,found,13.0,variable_expense_ratio,168,32,5,success,,
population_detail.v1,C000517,200,0.20369631368578697,0.546507529816537,0.5634184196139226,0.733972745698607,1.0,0.0,0.0,0.0,insufficient_group_size,,,0,200,0,success,,
population_detail.v1,C000518,200,0.1604234853788745,0.5119596617615104,0.531670340880265,0.7020191093428177,0.995,0.0,0.005,0.0,insufficient_group_size,,,1,199,0,success,,
population_detail.v1,C000519,200,0.3919942210537051,1.1992187485740646,1.212513661107061,1.7969948132556233,0.8,0.2,0.0,0.0,insufficient_group_size,,,0,200,0,success,,
population_detail.v1,C000520,200,0.5585795591364967,1.4966036076051648,1.549220047780403,1.8357232166695305,0.68,0.32,0.0,0.0,insufficient_group_size,,,0,200,0,success,,
population_detail.v1,C000521,200,0.202966512177801,0.673923584149944,0.6818519698614256,0.8952465566482577,0.79,0.045,0.165,0.0,found,13.0,variable_expense_ratio,33,167,24,success,,
population_detail.v1,C000522,200,0.1261274688024764,0.5094186162769266,0.5439262668301912,0.7008517337796417,0.99,0.005,0.005,0.0,insufficient_group_size,,,1,199,0,success,,
population_detail.v1,C000523,200,0.437216361695457,0.8158045872672784,0.8377670906907861,0.9617683449273334,0.065,0.055,0.73,0.15,found,13.0,variable_expense_ratio,176,24,24,success,,
population_detail.v1,C000524,200,0.09369756390556719,0.49063540050584126,0.5155377127172864,0.7115242809177228,1.0,0.0,0.0,0.0,insufficient_group_size,,,0,200,0,success,,
population_detail.v1,C000525,200,0.26442505656490933,0.9257324252232857,0.9745295611510523,1.260771634771514,0.42,0.58,0.0,0.0,insufficient_group_size,,,0,200,0,success,,
population_detail.v1,C000526,200,0.2918145804855355,0.6378503274094264,0.6749623718236251,0.8184683375302533,0.025,0.01,0.65,0.315,insufficient_group_size,,,193,7,0,success,,
population_detail.v1,C000527,200,0.139554953354014,0.5866826202758055,0.6182998637945736,0.7619225180297405,1.0,0.0,0.0,0.0,insufficient_group_size,,,0,200,0,success,,
population_detail.v1,C000528,200,0.36366715361980906,1.4725354702431128,1.556607376961358,1.7668848251227742,0.65,0.35,0.0,0.0,insufficient_group_size,,,0,200,0,success,,
population_detail.v1,C000529,200,0.23271480480332948,0.6420394253214238,0.6685106198398769,0.7878824332563333,0.995,0.005,0.0,0.0,insufficient_group_size,,,0,200,0,success,,
population_detail.v1,C000530,200,0.31801123179901325,0.5811561137070673,0.6018881638243968,0.690276048472217,0.44,0.11,0.415,0.035,found,13.0,variable_expense_ratio,90,110,24,success,,
population_detail.v1,C000531,200,0.1842335385712158,0.529801770524547,0.5694980058539538,0.7182195332629104,0.96,0.03,0.01,0.0,insufficient_group_size,,,2,198,0,success,,
population_detail.v1,C000532,200,0.16892088638982813,0.4985571652776539,0.5186998758711197,0.6216849441601361,0.965,0.025,0.01,0.0,insufficient_group_size,,,2,198,0,success,,
population_detail.v1,C000533,200,0.31488492168003945,0.7757433801785054,0.7932595117654011,1.0485331222909215,0.625,0.075,0.3,0.0,found,13.0,variable_expense_ratio,60,140,24,success,,
population_detail.v1,C000534,200,0.24317569626513347,1.0295736390294945,1.0917019785681623,1.3059494590116247,0.0,0.0,0.21,0.79,insufficient_group_size,,,200,0,0,success,,
population_detail.v1,C000535,200,0.19709703841616616,0.6509846267467283,0.6609963929959117,0.8391888613151284,0.03,0.01,0.775,0.185,insufficient_group_size,,,192,8,0,success,,
population_detail.v1,C000536,200,0.1991699186508417,0.534203847144097,0.5599513570760691,0.6856455126766916,0.155,0.05,0.72,0.075,found,13.0,variable_expense_ratio,159,41,24,success,,
population_detail.v1,C000537,200,0.2937955982258415,1.0788436051325758,1.1061455079841285,1.543035545653148,0.295,0.705,0.0,0.0,insufficient_group_size,,,0,200,0,success,,
population_detail.v1,C000538,200,0.08830575517854541,0.4955108906709115,0.520301052045597,0.6199402710985995,1.0,0.0,0.0,0.0,insufficient_group_size,,,0,200,0,success,,
population_detail.v1,C000539,200,0.21586552256485597,0.9665504805596931,0.9963258832610694,1.314550309701763,0.4,0.6,0.0,0.0,insufficient_group_size,,,0,200,0,success,,
population_detail.v1,C000540,200,0.08830575517854541,0.4938901797594276,0.5143766098236882,0.6174121482061988,0.995,0.005,0.0,0.0,insufficient_group_size,,,0,200,0,success,,
population_detail.v1,C000541,200,0.20194976700737274,0.6182542794821537,0.6445871103256028,0.797813842248608,0.995,0.0,0.005,0.0,insufficient_group_size,,,1,199,0,success,,
population_detail.v1,C000542,200,0.10657616864249335,0.42964580345349485,0.4325204665150617,0.6412771234554566,1.0,0.0,0.0,0.0,insufficient_group_size,,,0,200,0,success,,
population_detail.v1,C000543,200,0.2942395987307046,0.7831486132042451,0.8267336371203609,0.9718997736838795,0.155,0.09,0.715,0.04,found,13.0,variable_expense_ratio,151,49,5,success,,
population_detail.v1,C000544,200,0.20278348376180344,0.5338610508690058,0.5531836082095181,0.6820381092668859,1.0,0.0,0.0,0.0,insufficient_group_size,,,0,200,0,success,,
population_detail.v1,C000545,200,0.21111638938919364,0.8658033423748256,0.9294926223692679,1.1104016018447456,0.69,0.045,0.265,0.0,found,13.0,variable_expense_ratio,53,147,24,success,,
population_detail.v1,C000546,200,0.2628444251645561,0.8094963415789781,0.8553816859602534,1.0227376436677174,0.6,0.12,0.275,0.005,found,13.0,variable_expense_ratio,56,144,24,success,,
population_detail.v1,C000547,200,0.21903370972055639,0.889580753480866,0.9068447345241162,1.2655685141081265,0.35,0.65,0.0,0.0,insufficient_group_size,,,0,200,0,success,,
population_detail.v1,C000548,200,0.1829198707719752,0.4860737242499505,0.497169305160011,0.6357751586959554,0.97,0.0,0.03,0.0,insufficient_group_size,,,6,194,0,success,,
population_detail.v1,C000549,200,0.36224870872130477,1.014761602698538,1.0590092538912044,1.3858415057923554,0.395,0.605,0.0,0.0,insufficient_group_size,,,0,200,0,success,,
population_detail.v1,C000550,200,0.257519540558561,0.6410896874670236,0.6576531246432228,0.8000202026795248,0.07,0.02,0.775,0.135,insufficient_group_size,,,182,18,0,success,,
population_detail.v1,C000551,200,0.2474565624411956,0.9023351797538933,0.9226411711436526,1.2028863395636638,0.385,0.165,0.44,0.01,found,13.0,variable_expense_ratio,90,110,24,success,,
population_detail.v1,C000552,200,0.1296477225065788,0.4603504891676565,0.48806825826643574,0.6630990150965194,1.0,0.0,0.0,0.0,insufficient_group_size,,,0,200,0,success,,
population_detail.v1,C000553,200,0.1767094326739206,0.5505541778795863,0.5741139061613074,0.6919029619172998,0.525,0.105,0.355,0.015,found,13.0,cash_balance_ratio,74,126,24,success,,
population_detail.v1,C000554,200,0.33670798217586584,0.8185087758279022,0.8537298867964433,1.0685404515174077,0.0,0.005,0.55,0.445,insufficient_group_size,,,199,1,0,success,,
population_detail.v1,C000555,200,0.1065676380594976,0.7158128943107855,0.7783419865025976,0.961745390704141,0.675,0.03,0.295,0.0,found,13.0,variable_expense_ratio,59,141,24,success,,
population_detail.v1,C000556,200,0.9482637366598926,10.528852664039892,10.848789826498848,11.149057507078254,0.265,0.69,0.04,0.005,insufficient_group_size,,,9,191,0,success,,
population_detail.v1,C000557,200,0.3235268153606934,0.9134078278137793,0.9701963278268492,1.2007608234314822,0.0,0.0,0.325,0.675,insufficient_group_size,,,200,0,0,success,,
population_detail.v1,C000558,200,0.12187894203009694,0.6356279484793099,0.6680125866047666,0.8961409081387004,0.985,0.01,0.005,0.0,insufficient_group_size,,,1,199,0,success,,
population_detail.v1,C000559,200,0.3243033279243289,0.777622312612078,0.816703887591163,0.9775873114622599,0.41,0.055,0.52,0.015,found,13.0,variable_expense_ratio,107,93,24,success,,
population_detail.v1,C000560,200,0.35884078173021333,0.8963042924369969,0.9346855887217715,1.1358879484363853,0.0,0.0,0.265,0.735,insufficient_group_size,,,200,0,0,success,,
population_detail.v1,C000561,200,0.2816409104095097,1.492116726830583,1.5280394410940845,1.8674451097811897,0.69,0.265,0.015,0.03,insufficient_group_size,,,9,191,0,success,,
population_detail.v1,C000562,200,0.14405685177279645,0.5801898133498492,0.5989382390421735,0.7918953751188131,1.0,0.0,0.0,0.0,insufficient_group_size,,,0,200,0,success,,
population_detail.v1,C000563,200,0.1676019242978848,0.5425829344198935,0.5716496945185003,0.7079787538593888,1.0,0.0,0.0,0.0,insufficient_group_size,,,0,200,0,success,,
population_detail.v1,C000564,200,0.2965742333410636,0.7778761492564914,0.8057965222768924,0.9646218083915201,0.025,0.01,0.545,0.42,insufficient_group_size,,,193,7,0,success,,
population_detail.v1,C000565,200,0.43591583326832967,1.5710618612612424,1.6167130466276116,1.9497094856786112,0.755,0.245,0.0,0.0,insufficient_group_size,,,0,200,0,success,,
population_detail.v1,C000566,200,0.17506259958348638,0.6707609540564279,0.6995118144197596,0.8739984213375303,0.315,0.105,0.485,0.095,found,13.0,cash_balance_ratio,116,84,24,success,,
population_detail.v1,C000567,200,0.5012215639822215,1.2658648107310788,1.3317544899849048,1.575376030981285,0.495,0.16,0.34,0.005,found,13.0,variable_expense_ratio,69,131,24,success,,
population_detail.v1,C000568,200,0.17785862737641522,0.49982451662413363,0.4972037154470873,0.7213660399130126,1.0,0.0,0.0,0.0,insufficient_group_size,,,0,200,0,success,,
population_detail.v1,C000569,200,0.15598932443851887,0.5432509385479947,0.5606466794866267,0.6975373004512914,0.185,0.06,0.67,0.085,found,13.0,variable_expense_ratio,151,49,24,success,,
population_detail.v1,C000570,200,0.3221626476338799,0.8795889462057153,0.9154664346309882,1.1402758660408068,0.0,0.0,0.545,0.455,insufficient_group_size,,,200,0,0,success,,
population_detail.v1,C000571,200,0.5601625072714538,1.0388802767540921,1.067801228064695,1.2398573132631476,0.025,0.005,0.465,0.505,insufficient_group_size,,,194,6,0,success,,
population_detail.v1,C000572,200,0.24573657833497323,0.5560618099627583,0.5758332930587126,0.6940481514475373,0.935,0.025,0.04,0.0,insufficient_group_size,,,8,192,0,success,,
population_detail.v1,C000573,200,0.15514410931050324,0.6827543194684842,0.7156768493311546,0.935946979237633,0.96,0.02,0.02,0.0,insufficient_group_size,,,4,196,0,success,,
population_detail.v1,C000574,200,0.17532712942133147,0.5083163413344076,0.5335887180610998,0.6327834295291388,0.97,0.025,0.005,0.0,insufficient_group_size,,,1,199,0,success,,
population_detail.v1,C000575,200,0.2547918819559392,0.648899791410112,0.6810951817789651,0.8344494496310259,0.885,0.03,0.085,0.0,insufficient_group_size,,,17,183,0,success,,
population_detail.v1,C000576,200,0.6706603689924038,2.2026115940314623,2.3059071912195392,2.4044136329632346,0.145,0.055,0.62,0.18,found,13.0,variable_expense_ratio,160,40,24,success,,
population_detail.v1,C000577,200,0.30538882416534446,0.8491518895819934,0.8799132114590331,1.1171757721533075,0.005,0.01,0.41,0.575,insufficient_group_size,,,197,3,0,success,,
population_detail.v1,C000578,200,0.42673657916790014,0.9953851956917309,1.0397541898778613,1.289356490840169,0.015,0.01,0.445,0.53,insufficient_group_size,,,195,5,0,success,,
population_detail.v1,C000579,200,0.2057269572200734,0.8766894781606728,0.9342324505605165,1.1248576479473005,0.65,0.045,0.305,0.0,found,13.0,variable_expense_ratio,61,139,24,success,,
population_detail.v1,C000580,200,0.22012560149958782,0.6529426992572661,0.666409865920361,0.787195154082826,0.095,0.01,0.715,0.18,found,13.0,cash_balance_ratio,179,21,24,success,,
population_detail.v1,C000581,200,0.30239415631214106,0.7788162082410227,0.8141749870553184,0.9856264780336919,0.19,0.02,0.745,0.045,found,13.0,savings_rate,158,42,2,success,,
population_detail.v1,C000582,200,0.5375885714423544,14.951031202580163,17.176844399850655,17.829429175466597,0.275,0.68,0.045,0.0,insufficient_group_size,,,9,191,0,success,,
population_detail.v1,C000583,200,0.28900257051511963,0.684632297833228,0.7208535386962676,0.8983346525862211,0.015,0.015,0.54,0.43,insufficient_group_size,,,194,6,0,success,,
population_detail.v1,C000584,200,0.1790023611393855,0.5506662572688463,0.5738309877276484,0.6859338949884921,0.955,0.045,0.0,0.0,insufficient_group_size,,,0,200,0,success,,
population_detail.v1,C000585,200,0.3821425822098865,0.923073174880004,0.963988899007472,1.199734046687376,0.46,0.07,0.47,0.0,found,13.0,variable_expense_ratio,94,106,24,success,,
population_detail.v1,C000586,200,0.15032125009811723,0.5176002239590379,0.5284734280281687,0.744480811407532,1.0,0.0,0.0,0.0,insufficient_group_size,,,0,200,0,success,,
population_detail.v1,C000587,200,0.2880272690552516,0.629657171010882,0.6481210403907681,0.784184482239144,0.27,0.095,0.57,0.065,found,13.0,variable_expense_ratio,127,73,24,success,,
population_detail.v1,C000588,200,0.2746974835666326,0.7872946398161347,0.8169224623051516,0.9707619247817857,0.215,0.16,0.575,0.05,found,13.0,variable_expense_ratio,125,75,24,success,,
population_detail.v1,C000589,200,0.2566013366142401,1.1021762819746979,1.1195758268447138,1.789016455573852,0.93,0.07,0.0,0.0,insufficient_group_size,,,0,200,0,success,,
population_detail.v1,C000590,200,0.2213356177210824,0.7822188098439539,0.8126829006050706,1.0331767111830987,0.825,0.04,0.135,0.0,found,13.0,variable_expense_ratio,27,173,24,success,,
population_detail.v1,C000591,200,0.15310673143529285,0.49921038934466355,0.5372843570359841,0.6702253039446002,1.0,0.0,0.0,0.0,insufficient_group_size,,,0,200,0,success,,
population_detail.v1,C000592,200,0.28784429380360865,0.7705102767598407,0.7862893743510668,1.0028546421472728,0.015,0.015,0.48,0.49,insufficient_group_size,,,194,6,0,success,,
population_detail.v1,C000593,200,0.17412353130135422,0.5045484996690099,0.5250930828113045,0.6346013288920611,0.995,0.0,0.005,0.0,insufficient_group_size,,,1,199,0,success,,
population_detail.v1,C000594,200,0.22614403710976563,1.069239446077277,1.1155978174708863,1.4325860772616907,0.48,0.52,0.0,0.0,insufficient_group_size,,,0,200,0,success,,
population_detail.v1,C000595,200,0.419079251715485,1.5059200650704685,1.5416543546479957,2.007623108737723,0.955,0.045,0.0,0.0,insufficient_group_size,,,0,200,0,success,,
population_detail.v1,C000596,200,0.2820363452538675,1.606292082227593,1.6878205243325408,2.0394599517904246,0.485,0.155,0.355,0.005,found,13.0,variable_expense_ratio,72,128,24,success,,
population_detail.v1,C000597,200,0.6304021024200295,1.658549385090604,1.6957845168280041,2.0670980920214714,0.445,0.555,0.0,0.0,insufficient_group_size,,,0,200,0,success,,
population_detail.v1,C000598,200,0.3719565556791121,0.8713189215841086,0.8832758706315564,1.1101357524073328,0.03,0.02,0.56,0.39,insufficient_group_size,,,190,10,0,success,,
population_detail.v1,C000599,200,0.16410589717844995,0.801001912481674,0.8550570790297805,0.9948201895732663,0.26,0.105,0.6,0.035,found,13.0,variable_expense_ratio,127,73,24,success,,
population_detail.v1,C000600,200,0.41554579034033434,0.7632112392386555,0.7979868524756657,0.919544128101227,0.03,0.015,0.725,0.23,insufficient_group_size,,,191,9,0,success,,
population_detail.v1,C000601,200,0.29782612710121337,0.7272258197343074,0.771975514971467,0.8962424155481659,0.065,0.025,0.8,0.11,insufficient_group_size,,,182,18,0,success,,
population_detail.v1,C000602,200,0.206027143166015,1.0091888290040754,1.0843861673015103,1.3154061782065891,0.3,0.02,0.67,0.01,found,13.0,savings_rate,136,64,3,success,,
population_detail.v1,C000603,200,0.20065576475395108,0.5111992949828543,0.5163641822791214,0.6477530305244311,1.0,0.0,0.0,0.0,insufficient_group_size,,,0,200,0,success,,
population_detail.v1,C000604,200,0.21714014292380637,0.48045623725126824,0.49267578443010995,0.651260613852634,1.0,0.0,0.0,0.0,insufficient_group_size,,,0,200,0,success,,
population_detail.v1,C000605,200,0.2533933159426628,1.2350356241824765,1.3546278919228418,1.6980705935175007,0.43,0.57,0.0,0.0,insufficient_group_size,,,0,200,0,success,,
population_detail.v1,C000606,200,0.22483612855487675,0.4989553082118162,0.5158414666104985,0.6630349055275269,1.0,0.0,0.0,0.0,insufficient_group_size,,,0,200,0,success,,
population_detail.v1,C000607,200,0.6283696977632174,1.5624132528133838,1.6540029022216898,1.8089182251663272,0.635,0.02,0.325,0.02,found,13.0,cash_balance_ratio,69,131,24,success,,
population_detail.v1,C000608,200,0.27686630694206743,0.8566580183188214,0.904284090954985,1.1463527233380684,0.45,0.035,0.515,0.0,found,13.0,variable_expense_ratio,103,97,24,success,,
population_detail.v1,C000609,200,0.1564284065757637,0.5183232463738546,0.5551427497223576,0.669501213372915,1.0,0.0,0.0,0.0,insufficient_group_size,,,0,200,0,success,,
population_detail.v1,C000610,200,0.18797919002675345,0.6136442606513822,0.6378322967052564,0.7754673020897861,0.61,0.16,0.23,0.0,found,13.0,variable_expense_ratio,46,154,5,success,,
population_detail.v1,C000611,200,0.2034765509545741,0.6070171229250242,0.6295230230874531,0.8221834131193176,1.0,0.0,0.0,0.0,insufficient_group_size,,,0,200,0,success,,
population_detail.v1,C000612,200,0.2834276133009741,1.0910735427536264,1.1450769482503622,1.3440548014243614,0.43,0.17,0.395,0.005,found,13.0,variable_expense_ratio,80,120,24,success,,
population_detail.v1,C000613,200,0.19220149164196584,0.5888513893422843,0.6312713860034729,0.7504575343432182,0.175,0.085,0.7,0.04,found,13.0,cash_balance_ratio,148,52,24,success,,
population_detail.v1,C000614,200,0.2948959120107644,0.6924738587591983,0.7272698090383961,0.8934272851257189,1.0,0.0,0.0,0.0,insufficient_group_size,,,0,200,0,success,,
population_detail.v1,C000615,200,0.23996306969937908,1.1599050345685684,1.170376251777089,1.7932149285769496,0.945,0.055,0.0,0.0,insufficient_group_size,,,0,200,0,success,,
population_detail.v1,C000616,200,0.3237857642565821,0.7775513949214382,0.8172682920452263,0.9671038489833904,0.095,0.06,0.755,0.09,found,13.0,variable_expense_ratio,169,31,24,success,,
population_detail.v1,C000617,200,0.2575434232221021,1.4887569104172804,1.603709173662766,1.9567498783556256,0.0,0.0,0.03,0.97,insufficient_group_size,,,200,0,0,success,,
population_detail.v1,C000618,200,0.19844027248205048,0.7399242750719205,0.7900453532033149,0.9828582021633597,0.995,0.005,0.0,0.0,insufficient_group_size,,,0,200,0,success,,
population_detail.v1,C000619,200,0.42767644596487525,1.022735180392426,1.064551313555088,1.3453109896708646,0.005,0.005,0.31,0.68,insufficient_group_size,,,198,2,0,success,,
population_detail.v1,C000620,200,0.34036796305776884,1.2009136478587166,1.278510325420946,1.5458344980165568,0.61,0.09,0.3,0.0,found,13.0,variable_expense_ratio,60,140,24,success,,
population_detail.v1,C000621,200,0.3035522183502515,0.9086938709159318,0.9897228978921251,1.181375334289231,0.025,0.015,0.47,0.49,insufficient_group_size,,,192,8,0,success,,
population_detail.v1,C000622,200,0.22407215748885612,0.5689453997428155,0.5799274020676183,0.762303480684216,1.0,0.0,0.0,0.0,insufficient_group_size,,,0,200,0,success,,
population_detail.v1,C000623,200,0.23507845326882648,0.6185231764856313,0.6407561006069786,0.7835630898951492,0.03,0.03,0.785,0.155,insufficient_group_size,,,188,12,0,success,,
population_detail.v1,C000624,200,0.3602028628097528,0.919279078782433,0.9479633715599654,1.2779078681173777,0.355,0.645,0.0,0.0,insufficient_group_size,,,0,200,0,success,,
population_detail.v1,C000625,200,0.2746974835666326,0.8271069665402186,0.8544971272297239,1.017925736241955,0.225,0.12,0.595,0.06,found,13.0,variable_expense_ratio,131,69,24,success,,
population_detail.v1,C000626,200,0.31877332800581387,0.8661607689332307,0.903716646294416,1.1959525063764618,0.0,0.0,0.125,0.875,insufficient_group_size,,,200,0,0,success,,
population_detail.v1,C000627,200,0.14788172108109127,0.7168412478208208,0.7499887931692775,0.9157107745640922,0.24,0.065,0.66,0.035,found,13.0,variable_expense_ratio,139,61,24,success,,
population_detail.v1,C000628,200,0.22485352922051863,0.4941082639548921,0.5068433972733178,0.702346634049068,1.0,0.0,0.0,0.0,insufficient_group_size,,,0,200,0,success,,
population_detail.v1,C000629,200,0.33942072877024004,0.5930269452979482,0.6192245573451881,0.7337274100691155,0.3,0.165,0.505,0.03,found,13.0,variable_expense_ratio,107,93,24,success,,
population_detail.v1,C000630,200,0.3246636514696863,0.8942284347446037,0.9199774467203949,1.1122848533046348,0.0,0.0,0.12,0.88,insufficient_group_size,,,200,0,0,success,,
population_detail.v1,C000631,200,0.22676581560288497,0.7205363285822151,0.755105077625732,0.8788722901093923,0.775,0.115,0.11,0.0,found,13.0,variable_expense_ratio,22,178,24,success,,
population_detail.v1,C000632,200,0.2866303007309271,0.8785397780503703,0.9205179029165,1.191837430354068,0.0,0.0,0.12,0.88,insufficient_group_size,,,200,0,0,success,,
population_detail.v1,C000633,200,0.5483298905981155,1.8155739632204269,1.9586602931383308,2.3044240287058755,0.845,0.0,0.155,0.0,found,13.0,cash_balance_ratio,31,169,24,success,,
population_detail.v1,C000634,200,0.1866068618359436,0.7724419009152033,0.7979408488494614,1.0135830474591003,0.005,0.015,0.5,0.48,insufficient_group_size,,,196,4,0,success,,
population_detail.v1,C000635,200,0.24181009410700433,0.8145055293090806,0.8522482349412214,1.0291653321040173,0.47,0.16,0.365,0.005,found,13.0,variable_expense_ratio,74,126,24,success,,
population_detail.v1,C000636,200,0.2735169890918965,0.65756944688915,0.6866104056285645,0.8290756950069881,0.235,0.16,0.565,0.04,found,13.0,variable_expense_ratio,121,79,5,success,,
population_detail.v1,C000637,200,0.1861885711328801,0.5713674127576491,0.6077767558921748,0.7182069612563313,1.0,0.0,0.0,0.0,insufficient_group_size,,,0,200,0,success,,
population_detail.v1,C000638,200,0.24214048712340092,0.5489815577800958,0.5588216246546879,0.7007900098862212,0.2,0.06,0.655,0.085,found,13.0,variable_expense_ratio,148,52,24,success,,
population_detail.v1,C000639,200,0.4555651785112132,1.9447998246008245,2.1114988809819724,2.2881694820153373,0.645,0.015,0.34,0.0,found,13.0,cash_balance_ratio,68,132,24,success,,
population_detail.v1,C000640,200,0.23018955165519786,0.5071150882780558,0.5280334454016984,0.6488118516338791,0.985,0.01,0.005,0.0,insufficient_group_size,,,1,199,0,success,,
population_detail.v1,C000641,200,0.2745177815951996,0.6843363458687076,0.7183849162450533,0.8356973980265657,0.71,0.11,0.18,0.0,found,13.0,variable_expense_ratio,36,164,24,success,,
population_detail.v1,C000642,200,0.2454297241256331,0.845525868430864,0.8943611498695889,1.0838441248369923,0.32,0.185,0.485,0.01,found,13.0,variable_expense_ratio,99,101,5,success,,
population_detail.v1,C000643,200,0.2262069443078666,0.783924566097426,0.8195113166349279,0.9454005549201798,0.2,0.155,0.605,0.04,found,13.0,cash_balance_ratio,129,71,24,success,,
population_detail.v1,C000644,200,0.21506718352252413,0.5641250769615007,0.5795994908206499,0.7369911585203583,1.0,0.0,0.0,0.0,insufficient_group_size,,,0,200,0,success,,
population_detail.v1,C000645,200,0.13979768790855912,0.678214025996411,0.697537139211335,0.8339603748684526,0.345,0.17,0.465,0.02,found,13.0,cash_balance_ratio,97,103,24,success,,
population_detail.v1,C000646,200,0.7339962170740625,3.089204131237508,3.202135303524738,3.3463480569636705,0.23,0.095,0.51,0.165,found,13.0,cash_balance_ratio,135,65,24,success,,
population_detail.v1,C000647,200,0.2567855350547561,0.8883789181582616,0.934171139383181,1.245811337071251,0.335,0.665,0.0,0.0,insufficient_group_size,,,0,200,0,success,,
population_detail.v1,C000648,200,0.19868087989650324,0.5920694118519197,0.6054227246755475,0.8298191460409354,1.0,0.0,0.0,0.0,insufficient_group_size,,,0,200,0,success,,
population_detail.v1,C000649,200,0.17353031383613632,0.5057312433967254,0.5166746143184962,0.7261435744889674,1.0,0.0,0.0,0.0,insufficient_group_size,,,0,200,0,success,,
population_detail.v1,C000650,200,0.33587294073817875,1.0036218938106127,1.0471029689441878,1.3503350803150542,0.01,0.005,0.34,0.645,insufficient_group_size,,,197,3,0,success,,
population_detail.v1,C000651,200,0.17424562178886538,0.5937044600125003,0.6162707565940165,0.7645099526986038,0.995,0.005,0.0,0.0,insufficient_group_size,,,0,200,0,success,,
population_detail.v1,C000652,200,0.17893110558400138,0.5225475499077078,0.5298888771538892,0.6842231596818208,0.96,0.005,0.035,0.0,insufficient_group_size,,,7,193,0,success,,
population_detail.v1,C000653,200,0.20864833525940887,0.5823848695390348,0.5959316310570564,0.8162733337361874,1.0,0.0,0.0,0.0,insufficient_group_size,,,0,200,0,success,,
population_detail.v1,C000654,200,0.28990970221085455,0.7972107833502464,0.8316210716196464,0.9735450382410011,0.12,0.065,0.745,0.07,found,13.0,variable_expense_ratio,163,37,5,success,,
population_detail.v1,C000655,200,0.2549872311031251,0.8186355988107595,0.8348986273229213,1.092519687570472,0.025,0.015,0.5,0.46,insufficient_group_size,,,192,8,0,success,,
population_detail.v1,C000656,200,0.23099925997101672,0.4924720130660829,0.5155606453432029,0.6185122999112992,0.995,0.005,0.0,0.0,insufficient_group_size,,,0,200,0,success,,
population_detail.v1,C000657,200,0.15049506417213648,0.5342127542432835,0.5437381860760353,0.8052751888658466,1.0,0.0,0.0,0.0,insufficient_group_size,,,0,200,0,success,,
population_detail.v1,C000658,200,0.342300544757086,0.8242248358033515,0.859410577527838,1.0332030741342555,0.375,0.205,0.39,0.03,found,13.0,variable_expense_ratio,84,116,24,success,,
population_detail.v1,C000659,200,0.4644430090995859,1.2577957636789807,1.2853315693472838,1.715493638225502,0.49,0.21,0.29,0.01,found,13.0,variable_expense_ratio,60,140,24,success,,
population_detail.v1,C000660,200,0.20511622473241195,0.9617684402588114,1.0384643589305715,1.3862669174624647,0.3,0.065,0.635,0.0,found,13.0,variable_expense_ratio,127,73,24,success,,
population_detail.v1,C000661,200,0.24356308710702723,0.5415366195874156,0.5591305891711356,0.6927632416689854,0.12,0.04,0.735,0.105,found,13.0,variable_expense_ratio,168,32,8,success,,
population_detail.v1,C000662,200,0.28697880965083294,0.7532022727670388,0.782693255578955,0.9426270047852352,0.165,0.09,0.685,0.06,found,13.0,variable_expense_ratio,149,51,24,success,,
population_detail.v1,C000663,200,0.14457422618809362,0.4892854584057929,0.5215842700753297,0.6679709965500408,1.0,0.0,0.0,0.0,insufficient_group_size,,,0,200,0,success,,
population_detail.v1,C000664,200,0.2534734873439894,0.6385606641740366,0.6625446982622987,0.7783024217211257,0.095,0.025,0.69,0.19,found,13.0,variable_expense_ratio,176,24,24,success,,
population_detail.v1,C000665,200,0.19264193829283918,0.6568514746046753,0.6866076218840267,0.8591104551426763,0.005,0.005,0.63,0.36,insufficient_group_size,,,198,2,0,success,,
population_detail.v1,C000666,200,0.2864513279502714,1.1081632771706422,1.1734557076943597,1.5146899109575276,0.475,0.525,0.0,0.0,insufficient_group_size,,,0,200,0,success,,
population_detail.v1,C000667,200,0.19339585108477736,0.5230145211913366,0.5447851571725514,0.6884481253134146,0.91,0.04,0.05,0.0,insufficient_group_size,,,10,190,0,success,,
population_detail.v1,C000668,200,0.2831552087614151,0.6785734576061163,0.6967145079238619,0.9020417437759748,0.985,0.015,0.0,0.0,insufficient_group_size,,,0,200,0,success,,
population_detail.v1,C000669,200,0.3656105692521515,0.9218289191698906,0.9791015169487143,1.117854278020735,0.265,0.155,0.56,0.02,found,13.0,cash_balance_ratio,116,84,24,success,,
population_detail.v1,C000670,200,0.13027164473563135,0.5632862705351908,0.6101754816115126,0.7070818564023792,1.0,0.0,0.0,0.0,insufficient_group_size,,,0,200,0,success,,
population_detail.v1,C000671,200,0.319787122060788,0.6129160594546131,0.6253233512461703,0.7482968850677417,0.065,0.015,0.69,0.23,insufficient_group_size,,,184,16,0,success,,
population_detail.v1,C000672,200,0.2953235531109501,1.1181989016087337,1.1672217992065352,1.6953201152915414,0.87,0.13,0.0,0.0,insufficient_group_size,,,0,200,0,success,,
population_detail.v1,C000673,200,0.22608451292818982,0.5563071365020936,0.5758610812595207,0.6908301634768529,0.995,0.005,0.0,0.0,insufficient_group_size,,,0,200,0,success,,
population_detail.v1,C000674,200,0.7381111710420527,1.8622936836169628,1.8968765675509127,2.1035592704751274,0.085,0.025,0.435,0.455,found,13.0,savings_rate,178,22,24,success,,
population_detail.v1,C000675,200,0.2116506915922417,0.7435073983654135,0.8051279208524104,1.0000033002655686,0.03,0.02,0.605,0.345,insufficient_group_size,,,190,10,0,success,,
population_detail.v1,C000676,200,0.285659648085326,1.0136664601818288,1.053747293986457,1.2898691359790377,0.365,0.185,0.44,0.01,found,13.0,variable_expense_ratio,90,110,24,success,,
population_detail.v1,C000677,200,0.20365819932452692,0.661678818540467,0.694792877737207,0.8645010741812613,0.83,0.03,0.14,0.0,found,13.0,variable_expense_ratio,28,172,24,success,,
population_detail.v1,C000678,200,0.20833644606921067,0.6606140488324861,0.6893336338788681,0.8516034058614175,0.05,0.01,0.8,0.14,insufficient_group_size,,,188,12,0,success,,
population_detail.v1,C000679,200,0.2612715176997786,1.326363694410149,1.4447476360881615,1.7851288828025276,0.46,0.54,0.0,0.0,insufficient_group_size,,,0,200,0,success,,
population_detail.v1,C000680,200,0.3819627072425934,1.039145928387352,1.0649875110369118,1.3626796887680124,0.0,0.0,0.165,0.835,insufficient_group_size,,,200,0,0,success,,
population_detail.v1,C000681,200,1.6565480561800785,16.670223430575664,19.26058815705037,19.80343916556732,0.27,0.68,0.05,0.0,insufficient_group_size,,,10,190,0,success,,
population_detail.v1,C000682,200,0.38483401213035756,0.9437426921678062,0.9823590860791613,1.2521934508330512,0.0,0.0,0.03,0.97,insufficient_group_size,,,200,0,0,success,,
population_detail.v1,C000683,200,0.15820643027118123,1.3469753197126364,1.3634455862141486,1.9669120096047379,0.96,0.015,0.025,0.0,insufficient_group_size,,,5,195,0,success,,
population_detail.v1,C000684,200,0.3286455966087069,1.259341627905468,1.3071342913534023,1.8846018576332928,0.275,0.725,0.0,0.0,insufficient_group_size,,,0,200,0,success,,
population_detail.v1,C000685,200,0.23389243180688268,0.5847731723134945,0.602743793045054,0.7274373724088797,0.865,0.03,0.105,0.0,found,13.0,variable_expense_ratio,21,179,24,success,,
population_detail.v1,C000686,200,0.29506721072336256,0.9574985066182975,0.9997714724830603,1.3710729531438954,0.0,0.005,0.345,0.65,insufficient_group_size,,,199,1,0,success,,
population_detail.v1,C000687,200,0.21809264414158458,0.7708289947810146,0.8523406528558326,1.0540709963662207,0.995,0.005,0.0,0.0,insufficient_group_size,,,0,200,0,success,,
population_detail.v1,C000688,200,0.3250195608136798,0.80471408127113,0.8431801777552498,1.0062215198244147,0.335,0.155,0.495,0.015,found,13.0,variable_expense_ratio,102,98,24,success,,
population_detail.v1,C000689,200,0.17924053085926714,0.642052355705003,0.6866837346106287,0.8759715560505585,0.995,0.005,0.0,0.0,insufficient_group_size,,,0,200,0,success,,
population_detail.v1,C000690,200,0.3542746771433992,0.7788646397344682,0.8121215866537825,0.9199870819247811,0.905,0.05,0.045,0.0,insufficient_group_size,,,9,191,0,success,,
population_detail.v1,C000691,200,0.12292986188304024,0.533124066750633,0.5635191696599962,0.7830026502404484,1.0,0.0,0.0,0.0,insufficient_group_size,,,0,200,0,success,,
population_detail.v1,C000692,200,0.1696649220270861,0.7213558449681614,0.7573908479382456,0.9303900160385379,0.105,0.055,0.77,0.07,found,13.0,loan_balance_ratio,168,32,24,success,,
population_detail.v1,C000693,200,0.22373325089211318,0.6730874859856146,0.7104630105362728,0.8437787606496643,0.03,0.01,0.7,0.26,insufficient_group_size,,,192,8,0,success,,
population_detail.v1,C000694,200,0.21993582213262144,1.0580817043012984,1.1176435235062638,1.4427515890895004,0.295,0.705,0.0,0.0,insufficient_group_size,,,0,200,0,success,,
population_detail.v1,C000695,200,0.20890210183829175,0.6445399727055116,0.6681480078532875,0.837264913979896,0.015,0.02,0.77,0.195,insufficient_group_size,,,193,7,0,success,,
population_detail.v1,C000696,200,0.40179367682019507,0.8264300659507439,0.8479074210303656,1.1254941029710681,0.005,0.01,0.37,0.615,insufficient_group_size,,,197,3,0,success,,
population_detail.v1,C000697,200,0.3346327384389302,0.7473845908707782,0.7815247568605095,0.8986073234286371,0.4,0.18,0.365,0.055,found,13.0,variable_expense_ratio,84,116,24,success,,
population_detail.v1,C000698,200,0.12715967887099083,1.3680127895803833,1.4217764360362604,2.024640095522475,0.765,0.235,0.0,0.0,insufficient_group_size,,,0,200,0,success,,
population_detail.v1,C000699,200,1.546280058559088,7.072007951239824,7.873689594171674,7.956340545096795,0.315,0.015,0.235,0.435,found,13.0,savings_rate,134,66,24,success,,
population_detail.v1,C000700,200,0.21280477089545077,0.49993740805834136,0.5240729431574067,0.6374748641667999,0.695,0.085,0.215,0.005,found,13.0,variable_expense_ratio,44,156,24,success,,
population_detail.v1,C000701,200,0.38114246742185587,1.2080321036374697,1.2332929045524148,1.786094732603665,0.29,0.71,0.0,0.0,insufficient_group_size,,,0,200,0,success,,
population_detail.v1,C000702,200,0.1497146769540633,0.5223813950773732,0.5394230205045953,0.6613537612268718,1.0,0.0,0.0,0.0,insufficient_group_size,,,0,200,0,success,,
population_detail.v1,C000703,200,0.2622419592065128,0.6882289286360228,0.710839528072001,0.8516887595988432,0.665,0.08,0.255,0.0,found,13.0,variable_expense_ratio,51,149,24,success,,
population_detail.v1,C000704,200,0.31668498630884795,0.729106751687318,0.7550676210683636,0.9498811709231193,0.04,0.005,0.55,0.405,insufficient_group_size,,,191,9,0,success,,
population_detail.v1,C000705,200,0.3974194052242543,1.1426523323014925,1.2021003357741182,1.429894597538256,0.335,0.02,0.645,0.0,found,13.0,savings_rate,129,71,5,success,,
population_detail.v1,C000706,200,0.16268540529413356,0.5016002100472798,0.5302103860749252,0.6572212926433264,0.91,0.05,0.04,0.0,insufficient_group_size,,,8,192,0,success,,
population_detail.v1,C000707,200,0.2469330780890207,1.1613285056518994,1.2080131944255457,1.6091059056115018,0.515,0.485,0.0,0.0,insufficient_group_size,,,0,200,0,success,,
population_detail.v1,C000708,200,0.36565781396511016,1.075553704844577,1.1154750443479422,1.3037597873834992,0.96,0.025,0.015,0.0,insufficient_group_size,,,3,197,0,success,,
population_detail.v1,C000709,200,0.17294432730382167,0.5183745961804495,0.5397234024651147,0.661493039017261,1.0,0.0,0.0,0.0,insufficient_group_size,,,0,200,0,success,,
population_detail.v1,C000710,200,0.13685380110153245,0.49345025212718496,0.5231054075717885,0.6159539246646674,1.0,0.0,0.0,0.0,insufficient_group_size,,,0,200,0,success,,
population_detail.v1,C000711,200,0.26473277713474314,0.9595355069873506,0.9940086781624502,1.2882759891685536,0.475,0.525,0.0,0.0,insufficient_group_size,,,0,200,0,success,,
population_detail.v1,C000712,200,0.23499899758340104,0.6624725115482917,0.6737944051668002,0.9462664183384213,0.0,0.0,0.065,0.935,insufficient_group_size,,,200,0,0,success,,
population_detail.v1,C000713,200,0.33620813391488746,1.2909676461830577,1.4125396454787675,1.9788629671944795,0.88,0.12,0.0,0.0,insufficient_group_size,,,0,200,0,success,,
population_detail.v1,C000714,200,0.17907325593009557,0.5391836847449816,0.5586942548051241,0.7353638683266761,1.0,0.0,0.0,0.0,insufficient_group_size,,,0,200,0,success,,
population_detail.v1,C000715,200,0.19007219535569228,0.5715149403104524,0.5927583946903306,0.7181930756487424,0.825,0.065,0.11,0.0,found,13.0,variable_expense_ratio,22,178,24,success,,
population_detail.v1,C000716,200,0.18839093928123585,0.6783761600208186,0.7226595267140905,0.8951685977577719,0.2,0.08,0.58,0.14,found,13.0,cash_balance_ratio,144,56,24,success,,
population_detail.v1,C000717,200,0.2673220743994903,1.084068951755081,1.1145872677047886,1.7095123580182583,0.965,0.035,0.0,0.0,insufficient_group_size,,,0,200,0,success,,
population_detail.v1,C000718,200,0.2943930304751711,0.7718392387524406,0.7994659187268758,1.0114012007774622,0.045,0.025,0.675,0.255,insufficient_group_size,,,186,14,0,success,,
population_detail.v1,C000719,200,0.21993582213262144,1.0432520533071006,1.0961142168568736,1.4396203147017883,0.285,0.715,0.0,0.0,insufficient_group_size,,,0,200,0,success,,
population_detail.v1,C000720,200,0.27481440589019795,0.8841659310605737,0.9021658810382847,1.1935390437865936,0.0,0.0,0.14,0.86,insufficient_group_size,,,200,0,0,success,,
population_detail.v1,C000721,200,0.1948748553645116,0.5242796448393807,0.5361521539610812,0.6975887563707351,0.1,0.04,0.72,0.14,found,13.0,variable_expense_ratio,172,28,24,success,,
population_detail.v1,C000722,200,0.32518524078462124,0.9097074075206772,0.9722905391494159,1.1838260514916519,0.0,0.0,0.28,0.72,insufficient_group_size,,,200,0,0,success,,
population_detail.v1,C000723,200,0.28617526329227966,0.6294166011498996,0.6491846221570721,0.8052978284305203,0.145,0.07,0.725,0.06,found,13.0,variable_expense_ratio,157,43,5,success,,
population_detail.v1,C000724,200,0.19881739660662373,0.7748583058414081,0.7602069518805343,1.1702444178286528,0.365,0.045,0.59,0.0,found,13.0,variable_expense_ratio,118,82,24,success,,
population_detail.v1,C000725,200,0.28107521284050385,0.7653147116137055,0.7855031600493527,1.0487771355111437,0.0,0.0,0.08,0.92,insufficient_group_size,,,200,0,0,success,,
population_detail.v1,C000726,200,0.423076199476133,0.8156177500672047,0.8267773201572565,1.0351783275221227,0.18,0.11,0.675,0.035,found,13.0,cash_balance_ratio,142,58,24,success,,
population_detail.v1,C000727,200,0.33387472552297237,1.0474921003449764,1.0876973647481654,1.3769575565523706,0.0,0.0,0.17,0.83,insufficient_group_size,,,200,0,0,success,,
population_detail.v1,C000728,200,0.2536724168102734,1.3250762065199735,1.4063632663730532,1.9740512991469767,0.975,0.025,0.0,0.0,insufficient_group_size,,,0,200,0,success,,
population_detail.v1,C000729,200,0.19175144824086743,0.4979256593669848,0.5115983272078601,0.6442344140134956,0.995,0.005,0.0,0.0,insufficient_group_size,,,0,200,0,success,,
population_detail.v1,C000730,200,0.37127975888058645,0.9688146677728802,1.0462079831046343,1.2436953614197332,0.015,0.015,0.465,0.505,insufficient_group_size,,,194,6,0,success,,
population_detail.v1,C000731,200,0.2325544051515138,0.5416928220931618,0.5621355743815539,0.6747805115223404,0.99,0.005,0.005,0.0,insufficient_group_size,,,1,199,0,success,,
population_detail.v1,C000732,200,0.13027164473563135,0.5350856112299717,0.5698508432643649,0.6687793900389389,1.0,0.0,0.0,0.0,insufficient_group_size,,,0,200,0,success,,
population_detail.v1,C000733,200,0.26903009619957285,1.0218486345297706,1.0577872816243166,1.3517422330029443,0.35,0.65,0.0,0.0,insufficient_group_size,,,0,200,0,success,,
population_detail.v1,C000734,200,0.19668345798645917,0.505457256631934,0.5310653582603546,0.6311010380843787,0.99,0.01,0.0,0.0,insufficient_group_size,,,0,200,0,success,,
population_detail.v1,C000735,200,0.25953703211510826,0.7043467964353448,0.7215661839306042,0.8654929220197651,0.51,0.2,0.265,0.025,found,13.0,variable_expense_ratio,58,142,24,success,,
population_detail.v1,C000736,200,0.14262431697444725,0.4757906786816204,0.49212926682742186,0.6436447955233567,1.0,0.0,0.0,0.0,insufficient_group_size,,,0,200,0,success,,
population_detail.v1,C000737,200,0.24885231586388035,1.0236705814274663,1.0410440879460228,1.551641473092737,0.325,0.675,0.0,0.0,insufficient_group_size,,,0,200,0,success,,
population_detail.v1,C000738,200,0.11228668864314706,0.7053117154372919,0.7356650950016661,0.9411703857149096,0.045,0.015,0.78,0.16,insufficient_group_size,,,188,12,0,success,,
population_detail.v1,C000739,200,0.412434295118975,1.2665356442971072,1.3006039182417761,1.6736714151172276,0.615,0.385,0.0,0.0,insufficient_group_size,,,0,200,0,success,,
population_detail.v1,C000740,200,0.15788961212391253,0.6205363225105445,0.6416487595619487,0.7929808722974682,0.025,0.015,0.68,0.28,insufficient_group_size,,,192,8,0,success,,
population_detail.v1,C000741,200,0.19093396596373266,0.5479215761286903,0.5736997108175956,0.6940531306225847,0.18,0.075,0.67,0.075,found,13.0,cash_balance_ratio,149,51,24,success,,
population_detail.v1,C000742,200,1.8523157747199455,9.799375869369339,11.645431516470278,12.011383702774905,0.44,0.385,0.125,0.05,found,13.0,cash_balance_ratio,35,165,24,success,,
population_detail.v1,C000743,200,1.0837824009801407,4.399790209807505,4.669729099369949,4.804480655746353,0.405,0.04,0.41,0.145,found,13.0,variable_expense_ratio,111,89,24,success,,
population_detail.v1,C000744,200,0.18775713889164888,0.624408195167469,0.654216791638785,0.8437702093424762,1.0,0.0,0.0,0.0,insufficient_group_size,,,0,200,0,success,,
population_detail.v1,C000745,200,0.44797528114391894,1.7114661319084103,1.7763027740043504,2.1405317382279487,0.0,0.0,0.045,0.955,insufficient_group_size,,,200,0,0,success,,
population_detail.v1,C000746,200,0.16626029195217049,0.5058162560544772,0.5332288659058455,0.6317028683588759,0.955,0.005,0.04,0.0,insufficient_group_size,,,8,192,0,success,,
population_detail.v1,C000747,200,0.2730627233106355,0.8680918392910487,0.8821511813005884,1.1045286361623092,0.015,0.01,0.715,0.26,insufficient_group_size,,,195,5,0,success,,
population_detail.v1,C000748,200,0.18072015790838422,0.5485715185024206,0.5669484139892825,0.6882696213681546,0.9,0.05,0.05,0.0,insufficient_group_size,,,10,190,0,success,,
population_detail.v1,C000749,200,0.3391012178765672,1.261548448697546,1.336711883079479,1.672264151806328,0.0,0.0,0.035,0.965,insufficient_group_size,,,200,0,0,success,,
population_detail.v1,C000750,200,0.547547021498989,13.053209353876031,14.497209163437176,14.899844068428798,0.245,0.695,0.06,0.0,insufficient_group_size,,,12,188,0,success,,
population_detail.v1,C000751,200,0.1896296396631246,0.5180454573883145,0.533829228877994,0.6636381402632198,0.995,0.0,0.005,0.0,insufficient_group_size,,,1,199,0,success,,
population_detail.v1,C000752,200,0.42470828312715336,0.8772115899896096,0.8813576832021168,1.1115668006275954,0.085,0.01,0.595,0.31,insufficient_group_size,,,181,19,0,success,,
population_detail.v1,C000753,200,0.3433559538341989,0.9560554327257287,0.9572102564671829,1.3513144955766925,0.295,0.705,0.0,0.0,insufficient_group_size,,,0,200,0,success,,
population_detail.v1,C000754,200,0.327625015979441,0.963082004350959,0.9991904774316422,1.368369737527111,0.0,0.005,0.35,0.645,insufficient_group_size,,,199,1,0,success,,
population_detail.v1,C000755,200,0.3059204100823591,0.7543684727221964,0.8078001251139546,0.970281043553149,0.345,0.17,0.475,0.01,found,13.0,variable_expense_ratio,97,103,24,success,,
population_detail.v1,C000756,200,0.12850195205078363,0.5923836411623075,0.6339069958599253,0.7320343954803706,0.305,0.07,0.555,0.07,found,13.0,variable_expense_ratio,125,75,24,success,,
population_detail.v1,C000757,200,0.17571963149692116,1.140036589741064,1.2181396605855985,1.4875530946349356,0.12,0.03,0.81,0.04,found,13.0,savings_rate,170,30,2,success,,
population_detail.v1,C000758,200,0.15140363834851714,0.5161714524478705,0.5322225035855823,0.6538648932347694,0.93,0.035,0.035,0.0,insufficient_group_size,,,7,193,0,success,,
population_detail.v1,C000759,200,0.30496486493101316,0.6968435806248848,0.7182981492149174,0.9392172698359885,0.99,0.01,0.0,0.0,insufficient_group_size,,,0,200,0,success,,
population_detail.v1,C000760,200,0.16408431423082134,0.48033155258450433,0.505433204937517,0.6594798918044962,1.0,0.0,0.0,0.0,insufficient_group_size,,,0,200,0,success,,
population_detail.v1,C000761,200,0.193350343135169,0.5811255006661896,0.6058325283584121,0.7472619843511924,1.0,0.0,0.0,0.0,insufficient_group_size,,,0,200,0,success,,
population_detail.v1,C000762,200,0.2079581720315773,0.6362325511258017,0.6598610727030767,0.7975357952903811,1.0,0.0,0.0,0.0,insufficient_group_size,,,0,200,0,success,,
population_detail.v1,C000763,200,0.20123389793026022,0.5884580941322197,0.6019626074347776,0.770501701741083,1.0,0.0,0.0,0.0,insufficient_group_size,,,0,200,0,success,,
population_detail.v1,C000764,200,0.23093859356484886,0.7449451175881114,0.7790526713398785,0.9350460424100786,0.18,0.095,0.69,0.035,found,13.0,variable_expense_ratio,145,55,24,success,,
population_detail.v1,C000765,200,0.15810680107704778,0.9026479941784982,0.9506751568665905,1.253254283044571,0.385,0.615,0.0,0.0,insufficient_group_size,,,0,200,0,success,,
population_detail.v1,C000766,200,0.37615890651801326,1.550056510830547,1.6264257663737016,1.9759707892099891,0.0,0.0,0.145,0.855,insufficient_group_size,,,200,0,0,success,,
population_detail.v1,C000767,200,0.17402232182018104,0.7350675476029442,0.7639198288654555,0.9125748667212716,0.545,0.21,0.22,0.025,found,13.0,cash_balance_ratio,49,151,24,success,,
population_detail.v1,C000768,200,0.28881152887993894,0.8334914649162514,0.8701585916708862,1.1728103015805733,0.0,0.0,0.065,0.935,insufficient_group_size,,,200,0,0,success,,
population_detail.v1,C000769,200,0.12850195205078363,0.5918184995515589,0.6373556775480658,0.7452132273453365,0.255,0.065,0.59,0.09,found,13.0,variable_expense_ratio,136,64,24,success,,
population_detail.v1,C000770,200,0.13761302108968332,0.6325121234421113,0.6736517004093726,0.7975343026668845,1.0,0.0,0.0,0.0,insufficient_group_size,,,0,200,0,success,,
population_detail.v1,C000771,200,0.18962426251562353,0.7362702405224713,0.7808636141752956,0.9160971710759787,0.015,0.02,0.505,0.46,insufficient_group_size,,,193,7,0,success,,
population_detail.v1,C000772,200,0.1604859160421253,0.7661406964034616,0.7959113732276625,1.057140902262921,0.0,0.0,0.095,0.905,insufficient_group_size,,,200,0,0,success,,
population_detail.v1,C000773,200,0.21381610730446493,1.2395698754391524,1.2973696264528005,1.6961383594949462,0.38,0.62,0.0,0.0,insufficient_group_size,,,0,200,0,success,,
population_detail.v1,C000774,200,0.19334190338376525,0.570610834433145,0.5970879688045313,0.7906152634459626,1.0,0.0,0.0,0.0,insufficient_group_size,,,0,200,0,success,,
population_detail.v1,C000775,200,0.22308089323715857,0.8091522061410796,0.8266822997999548,1.0760902796942406,0.005,0.01,0.565,0.42,insufficient_group_size,,,197,3,0,success,,
population_detail.v1,C000776,200,0.23225914816416157,0.568117508703791,0.5879962880827606,0.7383836605524924,1.0,0.0,0.0,0.0,insufficient_group_size,,,0,200,0,success,,
population_detail.v1,C000777,200,0.20215780172791362,0.9278210823009354,1.0089698817376078,1.2788675866581063,0.98,0.01,0.01,0.0,insufficient_group_size,,,2,198,0,success,,
population_detail.v1,C000778,200,0.2283114817466461,0.5967948042736954,0.6174824760952193,0.736643246967905,0.645,0.12,0.235,0.0,found,13.0,variable_expense_ratio,47,153,24,success,,
population_detail.v1,C000779,200,0.17571963149692116,1.1445610936509514,1.2217063751107289,1.5161570528873638,0.125,0.035,0.8,0.04,found,13.0,savings_rate,168,32,2,success,,
population_detail.v1,C000780,200,0.14303678412886212,0.8590509186978545,0.9034845831283324,1.178315606841434,0.0,0.0,0.125,0.875,insufficient_group_size,,,200,0,0,success,,
population_detail.v1,C000781,200,0.28283026579266995,0.8416528181291553,0.8791132644766924,1.1319807738384073,0.0,0.01,0.485,0.505,insufficient_group_size,,,198,2,0,success,,
population_detail.v1,C000782,200,0.1663160301921662,0.9995931928431847,1.041068966231326,1.4962660631881608,0.27,0.73,0.0,0.0,insufficient_group_size,,,0,200,0,success,,
population_detail.v1,C000783,200,0.3270144889351487,0.8673664880431197,0.8711423983440834,1.3000982617621133,0.0,0.005,0.335,0.66,insufficient_group_size,,,199,1,0,success,,
population_detail.v1,C000784,200,0.26490433279336767,0.5765462579580596,0.5916346000013017,0.7156124547422474,0.045,0.03,0.7,0.225,insufficient_group_size,,,185,15,0,success,,
population_detail.v1,C000785,200,0.2548750187438188,0.6060523086962155,0.6374907349861563,0.7540489970604802,0.215,0.09,0.655,0.04,found,13.0,cash_balance_ratio,139,61,24,success,,
population_detail.v1,C000786,200,0.2575434232221021,1.482716833594944,1.6078158792570045,1.966143970717679,0.0,0.0,0.03,0.97,insufficient_group_size,,,200,0,0,success,,
population_detail.v1,C000787,200,0.20621038639307265,0.6019392642606739,0.646784462489528,0.7152471700952794,1.0,0.0,0.0,0.0,insufficient_group_size,,,0,200,0,success,,
population_detail.v1,C000788,200,0.1637012391417828,0.501514299591831,0.5035340491441482,0.7227371210135725,0.995,0.0,0.005,0.0,insufficient_group_size,,,1,199,0,success,,
population_detail.v1,C000789,200,0.3433125358619643,0.6281685742452009,0.6523497285685085,0.7412822966123014,0.67,0.09,0.24,0.0,found,13.0,variable_expense_ratio,48,152,24,success,,
population_detail.v1,C000790,200,0.202454415444785,1.0781624253760698,1.0736965560879872,1.8191644406318324,0.935,0.065,0.0,0.0,insufficient_group_size,,,0,200,0,success,,
population_detail.v1,C000791,200,0.1510639664804216,0.623928117595933,0.6637224881008706,0.7753246143153357,0.215,0.06,0.62,0.105,found,13.0,variable_expense_ratio,145,55,24,success,,
population_detail.v1,C000792,200,0.14054399484827013,0.5359270818173028,0.5580069505031968,0.6813305406480296,0.935,0.05,0.015,0.0,insufficient_group_size,,,3,197,0,success,,
population_detail.v1,C000793,200,0.2608507149838687,0.6528856697264567,0.685601423832989,0.8199971340660682,0.26,0.12,0.6,0.02,found,13.0,cash_balance_ratio,124,76,24,success,,
population_detail.v1,C000794,200,0.2508982953173083,0.5722080927556554,0.5904308397564426,0.697215884270718,0.28,0.13,0.56,0.03,found,13.0,variable_expense_ratio,118,82,24,success,,
population_detail.v1,C000795,200,0.25800480069623827,0.7758650254118491,0.8316103386615437,0.9834084114257492,0.99,0.01,0.0,0.0,insufficient_group_size,,,0,200,0,success,,
population_detail.v1,C000796,200,0.1893918109718937,1.7643866282362284,1.826399853875292,2.4689753486093817,0.57,0.11,0.32,0.0,found,13.0,variable_expense_ratio,64,136,24,success,,
population_detail.v1,C000797,200,0.21280162415507267,0.7688082815943799,0.8268006559303291,1.0018405106278367,0.045,0.035,0.73,0.19,insufficient_group_size,,,184,16,0,success,,
population_detail.v1,C000798,200,0.22663511657466184,0.6475673789390054,0.6657697130550518,0.8126539107684266,0.145,0.045,0.69,0.12,found,13.0,variable_expense_ratio,162,38,24,success,,
population_detail.v1,C000799,200,0.17864924556188708,0.5712827393880375,0.6057119933373263,0.7249605661138624,0.2,0.095,0.655,0.05,found,13.0,variable_expense_ratio,141,59,24,success,,
population_detail.v1,C000800,200,0.144142232720444,0.693252672914781,0.7454551545586533,0.9464587160785278,0.66,0.035,0.305,0.0,found,13.0,variable_expense_ratio,61,139,24,success,,
population_detail.v1,C000801,200,0.4337932639365525,0.9249960629526233,0.9578502667022135,1.2334204548062413,0.0,0.0,0.065,0.935,insufficient_group_size,,,200,0,0,success,,
population_detail.v1,C000802,200,0.21704430123079024,0.6560523041339124,0.6901965637345021,0.8257247074746835,0.275,0.12,0.59,0.015,found,13.0,variable_expense_ratio,121,79,24,success,,
population_detail.v1,C000803,200,0.14953044697120405,0.6517968693913093,0.6867299864052184,0.8412546866701583,0.02,0.02,0.695,0.265,insufficient_group_size,,,192,8,0,success,,
population_detail.v1,C000804,200,0.279873457507496,0.8063760511716347,0.8694308237497703,1.0152532739509472,0.22,0.065,0.655,0.06,found,13.0,variable_expense_ratio,143,57,24,success,,
population_detail.v1,C000805,200,0.2545666847825931,0.8336641532238326,0.8528492238693015,1.1792656445595635,0.0,0.0,0.1,0.9,insufficient_group_size,,,200,0,0,success,,
population_detail.v1,C000806,200,0.20887533525215055,0.6068870650811422,0.6455976876421391,0.7167176045708183,1.0,0.0,0.0,0.0,insufficient_group_size,,,0,200,0,success,,
population_detail.v1,C000807,200,0.19220149164196584,0.6274429544581765,0.6627173997359443,0.786628805897802,0.15,0.08,0.725,0.045,found,13.0,cash_balance_ratio,154,46,24,success,,
population_detail.v1,C000808,200,0.30152750334977685,0.957054841209802,1.0025965896572089,1.2161488546912238,0.415,0.03,0.555,0.0,found,13.0,variable_expense_ratio,111,89,24,success,,
population_detail.v1,C000809,200,0.21152666664976846,0.8558577918132017,0.8919002788291224,1.109700315038604,0.07,0.015,0.635,0.28,insufficient_group_size,,,183,17,0,success,,
population_detail.v1,C000810,200,0.4802343697268165,0.8725101482878957,0.8968160803025984,1.0798115138547388,0.025,0.01,0.425,0.54,insufficient_group_size,,,193,7,0,success,,
population_detail.v1,C000811,200,0.46392051511707705,1.3015773234398527,1.3814762538648655,1.7326871273734157,0.82,0.01,0.17,0.0,found,13.0,cash_balance_ratio,34,166,24,success,,
population_detail.v1,C000812,200,0.3615208461735749,1.1337896798000697,1.1608338581490276,1.706762612960906,0.265,0.735,0.0,0.0,insufficient_group_size,,,0,200,0,success,,
population_detail.v1,C000813,200,0.2175882323345776,0.5542726986896818,0.5865433183188851,0.727377230438138,1.0,0.0,0.0,0.0,insufficient_group_size,,,0,200,0,success,,
population_detail.v1,C000814,200,0.3923637432448147,0.928575409408489,0.9471637635296144,1.1439694220919285,0.0,0.0,0.23,0.77,insufficient_group_size,,,200,0,0,success,,
population_detail.v1,C000815,200,0.3316782256796538,1.698140507482225,1.8302437460665195,2.1383687099613624,0.505,0.16,0.33,0.005,found,13.0,variable_expense_ratio,67,133,24,success,,
population_detail.v1,C000816,200,0.3174895828138655,0.7085857913017053,0.7285856674252758,0.8768654429795334,0.55,0.14,0.29,0.02,found,13.0,variable_expense_ratio,62,138,24,success,,
population_detail.v1,C000817,200,0.26903009619957285,0.9759969817572295,1.0115276695841882,1.3251095877870918,0.335,0.665,0.0,0.0,insufficient_group_size,,,0,200,0,success,,
population_detail.v1,C000818,200,0.34493433656050226,0.6973451735833741,0.7295174888181095,0.8655721923328387,0.385,0.18,0.4,0.035,found,13.0,cash_balance_ratio,87,113,24,success,,
population_detail.v1,C000819,200,0.18503066827937525,0.7054697145777271,0.7396123346131895,0.9031323034173048,0.15,0.09,0.725,0.035,found,13.0,cash_balance_ratio,152,48,24,success,,
population_detail.v1,C000820,200,0.303238902614701,0.6602766210042702,0.6883590957642959,0.8378479967088747,0.1,0.02,0.67,0.21,found,13.0,variable_expense_ratio,176,24,10,success,,
population_detail.v1,C000821,200,0.14144239660276983,0.4726672802092656,0.4732092917881944,0.6717863672089167,1.0,0.0,0.0,0.0,insufficient_group_size,,,0,200,0,success,,
population_detail.v1,C000822,200,0.29166052309130164,1.0622124797946106,1.1359464463809803,1.3829500860095498,0.47,0.53,0.0,0.0,insufficient_group_size,,,0,200,0,success,,
population_detail.v1,C000823,200,0.1660137158518525,0.6189824990917259,0.6309115690830156,0.838081584639269,0.99,0.01,0.0,0.0,insufficient_group_size,,,0,200,0,success,,
population_detail.v1,C000824,200,0.5597392308168916,1.327719031488075,1.374580663484214,1.6515952856018215,0.67,0.33,0.0,0.0,insufficient_group_size,,,0,200,0,success,,
population_detail.v1,C000825,200,0.28152331418982196,0.568552737794765,0.5928128082072834,0.7249643324784255,1.0,0.0,0.0,0.0,insufficient_group_size,,,0,200,0,success,,
population_detail.v1,C000826,200,0.23927845619940072,0.564260469647294,0.5862853406710065,0.6837170284719853,0.9,0.05,0.05,0.0,insufficient_group_size,,,10,190,0,success,,
population_detail.v1,C000827,200,0.2778260762731718,0.684369448676678,0.7060781262328426,0.9409321562493261,0.0,0.0,0.07,0.93,insufficient_group_size,,,200,0,0,success,,
population_detail.v1,C000828,200,0.2422858945040986,2.0406345805278066,2.157051452950072,2.7950314032586805,0.61,0.115,0.275,0.0,found,13.0,variable_expense_ratio,55,145,24,success,,
population_detail.v1,C000829,200,0.23716672904796274,0.6469592609086208,0.644992876527849,0.9316340176373399,0.0,0.0,0.1,0.9,insufficient_group_size,,,200,0,0,success,,
population_detail.v1,C000830,200,0.13704952434843176,0.536821455598472,0.5670058780909704,0.730871821011079,0.99,0.005,0.005,0.0,insufficient_group_size,,,1,199,0,success,,
population_detail.v1,C000831,200,0.9655512481224965,2.2959909161848646,2.362294535737332,2.499588978386936,0.135,0.04,0.435,0.39,found,13.0,cash_balance_ratio,165,35,24,success,,
population_detail.v1,C000832,200,0.17698248559432583,0.6186959722484215,0.6433310225724798,0.7780205454762781,0.24,0.125,0.62,0.015,found,13.0,cash_balance_ratio,127,73,24,success,,
population_detail.v1,C000833,200,0.13964751738762582,0.5101724595072288,0.5147755926845741,0.6955850488640282,0.915,0.04,0.045,0.0,insufficient_group_size,,,9,191,0,success,,
population_detail.v1,C000834,200,0.26219687024769406,0.7260933844727587,0.769534922372165,0.9380525198135853,0.06,0.015,0.795,0.13,insufficient_group_size,,,185,15,0,success,,
population_detail.v1,C000835,200,1.1861576848028814,3.7823266692589583,3.9321248737201446,3.995607357181858,0.205,0.0,0.7,0.095,found,13.0,variable_expense_ratio,159,41,24,success,,
population_detail.v1,C000836,200,0.1850648167350427,0.6375745915500238,0.6733880247456252,0.8007877517244419,0.995,0.0,0.005,0.0,insufficient_group_size,,,1,199,0,success,,
population_detail.v1,C000837,200,0.20461089109322364,0.5385662015570394,0.5613867967850266,0.6879765034795124,1.0,0.0,0.0,0.0,insufficient_group_size,,,0,200,0,success,,
population_detail.v1,C000838,200,0.1109636940530191,0.5337838635190416,0.5640948842993345,0.7713444640501341,1.0,0.0,0.0,0.0,insufficient_group_size,,,0,200,0,success,,
population_detail.v1,C000839,200,0.18255552253056959,0.4634460090757851,0.4820651906301579,0.6008038914582389,0.975,0.02,0.005,0.0,insufficient_group_size,,,1,199,0,success,,
population_detail.v1,C000840,200,0.199765713043057,0.8853555750700943,0.9071637099420846,1.2812586942316144,0.295,0.705,0.0,0.0,insufficient_group_size,,,0,200,0,success,,
population_detail.v1,C000841,200,0.13979768790855912,0.6617260176461164,0.6930512912857272,0.8096025769962855,0.37,0.17,0.44,0.02,found,13.0,cash_balance_ratio,92,108,24,success,,
population_detail.v1,C000842,200,0.23317441296393546,0.5403422219851877,0.5746462812523101,0.676497816405282,0.93,0.05,0.02,0.0,insufficient_group_size,,,4,196,0,success,,
population_detail.v1,C000843,200,0.18905094620491625,0.6577060547049106,0.6907704631680092,0.814361622745173,0.435,0.025,0.52,0.02,found,13.0,variable_expense_ratio,108,92,24,success,,
population_detail.v1,C000844,200,0.19598481363275658,0.5575953756694896,0.5738494142817763,0.6858331319483533,0.235,0.115,0.595,0.055,found,13.0,variable_expense_ratio,130,70,10,success,,
population_detail.v1,C000845,200,0.35560488789536077,1.1755334350652458,1.1862488110685532,1.4851522891650162,0.57,0.43,0.0,0.0,insufficient_group_size,,,0,200,0,success,,
population_detail.v1,C000846,200,0.13108961396207897,0.45825733653377754,0.4697735526216466,0.6533779230086332,1.0,0.0,0.0,0.0,insufficient_group_size,,,0,200,0,success,,
population_detail.v1,C000847,200,0.28914058930391995,0.6312195086113864,0.6489142067723523,0.7686767275336969,0.13,0.115,0.69,0.065,found,13.0,variable_expense_ratio,151,49,24,success,,
population_detail.v1,C000848,200,0.1660137158518525,0.5951968727321545,0.6160999860447356,0.823693630371498,0.99,0.01,0.0,0.0,insufficient_group_size,,,0,200,0,success,,
population_detail.v1,C000849,200,0.21831944246424798,0.7247446736951404,0.755545385306261,0.9217080150899376,0.015,0.01,0.52,0.455,insufficient_group_size,,,195,5,0,success,,
population_detail.v1,C000850,200,0.15091127399552934,0.5770463982589321,0.6036052300470061,0.7828965555439948,0.995,0.005,0.0,0.0,insufficient_group_size,,,0,200,0,success,,
population_detail.v1,C000851,200,0.3225529714054421,0.7377626633508477,0.7636723809253885,0.9347775883296555,1.0,0.0,0.0,0.0,insufficient_group_size,,,0,200,0,success,,
population_detail.v1,C000852,200,0.37996133470630505,0.8389966610132111,0.8519342824895844,1.1611525434738084,0.0,0.005,0.365,0.63,insufficient_group_size,,,199,1,0,success,,
population_detail.v1,C000853,200,0.18263301658324424,0.6907293205892696,0.7058915212392096,0.8771059267479067,1.0,0.0,0.0,0.0,insufficient_group_size,,,0,200,0,success,,
population_detail.v1,C000854,200,0.2771712688631095,0.8740558521092399,0.9035846057237642,1.205509267215707,0.0,0.0,0.14,0.86,insufficient_group_size,,,200,0,0,success,,
population_detail.v1,C000855,200,0.19059935278852352,0.5850368369379358,0.6225328043157367,0.7366516631441651,1.0,0.0,0.0,0.0,insufficient_group_size,,,0,200,0,success,,
population_detail.v1,C000856,200,0.13293089259000676,0.4505197961054469,0.461488832081729,0.6345006524680712,1.0,0.0,0.0,0.0,insufficient_group_size,,,0,200,0,success,,
population_detail.v1,C000857,200,0.1881654308858557,0.6457289986763597,0.6709834146579654,0.7829969624309936,0.035,0.025,0.67,0.27,insufficient_group_size,,,188,12,0,success,,
population_detail.v1,C000858,200,0.22438723760140702,0.6540372117420312,0.6821379879113596,0.8768439956616904,0.205,0.095,0.585,0.115,found,13.0,variable_expense_ratio,140,60,3,success,,
population_detail.v1,C000859,200,0.24632368354834508,1.0511588845166577,1.0892887677828145,1.5520974442455784,0.42,0.58,0.0,0.0,insufficient_group_size,,,0,200,0,success,,
population_detail.v1,C000860,200,0.20729767734701915,0.7309034086361652,0.7628188435375347,0.929274757004805,0.55,0.165,0.28,0.005,found,13.0,variable_expense_ratio,57,143,24,success,,
population_detail.v1,C000861,200,0.7675293017246566,18.222090914073373,21.144548811912166,21.698169937747732,0.275,0.675,0.05,0.0,insufficient_group_size,,,10,190,0,success,,
population_detail.v1,C000862,200,0.1696560817617197,0.5746967050979567,0.6047540528896229,0.7305025580313257,0.12,0.03,0.73,0.12,found,13.0,variable_expense_ratio,170,30,24,success,,
population_detail.v1,C000863,200,0.25341457783485544,0.9402725254778407,0.9928762099308548,1.2831247573190108,0.435,0.565,0.0,0.0,insufficient_group_size,,,0,200,0,success,,
population_detail.v1,C000864,200,0.2761508950014237,0.8274785640862957,0.8680600553728934,1.0532506676985822,0.19,0.09,0.59,0.13,found,13.0,cash_balance_ratio,144,56,24,success,,
population_detail.v1,C000865,200,0.433572570746815,1.1121290891408693,1.1086683196568758,1.6391588912342294,0.295,0.705,0.0,0.0,insufficient_group_size,,,0,200,0,success,,
population_detail.v1,C000866,200,0.30775778394712255,1.0409113727727217,1.0824032852618826,1.3801983371693072,0.0,0.0,0.19,0.81,insufficient_group_size,,,200,0,0,success,,
population_detail.v1,C000867,200,0.5230165648935972,15.142177784604389,17.406101913616823,18.05775927051998,0.275,0.68,0.045,0.0,insufficient_group_size,,,9,191,0,success,,
population_detail.v1,C000868,200,0.5264814148194894,6.1237595124107065,6.76919817643282,6.842165485582261,0.27,0.0,0.325,0.405,found,13.0,savings_rate,146,54,24,success,,
population_detail.v1,C000869,200,0.16571516187415825,0.9050746982577764,0.9433706600320673,1.2677456387813189,0.33,0.065,0.605,0.0,found,13.0,variable_expense_ratio,121,79,24,success,,
population_detail.v1,C000870,200,0.21273420118867153,0.7948095613238789,0.8376844118370699,1.038578488085028,0.37,0.17,0.4,0.06,found,13.0,cash_balance_ratio,92,108,24,success,,
population_detail.v1,C000871,200,0.3046538755022645,0.7868874782198229,0.8189527617287231,0.9991268329472504,0.1,0.075,0.755,0.07,found,13.0,cash_balance_ratio,165,35,24,success,,
population_detail.v1,C000872,200,0.289354811974966,1.4470197907622024,1.5887645998602737,2.0421858439284164,0.7,0.3,0.0,0.0,insufficient_group_size,,,0,200,0,success,,
population_detail.v1,C000873,200,0.2051884917465008,0.5050942780850072,0.5241452983449216,0.6277051314989078,0.99,0.01,0.0,0.0,insufficient_group_size,,,0,200,0,success,,
population_detail.v1,C000874,200,0.20300999039013976,0.614492128366095,0.6437113264680973,0.7558828509050874,0.86,0.095,0.045,0.0,insufficient_group_size,,,9,191,0,success,,
population_detail.v1,C000875,200,0.22259003198654206,1.0183649698663304,1.0678866309644026,1.3803107156377479,0.36,0.64,0.0,0.0,insufficient_group_size,,,0,200,0,success,,
population_detail.v1,C000876,200,0.1411268079395354,0.5027191621262623,0.529033078498089,0.6453652322869518,0.99,0.0,0.01,0.0,insufficient_group_size,,,2,198,0,success,,
population_detail.v1,C000877,200,0.21989510934967457,0.7679220292633172,0.7747299065881541,1.0923964597336504,0.0,0.0,0.07,0.93,insufficient_group_size,,,200,0,0,success,,
population_detail.v1,C000878,200,0.193734657237711,0.65947581977377,0.6922427527419455,0.8469465124101472,0.98,0.01,0.01,0.0,insufficient_group_size,,,2,198,0,success,,
population_detail.v1,C000879,200,0.23564606353947964,0.6242685250569733,0.64123034507127,0.7791893350407796,1.0,0.0,0.0,0.0,insufficient_group_size,,,0,200,0,success,,
population_detail.v1,C000880,200,0.1909194472135842,0.4385981450593521,0.42768944665532316,0.6326040735171516,1.0,0.0,0.0,0.0,insufficient_group_size,,,0,200,0,success,,
population_detail.v1,C000881,200,0.2691334021881092,0.6444535889019787,0.6748265357294676,0.8020136717995845,0.13,0.035,0.735,0.1,found,13.0,variable_expense_ratio,167,33,24,success,,
population_detail.v1,C000882,200,0.12112826987570625,0.5870228632250314,0.6032414099272954,0.7802529578174326,1.0,0.0,0.0,0.0,insufficient_group_size,,,0,200,0,success,,
population_detail.v1,C000883,200,0.272917476351713,0.8498001131603697,0.8937911654147683,1.1090420362406979,0.0,0.0,0.045,0.955,insufficient_group_size,,,200,0,0,success,,
population_detail.v1,C000884,200,0.3979216597594778,1.5390555202628393,1.6225518713241092,1.919945386695459,0.535,0.385,0.01,0.07,insufficient_group_size,,,16,184,0,success,,
population_detail.v1,C000885,200,0.45908166735671174,1.1492809186784805,1.2135442757059813,1.500008924407035,0.0,0.0,0.055,0.945,insufficient_group_size,,,200,0,0,success,,
population_detail.v1,C000886,200,0.060661087712918844,0.4426285655201341,0.4561993901677816,0.6418873369231869,1.0,0.0,0.0,0.0,insufficient_group_size,,,0,200,0,success,,
population_detail.v1,C000887,200,0.24426955062275477,0.5269357897892669,0.5441027786624548,0.6893531248059813,0.99,0.01,0.0,0.0,insufficient_group_size,,,0,200,0,success,,
population_detail.v1,C000888,200,0.23070726573781267,0.596433609185873,0.6271100775635078,0.7217929498518648,0.755,0.095,0.145,0.005,found,13.0,variable_expense_ratio,30,170,24,success,,
population_detail.v1,C000889,200,0.3721047387519876,1.1900036603195394,1.2164246956929734,1.789817138505676,0.94,0.05,0.01,0.0,insufficient_group_size,,,2,198,0,success,,
population_detail.v1,C000890,200,0.22006546537787702,0.9561599326199424,0.9956362992429395,1.2640920592999543,0.535,0.06,0.405,0.0,found,13.0,variable_expense_ratio,81,119,24,success,,
population_detail.v1,C000891,200,0.39665546331951174,1.15513960897923,1.1948189135132825,1.533930334432034,0.0,0.0,0.285,0.715,insufficient_group_size,,,200,0,0,success,,
population_detail.v1,C000892,200,0.21231027113163423,0.5881948650636736,0.6085860413871389,0.7936570838085243,1.0,0.0,0.0,0.0,insufficient_group_size,,,0,200,0,success,,
population_detail.v1,C000893,200,0.1850648167350427,0.6532490305760419,0.6932177694710839,0.8265877326844427,0.995,0.0,0.005,0.0,insufficient_group_size,,,1,199,0,success,,
population_detail.v1,C000894,200,0.3764102206917262,1.1876499077801184,1.2280284157886994,1.7528986439612855,0.285,0.715,0.0,0.0,insufficient_group_size,,,0,200,0,success,,
population_detail.v1,C000895,200,0.13212360463545067,0.4707989665396126,0.4971599132583167,0.6087145028536828,0.955,0.005,0.04,0.0,insufficient_group_size,,,8,192,0,success,,
population_detail.v1,C000896,200,0.1880025166734649,0.6583418630661427,0.6963587892071793,0.808865343999592,0.48,0.055,0.46,0.005,found,13.0,variable_expense_ratio,93,107,24,success,,
population_detail.v1,C000897,200,0.2347369327925253,0.5887614324232209,0.6201967427738532,0.7637879975501193,0.995,0.0,0.005,0.0,insufficient_group_size,,,1,199,0,success,,
population_detail.v1,C000898,200,0.29766704807804506,0.7486624000029743,0.7701105607785844,0.9494405447125813,0.01,0.005,0.58,0.405,insufficient_group_size,,,197,3,0,success,,
population_detail.v1,C000899,200,0.19259727751697509,0.46943121045377695,0.48746606030829664,0.6152031890427481,1.0,0.0,0.0,0.0,insufficient_group_size,,,0,200,0,success,,
population_detail.v1,C000900,200,0.3081408023179311,0.6487287136284422,0.6685078433655758,0.8278629282716914,0.015,0.015,0.675,0.295,insufficient_group_size,,,194,6,0,success,,
population_detail.v1,C000901,200,0.2595028872439249,0.5874042654011814,0.6126867927006754,0.7526417818470518,0.995,0.0,0.005,0.0,insufficient_group_size,,,1,199,0,success,,
population_detail.v1,C000902,200,0.1790023611393855,0.6211869459218634,0.6496242456921173,0.7576377630669373,0.94,0.045,0.015,0.0,insufficient_group_size,,,3,197,0,success,,
population_detail.v1,C000903,200,0.2621964155602174,0.5778271204570052,0.5949564122153939,0.7083909217562954,0.985,0.01,0.005,0.0,insufficient_group_size,,,1,199,0,success,,
population_detail.v1,C000904,200,0.20911543051600182,0.5346031181766975,0.5626897061836194,0.706816118352091,1.0,0.0,0.0,0.0,insufficient_group_size,,,0,200,0,success,,
population_detail.v1,C000905,200,0.12081309597315104,0.5064371566133075,0.5041828402585448,0.7492063764928782,1.0,0.0,0.0,0.0,insufficient_group_size,,,0,200,0,success,,
population_detail.v1,C000906,200,0.2066280236801624,0.6819691450449562,0.7267616533069995,0.8840121040274893,0.995,0.005,0.0,0.0,insufficient_group_size,,,0,200,0,success,,
population_detail.v1,C000907,200,0.5477775862896047,1.686314115890035,1.8517796163491214,2.1271007458321693,0.73,0.0,0.27,0.0,found,13.0,cash_balance_ratio,54,146,24,success,,
population_detail.v1,C000908,200,0.23789679685364779,1.0213226260261878,1.0810127324750964,1.3922718820453337,0.475,0.1,0.425,0.0,found,13.0,variable_expense_ratio,85,115,24,success,,
population_detail.v1,C000909,200,0.2657186825787577,0.9615815189867305,1.0241727379861967,1.2351054858121178,0.0,0.0,0.305,0.695,insufficient_group_size,,,200,0,0,success,,
population_detail.v1,C000910,200,0.13523824261502085,0.5946159257123176,0.6266139589141414,0.7444236984131539,0.895,0.07,0.035,0.0,insufficient_group_size,,,7,193,0,success,,
population_detail.v1,C000911,200,0.2105781142848461,0.5585823256669955,0.5792986294548595,0.7169396488164834,0.995,0.005,0.0,0.0,insufficient_group_size,,,0,200,0,success,,
population_detail.v1,C000912,200,0.30701299227915446,0.7343784277018672,0.7533737827593529,0.9169838016008461,0.105,0.015,0.685,0.195,found,13.0,variable_expense_ratio,176,24,24,success,,
population_detail.v1,C000913,200,0.18274570992433511,0.9058494956593536,0.9676104033115454,1.2381789756511292,0.0,0.005,0.425,0.57,insufficient_group_size,,,199,1,0,success,,
population_detail.v1,C000914,200,0.199765713043057,0.8794853508077193,0.8842565129503905,1.2866226866487136,0.315,0.685,0.0,0.0,insufficient_group_size,,,0,200,0,success,,
population_detail.v1,C000915,200,0.2125577825451265,0.716042770874102,0.7425685117020236,1.0102678715399207,0.48,0.045,0.475,0.0,found,13.0,variable_expense_ratio,95,105,24,success,,
population_detail.v1,C000916,200,0.2604492038659181,0.5850226591997424,0.6017083781596102,0.7786714723792869,0.995,0.0,0.005,0.0,insufficient_group_size,,,1,199,0,success,,
population_detail.v1,C000917,200,0.28883453749546745,0.7679619310113445,0.8109040956822658,0.9290660667625302,0.655,0.165,0.17,0.01,found,13.0,variable_expense_ratio,36,164,24,success,,
population_detail.v1,C000918,200,0.36187222297793653,0.7446465852524323,0.776221745304556,0.8817263074700482,0.02,0.01,0.66,0.31,insufficient_group_size,,,194,6,0,success,,
population_detail.v1,C000919,200,0.32097981020357647,0.8580447433802942,0.8996627931644556,1.1308865428980315,0.07,0.01,0.575,0.345,insufficient_group_size,,,184,16,0,success,,
population_detail.v1,C000920,200,0.26522051424355764,0.5404622524433981,0.5610393072392073,0.6648785339259496,0.965,0.03,0.005,0.0,insufficient_group_size,,,1,199,0,success,,
population_detail.v1,C000921,200,0.3944377341416583,1.1956338077521174,1.2723167974260718,1.6721380106085373,0.3,0.7,0.0,0.0,insufficient_group_size,,,0,200,0,success,,
population_detail.v1,C000922,200,0.2345053576328569,0.6059027209703065,0.6272130579042406,0.757341055155775,0.11,0.03,0.705,0.155,found,13.0,variable_expense_ratio,172,28,24,success,,
population_detail.v1,C000923,200,0.2714385157137404,1.1218221815952356,1.230989022640381,1.4729359718456498,0.54,0.1,0.36,0.0,found,13.0,variable_expense_ratio,72,128,24,success,,
population_detail.v1,C000924,200,0.1497146769540633,0.5175073404503471,0.5564147853757914,0.6647482513107293,1.0,0.0,0.0,0.0,insufficient_group_size,,,0,200,0,success,,
population_detail.v1,C000925,200,0.3805064006923912,15.951027417004475,18.56264978295154,19.1873037021923,0.27,0.68,0.05,0.0,insufficient_group_size,,,10,190,0,success,,
population_detail.v1,C000926,200,0.20695546147524882,0.591930691841875,0.6174839591359013,0.732165833861237,0.995,0.005,0.0,0.0,insufficient_group_size,,,0,200,0,success,,
population_detail.v1,C000927,200,0.28663805475117066,0.677388142202648,0.71418116473176,0.8479239509873083,0.975,0.025,0.0,0.0,insufficient_group_size,,,0,200,0,success,,
population_detail.v1,C000928,200,0.26267801927979556,1.1517473989408333,1.2408257451139841,1.673221131240299,0.395,0.605,0.0,0.0,insufficient_group_size,,,0,200,0,success,,
population_detail.v1,C000929,200,0.15391190709043095,0.5926937528194949,0.6088196174531466,0.7948204681502503,1.0,0.0,0.0,0.0,insufficient_group_size,,,0,200,0,success,,
population_detail.v1,C000930,200,0.2058547631499824,0.5683018354612448,0.5869562413158957,0.7302406026864,0.78,0.04,0.18,0.0,found,13.0,variable_expense_ratio,36,164,24,success,,
population_detail.v1,C000931,200,0.0782211523329851,0.48157284019027896,0.5045013964386409,0.6401680515749455,1.0,0.0,0.0,0.0,insufficient_group_size,,,0,200,0,success,,
population_detail.v1,C000932,200,0.3644786673217486,0.8159464736007009,0.8554019236876471,1.0705409648122093,0.0,0.0,0.165,0.835,insufficient_group_size,,,200,0,0,success,,
population_detail.v1,C000933,200,1.0826674185784086,4.919602223536292,5.453097193624725,5.614187654529857,0.44,0.165,0.195,0.2,found,13.0,cash_balance_ratio,79,121,24,success,,
population_detail.v1,C000934,200,0.13911260476842582,0.5024839046067147,0.5332156130461811,0.7034157692165306,1.0,0.0,0.0,0.0,insufficient_group_size,,,0,200,0,success,,
population_detail.v1,C000935,200,0.3451641909161017,0.9385789990878046,1.0047542439681374,1.1581823638459272,0.0,0.0,0.26,0.74,insufficient_group_size,,,200,0,0,success,,
population_detail.v1,C000936,200,0.43999751056188113,1.6530523464331293,1.7622198032820058,1.895918980059295,0.64,0.03,0.33,0.0,found,13.0,variable_expense_ratio,66,134,24,success,,
population_detail.v1,C000937,200,0.2670210883631339,0.6035378940618233,0.6438943667016228,0.7751639032517537,0.16,0.025,0.75,0.065,found,13.0,variable_expense_ratio,163,37,24,success,,
population_detail.v1,C000938,200,0.26970617326478724,1.069051314627027,1.130386591148579,1.3194008234128258,0.365,0.225,0.37,0.04,found,13.0,cash_balance_ratio,82,118,24,success,,
population_detail.v1,C000939,200,0.22424346100226297,0.4831686203892908,0.49379052784990846,0.6224014570489729,1.0,0.0,0.0,0.0,insufficient_group_size,,,0,200,0,success,,
population_detail.v1,C000940,200,0.37783498890057876,1.1726677797003253,1.199151029747794,1.4337900640962218,0.0,0.0,0.275,0.725,insufficient_group_size,,,200,0,0,success,,
population_detail.v1,C000941,200,0.20145754078393435,0.5857731879900043,0.629094350716318,0.7418120204307865,1.0,0.0,0.0,0.0,insufficient_group_size,,,0,200,0,success,,
population_detail.v1,C000942,200,0.3076401610276621,0.6789632052906512,0.6960642914100075,0.830185757469618,0.065,0.015,0.66,0.26,insufficient_group_size,,,184,16,0,success,,
population_detail.v1,C000943,200,0.2659671850804748,0.8539943728816078,0.8789301914604006,1.123248635871517,0.585,0.05,0.365,0.0,found,13.0,variable_expense_ratio,73,127,24,success,,
population_detail.v1,C000944,200,0.3317538778066671,1.2996247772235359,1.338370126401282,1.8115850027760907,0.3,0.7,0.0,0.0,insufficient_group_size,,,0,200,0,success,,
population_detail.v1,C000945,200,0.3897582609486047,1.352395909423706,1.4317637355560615,1.724310781619896,0.015,0.005,0.355,0.625,insufficient_group_size,,,196,4,0,success,,
population_detail.v1,C000946,200,0.1539092797956648,0.5278560340220196,0.5554696619905853,0.6735399729412147,0.94,0.05,0.01,0.0,insufficient_group_size,,,2,198,0,success,,
population_detail.v1,C000947,200,0.4170373158317804,0.9631896792096073,0.9629595490720573,1.3534601129900887,0.305,0.695,0.0,0.0,insufficient_group_size,,,0,200,0,success,,
population_detail.v1,C000948,200,0.26718479336728307,0.7918502373528306,0.8228061117560872,0.9428513001796519,0.89,0.01,0.1,0.0,found,13.0,variable_expense_ratio,20,180,24,success,,
population_detail.v1,C000949,200,0.30614595242258846,0.658720365362069,0.6859783073730933,0.8212676615860756,0.01,0.015,0.66,0.315,insufficient_group_size,,,195,5,0,success,,
population_detail.v1,C000950,200,0.872460841192289,3.489407579538893,3.6062463040940305,3.66350281858675,0.115,0.01,0.49,0.385,found,13.0,savings_rate,175,25,24,success,,
population_detail.v1,C000951,200,0.22574216005753864,0.9851656347458203,1.0270377780022242,1.397980469167309,0.285,0.715,0.0,0.0,insufficient_group_size,,,0,200,0,success,,
population_detail.v1,C000952,200,0.12935255508287855,0.5655557203773792,0.5767131990445751,0.7835727361646835,0.945,0.025,0.03,0.0,insufficient_group_size,,,6,194,0,success,,
population_detail.v1,C000953,200,0.2784794356218674,0.8020106917857213,0.8366140535942153,0.9796305351178592,0.9,0.06,0.04,0.0,insufficient_group_size,,,8,192,0,success,,
population_detail.v1,C000954,200,0.15862428129685957,0.6368353840109511,0.6755209269007321,0.881633930626015,0.98,0.01,0.01,0.0,insufficient_group_size,,,2,198,0,success,,
population_detail.v1,C000955,200,0.2557217447508933,0.6506697191508897,0.6745948834725952,0.8424428268838191,0.17,0.035,0.74,0.055,found,13.0,variable_expense_ratio,159,41,24,success,,
population_detail.v1,C000956,200,0.37932041592599147,1.3990194558959121,1.5134586229643354,1.8342497481757623,0.665,0.335,0.0,0.0,insufficient_group_size,,,0,200,0,success,,
population_detail.v1,C000957,200,0.18606914436899077,0.6136833137038376,0.6424997635489605,0.777504206342778,0.9,0.06,0.04,0.0,insufficient_group_size,,,8,192,0,success,,
population_detail.v1,C000958,200,0.22639061801182786,0.6465972061950213,0.6784503373275264,0.7998171181457308,0.45,0.145,0.35,0.055,found,13.0,variable_expense_ratio,81,119,24,success,,
population_detail.v1,C000959,200,0.1921293722196714,0.6241799742134235,0.6631967276272839,0.7751733223133456,0.46,0.1,0.415,0.025,found,13.0,variable_expense_ratio,88,112,24,success,,
population_detail.v1,C000960,200,0.19814864910178925,0.7143506057057426,0.7353343343793755,0.9383035250111551,0.01,0.0,0.755,0.235,insufficient_group_size,,,198,2,0,success,,
population_detail.v1,C000961,200,0.4591450560175036,1.3941404955405852,1.4306307806083427,1.9142700180417886,0.675,0.325,0.0,0.0,insufficient_group_size,,,0,200,0,success,,
population_detail.v1,C000962,200,0.29186778045080536,0.6632840512569683,0.6914903556308032,0.8668352781173526,0.24,0.1,0.63,0.03,found,13.0,variable_expense_ratio,132,68,24,success,,
population_detail.v1,C000963,200,0.39753058764378874,0.8206462330429332,0.8315881736745667,1.0519863870326016,0.0,0.0,0.215,0.785,insufficient_group_size,,,200,0,0,success,,
population_detail.v1,C000964,200,0.16635998656967563,0.623115614637806,0.6606733656172474,0.8693905525902907,1.0,0.0,0.0,0.0,insufficient_group_size,,,0,200,0,success,,
population_detail.v1,C000965,200,0.15643249132771142,0.806627693411984,0.8461517381186634,1.0075993427794259,0.895,0.07,0.035,0.0,insufficient_group_size,,,7,193,0,success,,
population_detail.v1,C000966,200,0.35512280284972675,1.530480772599765,1.5956846641111202,1.9402865650696532,0.62,0.38,0.0,0.0,insufficient_group_size,,,0,200,0,success,,
population_detail.v1,C000967,200,0.1962251887455101,0.69286380538768,0.720793892712689,0.8482751609983074,0.825,0.11,0.06,0.005,insufficient_group_size,,,13,187,0,success,,
population_detail.v1,C000968,200,0.3547576081644975,0.6957903094550127,0.7071429636517299,0.9170703654768113,0.98,0.015,0.005,0.0,insufficient_group_size,,,1,199,0,success,,
population_detail.v1,C000969,200,0.12231505863533997,0.7441142847318648,0.7852989169175126,1.0297489428227269,0.625,0.035,0.34,0.0,found,13.0,variable_expense_ratio,68,132,24,success,,
population_detail.v1,C000970,200,0.30551482902741833,1.0050983291015705,1.0454016022380586,1.4402414048758694,0.275,0.725,0.0,0.0,insufficient_group_size,,,0,200,0,success,,
population_detail.v1,C000971,200,0.3173096752878504,1.014227837033528,1.0379208462408989,1.437801056420647,0.0,0.0,0.09,0.91,insufficient_group_size,,,200,0,0,success,,
population_detail.v1,C000972,200,0.30180963113192477,0.9874881617159059,1.0317866827911968,1.4019686900390669,0.0,0.005,0.335,0.66,insufficient_group_size,,,199,1,0,success,,
population_detail.v1,C000973,200,0.15897013258222353,0.7019921566714871,0.7210003209177249,1.007092147278946,0.44,0.045,0.515,0.0,found,13.0,variable_expense_ratio,103,97,24,success,,
population_detail.v1,C000974,200,0.2860242563780902,0.6991248743905569,0.7386618915436576,0.8463146639718746,0.36,0.165,0.42,0.055,found,13.0,variable_expense_ratio,95,105,24,success,,
population_detail.v1,C000975,200,0.3615128173451841,0.69170162560601,0.7205345303587969,0.8352238678508755,0.51,0.17,0.315,0.005,found,13.0,variable_expense_ratio,64,136,24,success,,
population_detail.v1,C000976,200,0.12905246572305412,0.5753804916452526,0.6078345645645711,0.782042092583823,0.965,0.025,0.01,0.0,insufficient_group_size,,,2,198,0,success,,
population_detail.v1,C000977,200,0.35984009233197073,1.0324760950597873,1.074372662724333,1.3610321469584155,0.0,0.0,0.04,0.96,insufficient_group_size,,,200,0,0,success,,
population_detail.v1,C000978,200,0.15049506417213648,0.5238748534366163,0.5361032854429237,0.774654934681784,1.0,0.0,0.0,0.0,insufficient_group_size,,,0,200,0,success,,
population_detail.v1,C000979,200,0.25669241294082207,1.1365908009328713,1.1156205969031836,1.829841986296554,0.925,0.075,0.0,0.0,insufficient_group_size,,,0,200,0,success,,
population_detail.v1,C000980,200,0.3130142368601986,0.6785465641395027,0.7016835791365716,0.8226762972997116,0.68,0.07,0.245,0.005,found,13.0,variable_expense_ratio,50,150,24,success,,
population_detail.v1,C000981,200,0.2701053358440211,0.5848267255978007,0.6029013013286172,0.7096414282717596,0.545,0.135,0.29,0.03,found,13.0,variable_expense_ratio,64,136,24,success,,
population_detail.v1,C000982,200,0.1859444756034329,0.8972652942651729,0.9811270275513033,1.2605420552457514,0.345,0.05,0.605,0.0,found,13.0,cash_balance_ratio,121,79,24,success,,
population_detail.v1,C000983,200,0.3443974424274333,0.8237651961560789,0.8533136845576479,1.0631797607573352,0.135,0.075,0.735,0.055,found,13.0,variable_expense_ratio,158,42,24,success,,
population_detail.v1,C000984,200,0.2559656993417864,0.5668038654936441,0.5792146638741006,0.7244767243335243,0.895,0.075,0.03,0.0,insufficient_group_size,,,6,194,0,success,,
population_detail.v1,C000985,200,0.3111575945139294,0.7030073620952642,0.7301829147496307,0.8914320014422954,0.01,0.02,0.76,0.21,insufficient_group_size,,,194,6,0,success,,
population_detail.v1,C000986,200,0.11228668864314706,0.734677233953365,0.7644787932459647,0.981111060037156,0.045,0.02,0.785,0.15,insufficient_group_size,,,187,13,0,success,,
population_detail.v1,C000987,200,0.4847998514786256,1.0069103628277276,1.037098412648167,1.1863180546517054,0.22,0.11,0.62,0.05,found,13.0,variable_expense_ratio,134,66,24,success,,
population_detail.v1,C000988,200,0.7339962170740625,3.0182858819334792,3.161824934741745,3.2950207112710364,0.23,0.165,0.445,0.16,found,13.0,cash_balance_ratio,121,79,24,success,,
population_detail.v1,C000989,200,0.2982099683670195,1.573427857924161,1.6832222700213693,2.258407235297698,0.85,0.15,0.0,0.0,insufficient_group_size,,,0,200,0,success,,
population_detail.v1,C000990,200,0.13658867688112342,0.5329420734943147,0.5595787154645459,0.6672003286516023,1.0,0.0,0.0,0.0,insufficient_group_size,,,0,200,0,success,,
population_detail.v1,C000991,200,0.28408533840630956,0.8510368415193446,0.8818921862069347,1.1196353675749238,0.0,0.0,0.635,0.365,insufficient_group_size,,,200,0,0,success,,
population_detail.v1,C000992,200,0.4297675606316481,0.8628868693733197,0.8808428333859362,1.074672264455292,0.015,0.025,0.72,0.24,insufficient_group_size,,,192,8,0,success,,
population_detail.v1,C000993,200,0.10574365908982104,0.7911356171102301,0.8389959540453031,1.0074552631627418,0.03,0.005,0.79,0.175,insufficient_group_size,,,193,7,0,success,,
population_detail.v1,C000994,200,0.06534334225667071,0.47559803973474685,0.508181599076173,0.6761818605354125,1.0,0.0,0.0,0.0,insufficient_group_size,,,0,200,0,success,,
population_detail.v1,C000995,200,0.21364754070135686,0.5760043990574841,0.5983406182728439,0.7834447817786763,0.98,0.01,0.01,0.0,insufficient_group_size,,,2,198,0,success,,
population_detail.v1,C000996,200,0.2736732975107159,0.6737302870504291,0.7049885806695778,0.8626892230157008,0.91,0.055,0.035,0.0,insufficient_group_size,,,7,193,0,success,,
population_detail.v1,C000997,200,0.2500032644852562,0.8284204371868049,0.836227573184949,1.118992319146861,0.0,0.01,0.415,0.575,insufficient_group_size,,,198,2,0,success,,
population_detail.v1,C000998,200,0.22670300670462235,0.5500523247261228,0.5674178923241457,0.7607458281238416,0.99,0.01,0.0,0.0,insufficient_group_size,,,0,200,0,success,,
population_detail.v1,C000999,200,0.34474227942091595,1.0425238249744946,1.094524122645721,1.325222379024146,0.005,0.015,0.44,0.54,insufficient_group_size,,,196,4,0,success,,
population_detail.v1,C001000,200,0.743928752155564,5.7855555128031355,6.591845952711603,6.826971842555233,0.5,0.37,0.12,0.01,found,13.0,cash_balance_ratio,26,174,24,success,,
population_detail.v1,C001001,200,0.2618063412959423,0.7203445418457152,0.7473570414405255,0.9220130616870083,0.095,0.025,0.695,0.185,found,13.0,cash_balance_ratio,176,24,24,success,,
population_detail.v1,C001002,200,0.14274869655336198,0.509939703742954,0.5357641930195406,0.6344674331954685,0.99,0.01,0.0,0.0,insufficient_group_size,,,0,200,0,success,,
population_detail.v1,C001003,200,0.1938042190650256,0.68889943217238,0.7341243955537217,0.883768381294595,0.045,0.005,0.645,0.305,insufficient_group_size,,,190,10,0,success,,
population_detail.v1,C001004,200,0.21961679341589288,1.1199632831712119,1.1384796702236215,1.5668940531295779,0.51,0.49,0.0,0.0,insufficient_group_size,,,0,200,0,success,,
population_detail.v1,C001005,200,0.1954905999788231,0.5181009396687891,0.537400061939179,0.6851615319113051,0.99,0.005,0.005,0.0,insufficient_group_size,,,1,199,0,success,,
population_detail.v1,C001006,200,0.6713746221933673,16.474814524967616,19.260817346123932,19.858697616409177,0.275,0.675,0.05,0.0,insufficient_group_size,,,10,190,0,success,,
population_detail.v1,C001007,200,0.25740584183762805,0.6176580895029988,0.6400891488590625,0.7855149292702164,0.265,0.07,0.535,0.13,found,13.0,cash_balance_ratio,133,67,24,success,,
population_detail.v1,C001008,200,0.36187222297793653,0.7513692438150068,0.793854483460208,0.9241270215714331,0.02,0.01,0.56,0.41,insufficient_group_size,,,194,6,0,success,,
population_detail.v1,C001009,200,0.1947844732954591,0.47170831094386356,0.47501364002976076,0.6359578391964504,1.0,0.0,0.0,0.0,insufficient_group_size,,,0,200,0,success,,
population_detail.v1,C001010,200,0.18573737036692567,0.6309738576440251,0.6543836107897762,0.7755956320036214,0.04,0.0,0.71,0.25,insufficient_group_size,,,192,8,0,success,,
population_detail.v1,C001011,200,0.265264056952526,0.7305692584477373,0.7648735144770582,0.9328815353737148,0.01,0.015,0.475,0.5,insufficient_group_size,,,195,5,0,success,,
population_detail.v1,C001012,200,0.3558016690555452,0.8070602429616004,0.8134367389999676,1.074177502486776,0.0,0.0,0.115,0.885,insufficient_group_size,,,200,0,0,success,,
population_detail.v1,C001013,200,0.2585469056048772,0.8620834469393835,0.9189212173189281,1.1623180563228797,0.0,0.0,0.15,0.85,insufficient_group_size,,,200,0,0,success,,
population_detail.v1,C001014,200,0.40810425881371987,1.1549945632619165,1.2273931678359604,1.5950554086058302,0.385,0.615,0.0,0.0,insufficient_group_size,,,0,200,0,success,,
population_detail.v1,C001015,200,0.233711098519679,0.5171322114072872,0.5336829324496306,0.6623025038619087,0.195,0.04,0.67,0.095,found,13.0,variable_expense_ratio,153,47,24,success,,
population_detail.v1,C001016,200,0.3031415671013621,0.8792223142240084,0.9048463710564937,1.174982918194084,0.0,0.0,0.14,0.86,insufficient_group_size,,,200,0,0,success,,
population_detail.v1,C001017,200,0.23772861688110908,0.9880456066618271,1.0461237815205424,1.3498489259387507,0.355,0.645,0.0,0.0,insufficient_group_size,,,0,200,0,success,,
population_detail.v1,C001018,200,0.34360241526780266,0.6296823555217728,0.6466629847355055,0.7453544191114369,0.985,0.015,0.0,0.0,insufficient_group_size,,,0,200,0,success,,
population_detail.v1,C001019,200,2.1163686379036233,9.025047428500981,10.361243107066059,10.69813507736446,0.735,0.135,0.11,0.02,found,13.0,cash_balance_ratio,26,174,24,success,,
population_detail.v1,C001020,200,0.26693890560459876,0.78915092084172,0.8393659745628179,0.984422764297482,1.0,0.0,0.0,0.0,insufficient_group_size,,,0,200,0,success,,
population_detail.v1,C001021,200,0.19946184802951067,0.5349969013425012,0.5573787626385951,0.6426762927317834,1.0,0.0,0.0,0.0,insufficient_group_size,,,0,200,0,success,,
population_detail.v1,C001022,200,0.20564908537231394,0.835466437536128,0.8601060672447343,1.0994609221033442,0.11,0.025,0.62,0.245,found,13.0,variable_expense_ratio,173,27,24,success,,
population_detail.v1,C001023,200,0.22081389474372293,1.096599409017382,1.1718502480548996,1.5057418895260009,0.165,0.04,0.765,0.03,found,13.0,savings_rate,159,41,2,success,,
population_detail.v1,C001024,200,0.17402232182018104,0.6880669807602493,0.7249379556406353,0.8559670689058727,0.47,0.245,0.25,0.035,found,13.0,cash_balance_ratio,57,143,24,success,,
population_detail.v1,C001025,200,0.21465823709124204,0.6349423637668594,0.6538100983994293,0.8276010878311943,0.03,0.025,0.78,0.165,insufficient_group_size,,,189,11,0,success,,
population_detail.v1,C001026,200,0.159335883074368,0.6507244733286731,0.6848547202395545,0.8450274146336058,0.355,0.08,0.47,0.095,found,13.0,cash_balance_ratio,113,87,24,success,,
population_detail.v1,C001027,200,0.19433033515735088,0.650856499943611,0.696744508320972,0.8164570102048428,0.13,0.015,0.77,0.085,found,13.0,variable_expense_ratio,171,29,24,success,,
population_detail.v1,C001028,200,0.37125301037463604,0.8086856846559191,0.8343736765145178,1.0308138417306876,0.12,0.045,0.695,0.14,found,13.0,variable_expense_ratio,167,33,24,success,,
population_detail.v1,C001029,200,0.20073658880739184,0.584849556372192,0.6442925557246828,0.7434512937136978,1.0,0.0,0.0,0.0,insufficient_group_size,,,0,200,0,success,,
population_detail.v1,C001030,200,0.33416567855252255,1.0848474970837148,1.1517424376041996,1.428824797634189,0.495,0.175,0.32,0.01,found,13.0,variable_expense_ratio,66,134,24,success,,
population_detail.v1,C001031,200,0.23674049701312247,0.7315181890491185,0.7498177041646974,0.9240652963604338,0.235,0.11,0.62,0.035,found,13.0,variable_expense_ratio,131,69,5,success,,
population_detail.v1,C001032,200,0.3327643735803462,1.256556210066435,1.3169035404289087,1.6365900082463802,0.41,0.07,0.52,0.0,found,13.0,variable_expense_ratio,104,96,24,success,,
population_detail.v1,C001033,200,0.2789750842880192,0.6651224964201683,0.6972318155988317,0.8386260494396571,0.52,0.14,0.305,0.035,found,13.0,variable_expense_ratio,68,132,24,success,,
population_detail.v1,C001034,200,0.20529503529793058,1.5072941474875887,1.6420518280606315,2.1386774614589545,0.71,0.29,0.0,0.0,insufficient_group_size,,,0,200,0,success,,
population_detail.v1,C001035,200,0.23517719082869648,0.9568457678856329,1.0102900763079479,1.2668426287076822,0.49,0.09,0.42,0.0,found,13.0,variable_expense_ratio,84,116,24,success,,
population_detail.v1,C001036,200,0.19849611471509268,0.6535074467759316,0.6868076509495784,0.842797050484485,1.0,0.0,0.0,0.0,insufficient_group_size,,,0,200,0,success,,
population_detail.v1,C001037,200,0.22591099834401843,0.5328485435233145,0.5448317241580227,0.6814316376131311,1.0,0.0,0.0,0.0,insufficient_group_size,,,0,200,0,success,,
population_detail.v1,C001038,200,0.16395251513529122,0.5170576111750642,0.5271700144500958,0.7142440154715166,0.965,0.03,0.005,0.0,insufficient_group_size,,,1,199,0,success,,
population_detail.v1,C001039,200,0.27089238725212805,0.6535540025046878,0.680712458756088,0.832396741092391,0.15,0.035,0.76,0.055,found,13.0,variable_expense_ratio,163,37,24,success,,
population_detail.v1,C001040,200,0.20617359167388216,0.5010584251162282,0.5132646320120902,0.625667681517524,1.0,0.0,0.0,0.0,insufficient_group_size,,,0,200,0,success,,
population_detail.v1,C001041,200,0.33124370577831747,1.0765093012547544,1.1418154681616914,1.366276573914163,0.005,0.005,0.5,0.49,insufficient_group_size,,,198,2,0,success,,
population_detail.v1,C001042,200,0.2088769417726697,0.5717505066148312,0.6102255448237714,0.8367705031454399,1.0,0.0,0.0,0.0,insufficient_group_size,,,0,200,0,success,,
population_detail.v1,C001043,200,0.13720251716967877,0.48996247823985384,0.5120630719215846,0.6660896986111762,1.0,0.0,0.0,0.0,insufficient_group_size,,,0,200,0,success,,
population_detail.v1,C001044,200,0.28025490460942326,0.6138629553244785,0.6355832763206287,0.757942792594973,0.935,0.04,0.025,0.0,insufficient_group_size,,,5,195,0,success,,
population_detail.v1,C001045,200,0.28596352825088,0.6672597398639221,0.6933220027633457,0.8440692935219076,0.255,0.145,0.56,0.04,found,13.0,variable_expense_ratio,120,80,24,success,,
population_detail.v1,C001046,200,0.1553509365335533,0.5341223350666142,0.5655533795872394,0.7226349517681635,1.0,0.0,0.0,0.0,insufficient_group_size,,,0,200,0,success,,
population_detail.v1,C001047,200,0.19449427171251388,0.5668102317272092,0.5887234535927305,0.7443616037568543,1.0,0.0,0.0,0.0,insufficient_group_size,,,0,200,0,success,,
population_detail.v1,C001048,200,0.23809840068629962,0.5792573424105854,0.6010698670340754,0.6849368177320284,0.92,0.06,0.02,0.0,insufficient_group_size,,,4,196,0,success,,
population_detail.v1,C001049,200,0.1751602527096528,0.6342690890196053,0.6642539762980693,0.7982698028772507,0.78,0.085,0.135,0.0,found,13.0,variable_expense_ratio,27,173,24,success,,
population_detail.v1,C001050,200,0.1931988074652664,0.5518356589909736,0.5711314994334034,0.6995167119884674,0.16,0.09,0.695,0.055,found,13.0,variable_expense_ratio,150,50,5,success,,
population_detail.v1,C001051,200,0.12747602356556015,0.5056342522980669,0.5382666181819308,0.6933647787241175,0.99,0.005,0.005,0.0,insufficient_group_size,,,1,199,0,success,,
population_detail.v1,C001052,200,0.20740909286169462,0.9383496307828929,0.9851881482262369,1.1652503536248837,0.455,0.22,0.295,0.03,found,13.0,variable_expense_ratio,65,135,24,success,,
population_detail.v1,C001053,200,0.20187639967327545,0.8322492277817028,0.8574664353823968,1.0789653177172815,0.03,0.015,0.595,0.36,insufficient_group_size,,,191,9,0,success,,
population_detail.v1,C001054,200,0.42079670180927176,1.680465129805636,1.746545648227871,2.281656158497001,0.32,0.68,0.0,0.0,insufficient_group_size,,,0,200,0,success,,
population_detail.v1,C001055,200,0.23207079925212254,0.6372299934793724,0.6626392565041961,0.7708072560930725,0.065,0.03,0.71,0.195,insufficient_group_size,,,181,19,0,success,,
population_detail.v1,C001056,200,0.29159945894183464,1.1720436503050358,1.253201802095663,1.6035379973416408,0.52,0.105,0.375,0.0,found,13.0,variable_expense_ratio,75,125,24,success,,
population_detail.v1,C001057,200,0.2243458669603771,0.7167966491267631,0.7671428501018372,0.9052008680796817,0.025,0.0,0.585,0.39,insufficient_group_size,,,195,5,0,success,,
population_detail.v1,C001058,200,0.111807688015803,0.7968392429309131,0.8391000651028653,0.9938994806771011,0.46,0.095,0.43,0.015,found,13.0,variable_expense_ratio,89,111,24,success,,
population_detail.v1,C001059,200,0.30844252658681787,0.8040145257317102,0.8466438509951623,0.9936884655670575,0.385,0.085,0.49,0.04,found,13.0,variable_expense_ratio,106,94,24,success,,
population_detail.v1,C001060,200,0.32411776327479486,0.760048207686489,0.8051639573792058,0.9385874405591133,0.005,0.005,0.63,0.36,insufficient_group_size,,,198,2,0,success,,
population_detail.v1,C001061,200,0.35620710247297627,1.1927028915969518,1.2337963489257373,1.6039123023160742,0.48,0.52,0.0,0.0,insufficient_group_size,,,0,200,0,success,,
population_detail.v1,C001062,200,0.3681965854584526,0.9578294240891293,0.9573129851471878,1.4956620552848905,0.28,0.72,0.0,0.0,insufficient_group_size,,,0,200,0,success,,
population_detail.v1,C001063,200,0.2886795469246025,1.1579883861100928,1.2357362804950345,1.5163744044631324,0.47,0.095,0.435,0.0,found,13.0,variable_expense_ratio,87,113,24,success,,
population_detail.v1,C001064,200,0.29615760093809734,0.8908707079249314,0.935921508686435,1.2429281463131518,0.35,0.65,0.0,0.0,insufficient_group_size,,,0,200,0,success,,
population_detail.v1,C001065,200,0.2466819037356205,0.6766187896428949,0.6936649608527055,0.826725581350022,0.355,0.165,0.415,0.065,found,13.0,cash_balance_ratio,96,104,24,success,,
population_detail.v1,C001066,200,0.23311605222852308,0.5104731293400789,0.5306003859760536,0.6363676366752179,0.96,0.02,0.02,0.0,insufficient_group_size,,,4,196,0,success,,
population_detail.v1,C001067,200,0.22966335008912803,0.6620637284480327,0.7073211468709273,0.8472135779442921,0.125,0.055,0.74,0.08,found,13.0,cash_balance_ratio,164,36,24,success,,
population_detail.v1,C001068,200,0.26241869022025466,0.6202752320397847,0.6451812651630932,0.7654780482546426,0.025,0.02,0.655,0.3,insufficient_group_size,,,191,9,0,success,,
population_detail.v1,C001069,200,0.1400394044667761,0.6057724066274653,0.6315678380296577,0.7626113133211802,0.47,0.115,0.405,0.01,found,13.0,variable_expense_ratio,83,117,24,success,,
population_detail.v1,C001070,200,0.7271903682696518,2.635390206778749,2.776104943330561,3.6357075026700345,0.525,0.135,0.34,0.0,found,13.0,variable_expense_ratio,68,132,24,success,,
population_detail.v1,C001071,200,0.23282913745379802,0.619884898754516,0.6504068244430012,0.7997970867194707,0.225,0.125,0.62,0.03,found,13.0,variable_expense_ratio,130,70,5,success,,
population_detail.v1,C001072,200,0.28373898054259294,0.9802735756211373,1.0194863023335379,1.265165053292807,0.37,0.2,0.425,0.005,found,13.0,variable_expense_ratio,86,114,24,success,,
population_detail.v1,C001073,200,0.27319291920740585,0.6422408277211289,0.6707568171624934,0.810090090391525,0.125,0.09,0.74,0.045,found,13.0,cash_balance_ratio,157,43,24,success,,
population_detail.v1,C001074,200,0.2307393629401096,1.1608524780898855,1.2655007389008244,1.6112269488612831,0.48,0.52,0.0,0.0,insufficient_group_size,,,0,200,0,success,,
population_detail.v1,C001075,200,0.2434759346755082,0.5626910300609593,0.5757274234221577,0.7190759390887044,1.0,0.0,0.0,0.0,insufficient_group_size,,,0,200,0,success,,
population_detail.v1,C001076,200,0.5297822174934366,0.9818661391642043,1.007674830542339,1.2249995525761963,0.01,0.01,0.58,0.4,insufficient_group_size,,,196,4,0,success,,
population_detail.v1,C001077,200,0.32517551897651786,1.4679539974280125,1.504542456848955,1.964799320771202,0.295,0.705,0.0,0.0,insufficient_group_size,,,0,200,0,success,,
population_detail.v1,C001078,200,0.3067730100670002,0.751559662973024,0.7838400447925191,0.9256796819358356,0.665,0.16,0.165,0.01,found,13.0,cash_balance_ratio,35,165,24,success,,
population_detail.v1,C001079,200,0.27060940562402425,1.1554491169791405,1.2418180683947628,1.5881840855941558,0.465,0.535,0.0,0.0,insufficient_group_size,,,0,200,0,success,,
population_detail.v1,C001080,200,0.2602184714121556,0.7614238512536127,0.8061106012548843,0.9786646536363984,0.3,0.115,0.56,0.025,found,13.0,variable_expense_ratio,117,83,24,success,,
population_detail.v1,C001081,200,0.25539757819946063,0.7069792883245454,0.7385227128693992,0.9033342033691575,0.02,0.015,0.525,0.44,insufficient_group_size,,,193,7,0,success,,
population_detail.v1,C001082,200,0.3683379164142147,1.049431393275001,1.0791665822129917,1.359801771185224,0.435,0.255,0.295,0.015,found,13.0,variable_expense_ratio,62,138,5,success,,
population_detail.v1,C001083,200,0.3481343877449646,1.9362740696138894,2.0379878929063207,2.7465425164112403,0.57,0.11,0.32,0.0,found,13.0,variable_expense_ratio,64,136,24,success,,
population_detail.v1,C001084,200,0.5262708760178473,1.2303635712643715,1.2306041682931856,1.7773163723437455,0.94,0.06,0.0,0.0,insufficient_group_size,,,0,200,0,success,,
population_detail.v1,C001085,200,0.33073124294058465,0.8717178225729549,0.8886050975772795,1.1854117535551885,0.0,0.0,0.115,0.885,insufficient_group_size,,,200,0,0,success,,
population_detail.v1,C001086,200,0.21572077715858667,0.6575672237860657,0.692162615007141,0.874277012558873,0.04,0.01,0.63,0.32,insufficient_group_size,,,190,10,0,success,,
population_detail.v1,C001087,200,0.2585815359732814,0.9012860361065,0.9540008065227528,1.1436282806944775,0.4,0.165,0.43,0.005,found,13.0,variable_expense_ratio,87,113,24,success,,
population_detail.v1,C001088,200,0.14722593879209492,0.6901180319189112,0.7260661798761586,0.8656420194287827,0.895,0.01,0.095,0.0,insufficient_group_size,,,19,181,0,success,,
population_detail.v1,C001089,200,0.20979032771103262,0.6241936983636468,0.6369490992205324,0.7932281573806109,0.015,0.0,0.715,0.27,insufficient_group_size,,,197,3,0,success,,
population_detail.v1,C001090,200,0.3608307895292205,1.6979543003984923,1.7408603674953222,2.5188112209059397,0.52,0.125,0.355,0.0,found,13.0,variable_expense_ratio,71,129,24,success,,
population_detail.v1,C001091,200,0.22201114862441046,0.9834659910032141,1.0542219464387839,1.2651836186598033,0.565,0.065,0.37,0.0,found,13.0,variable_expense_ratio,74,126,24,success,,
population_detail.v1,C001092,200,0.23983337103491173,0.6094850811434399,0.6344597592685648,0.7877941730063208,0.08,0.02,0.78,0.12,found,13.0,variable_expense_ratio,180,20,24,success,,
population_detail.v1,C001093,200,0.15991230333686754,0.9368705627971068,1.0058409558070855,1.3514900544538724,0.0,0.005,0.39,0.605,insufficient_group_size,,,199,1,0,success,,
population_detail.v1,C001094,200,0.3492610399516435,1.4897150300958975,1.5373219366209614,2.0435846762751875,0.49,0.13,0.38,0.0,found,13.0,variable_expense_ratio,76,124,24,success,,
population_detail.v1,C001095,200,0.1065676380594976,0.7090078141102311,0.751094277638785,0.9629556061062283,0.66,0.035,0.305,0.0,found,13.0,variable_expense_ratio,61,139,24,success,,
population_detail.v1,C001096,200,0.17767951784615002,0.5303658515031858,0.5500464929791467,0.6581021231597705,0.975,0.005,0.02,0.0,insufficient_group_size,,,4,196,0,success,,
population_detail.v1,C001097,200,0.23021901883678086,0.6627788572182589,0.6898828891704902,0.818237536403386,0.495,0.16,0.345,0.0,found,13.0,cash_balance_ratio,69,131,24,success,,
population_detail.v1,C001098,200,0.2611822646005173,2.1287068966497147,2.224300995221674,2.4132906517889734,0.605,0.045,0.35,0.0,found,13.0,cash_balance_ratio,70,130,24,success,,
population_detail.v1,C001099,200,0.2389126013884094,0.7200170958328465,0.7603087954629275,0.9156835628120966,0.04,0.02,0.77,0.17,insufficient_group_size,,,188,12,0,success,,
population_detail.v1,C001100,200,0.11220114738529822,0.7013006490438333,0.7299986084349848,0.9393350861973974,0.02,0.015,0.59,0.375,insufficient_group_size,,,193,7,0,success,,
population_detail.v1,C001101,200,0.25838242659921223,0.5655659116528523,0.5922469225248554,0.7078910758066882,0.14,0.08,0.705,0.075,found,13.0,variable_expense_ratio,156,44,5,success,,
population_detail.v1,C001102,200,0.30695118152552453,0.7421592556252884,0.7788342147624574,0.924818455484014,0.27,0.14,0.555,0.035,found,13.0,cash_balance_ratio,118,82,24,success,,
population_detail.v1,C001103,200,0.17494402923257849,0.5089468115113909,0.5235690976177877,0.64115796971402,0.355,0.11,0.5,0.035,found,13.0,variable_expense_ratio,107,93,24,success,,
population_detail.v1,C001104,200,0.17874674762019419,0.49849272241691817,0.5275542628396206,0.6435381202194254,1.0,0.0,0.0,0.0,insufficient_group_size,,,0,200,0,success,,
population_detail.v1,C001105,200,0.21139444090373594,0.5100792303192392,0.5304136666014145,0.6420759733596592,0.175,0.055,0.71,0.06,found,13.0,variable_expense_ratio,154,46,24,success,,
population_detail.v1,C001106,200,0.21203809707304203,0.5809529040874084,0.6004496845301899,0.7082567792816067,0.475,0.13,0.37,0.025,found,13.0,variable_expense_ratio,79,121,24,success,,
population_detail.v1,C001107,200,0.1671166194851943,0.6603627315455853,0.6842510429518776,0.8244293595217645,0.065,0.015,0.82,0.1,insufficient_group_size,,,184,16,0,success,,
population_detail.v1,C001108,200,0.3447517605904267,0.988983041971908,1.0224629366043212,1.3034287537315934,0.395,0.255,0.335,0.015,found,13.0,variable_expense_ratio,70,130,24,success,,
population_detail.v1,C001109,200,0.2086089200208551,0.5622012665569511,0.5860178362912802,0.7097467928698955,0.97,0.02,0.01,0.0,insufficient_group_size,,,2,198,0,success,,
population_detail.v1,C001110,200,0.1557481440978986,0.43749927296287483,0.4493218127018085,0.6108431715745591,1.0,0.0,0.0,0.0,insufficient_group_size,,,0,200,0,success,,
population_detail.v1,C001111,200,0.116491222312153,0.44116154540501484,0.4584094636474492,0.6347144638069139,1.0,0.0,0.0,0.0,insufficient_group_size,,,0,200,0,success,,
population_detail.v1,C001112,200,0.2612715176997786,1.2259191494174386,1.3439297657887534,1.6993717281772394,0.455,0.545,0.0,0.0,insufficient_group_size,,,0,200,0,success,,
population_detail.v1,C001113,200,0.5112761906168833,1.2571194174035856,1.2764621410896273,1.5366024872012936,0.365,0.635,0.0,0.0,insufficient_group_size,,,0,200,0,success,,
population_detail.v1,C001114,200,0.19563903355472154,0.597040546796149,0.6349630977841072,0.7829228242076153,1.0,0.0,0.0,0.0,insufficient_group_size,,,0,200,0,success,,
population_detail.v1,C001115,200,0.19516843924279012,0.6881015350415152,0.7193071201355528,0.8718860820636639,0.025,0.015,0.635,0.325,insufficient_group_size,,,192,8,0,success,,
population_detail.v1,C001116,200,0.2423152031652323,0.8649610899103289,0.9052438638034881,1.2277338071086588,0.0,0.0,0.07,0.93,insufficient_group_size,,,200,0,0,success,,
population_detail.v1,C001117,200,0.2887358805981417,0.9399374829790631,1.0181610131191432,1.1717634145932856,0.615,0.055,0.33,0.0,found,13.0,variable_expense_ratio,66,134,24,success,,
population_detail.v1,C001118,200,0.1985625191292367,1.1981608488621334,1.2663342807386093,1.532729543170405,0.1,0.025,0.815,0.06,found,13.0,savings_rate,175,25,2,success,,
population_detail.v1,C001119,200,0.15788961212391253,0.6187036377985352,0.6311773529965805,0.779251643741171,0.03,0.02,0.695,0.255,insufficient_group_size,,,190,10,0,success,,
population_detail.v1,C001120,200,0.12823035787691767,0.43546541375553516,0.4402438288372107,0.6103581017569387,1.0,0.0,0.0,0.0,insufficient_group_size,,,0,200,0,success,,
population_detail.v1,C001121,200,0.31019277405126633,0.8618190745176474,0.8534352640793837,1.2392781767578265,0.325,0.675,0.0,0.0,insufficient_group_size,,,0,200,0,success,,
population_detail.v1,C001122,200,0.21982510820190831,1.6370973120569903,1.7071092492919835,1.7676315625660963,0.355,0.125,0.485,0.035,found,13.0,variable_expense_ratio,104,96,24,success,,
population_detail.v1,C001123,200,0.16838594561322193,0.5020122333686985,0.5305747471162005,0.6951185778277443,1.0,0.0,0.0,0.0,insufficient_group_size,,,0,200,0,success,,
population_detail.v1,C001124,200,0.2427358914312518,0.7303487024193258,0.746212669142687,1.0541413301605003,0.0,0.0,0.08,0.92,insufficient_group_size,,,200,0,0,success,,
population_detail.v1,C001125,200,0.3392804839333104,1.0344807125528441,1.0479035719776153,1.33349939264459,0.0,0.0,0.16,0.84,insufficient_group_size,,,200,0,0,success,,
population_detail.v1,C001126,200,0.16736317217956154,0.8197286710062415,0.8528956741899176,1.1333861070049303,0.42,0.06,0.52,0.0,found,13.0,variable_expense_ratio,104,96,24,success,,
population_detail.v1,C001127,200,0.5844387686399248,1.5439005703306583,1.649709878310505,2.0278882239617504,0.93,0.07,0.0,0.0,insufficient_group_size,,,0,200,0,success,,
population_detail.v1,C001128,200,0.1711007325722618,0.6943686230518299,0.7365830177359866,0.9065631943366725,0.01,0.015,0.68,0.295,insufficient_group_size,,,195,5,0,success,,
population_detail.v1,C001129,200,0.48746291927903446,1.607363379612194,1.7141877692348442,2.0125142850242645,0.935,0.065,0.0,0.0,insufficient_group_size,,,0,200,0,success,,
population_detail.v1,C001130,200,0.23983337103491173,0.6277316468275093,0.6459924935682737,0.8401892396152424,0.065,0.02,0.77,0.145,insufficient_group_size,,,183,17,0,success,,
population_detail.v1,C001131,200,0.19882847918117671,0.6162043973041874,0.6397100036077501,0.8201341836474245,1.0,0.0,0.0,0.0,insufficient_group_size,,,0,200,0,success,,
population_detail.v1,C001132,200,0.18698079919592528,0.6309372982526205,0.6539886163388609,0.8482286034945805,0.89,0.055,0.055,0.0,insufficient_group_size,,,11,189,0,success,,
population_detail.v1,C001133,200,1.0207539074254846,6.074007720463147,6.729465727022863,6.819812351607739,0.46,0.16,0.125,0.255,found,13.0,cash_balance_ratio,76,124,24,success,,
population_detail.v1,C001134,200,0.16753227779828506,0.8668553216814631,0.9018391658034588,1.164517688613686,0.51,0.075,0.415,0.0,found,13.0,variable_expense_ratio,83,117,24,success,,
population_detail.v1,C001135,200,0.4057023141883835,1.015600825929766,1.0384662444510337,1.3339961227998398,0.025,0.01,0.43,0.535,insufficient_group_size,,,193,7,0,success,,
population_detail.v1,C001136,200,0.3183355604266152,0.6573769311150116,0.6818922747523939,0.8185872899916035,0.975,0.02,0.005,0.0,insufficient_group_size,,,1,199,0,success,,
population_detail.v1,C001137,200,0.2529824980364083,0.7918773954633166,0.832991199647825,1.0065147870013786,0.99,0.01,0.0,0.0,insufficient_group_size,,,0,200,0,success,,
population_detail.v1,C001138,200,0.20504195711155707,0.4984650399342794,0.5215692060506827,0.6320564540357377,0.535,0.09,0.355,0.02,found,13.0,variable_expense_ratio,75,125,24,success,,
population_detail.v1,C001139,200,0.1734166733713296,0.5880411730040559,0.5982790553764319,0.7161132783253208,1.0,0.0,0.0,0.0,insufficient_group_size,,,0,200,0,success,,
population_detail.v1,C001140,200,0.2528457658669476,0.8402802671494831,0.8850855222333961,1.0937683502186848,0.035,0.03,0.7,0.235,insufficient_group_size,,,187,13,0,success,,
population_detail.v1,C001141,200,0.36182640523904724,1.6880554423662792,1.7502733203800636,2.33408734779477,0.52,0.145,0.335,0.0,found,13.0,variable_expense_ratio,67,133,24,success,,
population_detail.v1,C001142,200,0.21001333066762518,0.5604522769098917,0.5844698916113708,0.7304199694723812,1.0,0.0,0.0,0.0,insufficient_group_size,,,0,200,0,success,,
population_detail.v1,C001143,200,0.3936177466174276,0.8883431168860421,0.8948829937046463,1.201216708739016,0.0,0.0,0.095,0.905,insufficient_group_size,,,200,0,0,success,,
population_detail.v1,C001144,200,0.2404581368632108,0.5758968882176329,0.5957649025066097,0.7616291807521399,0.96,0.02,0.02,0.0,insufficient_group_size,,,4,196,0,success,,
population_detail.v1,C001145,200,0.23281531675224945,0.6219381902955735,0.6424714526114466,0.8020044044852767,0.2,0.085,0.615,0.1,found,13.0,cash_balance_ratio,143,57,24,success,,
population_detail.v1,C001146,200,0.2981669151443171,1.2044463977838304,1.2302923168406714,1.8961943189780066,0.3,0.7,0.0,0.0,insufficient_group_size,,,0,200,0,success,,
population_detail.v1,C001147,200,0.1554664448342549,0.8861604974601117,0.9759309038572369,1.265885496837681,0.295,0.05,0.655,0.0,found,13.0,cash_balance_ratio,131,69,24,success,,
population_detail.v1,C001148,200,0.1399063847393189,0.5874731120389672,0.6098453904038112,0.8541858737188782,1.0,0.0,0.0,0.0,insufficient_group_size,,,0,200,0,success,,
population_detail.v1,C001149,200,0.15329202445656115,0.6023637327840544,0.6275668470831581,0.7431828129263119,0.665,0.08,0.255,0.0,found,13.0,variable_expense_ratio,51,149,24,success,,
population_detail.v1,C001150,200,0.17018146455246247,0.4986386651579908,0.515418469291634,0.6550455194251519,1.0,0.0,0.0,0.0,insufficient_group_size,,,0,200,0,success,,
population_detail.v1,C001151,200,0.3022897765805054,0.8251013475023686,0.8595565044192562,1.0456508860110239,0.095,0.015,0.685,0.205,found,13.0,loan_balance_ratio,178,22,24,success,,
population_detail.v1,C001152,200,0.12823035787691767,0.46765489582119457,0.4764116824310636,0.6421382765278705,1.0,0.0,0.0,0.0,insufficient_group_size,,,0,200,0,success,,
population_detail.v1,C001153,200,0.19520822144932232,0.7443501523531654,0.7703821592227829,0.9432055163787257,0.28,0.17,0.525,0.025,found,13.0,cash_balance_ratio,110,90,24,success,,
population_detail.v1,C001154,200,0.15248029251250306,0.5389824840647409,0.5572707851570504,0.7355566919214075,1.0,0.0,0.0,0.0,insufficient_group_size,,,0,200,0,success,,
population_detail.v1,C001155,200,0.31832986826577186,0.6597142689751504,0.6832486911733421,0.8264932952106179,0.86,0.075,0.065,0.0,insufficient_group_size,,,13,187,0,success,,
population_detail.v1,C001156,200,0.2715204965143063,0.7940668911557548,0.8242678179378475,1.0508959764639079,0.865,0.06,0.075,0.0,insufficient_group_size,,,15,185,0,success,,
population_detail.v1,C001157,200,0.2675541346431189,0.6705402217255885,0.7134157941167738,0.8602125158877856,0.94,0.04,0.02,0.0,insufficient_group_size,,,4,196,0,success,,
population_detail.v1,C001158,200,0.26614535026319464,0.5701280420477772,0.5997885892308565,0.6914024797625484,0.965,0.035,0.0,0.0,insufficient_group_size,,,0,200,0,success,,
population_detail.v1,C001159,200,0.22201114862441046,1.0186764407004238,1.0637979313604609,1.3129303137936892,0.555,0.08,0.365,0.0,found,13.0,variable_expense_ratio,73,127,24,success,,
population_detail.v1,C001160,200,0.19353366826634566,1.192248771025382,1.2448414809683817,1.7985939876775516,0.97,0.03,0.0,0.0,insufficient_group_size,,,0,200,0,success,,
population_detail.v1,C001161,200,0.11571582277709315,0.5863544935585925,0.6058776052899502,0.838300977535544,0.99,0.005,0.005,0.0,insufficient_group_size,,,1,199,0,success,,
population_detail.v1,C001162,200,0.21260742731022375,0.5511358503044862,0.5770804308983064,0.6602939314034175,0.45,0.06,0.45,0.04,found,13.0,variable_expense_ratio,98,102,24,success,,
population_detail.v1,C001163,200,0.1482355846212815,0.6379829629633106,0.6802361838881976,0.8613107123437111,0.925,0.05,0.025,0.0,insufficient_group_size,,,5,195,0,success,,
population_detail.v1,C001164,200,0.18884267316866393,16.086457809566788,18.770826780260975,19.385006104035995,0.28,0.675,0.045,0.0,insufficient_group_size,,,9,191,0,success,,
population_detail.v1,C001165,200,0.16877823841853792,0.5435228590545718,0.5627504890908651,0.7226347840925816,0.995,0.0,0.005,0.0,insufficient_group_size,,,1,199,0,success,,
population_detail.v1,C001166,200,1.643421696563573,3.6197049005351936,3.780719052595683,3.8935265404486494,0.43,0.095,0.285,0.19,found,13.0,cash_balance_ratio,95,105,24,success,,
population_detail.v1,C001167,200,0.43172574336366887,0.854387070868843,0.8852764325607971,1.1204022401067846,0.0,0.0,0.205,0.795,insufficient_group_size,,,200,0,0,success,,
population_detail.v1,C001168,200,0.34045413385008866,1.430106621858966,1.48736104755453,1.8048501145169935,0.54,0.45,0.01,0.0,insufficient_group_size,,,2,198,0,success,,
population_detail.v1,C001169,200,0.25291961763930365,0.6325058531398903,0.6583471238417089,0.7809904245227781,0.145,0.02,0.695,0.14,found,13.0,cash_balance_ratio,167,33,24,success,,
population_detail.v1,C001170,200,0.14010803114667755,0.5773695478911431,0.6040182919250108,0.7575297777013184,0.945,0.04,0.015,0.0,insufficient_group_size,,,3,197,0,success,,
population_detail.v1,C001171,200,0.1495665184707161,0.5365495063930775,0.5585368106697132,0.7115028365667936,0.995,0.005,0.0,0.0,insufficient_group_size,,,0,200,0,success,,
population_detail.v1,C001172,200,0.18180449141882335,0.577712727540893,0.6078594974352164,0.7681854789466932,0.97,0.005,0.025,0.0,insufficient_group_size,,,5,195,0,success,,
population_detail.v1,C001173,200,0.45022625119561643,1.4179195571759613,1.4866247373345276,1.8182700282261026,0.445,0.25,0.295,0.01,found,13.0,variable_expense_ratio,61,139,24,success,,
population_detail.v1,C001174,200,0.27570367303170934,1.0843485006367404,1.1380072026655506,1.5400347355545756,0.32,0.68,0.0,0.0,insufficient_group_size,,,0,200,0,success,,
population_detail.v1,C001175,200,0.23965856183878978,0.7506602404988402,0.7697603802210397,1.0958663288327706,0.0,0.0,0.12,0.88,insufficient_group_size,,,200,0,0,success,,
population_detail.v1,C001176,200,1.0465344405634833,2.370138032009445,2.4676278795258577,2.6215010013724056,0.19,0.035,0.69,0.085,found,13.0,cash_balance_ratio,155,45,24,success,,
population_detail.v1,C001177,200,0.20908591787535197,0.6236687830191368,0.6544921361651436,0.7817186566800006,0.175,0.055,0.69,0.08,found,13.0,variable_expense_ratio,154,46,24,success,,
population_detail.v1,C001178,200,0.19059935278852352,0.5763746607433007,0.6236507850574788,0.7365458982608665,1.0,0.0,0.0,0.0,insufficient_group_size,,,0,200,0,success,,
population_detail.v1,C001179,200,0.21665261397665111,0.6721496835332075,0.7036141114505547,0.8627434489662057,0.26,0.08,0.55,0.11,found,13.0,cash_balance_ratio,132,68,24,success,,
population_detail.v1,C001180,200,0.21699129221881883,0.5435229143429133,0.5708824812964715,0.7000590848127465,0.09,0.045,0.755,0.11,found,13.0,variable_expense_ratio,173,27,6,success,,
population_detail.v1,C001181,200,0.2780278741098175,0.7057981928971816,0.7430838797069659,0.8921122519140908,0.455,0.165,0.335,0.045,found,13.0,variable_expense_ratio,76,124,24,success,,
population_detail.v1,C001182,200,0.1797109617869126,0.5567505056110501,0.5792652622543871,0.743387137390072,0.865,0.045,0.09,0.0,insufficient_group_size,,,18,182,0,success,,
population_detail.v1,C001183,200,0.12010876350610598,0.5526809203147313,0.5669973249410527,0.7874960160808001,1.0,0.0,0.0,0.0,insufficient_group_size,,,0,200,0,success,,
population_detail.v1,C001184,200,0.27019538977576923,0.5644107113589188,0.593110759928152,0.6801146783221612,0.775,0.11,0.115,0.0,found,13.0,variable_expense_ratio,23,177,24,success,,
population_detail.v1,C001185,200,0.14149621620470487,1.4391451350160986,1.5527852167308736,2.061514217569841,0.705,0.295,0.0,0.0,insufficient_group_size,,,0,200,0,success,,
population_detail.v1,C001186,200,0.3746757572971141,1.518076244076859,1.5997175206594823,1.9222398313006939,0.6,0.4,0.0,0.0,insufficient_group_size,,,0,200,0,success,,
population_detail.v1,C001187,200,0.21017132674347122,0.7220453195018858,0.7817366745080108,0.9379064065845725,0.98,0.02,0.0,0.0,insufficient_group_size,,,0,200,0,success,,
population_detail.v1,C001188,200,0.3596794908388397,0.887007497826475,0.900435324637216,1.1977991274579651,0.0,0.0,0.275,0.725,insufficient_group_size,,,200,0,0,success,,
population_detail.v1,C001189,200,0.14343439286668822,1.0199410413221033,1.0631470263850313,1.3206975170769553,0.03,0.01,0.44,0.52,insufficient_group_size,,,192,8,0,success,,
population_detail.v1,C001190,200,0.19578581273393153,0.6306948009305039,0.6658599589351661,0.7891403564346965,0.2,0.05,0.64,0.11,found,13.0,variable_expense_ratio,150,50,24,success,,
population_detail.v1,C001191,200,0.09346650046577877,0.5696488331111896,0.5809929805956529,0.8183943571351601,0.99,0.005,0.005,0.0,insufficient_group_size,,,1,199,0,success,,
population_detail.v1,C001192,200,0.24724640682514862,0.6003099091945076,0.6401127380826559,0.7903311658472074,0.895,0.04,0.065,0.0,insufficient_group_size,,,13,187,0,success,,
population_detail.v1,C001193,200,0.14953044697120405,0.6431205113268195,0.6734960438113042,0.8492434205628014,0.015,0.02,0.685,0.28,insufficient_group_size,,,193,7,0,success,,
population_detail.v1,C001194,200,0.1730606309041525,0.5659369072214515,0.5830980740010916,0.8166068683642798,1.0,0.0,0.0,0.0,insufficient_group_size,,,0,200,0,success,,
population_detail.v1,C001195,200,0.6710960860678347,1.7442751698344607,1.934760439906571,2.213632236974901,0.61,0.25,0.1,0.04,found,13.0,cash_balance_ratio,28,172,24,success,,
population_detail.v1,C001196,200,0.30737813556474247,0.7219012158370077,0.7475233410391242,0.9648124471487723,0.0,0.0,0.095,0.905,insufficient_group_size,,,200,0,0,success,,
population_detail.v1,C001197,200,0.19753543389848544,1.1574554154972763,1.1963207463018466,1.7125468056758986,0.895,0.105,0.0,0.0,insufficient_group_size,,,0,200,0,success,,
population_detail.v1,C001198,200,0.26520063727184917,1.2478727109067214,1.3309866222257773,1.6926001632764778,0.45,0.55,0.0,0.0,insufficient_group_size,,,0,200,0,success,,
population_detail.v1,C001199,200,0.1985392658590363,0.8249317774183607,0.8736512033861632,1.0841534263862804,0.99,0.005,0.005,0.0,insufficient_group_size,,,1,199,0,success,,
population_detail.v1,C001200,200,0.1965030114773055,0.5334962685684503,0.5588120422912581,0.7108105804714359,0.925,0.015,0.06,0.0,insufficient_group_size,,,12,188,0,success,,
population_detail.v1,C001201,200,0.308226917388695,0.6777269549639555,0.7047463783796107,0.839375527540629,0.325,0.18,0.45,0.045,found,13.0,variable_expense_ratio,99,101,24,success,,
population_detail.v1,C001202,200,0.45761511746591,2.0326049593434687,2.0970514428299283,2.9567717995090645,0.505,0.125,0.37,0.0,found,13.0,variable_expense_ratio,74,126,24,success,,
population_detail.v1,C001203,200,0.3271433431576092,1.2160814204603028,1.290093834583038,1.6328608715011461,0.165,0.05,0.75,0.035,found,13.0,savings_rate,157,43,2,success,,
population_detail.v1,C001204,200,0.2359290836002981,0.5714068896478779,0.5962605307429115,0.6908282759428132,0.74,0.03,0.23,0.0,found,13.0,variable_expense_ratio,46,154,24,success,,
population_detail.v1,C001205,200,0.17252835002675404,0.649487012851358,0.6724549162337721,0.8416945597831008,0.955,0.01,0.035,0.0,insufficient_group_size,,,7,193,0,success,,
population_detail.v1,C001206,200,0.25704146454937815,0.6740646232696745,0.689313197112799,0.8648700835710496,0.1,0.02,0.72,0.16,found,13.0,cash_balance_ratio,176,24,24,success,,
population_detail.v1,C001207,200,0.28408533840630956,0.8810059567956,0.9109462235922845,1.1699940675457774,0.0,0.0,0.655,0.345,insufficient_group_size,,,200,0,0,success,,
population_detail.v1,C001208,200,0.33898025550411853,0.9589618864227001,1.0150834118257719,1.2963194476635682,0.005,0.005,0.425,0.565,insufficient_group_size,,,198,2,0,success,,
population_detail.v1,C001209,200,0.20511622473241195,1.0018759185178678,1.0609074950304622,1.4240135142240151,0.315,0.07,0.615,0.0,found,13.0,variable_expense_ratio,123,77,24,success,,
population_detail.v1,C001210,200,0.1256448633481801,0.51263355598366,0.5367198446031747,0.6972274788579088,1.0,0.0,0.0,0.0,insufficient_group_size,,,0,200,0,success,,
population_detail.v1,C001211,200,0.19926405346950904,0.49729447909224134,0.5106153989986505,0.6382958304178986,0.775,0.07,0.155,0.0,found,13.0,variable_expense_ratio,31,169,24,success,,
population_detail.v1,C001212,200,0.16736317217956154,0.8612470502188782,0.8891878430914091,1.186251113460406,0.42,0.065,0.515,0.0,found,13.0,variable_expense_ratio,103,97,24,success,,
population_detail.v1,C001213,200,0.23887082465275217,0.602471852692764,0.6316408985447646,0.7548735123811006,0.07,0.025,0.77,0.135,insufficient_group_size,,,181,19,0,success,,
population_detail.v1,C001214,200,0.412434295118975,1.2546526058524976,1.262138413746455,1.685121827362733,0.62,0.38,0.0,0.0,insufficient_group_size,,,0,200,0,success,,
population_detail.v1,C001215,200,0.46319673703237246,1.141929560233124,1.1710824717281099,1.6370783864035403,0.955,0.045,0.0,0.0,insufficient_group_size,,,0,200,0,success,,
population_detail.v1,C001216,200,0.1768880244673945,1.1132128567160215,1.1941940943184028,1.3532930869146693,0.69,0.02,0.29,0.0,found,13.0,variable_expense_ratio,58,142,24,success,,
population_detail.v1,C001217,200,0.22042126209306054,0.5569301068244206,0.58634807506922,0.6686979758072659,0.99,0.005,0.005,0.0,insufficient_group_size,,,1,199,0,success,,
population_detail.v1,C001218,200,0.32726677511529884,1.4820498918245937,1.6002453584068388,2.0667152076796897,0.92,0.005,0.075,0.0,insufficient_group_size,,,15,185,0,success,,
population_detail.v1,C001219,200,2.89951399816444,9.764544404839357,10.989707576820877,11.42320435123726,0.415,0.42,0.115,0.05,found,13.0,cash_balance_ratio,33,167,24,success,,
population_detail.v1,C001220,200,0.3728674223421854,1.1235040951248756,1.1608046886403698,1.6234810233044208,0.295,0.705,0.0,0.0,insufficient_group_size,,,0,200,0,success,,
population_detail.v1,C001221,200,0.24212799443925528,0.6161955632095201,0.6381996972774255,0.7722350152592956,0.075,0.04,0.79,0.095,found,13.0,variable_expense_ratio,177,23,6,success,,
population_detail.v1,C001222,200,0.19777162725991684,0.5830979987224311,0.62081746038975,0.7262204190686031,0.97,0.015,0.015,0.0,insufficient_group_size,,,3,197,0,success,,
population_detail.v1,C001223,200,0.13323789637115113,0.6826481454947572,0.7146983197803591,0.9253052502110237,0.0,0.0,0.05,0.95,insufficient_group_size,,,200,0,0,success,,
population_detail.v1,C001224,200,0.11893513278956223,0.6397618012338249,0.6795898622473953,0.801543149847679,0.395,0.145,0.455,0.005,found,13.0,variable_expense_ratio,92,108,5,success,,
population_detail.v1,C001225,200,0.11466726391983778,0.4347734486066145,0.44344690728172925,0.618401453318869,1.0,0.0,0.0,0.0,insufficient_group_size,,,0,200,0,success,,
population_detail.v1,C001226,200,0.26970617326478724,1.0082611158741612,1.046815099176703,1.2419272167202924,0.345,0.215,0.4,0.04,found,13.0,cash_balance_ratio,88,112,24,success,,
population_detail.v1,C001227,200,0.25741230983076824,1.4581100149624666,1.5305818653078842,2.056994075065742,0.875,0.005,0.12,0.0,found,13.0,cash_balance_ratio,24,176,24,success,,
population_detail.v1,C001228,200,0.16197955890017174,0.8967763577631211,0.9205221638889771,1.1781821501082372,0.03,0.02,0.64,0.31,insufficient_group_size,,,190,10,0,success,,
population_detail.v1,C001229,200,0.22353651960233392,0.5262040876504751,0.54522135187519,0.653673231122919,0.71,0.04,0.25,0.0,found,13.0,variable_expense_ratio,50,150,24,success,,
population_detail.v1,C001230,200,0.20199003872045304,0.566482555995196,0.5918186612662673,0.7482186181619451,0.11,0.035,0.765,0.09,found,13.0,variable_expense_ratio,171,29,24,success,,
population_detail.v1,C001231,200,0.40618385085668424,0.6591734304783057,0.6834773509545071,0.7964803341112802,0.105,0.03,0.72,0.145,found,13.0,variable_expense_ratio,173,27,24,success,,
population_detail.v1,C001232,200,0.31745179281904945,0.8210612102356574,0.8347785821056951,1.0172629160590387,0.02,0.005,0.74,0.235,insufficient_group_size,,,195,5,0,success,,
population_detail.v1,C001233,200,0.1854998425713937,0.5575945020659955,0.5787057895510144,0.725233398028993,0.08,0.015,0.77,0.135,insufficient_group_size,,,181,19,0,success,,
population_detail.v1,C001234,200,0.15647186180695954,0.44401489965205615,0.4657908814933128,0.6219886199062871,1.0,0.0,0.0,0.0,insufficient_group_size,,,0,200,0,success,,
population_detail.v1,C001235,200,0.3177881989636062,0.7589780072060281,0.7788468648937921,0.9751099923883342,0.015,0.01,0.655,0.32,insufficient_group_size,,,195,5,0,success,,
population_detail.v1,C001236,200,0.2862995467469708,0.8594874518766072,0.8899444085348334,1.0926656417439586,0.07,0.02,0.645,0.265,insufficient_group_size,,,182,18,0,success,,
population_detail.v1,C001237,200,0.3528813417350265,1.0210241136740146,1.0863908993976694,1.2796327729135526,0.6,0.03,0.37,0.0,found,13.0,variable_expense_ratio,74,126,24,success,,
population_detail.v1,C001238,200,0.3030804643343006,0.7386848669844791,0.7517992727369665,0.9468981738595879,0.105,0.02,0.79,0.085,found,13.0,variable_expense_ratio,175,25,24,success,,
population_detail.v1,C001239,200,0.1819648558302808,0.7782257096736044,0.8217055788441503,1.0004241927148765,0.99,0.005,0.005,0.0,insufficient_group_size,,,1,199,0,success,,
population_detail.v1,C001240,200,0.18690947378164993,0.682884943486473,0.7174920273966457,0.9195342326489196,0.655,0.05,0.295,0.0,found,13.0,variable_expense_ratio,59,141,24,success,,
population_detail.v1,C001241,200,0.2151231305657243,0.6408455453218805,0.6672245097585549,0.7969740645210305,0.02,0.01,0.67,0.3,insufficient_group_size,,,194,6,0,success,,
population_detail.v1,C001242,200,0.9710995916360876,5.56960013389849,6.076981090283812,6.313854102823165,0.755,0.1,0.135,0.01,found,13.0,cash_balance_ratio,29,171,24,success,,
population_detail.v1,C001243,200,0.15325347655123217,0.6862595519858626,0.7277680490588663,0.9034476347419059,0.03,0.035,0.71,0.225,insufficient_group_size,,,187,13,0,success,,
population_detail.v1,C001244,200,0.23976459437766282,0.7365313680735025,0.764130351296989,0.9648613618197934,0.255,0.12,0.54,0.085,found,13.0,cash_balance_ratio,125,75,24,success,,
population_detail.v1,C001245,200,0.28069217992983264,0.7418859626844229,0.7676402838229743,0.8979223881526724,0.195,0.09,0.635,0.08,found,13.0,variable_expense_ratio,143,57,24,success,,
population_detail.v1,C001246,200,0.1396670407838807,1.2267404446462618,1.3071678675105114,1.6611246451353487,0.535,0.465,0.0,0.0,insufficient_group_size,,,0,200,0,success,,
population_detail.v1,C001247,200,0.3394875061177426,1.7120362018160435,1.751723618511521,2.3145105827055312,0.505,0.16,0.33,0.005,found,13.0,variable_expense_ratio,67,133,24,success,,
population_detail.v1,C001248,200,0.24475736566964443,0.5442578515513358,0.562857475855113,0.6795205567698733,0.515,0.135,0.335,0.015,found,13.0,variable_expense_ratio,70,130,24,success,,
population_detail.v1,C001249,200,0.18710577326356762,0.7347743772666306,0.7552305993678301,0.9946261380081493,0.0,0.0,0.045,0.955,insufficient_group_size,,,200,0,0,success,,
population_detail.v1,C001250,200,0.2563687514361932,0.5936702151538424,0.6218295113072696,0.7529675017632563,0.115,0.045,0.715,0.125,found,13.0,variable_expense_ratio,168,32,24,success,,
population_detail.v1,C001251,200,0.4541714900387817,1.618399149501671,1.7140606874803694,1.942300690000502,0.515,0.305,0.06,0.12,found,13.0,cash_balance_ratio,36,164,24,success,,
population_detail.v1,C001252,200,0.1388846556277547,0.5787948769779817,0.6171419138767439,0.7594021439873996,0.855,0.065,0.075,0.005,insufficient_group_size,,,16,184,0,success,,
population_detail.v1,C001253,200,0.13064728311089432,0.44521253995505383,0.45619059859914607,0.640596408679992,1.0,0.0,0.0,0.0,insufficient_group_size,,,0,200,0,success,,
population_detail.v1,C001254,200,0.21103053413896292,0.532402339284847,0.5510944038077912,0.6876037221553266,0.265,0.055,0.6,0.08,found,13.0,variable_expense_ratio,136,64,24,success,,
population_detail.v1,C001255,200,0.16410589717844995,0.7932128294405993,0.8294130980415418,0.9800782481680648,0.215,0.09,0.65,0.045,found,13.0,variable_expense_ratio,139,61,24,success,,
population_detail.v1,C001256,200,0.2372669259032485,0.9840275239013572,1.0228028056044638,1.2992030044260283,0.0,0.0,0.08,0.92,insufficient_group_size,,,200,0,0,success,,
population_detail.v1,C001257,200,0.20329255879415967,0.9266842342718786,1.0052901197830693,1.2016423428048064,0.55,0.025,0.425,0.0,found,13.0,variable_expense_ratio,85,115,24,success,,
population_detail.v1,C001258,200,0.13108472653301437,0.40966739528011614,0.4207557883203692,0.5989396206007287,1.0,0.0,0.0,0.0,insufficient_group_size,,,0,200,0,success,,
population_detail.v1,C001259,200,0.6178217043078206,1.2997127515719473,1.3227145946969723,1.5706058703150876,0.42,0.58,0.0,0.0,insufficient_group_size,,,0,200,0,success,,
population_detail.v1,C001260,200,0.1976112721584837,0.7996615158148608,0.8402806585729444,1.0685223918672835,0.005,0.01,0.435,0.55,insufficient_group_size,,,197,3,0,success,,
population_detail.v1,C001261,200,0.3286455966087069,1.2537253569111988,1.2964499196911448,1.8541714925789374,0.28,0.72,0.0,0.0,insufficient_group_size,,,0,200,0,success,,
population_detail.v1,C001262,200,0.2261507425110964,0.5198481820219165,0.5222907164342359,0.6953396179701742,0.99,0.01,0.0,0.0,insufficient_group_size,,,0,200,0,success,,
population_detail.v1,C001263,200,0.2021264249489019,0.5513266927366328,0.5682792869417842,0.6927440952808732,0.155,0.025,0.72,0.1,found,13.0,variable_expense_ratio,164,36,24,success,,
population_detail.v1,C001264,200,0.25735262768979905,0.5810525138321038,0.6001618893502851,0.7073770385246475,0.66,0.065,0.25,0.025,found,13.0,variable_expense_ratio,55,145,24,success,,
population_detail.v1,C001265,200,0.1109636940530191,0.5651305683868252,0.5828204923630534,0.7986909438427215,1.0,0.0,0.0,0.0,insufficient_group_size,,,0,200,0,success,,
population_detail.v1,C001266,200,0.25229450377393486,0.5319932529620002,0.5567052327457268,0.6512650589523796,0.46,0.07,0.44,0.03,found,13.0,variable_expense_ratio,94,106,24,success,,
population_detail.v1,C001267,200,0.23691691917101523,0.5766003428612825,0.5987411865105435,0.7154882503606105,0.93,0.045,0.025,0.0,insufficient_group_size,,,5,195,0,success,,
population_detail.v1,C001268,200,0.23582585266198938,0.7815070304480994,0.8088760682643963,1.0939197950888582,0.0,0.0,0.135,0.865,insufficient_group_size,,,200,0,0,success,,
population_detail.v1,C001269,200,0.8248758351970643,2.0688661948640186,2.151515511347621,2.2539283832862878,0.355,0.235,0.37,0.04,found,13.0,cash_balance_ratio,82,118,24,success,,
population_detail.v1,C001270,200,0.263003463616285,0.6512391241602598,0.6734776252641177,0.812831186887203,0.055,0.02,0.715,0.21,insufficient_group_size,,,185,15,0,success,,
population_detail.v1,C001271,200,0.18087470496986582,0.5550646500373706,0.5800432876725605,0.7598326587479604,0.99,0.01,0.0,0.0,insufficient_group_size,,,0,200,0,success,,
population_detail.v1,C001272,200,0.15791465329981805,0.5238923130827206,0.5372563964407553,0.7470534507735415,1.0,0.0,0.0,0.0,insufficient_group_size,,,0,200,0,success,,
population_detail.v1,C001273,200,0.31294326465735045,0.7362688144511662,0.7782956181469645,0.9232632716344114,0.185,0.065,0.59,0.16,found,13.0,variable_expense_ratio,150,50,24,success,,
population_detail.v1,C001274,200,0.41996691616966275,0.8735398290148482,0.9068680431998719,1.1023089179778798,0.02,0.005,0.405,0.57,insufficient_group_size,,,195,5,0,success,,
population_detail.v1,C001275,200,0.30883825058047404,0.7883582341644941,0.8019773793148095,1.0482093385104916,0.0,0.01,0.54,0.45,insufficient_group_size,,,198,2,0,success,,
population_detail.v1,C001276,200,0.37707359714980965,1.9830110538502237,2.0522094620095404,2.1921435895644352,0.09,0.035,0.7,0.175,found,13.0,variable_expense_ratio,175,25,24,success,,
population_detail.v1,C001277,200,0.20253594266182798,0.4829881401523936,0.5006860344585894,0.6025890370122389,0.995,0.005,0.0,0.0,insufficient_group_size,,,0,200,0,success,,
population_detail.v1,C001278,200,0.28977435693897774,1.1224036777757656,1.1502207297404174,1.4292953739129808,0.475,0.525,0.0,0.0,insufficient_group_size,,,0,200,0,success,,
population_detail.v1,C001279,200,0.2347707496614298,0.6824144566422823,0.7136987015268832,0.8489705431313765,0.94,0.02,0.04,0.0,insufficient_group_size,,,8,192,0,success,,
population_detail.v1,C001280,200,0.3749825248239617,1.2518664576929484,1.2928977755978992,1.8957470397071792,0.3,0.7,0.0,0.0,insufficient_group_size,,,0,200,0,success,,
population_detail.v1,C001281,200,0.17452080154266686,0.6984025682414798,0.7251927177170847,0.9408458766000621,0.005,0.005,0.64,0.35,insufficient_group_size,,,198,2,0,success,,
population_detail.v1,C001282,200,0.18704096135691453,0.5497433702689526,0.5712516589221786,0.6780786163392454,0.25,0.065,0.61,0.075,found,13.0,variable_expense_ratio,137,63,24,success,,
population_detail.v1,C001283,200,0.46672793450550215,1.1508011170687698,1.2121903788307118,1.504084618579594,0.32,0.68,0.0,0.0,insufficient_group_size,,,0,200,0,success,,
population_detail.v1,C001284,200,0.2180355060856019,0.6377382585770317,0.6643744054556855,0.8338611266923984,0.135,0.015,0.775,0.075,found,13.0,variable_expense_ratio,170,30,24,success,,
population_detail.v1,C001285,200,0.3320098594261143,1.473536211049108,1.5280347582789324,1.9318475593370852,0.44,0.56,0.0,0.0,insufficient_group_size,,,0,200,0,success,,
population_detail.v1,C001286,200,1.6234913963752686,4.537299713712768,4.877216275431259,5.037174071353582,0.615,0.305,0.07,0.01,insufficient_group_size,,,16,184,0,success,,
population_detail.v1,C001287,200,0.16716645889217577,0.6092124332049393,0.6336409668594689,0.8442169225188529,0.98,0.005,0.015,0.0,insufficient_group_size,,,3,197,0,success,,
population_detail.v1,C001288,200,0.23302721033222712,0.7045464436676092,0.7098323908293697,0.9927052025141166,0.0,0.0,0.12,0.88,insufficient_group_size,,,200,0,0,success,,
population_detail.v1,C001289,200,0.19264193829283918,0.6757476775859158,0.7031148117498327,0.887093767204591,0.01,0.0,0.66,0.33,insufficient_group_size,,,198,2,0,success,,
population_detail.v1,C001290,200,0.3021319948547576,0.7386304527637054,0.7699325247178517,0.9666831144844688,0.155,0.09,0.705,0.05,found,13.0,variable_expense_ratio,151,49,5,success,,
population_detail.v1,C001291,200,0.32091403275178554,0.7185948992753416,0.7438272231014109,0.8993714590145907,0.785,0.13,0.085,0.0,insufficient_group_size,,,17,183,0,success,,
population_detail.v1,C001292,200,0.4583152438256785,1.4699609347908456,1.5209766051674103,2.059786195319936,0.535,0.145,0.32,0.0,found,13.0,variable_expense_ratio,64,136,24,success,,
population_detail.v1,C001293,200,0.27165768237747434,0.9785224485145585,0.9848824935196085,1.4278004430273254,0.345,0.655,0.0,0.0,insufficient_group_size,,,0,200,0,success,,
population_detail.v1,C001294,200,0.22216440162471893,0.5856336216744316,0.6262505927790325,0.743734896849448,1.0,0.0,0.0,0.0,insufficient_group_size,,,0,200,0,success,,
population_detail.v1,C001295,200,0.38694149680280754,0.9506229890292963,1.0026172914226281,1.2189595488158063,0.055,0.01,0.53,0.405,insufficient_group_size,,,187,13,0,success,,
population_detail.v1,C001296,200,0.23759313526600057,0.8081989967015001,0.8436338912682901,1.063959054393597,0.015,0.01,0.38,0.595,insufficient_group_size,,,195,5,0,success,,
population_detail.v1,C001297,200,0.24138423532004474,0.7018352228756122,0.7437798468611377,0.9002708669880102,0.145,0.065,0.73,0.06,found,13.0,cash_balance_ratio,158,42,24,success,,
population_detail.v1,C001298,200,0.16360019817356036,0.8744051768954673,0.8946056106012241,1.169976382479638,0.0,0.0,0.27,0.73,insufficient_group_size,,,200,0,0,success,,
population_detail.v1,C001299,200,0.5585795591364967,1.5408158059442434,1.6066722944549476,1.8138878541394088,0.695,0.305,0.0,0.0,insufficient_group_size,,,0,200,0,success,,
population_detail.v1,C001300,200,0.32342491207468793,0.736547734905549,0.7589619557075662,0.8740917080071176,0.965,0.02,0.015,0.0,insufficient_group_size,,,3,197,0,success,,
population_detail.v1,C001301,200,0.20070288425688437,1.0035745106804825,1.1038944857025168,1.4002816668468228,0.195,0.04,0.75,0.015,found,13.0,savings_rate,153,47,2,success,,
population_detail.v1,C001302,200,0.1964321673607436,0.58588005868756,0.5990112460427648,0.7521164323387766,1.0,0.0,0.0,0.0,insufficient_group_size,,,0,200,0,success,,
population_detail.v1,C001303,200,0.2787614533746193,1.301196914384499,1.3769684396986015,1.9664192181524742,0.855,0.145,0.0,0.0,insufficient_group_size,,,0,200,0,success,,
population_detail.v1,C001304,200,0.3204627566962995,0.6129718648515712,0.642021756614267,0.7611891267021557,0.25,0.145,0.575,0.03,found,13.0,variable_expense_ratio,121,79,5,success,,
population_detail.v1,C001305,200,0.3825146617921912,0.6883823591492957,0.7137328726844998,0.8158651659382191,0.52,0.055,0.41,0.015,found,13.0,savings_rate,85,115,2,success,,
population_detail.v1,C001306,200,0.23887082465275217,0.58855523689397,0.6103298721512049,0.7458402431733183,0.065,0.03,0.775,0.13,insufficient_group_size,,,181,19,0,success,,
population_detail.v1,C001307,200,0.3856719723404664,1.0289220795150547,1.100053665772296,1.316438344704659,0.375,0.07,0.555,0.0,found,13.0,variable_expense_ratio,111,89,24,success,,
population_detail.v1,C001308,200,0.21001422843344683,0.6043367261639139,0.6299922013900641,0.7648269881172556,0.29,0.065,0.625,0.02,found,13.0,variable_expense_ratio,129,71,24,success,,
population_detail.v1,C001309,200,0.3703544528585833,1.0918876251724763,1.1218920955472127,1.4412778414361098,0.0,0.0,0.285,0.715,insufficient_group_size,,,200,0,0,success,,
population_detail.v1,C001310,200,0.17443450551781736,0.6321654686592102,0.6708258533529059,0.8464068160934705,1.0,0.0,0.0,0.0,insufficient_group_size,,,0,200,0,success,,
population_detail.v1,C001311,200,0.20065576475395108,0.5061868565821359,0.5249875851234431,0.6523122256422912,1.0,0.0,0.0,0.0,insufficient_group_size,,,0,200,0,success,,
population_detail.v1,C001312,200,0.2801628207637725,0.6646127762567708,0.6815308617594396,0.8309952508381929,0.21,0.105,0.645,0.04,found,13.0,variable_expense_ratio,137,63,24,success,,
population_detail.v1,C001313,200,0.29727462724309245,0.7279630981108645,0.7537338657491358,0.936287337342597,0.25,0.14,0.595,0.015,found,13.0,variable_expense_ratio,122,78,5,success,,
population_detail.v1,C001314,200,0.17791271358872973,0.5573081064561908,0.5820736926401754,0.7418967514643915,0.99,0.01,0.0,0.0,insufficient_group_size,,,0,200,0,success,,
population_detail.v1,C001315,200,0.17803421225760693,0.7186845526532392,0.7716591397059772,0.9341448118251788,0.99,0.005,0.005,0.0,insufficient_group_size,,,1,199,0,success,,
population_detail.v1,C001316,200,0.1783619310298642,0.6209520737847952,0.6470514121134334,0.7714936971066388,0.235,0.085,0.605,0.075,found,13.0,cash_balance_ratio,136,64,24,success,,
population_detail.v1,C001317,200,0.19294198143600438,0.649023603621514,0.6881992302737618,0.8868851885705044,0.87,0.055,0.075,0.0,insufficient_group_size,,,15,185,0,success,,
population_detail.v1,C001318,200,0.34375590589690186,1.0702508875890824,1.1028562788789404,1.4034911582770362,0.0,0.0,0.165,0.835,insufficient_group_size,,,200,0,0,success,,
population_detail.v1,C001319,200,0.1657217090313597,0.8100760281781227,0.8083020914697112,1.223958643129018,0.325,0.04,0.635,0.0,found,13.0,variable_expense_ratio,127,73,24,success,,
population_detail.v1,C001320,200,1.1213319471172374,8.055206924194367,9.474529719152176,9.801157633453947,0.485,0.37,0.115,0.03,found,13.0,cash_balance_ratio,29,171,24,success,,
population_detail.v1,C001321,200,0.25652209151915517,1.2358530342744363,1.2419464072422015,1.8755782751378365,0.975,0.015,0.01,0.0,insufficient_group_size,,,2,198,0,success,,
population_detail.v1,C001322,200,0.11621325875579472,0.5754039001773774,0.6092771402372933,0.8118144773570205,1.0,0.0,0.0,0.0,insufficient_group_size,,,0,200,0,success,,
population_detail.v1,C001323,200,0.5701921140911609,1.9027106068029818,2.02462519759521,2.433790166098789,0.0,0.0,0.025,0.975,insufficient_group_size,,,200,0,0,success,,
population_detail.v1,C001324,200,0.26754700130572906,1.1986614520994836,1.2779530229909253,1.5890828890605222,0.47,0.08,0.45,0.0,found,13.0,variable_expense_ratio,90,110,24,success,,
population_detail.v1,C001325,200,0.5886835491630553,1.5038153385408741,1.651560487911056,1.882506739119518,0.8,0.16,0.02,0.02,insufficient_group_size,,,8,192,0,success,,
population_detail.v1,C001326,200,0.08957388502185698,0.636089720947093,0.6638801646844995,0.8319927535506055,0.9,0.025,0.075,0.0,insufficient_group_size,,,15,185,0,success,,
population_detail.v1,C001327,200,1.2580743886724526,4.095502836405695,4.193018330223368,4.244916448826454,0.715,0.015,0.27,0.0,found,13.0,variable_expense_ratio,54,146,24,success,,
population_detail.v1,C001328,200,0.13117898144180457,0.5216817976220158,0.5534167268349983,0.6566770269842019,1.0,0.0,0.0,0.0,insufficient_group_size,,,0,200,0,success,,
population_detail.v1,C001329,200,0.35273056266014985,0.9157145423860809,0.9732164652808235,1.1803183999891311,0.675,0.075,0.25,0.0,found,13.0,variable_expense_ratio,50,150,24,success,,
population_detail.v1,C001330,200,0.26438749327460986,0.6095344738559177,0.6422227509176273,0.7413228569888677,0.16,0.085,0.65,0.105,found,13.0,variable_expense_ratio,151,49,24,success,,
population_detail.v1,C001331,200,0.21481464818821422,0.6000039491872393,0.6264195881948054,0.7310845756445462,0.59,0.145,0.24,0.025,found,13.0,cash_balance_ratio,53,147,24,success,,
population_detail.v1,C001332,200,0.29598156524863517,0.5477631421940974,0.5658461704100468,0.6739405044726424,0.475,0.06,0.45,0.015,found,13.0,variable_expense_ratio,93,107,24,success,,
population_detail.v1,C001333,200,0.26680038697639663,0.7287424742614551,0.7628571104142314,0.8910055313232655,0.09,0.015,0.775,0.12,found,13.0,variable_expense_ratio,179,21,24,success,,
population_detail.v1,C001334,200,0.33499043245755883,0.8229252345900868,0.8650948731499558,1.0417191512035364,0.115,0.08,0.75,0.055,found,13.0,cash_balance_ratio,161,39,24,success,,
population_detail.v1,C001335,200,0.179310298658523,0.5348169562656407,0.5615251891580607,0.6985442610545457,0.995,0.005,0.0,0.0,insufficient_group_size,,,0,200,0,success,,
population_detail.v1,C001336,200,0.22062444439468262,0.5399314027844676,0.5687208977388005,0.6804356695902241,0.985,0.01,0.005,0.0,insufficient_group_size,,,1,199,0,success,,
population_detail.v1,C001337,200,0.11081184805459487,0.5382374906572156,0.5738663689514879,0.6997818045377519,0.98,0.01,0.01,0.0,insufficient_group_size,,,2,198,0,success,,
population_detail.v1,C001338,200,0.5119758267336554,1.145174699852431,1.1423864345067325,1.5291357578575608,0.61,0.39,0.0,0.0,insufficient_group_size,,,0,200,0,success,,
population_detail.v1,C001339,200,0.3764653651348219,1.090774801156551,1.1817696487129465,1.3247086054384047,0.595,0.03,0.375,0.0,found,13.0,variable_expense_ratio,75,125,24,success,,
population_detail.v1,C001340,200,0.1800236614339004,1.009369537746399,1.0936818778603772,1.3251050498746915,0.305,0.03,0.655,0.01,found,13.0,savings_rate,133,67,3,success,,
population_detail.v1,C001341,200,0.2998260664523494,17.03061551994404,19.898389678128417,20.4682539246302,0.275,0.675,0.05,0.0,insufficient_group_size,,,10,190,0,success,,
population_detail.v1,C001342,200,0.1539092797956648,0.5119149420775491,0.5372024741454877,0.6600216828527127,0.975,0.025,0.0,0.0,insufficient_group_size,,,0,200,0,success,,
population_detail.v1,C001343,200,0.24878060300612032,0.5364680200308548,0.5560043152963969,0.7241190181680757,1.0,0.0,0.0,0.0,insufficient_group_size,,,0,200,0,success,,
population_detail.v1,C001344,200,0.2817469869847013,0.8298733753785581,0.8658852214394774,1.0737388819692284,0.02,0.015,0.495,0.47,insufficient_group_size,,,193,7,0,success,,
population_detail.v1,C001345,200,2.1163686379036233,8.288958819420847,9.411421796486609,9.755502747152223,0.685,0.115,0.18,0.02,found,13.0,cash_balance_ratio,40,160,24,success,,
population_detail.v1,C001346,200,0.3876055781311499,1.0649245946556969,1.1087253067627285,1.3746386867298797,0.02,0.01,0.44,0.53,insufficient_group_size,,,194,6,0,success,,
population_detail.v1,C001347,200,0.17255466079621104,0.5366114206382862,0.5599107274811383,0.7248567621421734,0.995,0.005,0.0,0.0,insufficient_group_size,,,0,200,0,success,,
population_detail.v1,C001348,200,0.3478934145673724,0.7893881661145449,0.8288129836028855,0.9793498496438277,0.125,0.07,0.745,0.06,found,13.0,cash_balance_ratio,161,39,24,success,,
population_detail.v1,C001349,200,0.22533044800081822,0.7714731627176399,0.7936208669793097,1.0585605729900645,0.47,0.065,0.465,0.0,found,13.0,variable_expense_ratio,93,107,24,success,,
population_detail.v1,C001350,200,0.2475497173706954,0.6801964316374202,0.6959666961212363,0.834398716397311,0.04,0.005,0.76,0.195,insufficient_group_size,,,191,9,0,success,,
population_detail.v1,C001351,200,0.3656658289734962,1.4368661316784153,1.4686812813885153,1.7182529272133713,0.435,0.565,0.0,0.0,insufficient_group_size,,,0,200,0,success,,
population_detail.v1,C001352,200,0.18170925758172302,1.3113214746753075,1.3471453027453326,1.790577876446684,0.525,0.115,0.36,0.0,found,13.0,variable_expense_ratio,72,128,24,success,,
population_detail.v1,C001353,200,1.516218460016263,12.98777254543571,13.49209935338612,13.731064184287277,0.255,0.68,0.06,0.005,insufficient_group_size,,,13,187,0,success,,
population_detail.v1,C001354,200,0.3352475941773186,0.9302124283339649,0.9591412456303139,1.1777156292783462,0.02,0.015,0.53,0.435,insufficient_group_size,,,193,7,0,success,,
population_detail.v1,C001355,200,0.17212852649436786,0.5380790434347079,0.5661458189310564,0.7259277689929468,0.98,0.0,0.02,0.0,insufficient_group_size,,,4,196,0,success,,
population_detail.v1,C001356,200,0.16641320387120448,0.6931463757118653,0.7238054382681625,0.9268066230198896,0.01,0.0,0.755,0.235,insufficient_group_size,,,198,2,0,success,,
population_detail.v1,C001357,200,0.23730140718386095,0.5949283212463002,0.6249567419178854,0.7642371045521542,0.2,0.08,0.605,0.115,found,13.0,variable_expense_ratio,144,56,24,success,,
population_detail.v1,C001358,200,0.3256318723042905,0.8214857685963327,0.8511238960175076,1.0190274899224094,0.36,0.19,0.41,0.04,found,13.0,cash_balance_ratio,90,110,24,success,,
population_detail.v1,C001359,200,0.5821677308330823,1.879811678116945,1.9560724709408093,2.052457287910873,0.165,0.055,0.6,0.18,found,13.0,variable_expense_ratio,156,44,24,success,,
population_detail.v1,C001360,200,0.24759397035722588,0.6626648605111524,0.6878498578819194,0.8400972055772243,0.1,0.05,0.78,0.07,found,13.0,variable_expense_ratio,170,30,24,success,,
population_detail.v1,C001361,200,0.28169530970950074,0.9858767450369504,1.015172799336752,1.4435561527893752,0.315,0.685,0.0,0.0,insufficient_group_size,,,0,200,0,success,,
population_detail.v1,C001362,200,0.22900414420807844,0.604871784568989,0.6452391698504543,0.7539511991233342,0.945,0.03,0.025,0.0,insufficient_group_size,,,5,195,0,success,,
population_detail.v1,C001363,200,0.22017150026302681,0.5369129419669155,0.5677475301325534,0.675249756430559,0.86,0.065,0.075,0.0,insufficient_group_size,,,15,185,0,success,,
population_detail.v1,C001364,200,0.17124845329728214,0.5042805720121525,0.525279899264802,0.6936590048199123,1.0,0.0,0.0,0.0,insufficient_group_size,,,0,200,0,success,,
population_detail.v1,C001365,200,0.2017359964174215,0.4781965260714769,0.4930009225926448,0.6090056715684342,0.985,0.01,0.005,0.0,insufficient_group_size,,,1,199,0,success,,
population_detail.v1,C001366,200,0.2967433392452434,1.5891380808498916,1.6738514220108764,1.9090717963736332,0.49,0.485,0.005,0.02,insufficient_group_size,,,5,195,0,success,,
population_detail.v1,C001367,200,0.3814926176105131,0.9415462369100794,0.9552148628771405,1.2649271871377272,0.0,0.0,0.04,0.96,insufficient_group_size,,,200,0,0,success,,
population_detail.v1,C001368,200,0.2197167504611638,0.5553675532624226,0.5751585682888993,0.6752530557718522,0.825,0.07,0.105,0.0,found,13.0,variable_expense_ratio,21,179,24,success,,
population_detail.v1,C001369,200,0.1927344427893574,0.5513811475400634,0.5758760688663136,0.7135339186621684,0.975,0.02,0.005,0.0,insufficient_group_size,,,1,199,0,success,,
population_detail.v1,C001370,200,0.23839033212585448,0.9215002129078982,0.9712845882879932,1.309980616855211,0.31,0.07,0.62,0.0,found,13.0,variable_expense_ratio,124,76,24,success,,
population_detail.v1,C001371,200,0.3411941173668226,0.750559709186197,0.7837275703358966,1.0069883199866059,0.0,0.0,0.14,0.86,insufficient_group_size,,,200,0,0,success,,
population_detail.v1,C001372,200,0.19138826768183187,0.4950728342044935,0.511171141245992,0.6883771157185339,1.0,0.0,0.0,0.0,insufficient_group_size,,,0,200,0,success,,
population_detail.v1,C001373,200,0.31517282579063705,0.9844828940312442,1.0439545505855983,1.4707943307824192,0.385,0.615,0.0,0.0,insufficient_group_size,,,0,200,0,success,,
population_detail.v1,C001374,200,0.17988516620224373,0.4830989397308937,0.498924647773793,0.6294514499734801,1.0,0.0,0.0,0.0,insufficient_group_size,,,0,200,0,success,,
population_detail.v1,C001375,200,0.18450878116688305,0.4720874681368871,0.49916077897984457,0.6242985226615277,1.0,0.0,0.0,0.0,insufficient_group_size,,,0,200,0,success,,
population_detail.v1,C001376,200,0.24854313033476128,0.6526977399510103,0.6872978398529793,0.8254257289811788,0.115,0.03,0.74,0.115,found,13.0,variable_expense_ratio,171,29,24,success,,
population_detail.v1,C001377,200,0.24712911215075964,0.794321365751109,0.8233338002413879,0.9822486220396419,1.0,0.0,0.0,0.0,insufficient_group_size,,,0,200,0,success,,
population_detail.v1,C001378,200,0.1734166733713296,0.6222254068193541,0.6616234441387564,0.7598233296389505,1.0,0.0,0.0,0.0,insufficient_group_size,,,0,200,0,success,,
population_detail.v1,C001379,200,0.13251697445432395,1.2810955081790212,1.3571768351217903,1.7555231015381858,0.475,0.525,0.0,0.0,insufficient_group_size,,,0,200,0,success,,
population_detail.v1,C001380,200,0.2034993995918086,0.5708438097916111,0.5974608120492175,0.7734738584418267,1.0,0.0,0.0,0.0,insufficient_group_size,,,0,200,0,success,,
population_detail.v1,C001381,200,0.3022685045785884,0.7413912690801431,0.7769360071116134,1.0008408309895716,0.01,0.015,0.695,0.28,insufficient_group_size,,,195,5,0,success,,
population_detail.v1,C001382,200,0.15210511736460136,0.7050541172665301,0.7465321508682129,0.8938468907987553,0.3,0.035,0.625,0.04,found,13.0,variable_expense_ratio,133,67,24,success,,
population_detail.v1,C001383,200,0.2470921947667225,0.813254665147004,0.8452055696980989,1.0149245516990761,0.09,0.02,0.79,0.1,found,13.0,variable_expense_ratio,178,22,24,success,,
population_detail.v1,C001384,200,0.11785181490151413,0.5187576915148254,0.5510363668940532,0.7323782587030574,1.0,0.0,0.0,0.0,insufficient_group_size,,,0,200,0,success,,
population_detail.v1,C001385,200,0.25368148215456504,0.7419298993146313,0.7795909186230954,0.9278004568442232,0.23,0.085,0.62,0.065,found,13.0,variable_expense_ratio,137,63,24,success,,
population_detail.v1,C001386,200,0.32789367131801106,0.652373509336105,0.6940781145103851,0.7951796392028638,0.785,0.145,0.07,0.0,insufficient_group_size,,,14,186,0,success,,
population_detail.v1,C001387,200,0.13803049480024993,0.5339387277536389,0.5528904053249958,0.7231892028874808,1.0,0.0,0.0,0.0,insufficient_group_size,,,0,200,0,success,,
population_detail.v1,C001388,200,0.18007943129866372,0.5961025274711298,0.6070552385682322,0.7691095237160558,0.15,0.02,0.675,0.155,found,13.0,cash_balance_ratio,166,34,24,success,,
population_detail.v1,C001389,200,0.17196975459541705,0.5510188615722406,0.5802148655059509,0.7428158051609708,0.98,0.02,0.0,0.0,insufficient_group_size,,,0,200,0,success,,
population_detail.v1,C001390,200,0.12417332376852837,0.5593805638850676,0.5799818527030691,0.7722717693799707,1.0,0.0,0.0,0.0,insufficient_group_size,,,0,200,0,success,,
population_detail.v1,C001391,200,0.47540016511121247,1.020507259891817,1.0594343280605178,1.2994741291581944,0.005,0.005,0.68,0.31,insufficient_group_size,,,198,2,0,success,,
population_detail.v1,C001392,200,0.3899442589381634,1.2640053296215603,1.3200740572733567,1.5510196342485405,0.47,0.18,0.345,0.005,found,13.0,variable_expense_ratio,70,130,24,success,,
population_detail.v1,C001393,200,0.2027445222170342,0.7854538173096411,0.8042986060168971,1.0504826159116103,0.02,0.015,0.48,0.485,insufficient_group_size,,,193,7,0,success,,
population_detail.v1,C001394,200,0.2486791817616037,0.8177413033623822,0.8721752299474702,1.0618240730353061,0.07,0.025,0.795,0.11,insufficient_group_size,,,181,19,0,success,,
population_detail.v1,C001395,200,0.1667703539405438,0.4930341733999066,0.5034793751211173,0.6762702550597919,0.995,0.0,0.005,0.0,insufficient_group_size,,,1,199,0,success,,
population_detail.v1,C001396,200,0.21784646232307125,0.5454202003882389,0.5653913019745096,0.724423231943158,1.0,0.0,0.0,0.0,insufficient_group_size,,,0,200,0,success,,
population_detail.v1,C001397,200,0.2321182695190542,0.517844655056583,0.5320733631361843,0.6632328371090838,0.99,0.0,0.01,0.0,insufficient_group_size,,,2,198,0,success,,
population_detail.v1,C001398,200,0.33429695944473986,0.8326430357918368,0.8794023428737192,1.0484593772390527,0.115,0.085,0.755,0.045,found,13.0,cash_balance_ratio,160,40,24,success,,
population_detail.v1,C001399,200,0.10279288054394385,0.545497687043794,0.5894450746733999,0.7540757654033572,0.99,0.005,0.005,0.0,insufficient_group_size,,,1,199,0,success,,
population_detail.v1,C001400,200,0.5764203212564171,1.0939489563143354,1.124004405588316,1.3326465357883017,0.0,0.0,0.1,0.9,insufficient_group_size,,,200,0,0,success,,
population_detail.v1,C001401,200,0.25926517121844606,0.5686128268354946,0.5718479194684928,0.726822951697751,0.95,0.045,0.005,0.0,insufficient_group_size,,,1,199,0,success,,
population_detail.v1,C001402,200,0.46741131594641605,1.352746330843732,1.3817033995308463,1.8197302024346718,0.9,0.01,0.09,0.0,insufficient_group_size,,,18,182,0,success,,
population_detail.v1,C001403,200,0.17294432730382167,0.494359826161559,0.5191648597557651,0.6373387048759157,1.0,0.0,0.0,0.0,insufficient_group_size,,,0,200,0,success,,
population_detail.v1,C001404,200,0.2136466097375613,0.5057001267372686,0.5376145587943479,0.6645390773961086,1.0,0.0,0.0,0.0,insufficient_group_size,,,0,200,0,success,,
population_detail.v1,C001405,200,0.31345986393171454,0.8788522344903826,0.9128768741192308,1.1405608565897498,0.415,0.2,0.37,0.015,found,13.0,variable_expense_ratio,77,123,24,success,,
population_detail.v1,C001406,200,0.2784794356218674,0.7554370679431142,0.8033926271142617,0.962267810711999,0.955,0.03,0.015,0.0,insufficient_group_size,,,3,197,0,success,,
population_detail.v1,C001407,200,0.1767094326739206,0.5785054333885019,0.6040576016275045,0.718847591319412,0.555,0.095,0.34,0.01,found,13.0,cash_balance_ratio,70,130,24,success,,
population_detail.v1,C001408,200,0.20597852570127642,0.6319826564934489,0.6617396061921174,0.8216777904279458,0.035,0.01,0.765,0.19,insufficient_group_size,,,191,9,0,success,,
population_detail.v1,C001409,200,0.21209570857335214,1.0355098574124568,1.1031113716618268,1.3094621883088264,0.02,0.015,0.485,0.48,insufficient_group_size,,,193,7,0,success,,
population_detail.v1,C001410,200,0.3498208217276008,0.9775679210969799,1.015375373061154,1.2871047495435806,0.03,0.01,0.465,0.495,insufficient_group_size,,,192,8,0,success,,
population_detail.v1,C001411,200,0.19881739660662373,0.7514539228521372,0.7429368459885771,1.12854689742495,0.36,0.05,0.59,0.0,found,13.0,variable_expense_ratio,118,82,24,success,,
population_detail.v1,C001412,200,0.16068638987730371,0.4595435302215239,0.48363999141284386,0.5887811402907667,0.985,0.01,0.005,0.0,insufficient_group_size,,,1,199,0,success,,
population_detail.v1,C001413,200,0.20435846526390117,0.4991097814784277,0.5219582223354828,0.6303123935743378,1.0,0.0,0.0,0.0,insufficient_group_size,,,0,200,0,success,,
population_detail.v1,C001414,200,0.3622613105981625,0.978485625082294,1.0089408703261646,1.3538362206820522,0.345,0.655,0.0,0.0,insufficient_group_size,,,0,200,0,success,,
population_detail.v1,C001415,200,0.23742180004060437,0.6270955488349504,0.6558308014054985,0.8110972446167064,0.01,0.015,0.735,0.24,insufficient_group_size,,,195,5,0,success,,
population_detail.v1,C001416,200,0.15358694952745136,0.5280702350219849,0.5544455425620849,0.6779026922375169,0.225,0.06,0.68,0.035,found,13.0,variable_expense_ratio,143,57,24,success,,
population_detail.v1,C001417,200,0.18257589322136328,1.4855594044921794,1.5992060656880147,2.115634388678481,0.69,0.31,0.0,0.0,insufficient_group_size,,,0,200,0,success,,
population_detail.v1,C001418,200,0.3940846241805198,0.7889147263560138,0.8245541897036253,0.9338110760619289,0.07,0.005,0.605,0.32,insufficient_group_size,,,185,15,0,success,,
population_detail.v1,C001419,200,0.2585970839694476,0.6266609899926778,0.6529049890516965,0.7625024291443113,0.185,0.09,0.635,0.09,found,13.0,variable_expense_ratio,145,55,24,success,,
population_detail.v1,C001420,200,0.20435846526390117,0.4890272865008056,0.5152966026758845,0.6248259773303789,1.0,0.0,0.0,0.0,insufficient_group_size,,,0,200,0,success,,
population_detail.v1,C001421,200,0.15973049537436412,0.4975557600670889,0.5129118512386496,0.6913208025409628,1.0,0.0,0.0,0.0,insufficient_group_size,,,0,200,0,success,,
population_detail.v1,C001422,200,0.36067782345264304,1.1542120655415733,1.2181906350031735,1.7681489322200552,0.3,0.7,0.0,0.0,insufficient_group_size,,,0,200,0,success,,
population_detail.v1,C001423,200,0.26854329751236694,0.6357163298794761,0.6705567921489015,0.7948980091473139,0.415,0.05,0.53,0.005,found,13.0,variable_expense_ratio,107,93,24,success,,
population_detail.v1,C001424,200,0.17834043620024972,0.605104549175767,0.6362082693854472,0.7860237848478421,0.915,0.025,0.06,0.0,insufficient_group_size,,,12,188,0,success,,
population_detail.v1,C001425,200,0.27108211856411407,0.9419835774511559,0.9925912888524491,1.2698646436202778,0.455,0.08,0.465,0.0,found,13.0,variable_expense_ratio,93,107,24,success,,
population_detail.v1,C001426,200,0.24566167148179438,0.7307124484565902,0.7643109597116253,0.944283608294822,0.035,0.005,0.585,0.375,insufficient_group_size,,,192,8,0,success,,
population_detail.v1,C001427,200,0.14360601028920797,0.4838310143743029,0.49308313252117186,0.6287729653695507,0.93,0.015,0.055,0.0,insufficient_group_size,,,11,189,0,success,,
population_detail.v1,C001428,200,0.20528847652711363,0.5386459430399567,0.5671733273623596,0.6575417279141993,0.49,0.065,0.425,0.02,found,13.0,variable_expense_ratio,89,111,24,success,,
population_detail.v1,C001429,200,0.3171248970069755,1.0431361699920403,1.0578393496529612,1.5711559571832028,0.355,0.645,0.0,0.0,insufficient_group_size,,,0,200,0,success,,
population_detail.v1,C001430,200,0.302420547943265,0.7678759361316212,0.8116010061686575,1.0196240664132559,0.07,0.025,0.785,0.12,insufficient_group_size,,,181,19,0,success,,
population_detail.v1,C001431,200,0.20339462093696326,1.01725999554648,1.0751457752110833,1.3548914655358932,0.41,0.59,0.0,0.0,insufficient_group_size,,,0,200,0,success,,
population_detail.v1,C001432,200,0.20033035501675622,0.7187287688664381,0.7408179961028322,0.8594697582361548,0.99,0.005,0.005,0.0,insufficient_group_size,,,1,199,0,success,,
population_detail.v1,C001433,200,0.4060140129762843,0.9528387222205711,1.0004037840398503,1.163048622801326,0.305,0.19,0.475,0.03,found,13.0,cash_balance_ratio,101,99,24,success,,
population_detail.v1,C001434,200,0.6295638591379902,1.4492701570535305,1.4493691997328257,2.019081029810655,0.86,0.14,0.0,0.0,insufficient_group_size,,,0,200,0,success,,
population_detail.v1,C001435,200,0.18255552253056959,0.4670830335825936,0.48161412937768644,0.5994924199913666,0.975,0.02,0.005,0.0,insufficient_group_size,,,1,199,0,success,,
population_detail.v1,C001436,200,0.23943615943621963,0.6924052714135942,0.7445406421618623,0.8973295116857741,0.085,0.055,0.765,0.095,found,13.0,variable_expense_ratio,172,28,24,success,,
population_detail.v1,C001437,200,0.1944316787955321,0.7135889255176002,0.726921458750948,0.999269529140722,0.0,0.0,0.11,0.89,insufficient_group_size,,,200,0,0,success,,
population_detail.v1,C001438,200,0.2475497173706954,0.6776306338920989,0.7054899694768412,0.8640963021283318,0.025,0.0,0.775,0.2,insufficient_group_size,,,195,5,0,success,,
population_detail.v1,C001439,200,0.25300443466729466,0.5813894166820108,0.6066551005876233,0.7100853460201155,0.965,0.02,0.015,0.0,insufficient_group_size,,,3,197,0,success,,
population_detail.v1,C001440,200,0.20908913252529623,0.6217648028693058,0.6503300188159696,0.7512401247802002,1.0,0.0,0.0,0.0,insufficient_group_size,,,0,200,0,success,,
population_detail.v1,C001441,200,0.26512575153550844,0.6346781389606114,0.6480072359379326,0.7935567273549665,0.99,0.01,0.0,0.0,insufficient_group_size,,,0,200,0,success,,
population_detail.v1,C001442,200,0.17057382323583822,0.46084121006083734,0.4680467772352104,0.6588730403259601,1.0,0.0,0.0,0.0,insufficient_group_size,,,0,200,0,success,,
population_detail.v1,C001443,200,0.3077158263853076,1.1063014182036264,1.142235122838248,1.5907834759728579,0.395,0.605,0.0,0.0,insufficient_group_size,,,0,200,0,success,,
population_detail.v1,C001444,200,0.2825003161170606,0.5937215147074282,0.6114892333973743,0.719957235489826,0.055,0.05,0.73,0.165,found,13.0,cash_balance_ratio,179,21,24,success,,
population_detail.v1,C001445,200,0.13964751738762582,0.5487605133305731,0.5677251707929628,0.7309943222356249,0.885,0.06,0.055,0.0,insufficient_group_size,,,11,189,0,success,,
population_detail.v1,C001446,200,0.2053833171905758,0.9429207113964321,0.9759876308849559,1.230329796653724,0.0,0.0,0.255,0.745,insufficient_group_size,,,200,0,0,success,,
population_detail.v1,C001447,200,0.42877792418928296,1.2739004944083492,1.346889936853126,1.5683700637025122,0.465,0.165,0.345,0.025,found,13.0,variable_expense_ratio,74,126,24,success,,
population_detail.v1,C001448,200,0.5056309107589193,1.28804789602482,1.3289251007280796,1.6899872925782358,0.62,0.38,0.0,0.0,insufficient_group_size,,,0,200,0,success,,
population_detail.v1,C001449,200,0.21481208528859377,0.6649920749253301,0.6851091631942487,0.8299907200975399,0.055,0.04,0.755,0.15,insufficient_group_size,,,181,19,0,success,,
population_detail.v1,C001450,200,0.14747402268348855,0.6678255929053869,0.6978348509312231,0.8367911852455574,1.0,0.0,0.0,0.0,insufficient_group_size,,,0,200,0,success,,
population_detail.v1,C001451,200,0.4159134332313705,0.7022619722721456,0.7234842946237774,0.8182141437768267,0.13,0.08,0.66,0.13,found,13.0,variable_expense_ratio,158,42,24,success,,
population_detail.v1,C001452,200,0.3903116824014463,1.279662756188128,1.291260837859515,1.8355808022904383,0.98,0.02,0.0,0.0,insufficient_group_size,,,0,200,0,success,,
population_detail.v1,C001453,200,0.16742763082706283,0.6645150387372689,0.6917758065844712,0.8758984095060443,0.86,0.035,0.105,0.0,found,13.0,variable_expense_ratio,21,179,24,success,,
population_detail.v1,C001454,200,0.348153271601732,1.195905743747685,1.268360703774849,1.5464471694270816,0.365,0.18,0.44,0.015,found,13.0,variable_expense_ratio,91,109,24,success,,
population_detail.v1,C001455,200,0.12587402159062244,0.49567192553883666,0.5186999689970584,0.670302604477876,1.0,0.0,0.0,0.0,insufficient_group_size,,,0,200,0,success,,
population_detail.v1,C001456,200,0.3651835951064031,1.9102971079952191,2.0826924013550148,2.4674368258265473,0.0,0.0,0.03,0.97,insufficient_group_size,,,200,0,0,success,,
population_detail.v1,C001457,200,0.28977435693897774,1.1832348574281268,1.2249084487985327,1.4894521067790103,0.51,0.49,0.0,0.0,insufficient_group_size,,,0,200,0,success,,
population_detail.v1,C001458,200,0.18567834862770954,0.5806907846934757,0.6004646774499725,0.7118680241557985,0.515,0.055,0.405,0.025,found,13.0,variable_expense_ratio,86,114,24,success,,
population_detail.v1,C001459,200,0.3178223734072436,1.4578801000448203,1.5327845300703458,1.9083490239038403,0.705,0.295,0.0,0.0,insufficient_group_size,,,0,200,0,success,,
population_detail.v1,C001460,200,0.20707004805535253,0.5330517050350909,0.540893463828725,0.6806082231202656,0.34,0.08,0.53,0.05,found,13.0,variable_expense_ratio,116,84,24,success,,
population_detail.v1,C001461,200,0.18013980873666952,0.562376467933203,0.5811463378441338,0.7681800480537426,0.985,0.01,0.005,0.0,insufficient_group_size,,,1,199,0,success,,
population_detail.v1,C001462,200,0.2729000886159713,0.8201777755149868,0.8843915294428886,1.0493629283646149,0.715,0.03,0.255,0.0,found,13.0,variable_expense_ratio,51,149,24,success,,
population_detail.v1,C001463,200,0.18546283313603593,0.7059295492214076,0.7298347083925142,1.0031992018231417,0.0,0.0,0.06,0.94,insufficient_group_size,,,200,0,0,success,,
population_detail.v1,C001464,200,0.25095330070050487,0.8803536513818782,0.9268701932638744,1.1501605904070493,0.015,0.005,0.75,0.23,insufficient_group_size,,,196,4,0,success,,
population_detail.v1,C001465,200,0.20741876776105508,0.5646254767464891,0.5843571255182858,0.7044587940032396,0.43,0.13,0.43,0.01,found,13.0,variable_expense_ratio,88,112,24,success,,
population_detail.v1,C001466,200,0.21592539405654085,0.6753085411064123,0.7142453452478796,0.8686556628554554,0.8,0.035,0.165,0.0,found,13.0,variable_expense_ratio,33,167,24,success,,
population_detail.v1,C001467,200,0.18567834862770954,0.5453089922933101,0.5739790019737521,0.6929153337547044,0.68,0.06,0.25,0.01,found,13.0,variable_expense_ratio,52,148,24,success,,
population_detail.v1,C001468,200,0.3524620514086841,1.0981421081565446,1.1393740758132465,1.4794279102094954,0.475,0.525,0.0,0.0,insufficient_group_size,,,0,200,0,success,,
population_detail.v1,C001469,200,0.22349129355737135,0.5565758036323589,0.5820533473429809,0.6709369388427137,0.935,0.04,0.025,0.0,insufficient_group_size,,,5,195,0,success,,
population_detail.v1,C001470,200,0.19113780948030545,0.635045027825235,0.6606029691947138,0.7851389613657651,0.04,0.015,0.675,0.27,insufficient_group_size,,,189,11,0,success,,
population_detail.v1,C001471,200,0.2053690422852131,0.6101535066043877,0.6414400439337031,0.7660286154575567,0.35,0.115,0.515,0.02,found,13.0,variable_expense_ratio,107,93,24,success,,
population_detail.v1,C001472,200,0.1923544512840988,0.5079268101515259,0.5277109336222103,0.6580054562955647,1.0,0.0,0.0,0.0,insufficient_group_size,,,0,200,0,success,,
population_detail.v1,C001473,200,0.23765018984975947,0.6123391481296903,0.6410939226257137,0.75943293324771,0.055,0.01,0.7,0.235,insufficient_group_size,,,187,13,0,success,,
population_detail.v1,C001474,200,0.33151211814865594,1.0835840537448072,1.0942305948025344,1.5175686474316146,0.0,0.0,0.09,0.91,insufficient_group_size,,,200,0,0,success,,
population_detail.v1,C001475,200,0.2657805100774978,0.8077744726036574,0.8569818626465961,1.0305578925561665,0.99,0.005,0.005,0.0,insufficient_group_size,,,1,199,0,success,,
population_detail.v1,C001476,200,0.2129292979574449,2.4774984507806317,2.6084824110889757,3.5235159363544866,0.535,0.125,0.34,0.0,found,13.0,variable_expense_ratio,68,132,24,success,,
population_detail.v1,C001477,200,0.290277007055612,0.7299481221394416,0.748841662691212,0.9330336526916317,0.03,0.015,0.58,0.375,insufficient_group_size,,,191,9,0,success,,
population_detail.v1,C001478,200,1.3128796954425406,7.460938123914097,8.79092749751235,9.088764667049997,0.55,0.305,0.125,0.02,found,13.0,cash_balance_ratio,29,171,24,success,,
population_detail.v1,C001479,200,0.23323772269365925,1.123378597717951,1.1320884925364125,1.6790208251619267,0.92,0.08,0.0,0.0,insufficient_group_size,,,0,200,0,success,,
population_detail.v1,C001480,200,0.20920849707823042,0.5435667574569646,0.5658614098299828,0.679146694800552,0.905,0.05,0.045,0.0,insufficient_group_size,,,9,191,0,success,,
population_detail.v1,C001481,200,0.2468581258619444,0.7802104923944916,0.8088802671616965,1.1715381596330579,0.335,0.05,0.615,0.0,found,13.0,variable_expense_ratio,123,77,24,success,,
population_detail.v1,C001482,200,0.3247123325611536,0.7654504809233876,0.78891461566526,0.9403206468784543,0.06,0.01,0.645,0.285,insufficient_group_size,,,186,14,0,success,,
population_detail.v1,C001483,200,0.28034741806372104,0.8520318393354214,0.8929558137005276,1.0087124820748923,0.865,0.005,0.13,0.0,found,13.0,variable_expense_ratio,26,174,24,success,,
population_detail.v1,C001484,200,0.24790188482329745,0.5369881582811443,0.5598788316704573,0.7101470459367903,1.0,0.0,0.0,0.0,insufficient_group_size,,,0,200,0,success,,
population_detail.v1,C001485,200,0.17384656356662112,0.4746629911165083,0.4936550243576525,0.6275551514811982,0.995,0.0,0.005,0.0,insufficient_group_size,,,1,199,0,success,,
population_detail.v1,C001486,200,0.22477883187477457,0.6247583256448841,0.6373904542338198,0.8597682086386991,1.0,0.0,0.0,0.0,insufficient_group_size,,,0,200,0,success,,
population_detail.v1,C001487,200,0.2630985645471307,0.897208621487331,0.9548646144824586,1.1108118691520557,0.705,0.02,0.275,0.0,found,13.0,variable_expense_ratio,55,145,24,success,,
population_detail.v1,C001488,200,0.18190404390373957,0.7486781853173613,0.7673410046617878,1.0297858224037073,0.0,0.0,0.085,0.915,insufficient_group_size,,,200,0,0,success,,
population_detail.v1,C001489,200,0.3558667748487507,1.5150823088080378,1.5682583037993072,2.181155334990626,0.9,0.095,0.005,0.0,insufficient_group_size,,,1,199,0,success,,
population_detail.v1,C001490,200,0.3470684209388459,0.9699311052859823,0.9907963223863709,1.2741290831517158,0.0,0.0,0.27,0.73,insufficient_group_size,,,200,0,0,success,,
population_detail.v1,C001491,200,0.23256545924492616,0.6629214163261387,0.6966988911514296,0.8132985543712262,0.25,0.04,0.61,0.1,found,13.0,variable_expense_ratio,142,58,24,success,,
population_detail.v1,C001492,200,0.1750350460522423,0.8523834200648054,0.9077709923185825,1.223763888328681,0.375,0.045,0.58,0.0,found,13.0,variable_expense_ratio,116,84,24,success,,
population_detail.v1,C001493,200,0.18672003947572532,0.5962164983483808,0.6214644657803361,0.7663531655238903,0.95,0.03,0.02,0.0,insufficient_group_size,,,4,196,0,success,,
population_detail.v1,C001494,200,0.2541231850520324,0.8740808569738888,0.896826676332743,1.1948350456312664,0.0,0.0,0.13,0.87,insufficient_group_size,,,200,0,0,success,,
population_detail.v1,C001495,200,0.2622807598496379,0.8381737470363022,0.8728073877937776,1.0523013104049614,0.0,0.0,0.26,0.74,insufficient_group_size,,,200,0,0,success,,
population_detail.v1,C001496,200,0.1707159888327827,0.4673092673339788,0.49056137381502973,0.6361696476833743,1.0,0.0,0.0,0.0,insufficient_group_size,,,0,200,0,success,,
population_detail.v1,C001497,200,0.1343633336163677,0.4930180675743337,0.5102771637943946,0.6582369249483241,0.88,0.04,0.08,0.0,insufficient_group_size,,,16,184,0,success,,
population_detail.v1,C001498,200,0.38633884313808675,0.9444613693728123,0.9472004994834214,1.2901380022742632,0.0,0.005,0.34,0.655,insufficient_group_size,,,199,1,0,success,,
population_detail.v1,C001499,200,0.22926373064601083,0.5293727136203258,0.5619174048838045,0.6602056654860771,0.81,0.065,0.125,0.0,found,13.0,variable_expense_ratio,25,175,24,success,,
population_detail.v1,C001500,200,0.5244948886272478,1.0552088745512191,1.096427650555642,1.2700480034827115,0.26,0.155,0.52,0.065,found,13.0,variable_expense_ratio,117,83,24,success,,
population_detail.v1,C001501,200,0.15256728460298763,0.5480064017124382,0.5693543364704703,0.715206045387472,0.825,0.065,0.11,0.0,found,13.0,variable_expense_ratio,22,178,24,success,,
population_detail.v1,C001502,200,0.16197955890017174,0.8780537034184303,0.9039281404603438,1.1618317150431918,0.03,0.02,0.625,0.325,insufficient_group_size,,,190,10,0,success,,
population_detail.v1,C001503,200,0.9403627892793629,4.311954983768415,4.487162691755662,4.639394169565677,0.555,0.025,0.415,0.005,found,13.0,variable_expense_ratio,84,116,24,success,,
population_detail.v1,C001504,200,0.15320094317627814,0.5323015687168945,0.5533581606117521,0.7270463990211518,1.0,0.0,0.0,0.0,insufficient_group_size,,,0,200,0,success,,
population_detail.v1,C001505,200,0.2579733803315493,0.8285551032291082,0.8640252077057448,1.0200664757704694,0.335,0.215,0.39,0.06,found,13.0,cash_balance_ratio,90,110,24,success,,
population_detail.v1,C001506,200,0.5107206691051978,1.2907682491490164,1.347959425902605,1.6200025338583763,0.0,0.0,0.05,0.95,insufficient_group_size,,,200,0,0,success,,
population_detail.v1,C001507,200,0.21362765648181467,0.5167305480126123,0.528400746883475,0.63537852229527,0.485,0.06,0.435,0.02,found,13.0,variable_expense_ratio,91,109,24,success,,
population_detail.v1,C001508,200,0.18426687270576708,1.1386353962733304,1.2000387629845184,1.4804791393562233,0.0,0.0,0.16,0.84,insufficient_group_size,,,200,0,0,success,,
population_detail.v1,C001509,200,0.6706603689924038,2.0384009371152403,2.1178050447332106,2.18760823793053,0.17,0.075,0.665,0.09,found,13.0,variable_expense_ratio,151,49,24,success,,
population_detail.v1,C001510,200,0.639016538360233,1.418193217994086,1.4509233439694562,1.5395904613119782,0.28,0.14,0.535,0.045,found,13.0,variable_expense_ratio,116,84,24,success,,
population_detail.v1,C001511,200,0.2563264565600728,0.8192471381994726,0.8217429176405155,1.1144232626899555,0.005,0.01,0.415,0.57,insufficient_group_size,,,197,3,0,success,,
population_detail.v1,C001512,200,0.2566013366142401,1.1191211364789617,1.1213509158555552,1.8118727628552855,0.915,0.085,0.0,0.0,insufficient_group_size,,,0,200,0,success,,
population_detail.v1,C001513,200,0.8597677028478538,16.897255273948193,19.72793979638822,20.313900786074164,0.27,0.68,0.05,0.0,insufficient_group_size,,,10,190,0,success,,
population_detail.v1,C001514,200,0.5936205322474976,6.788362997435789,7.007949448178042,7.249514524907738,0.575,0.425,0.0,0.0,insufficient_group_size,,,0,200,0,success,,
population_detail.v1,C001515,200,0.34932208538256415,0.8903802635045736,0.9157529152645492,1.1196769906401214,0.225,0.05,0.695,0.03,found,13.0,variable_expense_ratio,145,55,24,success,,
population_detail.v1,C001516,200,0.480426476295019,1.6322159606211561,1.760529161372554,2.229789456273965,0.925,0.015,0.06,0.0,insufficient_group_size,,,12,188,0,success,,
population_detail.v1,C001517,200,0.22144106858562418,0.9491616706931493,1.0038488164908426,1.1585272861322378,0.8,0.02,0.18,0.0,found,13.0,variable_expense_ratio,36,164,24,success,,
population_detail.v1,C001518,200,0.2703765866999281,0.8193809236725852,0.8420525932438835,1.1797254989682362,0.0,0.0,0.09,0.91,insufficient_group_size,,,200,0,0,success,,
population_detail.v1,C001519,200,0.24492289710050852,0.5346240361481251,0.5558970604269162,0.66629882605871,0.12,0.03,0.735,0.115,found,13.0,variable_expense_ratio,170,30,24,success,,
population_detail.v1,C001520,200,0.27993504978170236,1.1428304125067068,1.1600018812758184,1.7462610948686665,0.98,0.02,0.0,0.0,insufficient_group_size,,,0,200,0,success,,
population_detail.v1,C001521,200,0.3015648525093908,0.8028081771291617,0.8554226692509364,0.9986338864211846,0.86,0.1,0.04,0.0,insufficient_group_size,,,8,192,0,success,,
population_detail.v1,C001522,200,0.24016678796753257,0.5258996908719937,0.5560919517690193,0.6521781335606752,0.965,0.02,0.015,0.0,insufficient_group_size,,,3,197,0,success,,
population_detail.v1,C001523,200,3.437589521527499,16.936830702852134,18.6021018695709,19.127412044761165,0.39,0.385,0.1,0.125,found,13.0,cash_balance_ratio,45,155,24,success,,
population_detail.v1,C001524,200,0.26242561860579317,0.7320319443404967,0.7620552908748743,0.9107534970486314,0.55,0.15,0.295,0.005,found,13.0,variable_expense_ratio,60,140,24,success,,
population_detail.v1,C001525,200,0.20979032771103262,0.6794186410765098,0.6939867115543175,0.8560004878003893,0.025,0.0,0.705,0.27,insufficient_group_size,,,195,5,0,success,,
population_detail.v1,C001526,200,0.16133977736361987,0.8571643027849783,0.8870020026807575,1.114998286650309,0.0,0.0,0.14,0.86,insufficient_group_size,,,200,0,0,success,,
population_detail.v1,C001527,200,0.24204555740227784,0.6024491196453572,0.6203905090075518,0.7599338146408322,0.14,0.025,0.745,0.09,found,13.0,variable_expense_ratio,167,33,24,success,,
population_detail.v1,C001528,200,0.21982066641582088,0.9580595596035631,1.0612498584312187,1.3485719750572398,0.335,0.07,0.595,0.0,found,13.0,variable_expense_ratio,119,81,24,success,,
population_detail.v1,C001529,200,0.21513277729965996,0.5049046447943343,0.5203026774096736,0.6800003044608753,1.0,0.0,0.0,0.0,insufficient_group_size,,,0,200,0,success,,
population_detail.v1,C001530,200,0.3861122778745425,1.4713548560361682,1.5696807289410448,1.8954311449323014,0.895,0.105,0.0,0.0,insufficient_group_size,,,0,200,0,success,,
population_detail.v1,C001531,200,0.17997719441620674,0.5553451962781244,0.5854041508042088,0.6887783734628092,0.98,0.01,0.01,0.0,insufficient_group_size,,,2,198,0,success,,
population_detail.v1,C001532,200,0.19683924414002668,0.6052121111952488,0.6388212912145326,0.7919414534185722,0.99,0.01,0.0,0.0,insufficient_group_size,,,0,200,0,success,,
population_detail.v1,C001533,200,0.2522217484923549,0.6151901848001899,0.6313414433971655,0.7591449723604704,0.05,0.02,0.69,0.24,insufficient_group_size,,,186,14,0,success,,
population_detail.v1,C001534,200,0.2587393092523281,0.5759707042128007,0.5983786592151764,0.7083767705213212,0.485,0.13,0.35,0.035,found,13.0,variable_expense_ratio,77,123,24,success,,
population_detail.v1,C001535,200,0.1970101280545945,0.6787430596597122,0.709702129747064,0.9392731798770017,0.0,0.0,0.12,0.88,insufficient_group_size,,,200,0,0,success,,
population_detail.v1,C001536,200,0.2213356177210824,0.7462309777576661,0.780184971271318,0.9669466393879323,0.845,0.03,0.125,0.0,found,13.0,variable_expense_ratio,25,175,24,success,,
population_detail.v1,C001537,200,0.2601981426791219,0.7188827106992742,0.7588323230765326,1.0372875236727332,0.0,0.0,0.145,0.855,insufficient_group_size,,,200,0,0,success,,
population_detail.v1,C001538,200,0.32661494896866666,1.2771674171952059,1.327418426073859,1.8710007599546232,0.925,0.005,0.07,0.0,insufficient_group_size,,,14,186,0,success,,
population_detail.v1,C001539,200,0.1653123555790241,0.5800183892376806,0.6023130030845809,0.7266605981642199,0.055,0.025,0.7,0.22,insufficient_group_size,,,184,16,0,success,,
population_detail.v1,C001540,200,0.3045462362936911,0.7448969094114881,0.7634351882388988,0.9749486432357873,0.05,0.01,0.57,0.37,insufficient_group_size,,,188,12,0,success,,
population_detail.v1,C001541,200,0.18190404390373957,0.7634121817926439,0.7961926141793519,1.0571364403695884,0.0,0.0,0.08,0.92,insufficient_group_size,,,200,0,0,success,,
population_detail.v1,C001542,200,0.2402141118961174,1.226780426349504,1.2880849157931253,1.952470447228047,0.905,0.095,0.0,0.0,insufficient_group_size,,,0,200,0,success,,
population_detail.v1,C001543,200,0.21213823684639052,0.581096341616607,0.6140568783730564,0.7094258090316637,1.0,0.0,0.0,0.0,insufficient_group_size,,,0,200,0,success,,
population_detail.v1,C001544,200,0.23997533431651985,0.5773392020705608,0.6049290239903966,0.7070410726876453,0.19,0.08,0.645,0.085,found,13.0,variable_expense_ratio,146,54,24,success,,
population_detail.v1,C001545,200,0.40489743837906467,1.242956890614731,1.2751076394131653,1.8975813874632284,0.31,0.69,0.0,0.0,insufficient_group_size,,,0,200,0,success,,
population_detail.v1,C001546,200,0.1674613606413121,0.7215608220731614,0.7496177391373999,0.9287656104107269,0.195,0.08,0.575,0.15,found,13.0,cash_balance_ratio,145,55,24,success,,
population_detail.v1,C001547,200,0.330026942911123,0.8358107020270107,0.8708065630184865,1.096201618909234,0.05,0.01,0.565,0.375,insufficient_group_size,,,188,12,0,success,,
population_detail.v1,C001548,200,0.2724119016938934,0.5928487028788456,0.6216880824275004,0.7641011272572141,0.055,0.005,0.775,0.165,insufficient_group_size,,,188,12,0,success,,
population_detail.v1,C001549,200,0.15843973101484987,0.5334814445508868,0.5472503575331146,0.736328267764607,1.0,0.0,0.0,0.0,insufficient_group_size,,,0,200,0,success,,
population_detail.v1,C001550,200,0.16756885182777975,0.5923379271823679,0.6098808330130143,0.7500107570506862,0.265,0.11,0.6,0.025,found,13.0,cash_balance_ratio,125,75,24,success,,
population_detail.v1,C001551,200,0.4027842113748946,0.8017349935486016,0.8225011441993486,1.0811048847392672,0.0,0.0,0.095,0.905,insufficient_group_size,,,200,0,0,success,,
population_detail.v1,C001552,200,0.829646810349525,1.3988797187127144,1.4291633241677693,1.6444863953234026,0.46,0.03,0.51,0.0,found,13.0,savings_rate,102,98,13,success,,
population_detail.v1,C001553,200,0.7209754464956163,1.415175811731013,1.475520086118164,1.6432871821340382,0.285,0.175,0.51,0.03,found,13.0,variable_expense_ratio,108,92,24,success,,
population_detail.v1,C001554,200,0.11955300218338817,0.5462455762689835,0.5676507899981266,0.7308870786080367,0.965,0.02,0.015,0.0,insufficient_group_size,,,3,197,0,success,,
population_detail.v1,C001555,200,0.23803819655945757,0.7960051485733858,0.8339852396523053,1.0972312769021695,0.0,0.0,0.11,0.89,insufficient_group_size,,,200,0,0,success,,
population_detail.v1,C001556,200,0.22923180191424686,0.6078149802135246,0.6248942416699164,0.8708105728872344,1.0,0.0,0.0,0.0,insufficient_group_size,,,0,200,0,success,,
population_detail.v1,C001557,200,0.5623079284938443,2.186187574173564,2.2729375796656415,2.3853372368616825,0.11,0.125,0.41,0.355,found,13.0,cash_balance_ratio,153,47,24,success,,
population_detail.v1,C001558,200,0.20462201217502612,0.48712900738992215,0.49960220912306785,0.6237142892762461,0.88,0.055,0.065,0.0,insufficient_group_size,,,13,187,0,success,,
population_detail.v1,C001559,200,0.19432293722608715,0.6619520009592784,0.6953900354637228,0.8402760094184608,0.9,0.01,0.09,0.0,insufficient_group_size,,,18,182,0,success,,
population_detail.v1,C001560,200,0.2427018410114433,0.5399761188671934,0.5688201664923807,0.6857747691254296,0.935,0.025,0.04,0.0,insufficient_group_size,,,8,192,0,success,,
population_detail.v1,C001561,200,0.38152237747145473,1.2960714918026903,1.3652502075036097,1.6934681603574717,0.0,0.0,0.025,0.975,insufficient_group_size,,,200,0,0,success,,
population_detail.v1,C001562,200,0.29230268485699784,1.5201032756039963,1.6310880692221634,1.9536989566251521,0.67,0.09,0.24,0.0,found,13.0,variable_expense_ratio,48,152,24,success,,
population_detail.v1,C001563,200,0.2208508817686195,0.5510989436092761,0.5535570087222975,0.7186636928781766,1.0,0.0,0.0,0.0,insufficient_group_size,,,0,200,0,success,,
population_detail.v1,C001564,200,0.15122489254773733,0.5572072518356458,0.6008771160462688,0.730883165279865,1.0,0.0,0.0,0.0,insufficient_group_size,,,0,200,0,success,,
population_detail.v1,C001565,200,0.45164752454110496,1.255094056029701,1.31538803700529,1.6417710022239955,0.005,0.0,0.22,0.775,insufficient_group_size,,,199,1,0,success,,
population_detail.v1,C001566,200,0.20328953200365704,0.7060292840465939,0.7550613584405138,0.8841732539581871,0.92,0.05,0.03,0.0,insufficient_group_size,,,6,194,0,success,,
population_detail.v1,C001567,200,0.229840481728591,0.6773495268236972,0.7054594108409615,0.808765660257239,0.7,0.045,0.255,0.0,found,13.0,variable_expense_ratio,51,149,24,success,,
population_detail.v1,C001568,200,0.1519582620053657,0.46740144429649044,0.49309291632327445,0.6033022812430335,0.99,0.0,0.01,0.0,insufficient_group_size,,,2,198,0,success,,
population_detail.v1,C001569,200,0.5775246672533212,1.4457536953879682,1.4936459595876035,1.7792922573692138,0.005,0.0,0.15,0.845,insufficient_group_size,,,199,1,0,success,,
population_detail.v1,C001570,200,0.3298118698441349,0.719906474457733,0.74098833833938,0.924661133163475,0.845,0.065,0.09,0.0,insufficient_group_size,,,18,182,0,success,,
population_detail.v1,C001571,200,0.11955300218338817,0.5670373507925701,0.5731344292142423,0.7444432485885627,0.945,0.02,0.035,0.0,insufficient_group_size,,,7,193,0,success,,
population_detail.v1,C001572,200,0.26689103108458573,0.6527349488593677,0.6758435990478672,0.8534674299577977,0.07,0.025,0.775,0.13,insufficient_group_size,,,181,19,0,success,,
population_detail.v1,C001573,200,0.1696649220270861,0.7181123911569294,0.7392428468049914,0.9220189945845264,0.12,0.07,0.75,0.06,found,13.0,loan_balance_ratio,162,38,24,success,,
population_detail.v1,C001574,200,0.23507288319431593,1.1385974976303612,1.1547885757749863,1.7997449263463,0.295,0.705,0.0,0.0,insufficient_group_size,,,0,200,0,success,,
population_detail.v1,C001575,200,0.23168287080301175,0.5231396486731908,0.5488216950672168,0.6693894029324181,1.0,0.0,0.0,0.0,insufficient_group_size,,,0,200,0,success,,
population_detail.v1,C001576,200,0.4660916549386667,0.9725549327042121,1.0220622136737045,1.1668966722378682,0.0,0.0,0.205,0.795,insufficient_group_size,,,200,0,0,success,,
population_detail.v1,C001577,200,0.325314466774489,1.0322299539363196,1.052627395264657,1.532862661049517,0.305,0.695,0.0,0.0,insufficient_group_size,,,0,200,0,success,,
population_detail.v1,C001578,200,0.2406228899018414,1.0831595428455734,1.1160561968604812,1.4437673822841885,0.395,0.605,0.0,0.0,insufficient_group_size,,,0,200,0,success,,
population_detail.v1,C001579,200,0.3048254553602406,0.9074048695018675,0.9241386456933371,1.2632825751504457,0.0,0.005,0.355,0.64,insufficient_group_size,,,199,1,0,success,,
population_detail.v1,C001580,200,0.1934762082645335,0.5435493764054341,0.5737369421439227,0.7009232889289556,0.885,0.045,0.07,0.0,insufficient_group_size,,,14,186,0,success,,
population_detail.v1,C001581,200,0.3752622680709413,6.658533212258005,6.868133542168611,7.109680991306109,0.58,0.42,0.0,0.0,insufficient_group_size,,,0,200,0,success,,
population_detail.v1,C001582,200,0.20714039026317452,0.5511017117139047,0.5783217681036625,0.7402967657876466,0.995,0.005,0.0,0.0,insufficient_group_size,,,0,200,0,success,,
population_detail.v1,C001583,200,0.2814584878179858,0.832276160591281,0.8773303386088671,1.0535305280801779,0.615,0.17,0.21,0.005,found,13.0,variable_expense_ratio,43,157,24,success,,
population_detail.v1,C001584,200,0.28218083342813866,0.6718098857295434,0.6849561811282529,0.8474677959628709,0.03,0.005,0.76,0.205,insufficient_group_size,,,193,7,0,success,,
population_detail.v1,C001585,200,0.22899305704036318,0.6438379781826512,0.649896070707362,0.9069074975647679,0.0,0.0,0.09,0.91,insufficient_group_size,,,200,0,0,success,,
population_detail.v1,C001586,200,0.32237817297290366,0.780357178016879,0.8166712057257282,0.9683933874694212,0.95,0.025,0.025,0.0,insufficient_group_size,,,5,195,0,success,,
population_detail.v1,C001587,200,0.20377624914127376,0.9804224919606601,1.0537554298545038,1.2269970189229158,0.425,0.17,0.345,0.06,found,13.0,cash_balance_ratio,81,119,24,success,,
population_detail.v1,C001588,200,0.2588292724543621,1.321675723350611,1.3909759220951128,1.926975236379657,0.96,0.04,0.0,0.0,insufficient_group_size,,,0,200,0,success,,
population_detail.v1,C001589,200,0.21059839798835525,0.581834189587111,0.6056855643365853,0.7474933335220206,0.995,0.0,0.005,0.0,insufficient_group_size,,,1,199,0,success,,
population_detail.v1,C001590,200,0.37092643543559645,0.9979549919017922,1.0138074279304208,1.2773502135952084,0.0,0.005,0.31,0.685,insufficient_group_size,,,199,1,0,success,,
population_detail.v1,C001591,200,0.14432473515929928,0.6691195081741046,0.7112279645985391,0.8862781078276029,0.785,0.03,0.185,0.0,found,13.0,variable_expense_ratio,37,163,24,success,,
population_detail.v1,C001592,200,0.8101553759672798,1.4795583578418208,1.505444891698767,1.8721594678379163,0.92,0.08,0.0,0.0,insufficient_group_size,,,0,200,0,success,,
population_detail.v1,C001593,200,0.30697701059330323,0.6429986863550993,0.6726450196849136,0.7600590604741253,0.865,0.055,0.08,0.0,insufficient_group_size,,,16,184,0,success,,
population_detail.v1,C001594,200,0.17714466621564803,1.07046696180196,1.1357729562575862,1.3517648166095986,0.635,0.12,0.245,0.0,found,13.0,variable_expense_ratio,49,151,24,success,,
population_detail.v1,C001595,200,0.19505787230536042,0.502360024396517,0.5352726318742336,0.6803619053290201,1.0,0.0,0.0,0.0,insufficient_group_size,,,0,200,0,success,,
population_detail.v1,C001596,200,0.2936370084750084,1.3688734736778705,1.4435604735340664,1.6799160814764607,0.845,0.155,0.0,0.0,insufficient_group_size,,,0,200,0,success,,
population_detail.v1,C001597,200,0.21838208035390627,1.1434087588867845,1.234580596981621,1.5043116923630808,0.965,0.025,0.01,0.0,insufficient_group_size,,,2,198,0,success,,
population_detail.v1,C001598,200,0.5598170876349002,0.887779398446917,0.9134273828945363,1.0179628951515305,0.38,0.14,0.46,0.02,found,13.0,cash_balance_ratio,96,104,24,success,,
population_detail.v1,C001599,200,0.21428421497409977,1.118873864475918,1.1556811587071616,1.7239272040378164,0.965,0.035,0.0,0.0,insufficient_group_size,,,0,200,0,success,,
population_detail.v1,C001600,200,0.23171082725029402,0.5595696815319688,0.5759740474053613,0.7057944764899666,0.875,0.085,0.04,0.0,insufficient_group_size,,,8,192,0,success,,
population_detail.v1,C001601,200,0.4072185083347857,1.1759021362236592,1.2102144530947598,1.7982643603128063,0.86,0.14,0.0,0.0,insufficient_group_size,,,0,200,0,success,,
population_detail.v1,C001602,200,0.3242834071509737,0.8616652315098742,0.9020971753944327,1.128200035389761,0.0,0.0,0.03,0.97,insufficient_group_size,,,200,0,0,success,,
population_detail.v1,C001603,200,0.31750027752840826,0.9268974064718186,0.98773502687144,1.1834985207620985,0.0,0.0,0.31,0.69,insufficient_group_size,,,200,0,0,success,,
population_detail.v1,C001604,200,0.24932814978107795,0.6824001913078626,0.7048374344484207,0.8833078358852812,0.91,0.015,0.075,0.0,insufficient_group_size,,,15,185,0,success,,
population_detail.v1,C001605,200,0.21852212938880003,0.8142882528262334,0.8446044951990773,1.0556970514571093,0.025,0.015,0.455,0.505,insufficient_group_size,,,192,8,0,success,,
population_detail.v1,C001606,200,0.32517551897651786,1.3515132821240903,1.3854400414032104,1.8672843708813904,0.295,0.705,0.0,0.0,insufficient_group_size,,,0,200,0,success,,
population_detail.v1,C001607,200,0.25932999084359826,0.5360388002304906,0.5558236016492242,0.6364529379060953,0.73,0.045,0.225,0.0,found,13.0,variable_expense_ratio,45,155,24,success,,
population_detail.v1,C001608,200,0.22087063740089402,0.8307235771112172,0.8432508636942215,1.1085401213795354,0.02,0.015,0.51,0.455,insufficient_group_size,,,193,7,0,success,,
population_detail.v1,C001609,200,0.28538561642227506,0.7472236723976525,0.7581083171872552,1.0725037435482643,0.0,0.0,0.075,0.925,insufficient_group_size,,,200,0,0,success,,
population_detail.v1,C001610,200,0.2259338696291046,0.5462564724309623,0.559353366198938,0.7401737023732944,1.0,0.0,0.0,0.0,insufficient_group_size,,,0,200,0,success,,
population_detail.v1,C001611,200,0.29466685095498957,0.7691741701488485,0.8103499353102066,1.0321857239532457,0.0,0.0,0.06,0.94,insufficient_group_size,,,200,0,0,success,,
population_detail.v1,C001612,200,0.19027466798148693,0.6722642979888698,0.7117228796137036,0.7912668144316631,0.96,0.015,0.025,0.0,insufficient_group_size,,,5,195,0,success,,
population_detail.v1,C001613,200,0.25344661613314373,0.5291833800060904,0.5489244459040538,0.6420932152210054,0.975,0.015,0.01,0.0,insufficient_group_size,,,2,198,0,success,,
population_detail.v1,C001614,200,0.15810001487129774,0.5891564277464281,0.5925180453714046,0.8319654948820995,0.94,0.03,0.03,0.0,insufficient_group_size,,,6,194,0,success,,
population_detail.v1,C001615,200,0.2579733803315493,0.7950455090041437,0.8224669167864234,0.9839193822407942,0.4,0.21,0.345,0.045,found,13.0,cash_balance_ratio,78,122,24,success,,
population_detail.v1,C001616,200,0.21592090920416052,0.6571136984466109,0.6908792629027616,0.8453334710445158,0.055,0.03,0.775,0.14,insufficient_group_size,,,183,17,0,success,,
population_detail.v1,C001617,200,0.281856496172083,0.6922517377422684,0.728014338201658,0.8908580467888719,0.02,0.01,0.645,0.325,insufficient_group_size,,,194,6,0,success,,
population_detail.v1,C001618,200,0.210150733100794,1.0162568110528423,1.0478696937556096,1.3275483744377101,0.0,0.0,0.235,0.765,insufficient_group_size,,,200,0,0,success,,
population_detail.v1,C001619,200,0.6227048768258543,1.9857081824698852,2.0468821637490455,2.543410767069306,0.515,0.17,0.31,0.005,found,13.0,variable_expense_ratio,63,137,24,success,,
population_detail.v1,C001620,200,0.24742956782395495,1.186578153702562,1.2052883918784065,1.77833609321776,0.845,0.155,0.0,0.0,insufficient_group_size,,,0,200,0,success,,
population_detail.v1,C001621,200,0.3680005842377853,1.2077730605363166,1.2574254470868993,1.4749716212406012,0.48,0.195,0.32,0.005,found,13.0,variable_expense_ratio,65,135,24,success,,
population_detail.v1,C001622,200,0.24657427457392025,1.0249961082653707,1.073625200699273,1.4334571490011814,0.33,0.67,0.0,0.0,insufficient_group_size,,,0,200,0,success,,
population_detail.v1,C001623,200,0.14722593879209492,0.6737427715398658,0.7018621889239378,0.8518698536024986,0.915,0.01,0.075,0.0,insufficient_group_size,,,15,185,0,success,,
population_detail.v1,C001624,200,0.6155118698783494,1.2989601751630755,1.3040963108455257,1.6811573049085033,0.625,0.375,0.0,0.0,insufficient_group_size,,,0,200,0,success,,
population_detail.v1,C001625,200,0.26267801927979556,1.1779298211144194,1.2660059616873238,1.6905268749468967,0.405,0.595,0.0,0.0,insufficient_group_size,,,0,200,0,success,,
population_detail.v1,C001626,200,0.29986803224680747,0.7039372246230436,0.7488261640724938,0.9357435409809215,0.045,0.02,0.79,0.145,insufficient_group_size,,,187,13,0,success,,
population_detail.v1,C001627,200,0.28851474033407287,0.9240501506346973,0.9491060325668814,1.1479421285048526,0.145,0.06,0.585,0.21,found,13.0,cash_balance_ratio,159,41,24,success,,
population_detail.v1,C001628,200,0.1123445880434022,0.5631567706014621,0.6007471821637271,0.7520175354923238,0.975,0.015,0.01,0.0,insufficient_group_size,,,2,198,0,success,,
population_detail.v1,C001629,200,0.32415350201103793,1.248350602330492,1.3107096727113956,1.893324929836322,0.3,0.7,0.0,0.0,insufficient_group_size,,,0,200,0,success,,
population_detail.v1,C001630,200,0.19162208342718148,0.4802686349474068,0.4941920302682901,0.6180452166747155,0.925,0.03,0.045,0.0,insufficient_group_size,,,9,191,0,success,,
population_detail.v1,C001631,200,0.36907662748640485,1.2627097444777773,1.322974475712023,1.6465050109351114,0.0,0.0,0.035,0.965,insufficient_group_size,,,200,0,0,success,,
population_detail.v1,C001632,200,0.14224575092862268,0.4610814869540805,0.4788539692809771,0.6228423763665708,1.0,0.0,0.0,0.0,insufficient_group_size,,,0,200,0,success,,
population_detail.v1,C001633,200,2.8031747660880084,3.703499798326701,3.758149539492311,4.131813261360758,0.65,0.315,0.03,0.005,insufficient_group_size,,,7,193,0,success,,
population_detail.v1,C001634,200,1.4889268336338934,8.307156449198523,9.100601415089802,9.260669327240585,0.715,0.005,0.26,0.02,found,13.0,cash_balance_ratio,56,144,24,success,,
population_detail.v1,C001635,200,0.24936843778280335,0.6862757303316082,0.7316580950701768,0.9288888914063799,0.005,0.01,0.565,0.42,insufficient_group_size,,,197,3,0,success,,
population_detail.v1,C001636,200,0.23240363725046065,0.8900907309948815,0.9324131313264649,1.2861271354811188,0.325,0.065,0.61,0.0,found,13.0,variable_expense_ratio,122,78,24,success,,
population_detail.v1,C001637,200,0.18759833093681216,0.624740800364989,0.64612723610701,0.82696541635398,0.085,0.05,0.765,0.1,found,13.0,variable_expense_ratio,173,27,6,success,,
population_detail.v1,C001638,200,0.22117609976022867,0.7678597353232035,0.8135082098683208,0.9603475853858082,0.295,0.1,0.59,0.015,found,13.0,variable_expense_ratio,121,79,24,success,,
population_detail.v1,C001639,200,0.2017359964174215,0.49641144138192084,0.512353925199907,0.6080698086800438,0.985,0.01,0.005,0.0,insufficient_group_size,,,1,199,0,success,,
population_detail.v1,C001640,200,0.23867571028185589,0.7823324329347752,0.8133047862482292,1.0126250721643688,0.755,0.055,0.19,0.0,found,13.0,variable_expense_ratio,38,162,24,success,,
population_detail.v1,C001641,200,0.30199124869997157,0.6579084747011246,0.6417760638518164,0.9653213633228627,0.0,0.0,0.09,0.91,insufficient_group_size,,,200,0,0,success,,
population_detail.v1,C001642,200,0.2659671850804748,0.809656223412227,0.8477067028248564,1.0643831424787158,0.65,0.04,0.31,0.0,found,13.0,variable_expense_ratio,62,138,24,success,,
population_detail.v1,C001643,200,0.17773874890516186,0.6475995796796368,0.666942769640342,0.8234846759179861,0.115,0.055,0.785,0.045,found,13.0,cash_balance_ratio,166,34,24,success,,
population_detail.v1,C001644,200,0.13523824261502085,0.5976891123661248,0.6360406120684481,0.7444892053780717,0.905,0.07,0.025,0.0,insufficient_group_size,,,5,195,0,success,,
population_detail.v1,C001645,200,0.28107521284050385,0.7475458077671021,0.7627028627755501,1.0188551217107689,0.0,0.0,0.075,0.925,insufficient_group_size,,,200,0,0,success,,
population_detail.v1,C001646,200,0.21552354509087032,0.6544048165659092,0.6942730917578517,0.855883499564482,0.16,0.09,0.615,0.135,found,13.0,cash_balance_ratio,150,50,24,success,,
population_detail.v1,C001647,200,0.3831497495357557,1.2550563015528915,1.316386027143088,1.5677786805804257,0.59,0.41,0.0,0.0,insufficient_group_size,,,0,200,0,success,,
population_detail.v1,C001648,200,0.11893513278956223,0.6358465942869076,0.675743674192429,0.7875503227412248,0.415,0.145,0.435,0.005,found,13.0,variable_expense_ratio,88,112,5,success,,
population_detail.v1,C001649,200,0.20518985150699554,0.9095487923717204,0.9551227433967135,1.2810806538842043,0.26,0.035,0.7,0.005,found,13.0,savings_rate,141,59,2,success,,
population_detail.v1,C001650,200,0.4255150558226573,0.9415846442517963,0.9703647939168749,1.2254883276105952,0.0,0.0,0.04,0.96,insufficient_group_size,,,200,0,0,success,,
population_detail.v1,C001651,200,0.2744006596069707,0.562385078478665,0.5765538959677909,0.7356455639077878,0.995,0.0,0.005,0.0,insufficient_group_size,,,1,199,0,success,,
population_detail.v1,C001652,200,0.28678057320764344,0.7633108112139311,0.784086023478282,1.0411134286885848,1.0,0.0,0.0,0.0,insufficient_group_size,,,0,200,0,success,,
population_detail.v1,C001653,200,0.0782211523329851,0.46493311474669086,0.4832343879091047,0.6269938811000356,1.0,0.0,0.0,0.0,insufficient_group_size,,,0,200,0,success,,
population_detail.v1,C001654,200,0.30844252658681787,0.8709192012853265,0.9038964443904733,1.0667594204897124,0.415,0.075,0.465,0.045,found,13.0,variable_expense_ratio,102,98,24,success,,
population_detail.v1,C001655,200,0.2557638074312625,0.8367916112880613,0.8751986071569078,1.1154747504710452,0.685,0.08,0.235,0.0,found,13.0,variable_expense_ratio,47,153,24,success,,
population_detail.v1,C001656,200,0.11179473194418067,0.4186675266030222,0.43025231231129674,0.5792598438601048,1.0,0.0,0.0,0.0,insufficient_group_size,,,0,200,0,success,,
population_detail.v1,C001657,200,0.23167328865757875,0.5643307150128362,0.583605203733397,0.7418984513493482,0.925,0.055,0.02,0.0,insufficient_group_size,,,4,196,0,success,,
population_detail.v1,C001658,200,0.19391920455372139,0.636790291845887,0.6696121113103073,0.812677401150597,0.04,0.005,0.64,0.315,insufficient_group_size,,,191,9,0,success,,
population_detail.v1,C001659,200,0.3712515498602522,0.7777739139595318,0.8157111257573588,0.9269977373124071,0.02,0.005,0.605,0.37,insufficient_group_size,,,195,5,0,success,,
population_detail.v1,C001660,200,0.33591264151498657,0.8293419047496822,0.8707733247392424,1.0144550641063672,0.31,0.14,0.485,0.065,found,13.0,variable_expense_ratio,110,90,24,success,,
population_detail.v1,C001661,200,0.28242595517719676,0.5990644653136762,0.634129419864834,0.7254828333224536,0.57,0.115,0.305,0.01,found,13.0,variable_expense_ratio,63,137,24,success,,
population_detail.v1,C001662,200,0.20195460988136324,0.4874607553747803,0.5161821590605992,0.6190487928878957,0.975,0.0,0.025,0.0,insufficient_group_size,,,5,195,0,success,,
population_detail.v1,C001663,200,0.15068550470538197,0.6746082505687476,0.6941213578242701,0.8116254482532388,0.43,0.095,0.43,0.045,found,13.0,variable_expense_ratio,95,105,24,success,,
population_detail.v1,C001664,200,0.3543721103537889,1.6480033529632856,1.8169763824649738,2.251858120828988,0.72,0.28,0.0,0.0,insufficient_group_size,,,0,200,0,success,,
population_detail.v1,C001665,200,0.1740545113809919,0.6001768520419689,0.6252691268813542,0.7831795184985215,1.0,0.0,0.0,0.0,insufficient_group_size,,,0,200,0,success,,
population_detail.v1,C001666,200,0.24080466024005975,0.8170263870830174,0.8390498234813137,1.1188462091083684,0.005,0.01,0.365,0.62,insufficient_group_size,,,197,3,0,success,,
population_detail.v1,C001667,200,0.25420831991018483,1.5709503443856503,1.7078102118866967,2.158943737287282,0.715,0.285,0.0,0.0,insufficient_group_size,,,0,200,0,success,,
population_detail.v1,C001668,200,0.17215903746739897,0.5531097598675148,0.5762814024756033,0.7439280421531479,1.0,0.0,0.0,0.0,insufficient_group_size,,,0,200,0,success,,
population_detail.v1,C001669,200,0.2018444784318767,0.8733354974311474,0.9000186086465911,1.204189476852707,0.0,0.0,0.155,0.845,insufficient_group_size,,,200,0,0,success,,
population_detail.v1,C001670,200,0.24742956782395495,1.165638335519651,1.173949915500713,1.7903960278275055,0.845,0.155,0.0,0.0,insufficient_group_size,,,0,200,0,success,,
population_detail.v1,C001671,200,0.3314023286836621,0.6517204951333179,0.6844679257740731,0.800206651841602,0.175,0.1,0.69,0.035,found,13.0,cash_balance_ratio,145,55,24,success,,
population_detail.v1,C001672,200,0.317859869545512,0.8413662029715064,0.8798688019589558,1.0970709708204587,0.035,0.015,0.55,0.4,insufficient_group_size,,,190,10,0,success,,
population_detail.v1,C001673,200,0.3263958348568406,0.8956490121325769,0.9442216888246553,1.1154004074926473,0.59,0.14,0.265,0.005,found,13.0,variable_expense_ratio,54,146,24,success,,
population_detail.v1,C001674,200,0.30378920275556076,0.9923446463843426,1.0133293099020433,1.3759753055427386,0.375,0.625,0.0,0.0,insufficient_group_size,,,0,200,0,success,,
population_detail.v1,C001675,200,0.18473654874237214,0.6078022524687946,0.6227623681823905,0.7655224568514393,0.96,0.025,0.015,0.0,insufficient_group_size,,,3,197,0,success,,
population_detail.v1,C001676,200,0.2777891551822462,0.5506821189617424,0.5732881666918579,0.6638167915388833,0.97,0.025,0.005,0.0,insufficient_group_size,,,1,199,0,success,,
population_detail.v1,C001677,200,0.23098077787086094,0.6527760687696265,0.6801062678552945,0.8251140190573774,0.83,0.05,0.12,0.0,found,13.0,variable_expense_ratio,24,176,24,success,,
population_detail.v1,C001678,200,0.14683594141200462,0.7009995572198746,0.7343968856659757,0.9025010346516686,0.175,0.1,0.695,0.03,found,13.0,cash_balance_ratio,145,55,24,success,,
population_detail.v1,C001679,200,0.22290428444692617,0.5253985305748892,0.5410718869486734,0.675707978275952,1.0,0.0,0.0,0.0,insufficient_group_size,,,0,200,0,success,,
population_detail.v1,C001680,200,0.2115637036515678,0.8237029521605556,0.8656819655360244,1.0042977461816092,0.22,0.105,0.63,0.045,found,13.0,variable_expense_ratio,135,65,24,success,,
population_detail.v1,C001681,200,0.21978036873466683,0.730384761623063,0.7731739648391229,0.9279105121699972,0.015,0.01,0.575,0.4,insufficient_group_size,,,195,5,0,success,,
population_detail.v1,C001682,200,0.24204555740227784,0.5818550442651883,0.6088678074584133,0.7316749771145397,0.115,0.03,0.74,0.115,found,13.0,variable_expense_ratio,171,29,11,success,,
population_detail.v1,C001683,200,0.3442952327279669,0.7510559441757165,0.7765218302078689,0.9345436653741526,0.105,0.055,0.765,0.075,found,13.0,variable_expense_ratio,168,32,9,success,,
population_detail.v1,C001684,200,0.16002573648706353,0.5465507126802145,0.5717088555061036,0.7079087256272093,0.12,0.06,0.705,0.115,found,13.0,variable_expense_ratio,164,36,24,success,,
population_detail.v1,C001685,200,0.22709309255691243,0.7289459707452771,0.7580465699994008,0.9602462500559686,0.985,0.01,0.005,0.0,insufficient_group_size,,,1,199,0,success,,
population_detail.v1,C001686,200,0.22935284198549158,0.8113565726517886,0.8448559343542883,1.0558643757926975,0.54,0.055,0.405,0.0,found,13.0,variable_expense_ratio,81,119,24,success,,
population_detail.v1,C001687,200,0.21473480101282824,0.9661729112859899,1.0296132461137497,1.2971941359325334,0.505,0.09,0.405,0.0,found,13.0,variable_expense_ratio,81,119,24,success,,
population_detail.v1,C001688,200,0.36819384617538164,0.9584185317183517,0.9738214475811964,1.3849485311525276,0.31,0.69,0.0,0.0,insufficient_group_size,,,0,200,0,success,,
population_detail.v1,C001689,200,0.292494473734959,0.6164552357843018,0.635918332321031,0.7535155497833179,0.335,0.11,0.49,0.065,found,13.0,variable_expense_ratio,111,89,24,success,,
population_detail.v1,C001690,200,0.23481731173014989,1.1673137743490845,1.2210360935853193,1.5917009546141185,0.515,0.485,0.0,0.0,insufficient_group_size,,,0,200,0,success,,
population_detail.v1,C001691,200,0.1554664448342549,0.9525826342947201,1.07823771575796,1.3237265679331933,0.265,0.045,0.685,0.005,found,13.0,savings_rate,138,62,2,success,,
population_detail.v1,C001692,200,0.3629447991805673,1.2300216821855943,1.2924768593884173,1.7986615436686737,0.325,0.675,0.0,0.0,insufficient_group_size,,,0,200,0,success,,
population_detail.v1,C001693,200,0.2691267245116185,0.8026576132941855,0.8118685149826586,1.1637188466460235,0.0,0.0,0.105,0.895,insufficient_group_size,,,200,0,0,success,,
population_detail.v1,C001694,200,0.2134630105620466,0.695455614703096,0.7345082701663614,0.9428163597754197,0.765,0.065,0.17,0.0,found,13.0,variable_expense_ratio,34,166,24,success,,
population_detail.v1,C001695,200,0.20621038639307265,0.561616049693546,0.5841124785951042,0.7599550017297902,1.0,0.0,0.0,0.0,insufficient_group_size,,,0,200,0,success,,
population_detail.v1,C001696,200,0.23867571028185589,0.7767834072889093,0.8280577388863501,1.0231730117881188,0.72,0.065,0.215,0.0,found,13.0,variable_expense_ratio,43,157,24,success,,
population_detail.v1,C001697,200,0.21226026309613646,0.49271515367115787,0.5199312699198018,0.6191355726214907,0.955,0.03,0.015,0.0,insufficient_group_size,,,3,197,0,success,,
population_detail.v1,C001698,200,0.20396150674617833,0.5091359636407577,0.5333170931671614,0.6307477159016849,0.965,0.03,0.005,0.0,insufficient_group_size,,,1,199,0,success,,
population_detail.v1,C001699,200,0.4411012792015201,1.0080064341305626,1.0552003743949427,1.2859730149117514,0.975,0.015,0.01,0.0,insufficient_group_size,,,2,198,0,success,,
population_detail.v1,C001700,200,0.3042317524069174,1.1432398502392527,1.192941831560825,1.47421714908199,0.355,0.165,0.46,0.02,found,13.0,variable_expense_ratio,96,104,24,success,,
population_detail.v1,C001701,200,0.23514065531848224,0.9811275438981084,1.0108901863233892,1.3532073212290538,0.42,0.58,0.0,0.0,insufficient_group_size,,,0,200,0,success,,
population_detail.v1,C001702,200,0.20442893351157934,0.5522591227573215,0.5856210564430311,0.6816307413030593,1.0,0.0,0.0,0.0,insufficient_group_size,,,0,200,0,success,,
population_detail.v1,C001703,200,0.2051884917465008,0.5081821275086829,0.5244436160800895,0.6288604217500051,0.985,0.01,0.005,0.0,insufficient_group_size,,,1,199,0,success,,
population_detail.v1,C001704,200,0.46392051511707705,1.290168393284685,1.3265252178179427,1.7338213532834206,0.875,0.015,0.11,0.0,found,13.0,cash_balance_ratio,22,178,24,success,,
population_detail.v1,C001705,200,0.1884034846158482,0.5034592299825184,0.5238391143197236,0.6320857463027272,0.99,0.01,0.0,0.0,insufficient_group_size,,,0,200,0,success,,
population_detail.v1,C001706,200,0.1717399489457074,1.2508569030489567,1.3396234527105917,1.8892757495515287,0.875,0.125,0.0,0.0,insufficient_group_size,,,0,200,0,success,,
population_detail.v1,C001707,200,0.20781526309525047,0.7920144667233556,0.8191150501243749,1.0564464678749037,0.03,0.01,0.535,0.425,insufficient_group_size,,,192,8,0,success,,
population_detail.v1,C001708,200,0.21780676739070856,1.1543620318988475,1.2260912260724042,1.4852909738225644,0.385,0.24,0.345,0.03,found,13.0,variable_expense_ratio,75,125,24,success,,
population_detail.v1,C001709,200,0.24758636279568846,0.5113012735760601,0.5235150963978871,0.6181413673279277,0.805,0.075,0.115,0.005,found,13.0,variable_expense_ratio,24,176,24,success,,
population_detail.v1,C001710,200,0.2347707496614298,0.658583728662652,0.7075548344542653,0.8119897491921813,0.92,0.045,0.035,0.0,insufficient_group_size,,,7,193,0,success,,
population_detail.v1,C001711,200,0.4054376486475853,1.330065671798879,1.3788945091743992,1.6430930628245293,0.48,0.52,0.0,0.0,insufficient_group_size,,,0,200,0,success,,
population_detail.v1,C001712,200,1.8716091834242903,7.815336321979908,8.074374015247042,8.29761529053668,0.53,0.47,0.0,0.0,insufficient_group_size,,,0,200,0,success,,
population_detail.v1,C001713,200,0.28756728091037403,0.8239124047263718,0.8463220411335304,1.026825995322586,0.02,0.01,0.435,0.535,insufficient_group_size,,,194,6,0,success,,
population_detail.v1,C001714,200,0.16580772932997587,0.5635108851625753,0.5978882818656971,0.6804562923801284,1.0,0.0,0.0,0.0,insufficient_group_size,,,0,200,0,success,,
population_detail.v1,C001715,200,0.21288676488467817,0.7190572391553632,0.7542848345096039,0.8828065644874027,0.885,0.035,0.08,0.0,insufficient_group_size,,,16,184,0,success,,
population_detail.v1,C001716,200,0.25482726826814,0.6267850587244778,0.6497382562290145,0.753545897371453,0.685,0.01,0.305,0.0,found,13.0,variable_expense_ratio,61,139,24,success,,
population_detail.v1,C001717,200,0.41882829500974583,1.352744731831923,1.41618616935305,1.6883634910277163,0.63,0.37,0.0,0.0,insufficient_group_size,,,0,200,0,success,,
population_detail.v1,C001718,200,0.34508339274570954,1.3402735130326213,1.408922135146594,2.079595215487591,0.305,0.695,0.0,0.0,insufficient_group_size,,,0,200,0,success,,
population_detail.v1,C001719,200,0.19709703841616616,0.6546895525869055,0.6695263177706483,0.8399409441895039,0.04,0.01,0.8,0.15,insufficient_group_size,,,190,10,0,success,,
population_detail.v1,C001720,200,0.2994889004339158,0.9334569511478583,0.9776198219953103,1.288643954487858,0.0,0.005,0.375,0.62,insufficient_group_size,,,199,1,0,success,,
population_detail.v1,C001721,200,0.14010803114667755,0.5903858345931767,0.6159765721445022,0.7670815640061114,0.93,0.055,0.015,0.0,insufficient_group_size,,,3,197,0,success,,
population_detail.v1,C001722,200,0.20243145305170554,0.4754820306482151,0.4785663683250261,0.6068675426861373,0.955,0.04,0.005,0.0,insufficient_group_size,,,1,199,0,success,,
population_detail.v1,C001723,200,0.21357041151604042,0.7204105583178955,0.7527270842012161,0.8488571762909217,0.945,0.025,0.03,0.0,insufficient_group_size,,,6,194,0,success,,
population_detail.v1,C001724,200,0.3003388824304354,0.9620974100001942,1.0187650596159643,1.4264038961670824,0.26,0.74,0.0,0.0,insufficient_group_size,,,0,200,0,success,,
population_detail.v1,C001725,200,0.2904310306909203,0.6033072337233683,0.6325582699072866,0.7432049533265199,0.175,0.07,0.66,0.095,found,13.0,variable_expense_ratio,151,49,24,success,,
population_detail.v1,C001726,200,0.2783369839462897,0.6457343944825368,0.6626890889545788,0.8361737722105026,0.965,0.025,0.01,0.0,insufficient_group_size,,,2,198,0,success,,
population_detail.v1,C001727,200,0.12231505863533997,0.7249330025531856,0.7696057064237796,1.008218274165007,0.61,0.035,0.355,0.0,found,13.0,variable_expense_ratio,71,129,24,success,,
population_detail.v1,C001728,200,0.4879956794648886,1.033828626299538,1.0585927843240996,1.1804677606812153,0.49,0.19,0.28,0.04,found,13.0,cash_balance_ratio,64,136,24,success,,
population_detail.v1,C001729,200,0.2690007752369911,0.6536766142646591,0.6877118934487574,0.8453603528769834,0.98,0.015,0.005,0.0,insufficient_group_size,,,1,199,0,success,,
population_detail.v1,C001730,200,0.327625015979441,0.9159122445193212,0.9279304333869134,1.3325837145594523,0.0,0.005,0.335,0.66,insufficient_group_size,,,199,1,0,success,,
population_detail.v1,C001731,200,0.23452779732602563,0.5812962356890998,0.6004461672701538,0.7634143909381704,0.915,0.035,0.05,0.0,insufficient_group_size,,,10,190,0,success,,
population_detail.v1,C001732,200,0.15231209530204362,0.6207184119138148,0.6618487427540991,0.7638219234783592,1.0,0.0,0.0,0.0,insufficient_group_size,,,0,200,0,success,,
population_detail.v1,C001733,200,0.1740545113809919,0.6383810081944464,0.6594642289989383,0.8353825378777212,1.0,0.0,0.0,0.0,insufficient_group_size,,,0,200,0,success,,
population_detail.v1,C001734,200,0.19769621992182168,0.8357720967540091,0.899716498731489,1.1394181572840247,0.49,0.025,0.485,0.0,found,13.0,variable_expense_ratio,97,103,24,success,,
population_detail.v1,C001735,200,0.13542748726817286,0.42130880345319555,0.4115733603675646,0.6157278937202485,1.0,0.0,0.0,0.0,insufficient_group_size,,,0,200,0,success,,
population_detail.v1,C001736,200,0.3306046154991108,0.7223498147944207,0.7389835803057225,0.8985382666573956,0.2,0.06,0.7,0.04,found,13.0,variable_expense_ratio,148,52,24,success,,
population_detail.v1,C001737,200,0.24091586686474864,0.77102322133875,0.8015804344631907,1.0790818047513886,0.0,0.0,0.125,0.875,insufficient_group_size,,,200,0,0,success,,
population_detail.v1,C001738,200,0.24617522795641844,0.5024180024989764,0.5137836927083018,0.6332210563082656,0.995,0.0,0.005,0.0,insufficient_group_size,,,1,199,0,success,,
population_detail.v1,C001739,200,0.20758225785545287,0.6383357459282579,0.6767649248716259,0.8089776593654506,0.845,0.045,0.105,0.005,found,13.0,variable_expense_ratio,22,178,24,success,,
population_detail.v1,C001740,200,0.9824540284108599,1.5638038182466485,1.6037296664934484,1.8111662396696855,0.915,0.085,0.0,0.0,insufficient_group_size,,,0,200,0,success,,
population_detail.v1,C001741,200,0.2128965931550772,0.7697422541861104,0.8081146432049577,0.9949596260015224,0.095,0.015,0.655,0.235,found,13.0,loan_balance_ratio,178,22,24,success,,
population_detail.v1,C001742,200,0.21919092565093026,0.6383468622647503,0.6686870940278815,0.8054140382614966,0.415,0.15,0.42,0.015,found,13.0,variable_expense_ratio,87,113,24,success,,
population_detail.v1,C001743,200,0.7139687852913139,2.3902754967813333,2.5145904327051367,2.616670172125772,0.16,0.065,0.56,0.215,found,13.0,cash_balance_ratio,155,45,24,success,,
population_detail.v1,C001744,200,0.3625896620277104,1.3481954357122936,1.4182028573131413,1.8784138544103592,0.95,0.05,0.0,0.0,insufficient_group_size,,,0,200,0,success,,
population_detail.v1,C001745,200,0.16245142745437938,1.1045638803225877,1.1394766608893572,1.5190065079102684,0.51,0.49,0.0,0.0,insufficient_group_size,,,0,200,0,success,,
population_detail.v1,C001746,200,0.16608752136004162,0.6379837999336974,0.6731315876582913,0.8166754710406444,0.08,0.04,0.765,0.115,found,13.0,cash_balance_ratio,176,24,24,success,,
population_detail.v1,C001747,200,0.25459953978998706,1.0625897403019733,1.0940909690645129,1.5060248421500437,0.485,0.515,0.0,0.0,insufficient_group_size,,,0,200,0,success,,
population_detail.v1,C001748,200,0.22430447504024062,0.5022828408050994,0.5178474515245399,0.6667503649628129,0.995,0.005,0.0,0.0,insufficient_group_size,,,0,200,0,success,,
population_detail.v1,C001749,200,0.5145215076234396,3.6298814816471174,3.764786309520031,3.862842704154146,0.26,0.035,0.365,0.34,found,13.0,cash_balance_ratio,141,59,24,success,,
population_detail.v1,C001750,200,0.37653110581411364,1.296387392958826,1.3533849404699612,1.5773947354190982,0.39,0.235,0.335,0.04,found,13.0,cash_balance_ratio,75,125,24,success,,
population_detail.v1,C001751,200,0.3802514731361497,1.3276646045535705,1.3809351077901184,1.7114135701271704,0.48,0.185,0.33,0.005,found,13.0,variable_expense_ratio,67,133,24,success,,
population_detail.v1,C001752,200,0.21199834534198617,0.5177470039139042,0.5429510210594083,0.6473015729746051,1.0,0.0,0.0,0.0,insufficient_group_size,,,0,200,0,success,,
population_detail.v1,C001753,200,0.15360886279151137,0.47488560853201905,0.470686078995308,0.6829840358765399,1.0,0.0,0.0,0.0,insufficient_group_size,,,0,200,0,success,,
population_detail.v1,C001754,200,0.17024035594914574,0.5036320453408595,0.5185133373950408,0.661310806019048,1.0,0.0,0.0,0.0,insufficient_group_size,,,0,200,0,success,,
population_detail.v1,C001755,200,0.895053968857799,2.927750433723473,3.063979225534423,3.1834014089542424,0.275,0.105,0.52,0.1,found,13.0,cash_balance_ratio,124,76,24,success,,
population_detail.v1,C001756,200,0.25034918734902484,0.6821594958830807,0.7116181183363213,0.8960664863089248,0.98,0.015,0.005,0.0,insufficient_group_size,,,1,199,0,success,,
population_detail.v1,C001757,200,0.2855309949232492,0.8629027198691898,0.8934202817637211,1.1835740529935428,0.0,0.0,0.07,0.93,insufficient_group_size,,,200,0,0,success,,
population_detail.v1,C001758,200,0.24885231586388035,0.9806555112410402,1.0252659718168466,1.4856890940946343,0.33,0.67,0.0,0.0,insufficient_group_size,,,0,200,0,success,,
population_detail.v1,C001759,200,0.18412179513783505,0.5464556100676866,0.56170675632828,0.7330485705541598,1.0,0.0,0.0,0.0,insufficient_group_size,,,0,200,0,success,,
population_detail.v1,C001760,200,0.34056946992215825,0.7992738918115233,0.825512230789873,0.9962658291771651,0.36,0.145,0.42,0.075,found,13.0,variable_expense_ratio,99,101,24,success,,
population_detail.v1,C001761,200,0.2099525324964195,0.7074410118480127,0.736347835926808,0.8865859894038938,0.28,0.135,0.495,0.09,found,13.0,variable_expense_ratio,117,83,24,success,,
population_detail.v1,C001762,200,0.19496352637140968,0.5909112881548654,0.6207700398008054,0.7591281630964628,1.0,0.0,0.0,0.0,insufficient_group_size,,,0,200,0,success,,
population_detail.v1,C001763,200,0.2932609366808329,0.644428218283229,0.6646731065962188,0.8028403839247863,0.555,0.115,0.295,0.035,found,13.0,variable_expense_ratio,66,134,24,success,,
population_detail.v1,C001764,200,0.22353651960233392,0.553395676542077,0.5722447014689473,0.6940001029764312,0.595,0.08,0.325,0.0,found,13.0,variable_expense_ratio,65,135,24,success,,
population_detail.v1,C001765,200,0.33233053876875696,0.6508275498811141,0.6749888533519659,0.8039592228085193,0.66,0.115,0.22,0.005,found,13.0,variable_expense_ratio,45,155,24,success,,
population_detail.v1,C001766,200,0.25344661613314373,0.5046921571597907,0.524898640983525,0.6314329329264073,0.99,0.01,0.0,0.0,insufficient_group_size,,,0,200,0,success,,
population_detail.v1,C001767,200,0.3864500593422351,1.2215984521483134,1.3074284023782572,1.6255377038748275,0.825,0.175,0.0,0.0,insufficient_group_size,,,0,200,0,success,,
population_detail.v1,C001768,200,0.2302195180961255,0.651660016423692,0.6882882794604118,0.8261436611056582,1.0,0.0,0.0,0.0,insufficient_group_size,,,0,200,0,success,,
population_detail.v1,C001769,200,0.4907307700271302,1.3933843922170133,1.4508348778624058,1.7653534726029023,0.335,0.08,0.585,0.0,found,13.0,variable_expense_ratio,117,83,24,success,,
population_detail.v1,C001770,200,0.8599257384225725,17.859606746531487,20.75483286595716,21.330564206629195,0.27,0.68,0.05,0.0,insufficient_group_size,,,10,190,0,success,,
population_detail.v1,C001771,200,0.22173612375506455,0.524206508360812,0.546921860690947,0.6706371126474212,0.995,0.0,0.005,0.0,insufficient_group_size,,,1,199,0,success,,
population_detail.v1,C001772,200,0.2026015311436516,0.49942478133590884,0.5197709408413955,0.6343347329558324,0.875,0.02,0.105,0.0,found,13.0,variable_expense_ratio,21,179,24,success,,
population_detail.v1,C001773,200,0.15325347655123217,0.6989679501559257,0.742095974874376,0.9323447839583098,0.03,0.03,0.685,0.255,insufficient_group_size,,,188,12,0,success,,
population_detail.v1,C001774,200,0.356227811750199,1.0122651020916136,1.0580498637463147,1.2688023127319377,0.395,0.16,0.44,0.005,found,13.0,variable_expense_ratio,89,111,24,success,,
population_detail.v1,C001775,200,0.16921510677688914,0.6872570290823314,0.7232700700672037,0.8842285127095817,0.02,0.015,0.525,0.44,insufficient_group_size,,,193,7,0,success,,
population_detail.v1,C001776,200,0.2870569077835297,0.9273744202021653,0.9375360726978363,1.3492418863750022,0.29,0.035,0.675,0.0,found,13.0,savings_rate,135,65,3,success,,
population_detail.v1,C001777,200,0.1940614407517933,0.5125160916918985,0.5352998487626683,0.6730444250755664,0.98,0.01,0.01,0.0,insufficient_group_size,,,2,198,0,success,,
population_detail.v1,C001778,200,0.17236465863522019,0.5012252167496879,0.5151826386152791,0.6361253105163036,1.0,0.0,0.0,0.0,insufficient_group_size,,,0,200,0,success,,
population_detail.v1,C001779,200,0.42695877931735204,1.084887123321966,1.118770952799677,1.4278119707677313,0.0,0.005,0.36,0.635,insufficient_group_size,,,199,1,0,success,,
population_detail.v1,C001780,200,0.24512319316910383,1.0101856984876987,1.0751113277406996,1.3272635309731897,0.48,0.055,0.465,0.0,found,13.0,variable_expense_ratio,93,107,24,success,,
population_detail.v1,C001781,200,0.16586410431278703,0.5971850506301276,0.6057940203638881,0.8004865295400488,1.0,0.0,0.0,0.0,insufficient_group_size,,,0,200,0,success,,
population_detail.v1,C001782,200,0.15032125009811723,0.5350600376968577,0.5618936660654152,0.7429265917679407,1.0,0.0,0.0,0.0,insufficient_group_size,,,0,200,0,success,,
population_detail.v1,C001783,200,0.19018695081295797,0.5745870504545807,0.5961314411721337,0.8171621151893395,0.97,0.015,0.015,0.0,insufficient_group_size,,,3,197,0,success,,
population_detail.v1,C001784,200,0.18842154480573634,0.5711125239028254,0.6015298895450101,0.7236896181457072,1.0,0.0,0.0,0.0,insufficient_group_size,,,0,200,0,success,,
population_detail.v1,C001785,200,0.3819627072425934,1.0275660500241264,1.0428241706388204,1.3421181646381015,0.0,0.0,0.145,0.855,insufficient_group_size,,,200,0,0,success,,
population_detail.v1,C001786,200,0.27079957385910447,0.8747078600335416,0.9112567391151389,1.1634988057443758,0.61,0.085,0.305,0.0,found,13.0,variable_expense_ratio,61,139,24,success,,
population_detail.v1,C001787,200,0.36718225847394637,1.033198914971959,1.1026910611426652,1.276346271173642,0.61,0.03,0.36,0.0,found,13.0,variable_expense_ratio,72,128,24,success,,
population_detail.v1,C001788,200,0.25011300204534465,0.6265060716250904,0.650523500255342,0.7753105954889482,0.335,0.15,0.49,0.025,found,13.0,cash_balance_ratio,103,97,24,success,,
population_detail.v1,C001789,200,0.240963961956421,0.6022106445488951,0.6207060475976953,0.8091690110234547,0.965,0.0,0.035,0.0,insufficient_group_size,,,7,193,0,success,,
population_detail.v1,C001790,200,0.26442505656490933,0.9160538478420364,0.9453301943792616,1.265153668832758,0.4,0.6,0.0,0.0,insufficient_group_size,,,0,200,0,success,,
population_detail.v1,C001791,200,0.29771013610071373,0.8990948736279537,0.939595909057954,1.2158295994744035,0.0,0.0,0.035,0.965,insufficient_group_size,,,200,0,0,success,,
population_detail.v1,C001792,200,0.3052873500191714,0.6133144773461138,0.6439304508187056,0.7883440094187055,0.175,0.08,0.675,0.07,found,13.0,variable_expense_ratio,149,51,8,success,,
population_detail.v1,C001793,200,0.2706502089053977,0.7991841018487004,0.8166193932292933,1.1058380226672844,0.0,0.0,0.085,0.915,insufficient_group_size,,,200,0,0,success,,
population_detail.v1,C001794,200,0.19441198008757132,0.7216416640902413,0.7405566533798773,0.935742543946012,0.12,0.07,0.755,0.055,found,13.0,loan_balance_ratio,162,38,24,success,,
population_detail.v1,C001795,200,0.1258583439148388,0.6310346354227158,0.6371647316980082,0.796360565255458,0.355,0.175,0.41,0.06,found,13.0,variable_expense_ratio,94,106,24,success,,
population_detail.v1,C001796,200,0.6626826121722647,3.030915174995745,3.229312457838247,4.066782070499594,0.58,0.125,0.295,0.0,found,13.0,variable_expense_ratio,59,141,24,success,,
population_detail.v1,C001797,200,0.3005961465597873,0.5847236682105101,0.6077120704345702,0.7543891775822642,0.09,0.03,0.74,0.14,found,13.0,variable_expense_ratio,176,24,24,success,,
population_detail.v1,C001798,200,0.25821276486648137,0.7618344291912365,0.7948376501501281,1.0021049668758646,0.775,0.075,0.15,0.0,found,13.0,variable_expense_ratio,30,170,24,success,,
population_detail.v1,C001799,200,0.1519582620053657,0.4775352523014199,0.49060311392374495,0.6104691641670736,0.99,0.0,0.01,0.0,insufficient_group_size,,,2,198,0,success,,
population_detail.v1,C001800,200,0.1700229492570774,0.5359878106193495,0.5662045625366829,0.7034247529568762,1.0,0.0,0.0,0.0,insufficient_group_size,,,0,200,0,success,,
population_detail.v1,C001801,200,0.35915037807373684,1.464667939287893,1.554028190019517,1.9302611684299869,0.0,0.0,0.025,0.975,insufficient_group_size,,,200,0,0,success,,
population_detail.v1,C001802,200,0.09691486834153042,0.5610714519953095,0.5726447077742283,0.7403876716822217,0.995,0.005,0.0,0.0,insufficient_group_size,,,0,200,0,success,,
population_detail.v1,C001803,200,0.7518798631137843,1.7373439493599898,1.7764265659572345,1.899221921068252,0.375,0.195,0.375,0.055,found,13.0,variable_expense_ratio,86,114,24,success,,
population_detail.v1,C001804,200,0.27452676645181834,1.0100565065309055,1.006222149907508,1.5492008065554808,0.315,0.685,0.0,0.0,insufficient_group_size,,,0,200,0,success,,
population_detail.v1,C001805,200,0.1902152030819695,0.6767322304571627,0.7231378728586542,0.8465657609447981,0.085,0.045,0.77,0.1,found,13.0,variable_expense_ratio,174,26,24,success,,
population_detail.v1,C001806,200,0.2832694512484745,0.5735952198372147,0.5882164981706958,0.719156203987872,0.99,0.005,0.005,0.0,insufficient_group_size,,,1,199,0,success,,
population_detail.v1,C001807,200,0.5758334298291247,1.357336563907013,1.4170558828372841,1.7952100067187553,0.0,0.0,0.11,0.89,insufficient_group_size,,,200,0,0,success,,
population_detail.v1,C001808,200,0.19844027248205048,0.8017909507876467,0.8559323752625405,1.0566362936625435,0.98,0.015,0.005,0.0,insufficient_group_size,,,1,199,0,success,,
population_detail.v1,C001809,200,0.4345001842633136,0.856797981986021,0.8903194095443676,1.1292322759204334,0.0,0.0,0.03,0.97,insufficient_group_size,,,200,0,0,success,,
population_detail.v1,C001810,200,0.23127582402305674,0.7597968572051014,0.8009982477527615,0.9294980436367135,0.24,0.115,0.6,0.045,found,13.0,variable_expense_ratio,129,71,24,success,,
population_detail.v1,C001811,200,0.2707991379522613,0.7792631426870125,0.8087241197330235,0.9511887478635729,0.145,0.075,0.7,0.08,found,13.0,variable_expense_ratio,156,44,24,success,,
population_detail.v1,C001812,200,0.37277741863816755,0.9135554006720646,0.9385986802040482,1.2251280759238314,0.005,0.01,0.335,0.65,insufficient_group_size,,,197,3,0,success,,
population_detail.v1,C001813,200,0.19317411718449648,0.5879845134580745,0.6175084567083863,0.748425517696389,0.965,0.015,0.02,0.0,insufficient_group_size,,,4,196,0,success,,
population_detail.v1,C001814,200,0.23556428273818691,0.5559824759118385,0.5821812099571431,0.7011243754885252,0.995,0.0,0.005,0.0,insufficient_group_size,,,1,199,0,success,,
population_detail.v1,C001815,200,0.27868202032545675,0.9762581550540588,1.0301003953536534,1.185417551188691,0.39,0.245,0.325,0.04,found,13.0,cash_balance_ratio,73,127,24,success,,
population_detail.v1,C001816,200,0.36892746019904626,1.2288022221085921,1.23576749299714,1.8155757753602064,0.82,0.18,0.0,0.0,insufficient_group_size,,,0,200,0,success,,
population_detail.v1,C001817,200,0.12336819327836321,0.4843990874629487,0.48895855650719033,0.6904178360592022,0.995,0.0,0.005,0.0,insufficient_group_size,,,1,199,0,success,,
population_detail.v1,C001818,200,0.44900091362415795,0.9776131776629865,1.0254046592014225,1.312822477186438,0.49,0.205,0.295,0.01,found,13.0,variable_expense_ratio,61,139,24,success,,
population_detail.v1,C001819,200,0.24806639719112825,1.270441221141158,1.3217862215839125,1.6348336966029364,0.565,0.435,0.0,0.0,insufficient_group_size,,,0,200,0,success,,
population_detail.v1,C001820,200,0.27508680760630794,0.7878211641423352,0.8343489625952067,1.000653560311877,0.445,0.215,0.33,0.01,found,13.0,variable_expense_ratio,68,132,24,success,,
population_detail.v1,C001821,200,0.17024035594914574,0.5499916037043515,0.570339085394971,0.6913067548403814,0.99,0.01,0.0,0.0,insufficient_group_size,,,0,200,0,success,,
population_detail.v1,C001822,200,0.193731443335774,0.49160843847013574,0.49388566846078,0.6616004182736084,0.995,0.005,0.0,0.0,insufficient_group_size,,,0,200,0,success,,
population_detail.v1,C001823,200,0.3705568831862856,0.8094385507840218,0.8074055324722414,1.157904261163403,0.42,0.04,0.54,0.0,found,13.0,variable_expense_ratio,108,92,24,success,,
population_detail.v1,C001824,200,0.22974039471993987,0.9221533803163172,0.9728940939243881,1.2104285707878093,0.45,0.02,0.53,0.0,found,13.0,cash_balance_ratio,106,94,24,success,,
population_detail.v1,C001825,200,0.2372341323471761,0.5452878705391914,0.5654975713915684,0.6875243264995656,0.225,0.075,0.625,0.075,found,13.0,cash_balance_ratio,140,60,24,success,,
population_detail.v1,C001826,200,0.7586798542827022,2.6867559109374524,2.865887608505893,3.26428968321852,0.0,0.0,0.03,0.97,insufficient_group_size,,,200,0,0,success,,
population_detail.v1,C001827,200,0.2499647350321721,0.6476688040043208,0.6839917338459743,0.7781799928018288,0.67,0.17,0.15,0.01,found,13.0,variable_expense_ratio,32,168,24,success,,
population_detail.v1,C001828,200,0.15378885577434775,0.8678717966920922,0.9068581969528965,1.1411996503495154,0.005,0.02,0.695,0.28,insufficient_group_size,,,195,5,0,success,,
population_detail.v1,C001829,200,0.26626206332464886,0.5820687699295675,0.5963048891892822,0.7311810574142074,0.05,0.02,0.685,0.245,insufficient_group_size,,,186,14,0,success,,
population_detail.v1,C001830,200,0.36360869024902387,0.7146641767269958,0.7379186338919317,0.9062826851810671,0.01,0.01,0.655,0.325,insufficient_group_size,,,196,4,0,success,,
population_detail.v1,C001831,200,0.24317569626513347,1.0057498134996157,1.0589626029684744,1.2858168774450414,0.0,0.0,0.195,0.805,insufficient_group_size,,,200,0,0,success,,
population_detail.v1,C001832,200,0.4961825302600194,1.22029216019544,1.253177770936043,1.5443732843147586,0.485,0.515,0.0,0.0,insufficient_group_size,,,0,200,0,success,,
population_detail.v1,C001833,200,0.25209364628646785,1.340865051611361,1.4052699483332018,2.016580198008194,0.975,0.01,0.015,0.0,insufficient_group_size,,,3,197,0,success,,
population_detail.v1,C001834,200,0.2258663267577093,0.5173015604628008,0.525863801703372,0.6819053164377017,0.98,0.02,0.0,0.0,insufficient_group_size,,,0,200,0,success,,
population_detail.v1,C001835,200,0.240813319318017,0.7335546690019712,0.7567538824307081,0.9464894882347481,1.0,0.0,0.0,0.0,insufficient_group_size,,,0,200,0,success,,
population_detail.v1,C001836,200,0.44126794668688235,1.425002021546096,1.5152247002520651,1.9236013125739448,0.54,0.105,0.355,0.0,found,13.0,variable_expense_ratio,71,129,24,success,,
population_detail.v1,C001837,200,0.19011352800449874,0.5818257351321673,0.6003564236942207,0.7138981369732134,0.7,0.1,0.195,0.005,found,13.0,variable_expense_ratio,40,160,24,success,,
population_detail.v1,C001838,200,0.3015714787479766,0.5892381801619608,0.6068314800557638,0.7377958013154272,0.99,0.0,0.01,0.0,insufficient_group_size,,,2,198,0,success,,
population_detail.v1,C001839,200,0.49589751227721857,1.8622653690692998,2.036762672267317,2.2339290776557497,0.765,0.07,0.135,0.03,found,13.0,cash_balance_ratio,33,167,24,success,,
population_detail.v1,C001840,200,0.16116580564847327,0.4902480282171999,0.520310150351091,0.6446791937875508,1.0,0.0,0.0,0.0,insufficient_group_size,,,0,200,0,success,,
population_detail.v1,C001841,200,0.41315639597651854,1.379283760939774,1.4999185432847744,1.993315905414737,0.745,0.255,0.0,0.0,insufficient_group_size,,,0,200,0,success,,
population_detail.v1,C001842,200,0.4749364046696194,1.1549546325255207,1.2069737291110751,1.4608682577196659,0.0,0.0,0.27,0.73,insufficient_group_size,,,200,0,0,success,,
population_detail.v1,C001843,200,0.25894460515718726,0.7507203241608517,0.7846489012043438,1.0169998954870838,0.0,0.0,0.055,0.945,insufficient_group_size,,,200,0,0,success,,
population_detail.v1,C001844,200,0.2950391796444959,1.4259394886742982,1.483829603053274,1.7297406387628198,0.46,0.54,0.0,0.0,insufficient_group_size,,,0,200,0,success,,
population_detail.v1,C001845,200,0.4057588742988607,0.9960938142412498,1.0703346621969008,1.2530137079650048,0.0,0.0,0.315,0.685,insufficient_group_size,,,200,0,0,success,,
population_detail.v1,C001846,200,0.23983222655048253,1.2667882884044304,1.3576762567814729,1.9304754491648515,0.885,0.115,0.0,0.0,insufficient_group_size,,,0,200,0,success,,
population_detail.v1,C001847,200,0.2717091075531864,1.0966351156766578,1.1167203570270243,1.5700271374514314,0.405,0.595,0.0,0.0,insufficient_group_size,,,0,200,0,success,,
population_detail.v1,C001848,200,0.3486137818026479,0.9194722583385871,0.9597945200975416,1.166126531176941,0.385,0.205,0.375,0.035,found,13.0,variable_expense_ratio,82,118,24,success,,
population_detail.v1,C001849,200,0.19003290853273058,0.7008816379197148,0.7114681342630074,0.9886421607840752,0.515,0.055,0.43,0.0,found,13.0,variable_expense_ratio,86,114,24,success,,
population_detail.v1,C001850,200,0.27586488808585274,0.8877613446185307,0.9465673705276288,1.1458187957264347,0.05,0.02,0.8,0.13,insufficient_group_size,,,186,14,0,success,,
population_detail.v1,C001851,200,0.28972006466133343,0.9604577060789647,0.9943225453707114,1.2388028244372173,0.0,0.0,0.195,0.805,insufficient_group_size,,,200,0,0,success,,
population_detail.v1,C001852,200,0.19280317816776024,1.7506578877609582,1.8155995189732708,2.39772024750357,0.555,0.11,0.335,0.0,found,13.0,variable_expense_ratio,67,133,24,success,,
population_detail.v1,C001853,200,2.89951399816444,11.686883647584319,13.316229996286594,13.723658567520173,0.405,0.415,0.115,0.065,found,13.0,cash_balance_ratio,36,164,24,success,,
population_detail.v1,C001854,200,0.1123445880434022,0.5768872634420101,0.6208283160054167,0.7811695875600365,0.98,0.015,0.005,0.0,insufficient_group_size,,,1,199,0,success,,
population_detail.v1,C001855,200,0.18177226588648537,0.5795816722516336,0.6056833916009838,0.7246513187133803,0.215,0.02,0.7,0.065,found,13.0,variable_expense_ratio,153,47,24,success,,
population_detail.v1,C001856,200,0.1671166194851943,0.6442893194747202,0.6681433114002757,0.8035913897461645,0.065,0.015,0.82,0.1,insufficient_group_size,,,184,16,0,success,,
population_detail.v1,C001857,200,0.19874216178133133,0.5646284734720726,0.589007179832015,0.7576272798900197,1.0,0.0,0.0,0.0,insufficient_group_size,,,0,200,0,success,,
population_detail.v1,C001858,200,0.23858335180085366,1.0232753719884427,1.094811721504,1.3551383913851658,0.42,0.17,0.395,0.015,found,13.0,variable_expense_ratio,82,118,24,success,,
population_detail.v1,C001859,200,2.3637614964469407,4.876146771603166,5.020361059619582,5.212974361316348,0.425,0.025,0.545,0.005,found,13.0,variable_expense_ratio,110,90,24,success,,
population_detail.v1,C001860,200,0.4469750912053105,2.059131998047794,2.120533192475193,2.9527454905966155,0.545,0.135,0.32,0.0,found,13.0,variable_expense_ratio,64,136,24,success,,
population_detail.v1,C001861,200,0.16375145699074958,0.5005360777940944,0.5261803953372794,0.6190492138410698,0.995,0.005,0.0,0.0,insufficient_group_size,,,0,200,0,success,,
population_detail.v1,C001862,200,0.2067973453028049,1.1030396852175548,1.097481372456782,1.6540600357507071,0.885,0.115,0.0,0.0,insufficient_group_size,,,0,200,0,success,,
population_detail.v1,C001863,200,0.18567769495751996,0.5408788480081151,0.5650787362108817,0.6656801737779152,0.13,0.035,0.73,0.105,found,13.0,variable_expense_ratio,167,33,24,success,,
population_detail.v1,C001864,200,1.463601045127372,15.078874355529765,17.39747372289507,18.015457180453982,0.275,0.675,0.05,0.0,insufficient_group_size,,,10,190,0,success,,
population_detail.v1,C001865,200,0.17158015463221626,0.6880075258345102,0.7167034648990938,0.8673180193448098,0.145,0.11,0.715,0.03,found,13.0,cash_balance_ratio,149,51,24,success,,
population_detail.v1,C001866,200,0.3134550558832745,0.9181528096552679,0.9557136561021715,1.2115529251224508,0.005,0.01,0.335,0.65,insufficient_group_size,,,197,3,0,success,,
population_detail.v1,C001867,200,0.15643249132771142,0.8243295682702382,0.8643610241274713,1.0373998346636135,0.83,0.115,0.055,0.0,insufficient_group_size,,,11,189,0,success,,
population_detail.v1,C001868,200,0.2526869502752698,0.5382043058971097,0.5589245418085431,0.6633105265884655,0.285,0.03,0.64,0.045,found,13.0,variable_expense_ratio,137,63,24,success,,
population_detail.v1,C001869,200,0.18056266933908066,1.0698190786845156,1.198538226195415,1.4386189879766333,0.2,0.035,0.75,0.015,found,13.0,savings_rate,153,47,2,success,,
population_detail.v1,C001870,200,0.22614403710976563,1.031171569606023,1.0821780667807321,1.3963918869506249,0.455,0.545,0.0,0.0,insufficient_group_size,,,0,200,0,success,,
population_detail.v1,C001871,200,0.21459266894250295,0.7017925250438962,0.7282409187627141,0.9309333754185273,0.04,0.015,0.58,0.365,insufficient_group_size,,,189,11,0,success,,
population_detail.v1,C001872,200,0.372393440833018,0.8521481993723401,0.8810927119534926,1.187495330953518,0.0,0.0,0.095,0.905,insufficient_group_size,,,200,0,0,success,,
population_detail.v1,C001873,200,0.24802549698904874,0.8112894868586676,0.866587090791263,1.0231665856145717,0.64,0.14,0.215,0.005,found,13.0,variable_expense_ratio,44,156,24,success,,
population_detail.v1,C001874,200,0.18079426134391277,0.5562253414452976,0.5759291974701718,0.6956199847083794,1.0,0.0,0.0,0.0,insufficient_group_size,,,0,200,0,success,,
population_detail.v1,C001875,200,0.4523314681329102,1.1023516657763788,1.1354804759146062,1.4207453393176865,0.01,0.01,0.37,0.61,insufficient_group_size,,,196,4,0,success,,
population_detail.v1,C001876,200,0.20854363994103634,0.6488844107354295,0.6641451387503675,0.8565141769018924,0.37,0.145,0.42,0.065,found,13.0,variable_expense_ratio,97,103,24,success,,
population_detail.v1,C001877,200,0.13715754564733973,0.5209593931794274,0.5537689039181215,0.7117371952590807,0.995,0.005,0.0,0.0,insufficient_group_size,,,0,200,0,success,,
population_detail.v1,C001878,200,0.237379671479913,0.7860288829090397,0.813137592539819,1.1109019497144612,0.0,0.0,0.06,0.94,insufficient_group_size,,,200,0,0,success,,
population_detail.v1,C001879,200,0.2883358797166207,1.4690999772184399,1.503206949701461,2.047988787762064,0.98,0.02,0.0,0.0,insufficient_group_size,,,0,200,0,success,,
population_detail.v1,C001880,200,0.20564908537231394,0.8585661369933659,0.8842249241327949,1.132801036115668,0.1,0.015,0.615,0.27,found,13.0,savings_rate,177,23,7,success,,
population_detail.v1,C001881,200,0.646754272786731,7.645100462026071,9.033510597844177,9.299008515505813,0.54,0.32,0.115,0.025,found,13.0,cash_balance_ratio,28,172,24,success,,
population_detail.v1,C001882,200,0.19790313645047033,0.5412098614830203,0.5557900773632578,0.7065797469049854,0.99,0.01,0.0,0.0,insufficient_group_size,,,0,200,0,success,,
population_detail.v1,C001883,200,0.2602184714121556,0.8275676676992003,0.8620873437124289,1.047411658496968,0.37,0.115,0.49,0.025,found,13.0,variable_expense_ratio,103,97,24,success,,
population_detail.v1,C001884,200,0.35915037807373684,1.5320217022820493,1.6387985844912893,2.0188356459164654,0.0,0.0,0.03,0.97,insufficient_group_size,,,200,0,0,success,,
population_detail.v1,C001885,200,0.37653110581411364,1.1686607862490792,1.2327533844664476,1.4393145848342797,0.365,0.225,0.36,0.05,found,13.0,variable_expense_ratio,82,118,24,success,,
population_detail.v1,C001886,200,0.2312573262773791,0.5268235596498115,0.5326115233136428,0.7605839437088269,0.995,0.0,0.005,0.0,insufficient_group_size,,,1,199,0,success,,
population_detail.v1,C001887,200,0.11835357191187246,0.5919714558100331,0.6408987939758739,0.8752124498884217,1.0,0.0,0.0,0.0,insufficient_group_size,,,0,200,0,success,,
population_detail.v1,C001888,200,0.26764274206009697,0.6685284372639022,0.7046119202159422,0.8394198508206978,0.54,0.095,0.36,0.005,found,13.0,variable_expense_ratio,73,127,24,success,,
population_detail.v1,C001889,200,0.3498344350356992,1.1040810507470857,1.1789735835257527,1.4201832236329568,0.35,0.05,0.6,0.0,found,13.0,savings_rate,120,80,4,success,,
population_detail.v1,C001890,200,0.20590646947028352,0.5667844623657033,0.5980630526235239,0.7037160786369278,1.0,0.0,0.0,0.0,insufficient_group_size,,,0,200,0,success,,
population_detail.v1,C001891,200,0.22041777320736058,1.270196357247191,1.3379730059541992,1.8515093535236922,0.97,0.03,0.0,0.0,insufficient_group_size,,,0,200,0,success,,
population_detail.v1,C001892,200,0.2707321538400269,0.5638006352184817,0.5840040443738516,0.7142470964680074,0.155,0.095,0.675,0.075,found,13.0,variable_expense_ratio,150,50,24,success,,
population_detail.v1,C001893,200,0.4225077249123829,1.4769173904992767,1.5973527536801764,2.0116258476740496,0.605,0.11,0.285,0.0,found,13.0,variable_expense_ratio,57,143,24,success,,
population_detail.v1,C001894,200,0.24981898007903489,0.6398078951813168,0.6542350184828096,0.8118358605024202,0.11,0.075,0.77,0.045,found,13.0,cash_balance_ratio,163,37,24,success,,
population_detail.v1,C001895,200,0.29623710407774273,1.502570827933925,1.7469237995510962,1.9338693903270083,0.825,0.0,0.175,0.0,found,13.0,cash_balance_ratio,35,165,24,success,,
population_detail.v1,C001896,200,0.1282692007124102,0.49204586883966955,0.5008574336317047,0.7170379573385187,1.0,0.0,0.0,0.0,insufficient_group_size,,,0,200,0,success,,
population_detail.v1,C001897,200,0.22784149462859682,0.7172992663428214,0.7248265885677945,0.9865874532195702,0.0,0.0,0.105,0.895,insufficient_group_size,,,200,0,0,success,,
population_detail.v1,C001898,200,0.33416567855252255,1.2586325215081822,1.3279082073929125,1.5866581901699097,0.545,0.185,0.26,0.01,found,13.0,variable_expense_ratio,54,146,24,success,,
population_detail.v1,C001899,200,0.14399462707889069,0.4959187299558605,0.5139850443977609,0.6542391672981706,1.0,0.0,0.0,0.0,insufficient_group_size,,,0,200,0,success,,
population_detail.v1,C001900,200,0.26342814271808773,1.527596589237357,1.6980034658107863,1.8572722697769104,0.695,0.01,0.295,0.0,found,13.0,cash_balance_ratio,59,141,24,success,,
population_detail.v1,C001901,200,0.48664600416686477,1.0195374412101097,1.0514438691821215,1.2318009929808373,0.0,0.0,0.11,0.89,insufficient_group_size,,,200,0,0,success,,
population_detail.v1,C001902,200,0.20695476894284084,1.4928817090241717,1.6116217830340154,1.9905773662990023,0.42,0.58,0.0,0.0,insufficient_group_size,,,0,200,0,success,,
population_detail.v1,C001903,200,0.21513277729965996,0.523067213514104,0.5403595078433595,0.6931856161470022,1.0,0.0,0.0,0.0,insufficient_group_size,,,0,200,0,success,,
population_detail.v1,C001904,200,0.3544629773130311,1.0388636832862337,1.0954875063011742,1.3152435264824163,0.465,0.215,0.315,0.005,found,13.0,variable_expense_ratio,64,136,24,success,,
population_detail.v1,C001905,200,0.2883645181764417,0.8564347833634476,0.8821560523777578,1.1607986598119961,0.0,0.0,0.12,0.88,insufficient_group_size,,,200,0,0,success,,
population_detail.v1,C001906,200,0.19175144824086743,0.47961694404792143,0.49501757678197944,0.6236355322995697,0.985,0.01,0.005,0.0,insufficient_group_size,,,1,199,0,success,,
population_detail.v1,C001907,200,0.32354013592887837,0.7465254103137999,0.7819381041243608,0.9640944993504693,0.02,0.015,0.45,0.515,insufficient_group_size,,,193,7,0,success,,
population_detail.v1,C001908,200,0.30084323883232894,0.7856602370396909,0.816584837384797,1.0450325921256536,0.015,0.015,0.39,0.58,insufficient_group_size,,,194,6,0,success,,
population_detail.v1,C001909,200,0.2876537794328314,0.6483592732840142,0.6649209558455056,0.807476323933677,0.385,0.09,0.51,0.015,found,13.0,variable_expense_ratio,105,95,24,success,,
population_detail.v1,C001910,200,0.14360839280976745,0.48144191900451316,0.502652499863426,0.684871332905739,1.0,0.0,0.0,0.0,insufficient_group_size,,,0,200,0,success,,
population_detail.v1,C001911,200,0.20166767023635543,0.6039572608444473,0.6233965664027374,0.7462105964816702,0.605,0.085,0.305,0.005,found,13.0,variable_expense_ratio,62,138,24,success,,
population_detail.v1,C001912,200,0.5597411618840604,0.9845911115620379,1.0095989098029565,1.1056303378690706,0.025,0.015,0.575,0.385,insufficient_group_size,,,192,8,0,success,,
population_detail.v1,C001913,200,0.1804977668560078,0.5771489824051836,0.6018418226774475,0.7147049700608034,0.975,0.02,0.005,0.0,insufficient_group_size,,,1,199,0,success,,
population_detail.v1,C001914,200,0.3218114418404283,1.3911204627082367,1.4601863668976667,2.014451903626068,0.965,0.035,0.0,0.0,insufficient_group_size,,,0,200,0,success,,
population_detail.v1,C001915,200,0.2534481591368251,0.5284474244462305,0.5490676475772156,0.6534192587496491,0.99,0.005,0.005,0.0,insufficient_group_size,,,1,199,0,success,,
population_detail.v1,C001916,200,0.3802514731361497,1.3385963808087125,1.397529464987221,1.6641978306362557,0.49,0.14,0.365,0.005,found,13.0,variable_expense_ratio,74,126,24,success,,
population_detail.v1,C001917,200,0.22119101637660069,0.9452984817834786,0.9793629245230122,1.358670796052109,0.305,0.695,0.0,0.0,insufficient_group_size,,,0,200,0,success,,
population_detail.v1,C001918,200,0.25694444980650394,0.6790873314535378,0.7109936792653491,0.8846834220263052,0.005,0.01,0.585,0.4,insufficient_group_size,,,197,3,0,success,,
population_detail.v1,C001919,200,0.283391811210905,0.9158424157021937,0.9245567380020172,1.3496939538026902,0.3,0.7,0.0,0.0,insufficient_group_size,,,0,200,0,success,,
population_detail.v1,C001920,200,0.3085606654925272,1.3776386587393634,1.4535266106680906,2.0402550815102263,0.88,0.12,0.0,0.0,insufficient_group_size,,,0,200,0,success,,
population_detail.v1,C001921,200,0.39212009000630577,1.1715493502778886,1.200086062605532,1.5555434165462014,0.0,0.0,0.025,0.975,insufficient_group_size,,,200,0,0,success,,
population_detail.v1,C001922,200,0.2680877236199591,0.7913996729468638,0.8073728814163985,1.0289836795148533,0.015,0.015,0.475,0.495,insufficient_group_size,,,194,6,0,success,,
population_detail.v1,C001923,200,0.4548893864961367,0.7778146262407226,0.7977238405669416,0.9485111092352505,0.095,0.035,0.735,0.135,found,13.0,loan_balance_ratio,174,26,24,success,,
population_detail.v1,C001924,200,0.2307393629401096,1.1665275501543828,1.2397560770557186,1.623622431297058,0.485,0.515,0.0,0.0,insufficient_group_size,,,0,200,0,success,,
population_detail.v1,C001925,200,0.2114471141116469,0.6666590401684723,0.6771040486281945,0.8426706286094495,0.41,0.075,0.5,0.015,found,13.0,variable_expense_ratio,103,97,24,success,,
population_detail.v1,C001926,200,0.21535106249941616,0.6390266184481623,0.6663116194153962,0.8137817374750753,0.11,0.03,0.74,0.12,found,13.0,variable_expense_ratio,172,28,24,success,,
population_detail.v1,C001927,200,0.24870137293511552,0.7257624077118717,0.7596496163637152,0.9273900861758282,0.97,0.02,0.01,0.0,insufficient_group_size,,,2,198,0,success,,
population_detail.v1,C001928,200,0.19618739363941048,0.5506323389011774,0.566025595921569,0.6814167290543114,0.51,0.155,0.32,0.015,found,13.0,variable_expense_ratio,67,133,24,success,,
population_detail.v1,C001929,200,0.20190186916413444,0.5347297081637467,0.5485563280827719,0.7275759048954943,1.0,0.0,0.0,0.0,insufficient_group_size,,,0,200,0,success,,
population_detail.v1,C001930,200,0.3810392878703755,0.9265642390692606,0.9627236549458342,1.1466566036882513,0.07,0.005,0.535,0.39,insufficient_group_size,,,185,15,0,success,,
population_detail.v1,C001931,200,0.26424701606841405,0.5766944624007939,0.5936563135636448,0.7307260863663525,0.09,0.02,0.8,0.09,found,13.0,variable_expense_ratio,178,22,24,success,,
population_detail.v1,C001932,200,0.17427074623407923,0.5004954097007964,0.5283486558163517,0.663230155882077,0.995,0.0,0.005,0.0,insufficient_group_size,,,1,199,0,success,,
population_detail.v1,C001933,200,0.24583736428095757,0.5596929954901906,0.5809354934402288,0.725798591681957,0.105,0.02,0.73,0.145,found,13.0,variable_expense_ratio,175,25,11,success,,
population_detail.v1,C001934,200,0.17236465863522019,0.5181288372411683,0.538005267029942,0.6527516830762086,1.0,0.0,0.0,0.0,insufficient_group_size,,,0,200,0,success,,
population_detail.v1,C001935,200,0.38493489605080494,0.6918456267047688,0.7064135721287068,0.8585953055678077,0.935,0.035,0.03,0.0,insufficient_group_size,,,6,194,0,success,,
population_detail.v1,C001936,200,0.22974039471993987,0.9392101447457718,0.9854708532997389,1.2751655132827937,0.375,0.02,0.605,0.0,found,13.0,cash_balance_ratio,121,79,24,success,,
population_detail.v1,C001937,200,0.23898324239742558,0.7263152871089585,0.7580058139112289,0.9161785435482745,0.285,0.175,0.525,0.015,found,13.0,variable_expense_ratio,108,92,5,success,,
population_detail.v1,C001938,200,0.2905480505108242,0.8847814224983709,0.9231191174492566,1.1055115978735037,0.0,0.0,0.235,0.765,insufficient_group_size,,,200,0,0,success,,
population_detail.v1,C001939,200,0.24985242210722144,0.8482449783102943,0.9117370018792175,1.1015786647409054,0.435,0.055,0.51,0.0,found,13.0,variable_expense_ratio,102,98,24,success,,
population_detail.v1,C001940,200,0.2628444251645561,0.8429436809322384,0.8996977157941158,1.0718244433162523,0.63,0.115,0.25,0.005,found,13.0,variable_expense_ratio,51,149,24,success,,
population_detail.v1,C001941,200,0.27412964523998473,0.7457089634030123,0.777652989094912,0.9079633126706872,0.62,0.175,0.2,0.005,found,13.0,variable_expense_ratio,41,159,24,success,,
population_detail.v1,C001942,200,0.31339836583022596,1.1883221587000716,1.2637037703397258,1.5929737431166122,0.0,0.0,0.03,0.97,insufficient_group_size,,,200,0,0,success,,
population_detail.v1,C001943,200,0.2486565963344068,0.9618671006987278,1.0595305708007619,1.3673797120176336,0.275,0.055,0.67,0.0,found,13.0,variable_expense_ratio,134,66,24,success,,
population_detail.v1,C001944,200,0.1581589603509058,0.6050062362658598,0.6393324161062829,0.7680938084148989,0.16,0.04,0.71,0.09,found,13.0,variable_expense_ratio,160,40,24,success,,
population_detail.v1,C001945,200,0.392439442919228,1.203548090752702,1.2773585313790172,1.748599789019817,0.87,0.13,0.0,0.0,insufficient_group_size,,,0,200,0,success,,
population_detail.v1,C001946,200,0.29192120284098527,0.8142967905912379,0.8431254277466294,0.9854728535033171,0.36,0.2,0.41,0.03,found,13.0,cash_balance_ratio,88,112,24,success,,
population_detail.v1,C001947,200,0.2563970970351569,0.7287873445569149,0.7540731072206712,0.9988525311697528,0.0,0.0,0.105,0.895,insufficient_group_size,,,200,0,0,success,,
population_detail.v1,C001948,200,0.19933217478179,0.6137711965878985,0.6395090131814749,0.7760278582062539,0.155,0.095,0.69,0.06,found,13.0,variable_expense_ratio,150,50,24,success,,
population_detail.v1,C001949,200,0.1258583439148388,0.6427237269980765,0.6520005975252154,0.8263759908464675,0.345,0.17,0.43,0.055,found,13.0,variable_expense_ratio,97,103,24,success,,
population_detail.v1,C001950,200,0.19024482335874673,0.9409596127554137,0.9524850324266546,1.4042491500263428,0.285,0.715,0.0,0.0,insufficient_group_size,,,0,200,0,success,,
population_detail.v1,C001951,200,0.37164134417418637,0.8752214731330471,0.9152456785154143,1.15130828878698,0.005,0.01,0.655,0.33,insufficient_group_size,,,197,3,0,success,,
population_detail.v1,C001952,200,0.14360839280976745,0.4787516425201165,0.4812522384994891,0.6831534865254323,1.0,0.0,0.0,0.0,insufficient_group_size,,,0,200,0,success,,
population_detail.v1,C001953,200,0.33587294073817875,1.0155696646808103,1.0552630867824995,1.362077862872052,0.01,0.005,0.33,0.655,insufficient_group_size,,,197,3,0,success,,
population_detail.v1,C001954,200,0.3858990142597574,1.476158905937935,1.592287470778064,1.8806565878187977,0.585,0.395,0.0,0.02,insufficient_group_size,,,4,196,0,success,,
population_detail.v1,C001955,200,0.10922403851443913,0.5414043545374535,0.5593834315989359,0.7003956519394375,1.0,0.0,0.0,0.0,insufficient_group_size,,,0,200,0,success,,
population_detail.v1,C001956,200,0.22277231055225682,0.513787579190774,0.5342356522546627,0.6493893550071541,0.245,0.1,0.6,0.055,found,13.0,variable_expense_ratio,131,69,24,success,,
population_detail.v1,C001957,200,0.2346425682732766,0.6363739969051,0.6548652807080966,0.9056749684354503,0.0,0.0,0.105,0.895,insufficient_group_size,,,200,0,0,success,,
population_detail.v1,C001958,200,0.23238421383598837,0.6358491960495811,0.6608452654045593,0.8251085883560388,0.165,0.05,0.72,0.065,found,13.0,variable_expense_ratio,157,43,24,success,,
population_detail.v1,C001959,200,0.18884267316866393,16.136321028820138,18.840891731998248,19.45451677426975,0.275,0.675,0.05,0.0,insufficient_group_size,,,10,190,0,success,,
population_detail.v1,C001960,200,0.13431042124533923,0.7286558224299284,0.7840199254557083,1.0353746103916204,0.98,0.01,0.01,0.0,insufficient_group_size,,,2,198,0,success,,
population_detail.v1,C001961,200,0.2548984044007035,0.9372355528981879,1.0001577204542877,1.2252672814211578,0.36,0.05,0.59,0.0,found,13.0,variable_expense_ratio,118,82,24,success,,
population_detail.v1,C001962,200,0.3699867674045152,0.7871034734640665,0.8166118969843786,0.958239791220328,0.525,0.23,0.235,0.01,found,13.0,variable_expense_ratio,49,151,5,success,,
population_detail.v1,C001963,200,0.47596881453217077,1.0228728526936637,1.0682083366988895,1.1675813555039574,0.0,0.0,0.185,0.815,insufficient_group_size,,,200,0,0,success,,
population_detail.v1,C001964,200,0.5878088331430203,1.7830744437118813,1.9587244371301682,2.104388438121496,0.64,0.04,0.285,0.035,found,13.0,cash_balance_ratio,64,136,24,success,,
population_detail.v1,C001965,200,0.21670041800052534,0.5187367054211771,0.530499161754022,0.6598781783091613,1.0,0.0,0.0,0.0,insufficient_group_size,,,0,200,0,success,,
population_detail.v1,C001966,200,0.15320094317627814,0.4718784450705482,0.5120507735652222,0.6568722739062004,1.0,0.0,0.0,0.0,insufficient_group_size,,,0,200,0,success,,
population_detail.v1,C001967,200,0.12274100325926388,0.46030518689246636,0.47642383974399094,0.6261355760090168,1.0,0.0,0.0,0.0,insufficient_group_size,,,0,200,0,success,,
population_detail.v1,C001968,200,0.2902889551840383,0.7749516522982833,0.8026035895901285,1.0851593526794077,0.005,0.01,0.565,0.42,insufficient_group_size,,,197,3,0,success,,
population_detail.v1,C001969,200,0.17258051206754768,0.6552559560006253,0.6862218433296465,0.8484514245131429,0.19,0.09,0.675,0.045,found,13.0,variable_expense_ratio,144,56,24,success,,
population_detail.v1,C001970,200,0.14737718126606997,0.7086842541156966,0.7633722188498806,0.9954277891564407,0.59,0.04,0.37,0.0,found,13.0,variable_expense_ratio,74,126,24,success,,
population_detail.v1,C001971,200,0.4680953338764641,1.3201177818907177,1.3891649957316545,1.6033624039234933,0.53,0.145,0.325,0.0,found,13.0,variable_expense_ratio,65,135,24,success,,
population_detail.v1,C001972,200,0.969128362524147,2.7830769042564674,2.922066935168206,3.0748087974868294,0.225,0.28,0.29,0.205,found,13.0,cash_balance_ratio,99,101,24,success,,
population_detail.v1,C001973,200,0.30538882416534446,0.7737843635733768,0.8165516016259612,0.9882070515758317,0.01,0.015,0.395,0.58,insufficient_group_size,,,195,5,0,success,,
population_detail.v1,C001974,200,0.22018797265291964,0.5719736087354101,0.5953082547594046,0.7401202579551676,0.135,0.065,0.71,0.09,found,13.0,variable_expense_ratio,160,40,24,success,,
population_detail.v1,C001975,200,0.1592549573639934,0.7105806990558614,0.7536018936315783,0.947345251764759,0.015,0.005,0.77,0.21,insufficient_group_size,,,196,4,0,success,,
population_detail.v1,C001976,200,0.2063693366765927,0.7800122384860859,0.8184227302713858,0.9893378000052636,0.16,0.09,0.715,0.035,found,13.0,cash_balance_ratio,150,50,24,success,,
population_detail.v1,C001977,200,0.20228778408040118,0.7459797954583592,0.7651815769881,0.9735386045246168,0.065,0.015,0.6,0.32,insufficient_group_size,,,184,16,0,success,,
population_detail.v1,C001978,200,0.4371468659278783,0.9320191625013401,0.9847313971432043,1.1423118693033276,0.175,0.11,0.68,0.035,found,13.0,variable_expense_ratio,143,57,24,success,,
population_detail.v1,C001979,200,0.21706069327699942,0.6215799191738397,0.6424870758056943,0.7765878474368522,0.135,0.06,0.755,0.05,found,13.0,cash_balance_ratio,161,39,24,success,,
population_detail.v1,C001980,200,0.3619176703841358,0.9474525444439214,0.9756675489376316,1.2988587207892432,0.43,0.57,0.0,0.0,insufficient_group_size,,,0,200,0,success,,
population_detail.v1,C001981,200,0.15924215509884015,0.49276890103675364,0.5238229039213611,0.6957080922306698,1.0,0.0,0.0,0.0,insufficient_group_size,,,0,200,0,success,,
population_detail.v1,C001982,200,0.33259199805673334,0.7194763339558997,0.7578666874629801,0.9033441688344247,0.945,0.035,0.02,0.0,insufficient_group_size,,,4,196,0,success,,
population_detail.v1,C001983,200,0.9173815447131956,1.6644961698226524,1.6882122914111002,1.8727839196139018,0.015,0.02,0.405,0.56,insufficient_group_size,,,193,7,0,success,,
population_detail.v1,C001984,200,0.12907467390637528,0.6054261112025341,0.6429375877064283,0.8302968861516231,0.935,0.04,0.025,0.0,insufficient_group_size,,,5,195,0,success,,
population_detail.v1,C001985,200,0.2724386911567188,1.4686050509608584,1.6230893181699466,1.9308692739791966,0.74,0.26,0.0,0.0,insufficient_group_size,,,0,200,0,success,,
population_detail.v1,C001986,200,0.1970868851855106,0.5690835175831447,0.5956028416480466,0.7289320858341746,0.95,0.03,0.02,0.0,insufficient_group_size,,,4,196,0,success,,
population_detail.v1,C001987,200,0.4358710033710916,1.4529922341816068,1.565234349469727,1.8261772542987493,0.525,0.18,0.29,0.005,found,13.0,variable_expense_ratio,59,141,24,success,,
population_detail.v1,C001988,200,0.14361121410158453,0.5593780777558188,0.5942117073520985,0.7230350502504427,0.085,0.03,0.76,0.125,found,13.0,variable_expense_ratio,177,23,11,success,,
population_detail.v1,C001989,200,0.1790299215834962,0.8875355432054074,0.9577776514456362,1.2272939809224839,0.39,0.06,0.55,0.0,found,13.0,variable_expense_ratio,110,90,24,success,,
population_detail.v1,C001990,200,0.1417769384914958,0.7333805056960468,0.7438703100095719,1.044188027632527,0.0,0.0,0.115,0.885,insufficient_group_size,,,200,0,0,success,,
population_detail.v1,C001991,200,0.29717798472214546,0.954549459302213,1.0181792260697802,1.1934059409228577,0.4,0.235,0.325,0.04,found,13.0,cash_balance_ratio,73,127,24,success,,
population_detail.v1,C001992,200,0.15181618556234316,0.5607233430380226,0.6051369866712537,0.6793196986226157,1.0,0.0,0.0,0.0,insufficient_group_size,,,0,200,0,success,,
population_detail.v1,C001993,200,0.5897095798871737,2.8738604193379462,3.0573852826467895,3.89555688426701,0.545,0.125,0.33,0.0,found,13.0,variable_expense_ratio,66,134,24,success,,
population_detail.v1,C001994,200,0.28972828831182745,0.6717838228501094,0.6844572823267425,0.909462734713675,0.0,0.0,0.07,0.93,insufficient_group_size,,,200,0,0,success,,
population_detail.v1,C001995,200,0.23365874457226096,0.6023334054968206,0.6357178883713975,0.7474469615260902,0.48,0.145,0.365,0.01,found,13.0,variable_expense_ratio,75,125,24,success,,
population_detail.v1,C001996,200,0.21613048451538283,0.6196173384160094,0.6548387138528325,0.790459154119424,0.195,0.075,0.61,0.12,found,13.0,variable_expense_ratio,146,54,24,success,,
population_detail.v1,C001997,200,0.25741230983076824,1.476157254345492,1.6072979963771759,2.040815715030589,0.87,0.0,0.13,0.0,found,13.0,cash_balance_ratio,26,174,24,success,,
population_detail.v1,C001998,200,0.3398820750863567,0.6925845719186267,0.7070030340581672,0.8256325777969961,0.995,0.005,0.0,0.0,insufficient_group_size,,,0,200,0,success,,
population_detail.v1,C001999,200,0.15938042843365105,0.6363526568218472,0.669086853835803,0.8340225687328495,0.995,0.0,0.005,0.0,insufficient_group_size,,,1,199,0,success,,
population_detail.v1,C002000,200,0.3018292872052051,1.2834962773643535,1.3849729507837232,1.7291654017549494,0.59,0.41,0.0,0.0,insufficient_group_size,,,0,200,0,success,,
population_detail.v1,C002001,200,0.179409639432283,0.5454118201154184,0.5788840539071325,0.7028883638128814,1.0,0.0,0.0,0.0,insufficient_group_size,,,0,200,0,success,,
population_detail.v1,C002002,200,0.2772721822282834,0.8369365608229038,0.9084972154236836,1.0914425952890865,1.0,0.0,0.0,0.0,insufficient_group_size,,,0,200,0,success,,
population_detail.v1,C002003,200,0.22389639042643217,0.9141528165760262,0.966687369075195,1.1002456016059,0.45,0.185,0.365,0.0,found,13.0,variable_expense_ratio,73,127,24,success,,
population_detail.v1,C002004,200,0.26075132074102,0.7764736022252443,0.8145727317708613,0.9916698521458347,0.435,0.22,0.335,0.01,found,13.0,variable_expense_ratio,69,131,5,success,,
population_detail.v1,C002005,200,0.22373392311037232,0.5960985350439321,0.616661677466691,0.7587133719494218,0.14,0.055,0.685,0.12,found,13.0,variable_expense_ratio,161,39,10,success,,
population_detail.v1,C002006,200,0.23266448724209066,0.542053988570126,0.5506291375652156,0.6685913783611678,0.37,0.095,0.5,0.035,found,13.0,variable_expense_ratio,107,93,24,success,,
population_detail.v1,C002007,200,0.332087813250673,0.7015832692634502,0.7201808064783226,0.844052346853346,0.18,0.09,0.645,0.085,found,13.0,variable_expense_ratio,146,54,24,success,,
population_detail.v1,C002008,200,0.2935789472398505,0.9420019214544192,0.9818714444314031,1.290339988700172,0.39,0.61,0.0,0.0,insufficient_group_size,,,0,200,0,success,,
population_detail.v1,C002009,200,0.2702468047493783,0.509440885211575,0.5273831950739404,0.6236876222201106,0.98,0.02,0.0,0.0,insufficient_group_size,,,0,200,0,success,,
population_detail.v1,C002010,200,0.29164312261637565,1.1917595596794661,1.273466354590676,1.6908394366939998,0.435,0.565,0.0,0.0,insufficient_group_size,,,0,200,0,success,,
population_detail.v1,C002011,200,0.13562650373063723,0.5392631178291554,0.5609297601829399,0.7016225970403273,0.1,0.04,0.725,0.135,found,13.0,variable_expense_ratio,172,28,5,success,,
population_detail.v1,C002012,200,0.27464115846510867,0.9255595635487343,0.9680572733106066,1.2764014038611085,0.375,0.625,0.0,0.0,insufficient_group_size,,,0,200,0,success,,
population_detail.v1,C002013,200,0.30235740614868784,1.1790555526416608,1.2559130172998376,1.5866558873212715,0.44,0.085,0.475,0.0,found,13.0,variable_expense_ratio,95,105,24,success,,
population_detail.v1,C002014,200,1.901848612009353,11.75719992106745,13.889622079134686,14.360026813222875,0.51,0.305,0.13,0.055,found,13.0,cash_balance_ratio,37,163,24,success,,
population_detail.v1,C002015,200,0.1822388147928558,0.5074948123315063,0.5296923012437338,0.6537044487041077,1.0,0.0,0.0,0.0,insufficient_group_size,,,0,200,0,success,,
population_detail.v1,C002016,200,0.14747402268348855,0.7204007006402011,0.7572618117197316,0.8840263950896086,1.0,0.0,0.0,0.0,insufficient_group_size,,,0,200,0,success,,
population_detail.v1,C002017,200,0.22632314244774385,0.7220477010901928,0.7525804280387017,0.9227286420009897,0.35,0.17,0.445,0.035,found,13.0,cash_balance_ratio,96,104,24,success,,
population_detail.v1,C002018,200,0.22276522934157192,0.5531911842130891,0.5721092561538044,0.6905186651509361,1.0,0.0,0.0,0.0,insufficient_group_size,,,0,200,0,success,,
population_detail.v1,C002019,200,0.161753578358532,1.1491635554289832,1.1608607982499248,1.782034633153395,0.97,0.03,0.0,0.0,insufficient_group_size,,,0,200,0,success,,
population_detail.v1,C002020,200,0.2940174241985946,0.8625855905434544,0.9184276765781316,1.2436633243698625,0.32,0.68,0.0,0.0,insufficient_group_size,,,0,200,0,success,,
population_detail.v1,C002021,200,0.12085705632754298,0.42031996129676424,0.41080921294801886,0.6212889313175777,1.0,0.0,0.0,0.0,insufficient_group_size,,,0,200,0,success,,
population_detail.v1,C002022,200,0.4488870640666494,1.2959665977896635,1.3700790124178708,1.6024635408602619,0.52,0.48,0.0,0.0,insufficient_group_size,,,0,200,0,success,,
population_detail.v1,C002023,200,0.3035087993101357,1.0717217455343149,1.1178365911689163,1.4460946070929175,0.385,0.615,0.0,0.0,insufficient_group_size,,,0,200,0,success,,
population_detail.v1,C002024,200,0.17407050969810378,0.461277573582407,0.4761108569325033,0.6264170890586856,1.0,0.0,0.0,0.0,insufficient_group_size,,,0,200,0,success,,
population_detail.v1,C002025,200,0.28185714824751723,0.7027071852207015,0.738882714941564,0.8795854793624873,0.115,0.02,0.74,0.125,found,13.0,variable_expense_ratio,173,27,24,success,,
population_detail.v1,C002026,200,0.26219687024769406,0.6987731473738372,0.7214262172702206,0.8987543751752853,0.075,0.025,0.805,0.095,found,13.0,variable_expense_ratio,180,20,6,success,,
population_detail.v1,C002027,200,0.20396150674617833,0.5340180735488204,0.5500814632582793,0.6539907213363141,0.96,0.035,0.005,0.0,insufficient_group_size,,,1,199,0,success,,
population_detail.v1,C002028,200,0.15248029251250306,0.5140403493558543,0.5333969088445629,0.6936835566562309,1.0,0.0,0.0,0.0,insufficient_group_size,,,0,200,0,success,,
population_detail.v1,C002029,200,0.5081587903186354,1.6058439889550755,1.8156067000365734,2.022560360225989,0.725,0.23,0.04,0.005,insufficient_group_size,,,9,191,0,success,,
population_detail.v1,C002030,200,0.1828357213044077,1.1204269366381947,1.1022995615324496,1.8510416955507334,0.93,0.07,0.0,0.0,insufficient_group_size,,,0,200,0,success,,
population_detail.v1,C002031,200,0.18983574435349457,0.5957226352819202,0.6362234434322592,0.7713163093388092,0.95,0.0,0.05,0.0,insufficient_group_size,,,10,190,0,success,,
population_detail.v1,C002032,200,0.23499899758340104,0.7075876599478457,0.7195768912512847,0.9730650915805694,0.0,0.0,0.055,0.945,insufficient_group_size,,,200,0,0,success,,
population_detail.v1,C002033,200,0.17696893267180516,1.3403785837039357,1.4468246919447294,1.9243575528220889,0.975,0.025,0.0,0.0,insufficient_group_size,,,0,200,0,success,,
population_detail.v1,C002034,200,0.30701299227915446,0.6643088454367052,0.6882493237290894,0.8360111371084287,0.085,0.02,0.705,0.19,found,13.0,variable_expense_ratio,179,21,10,success,,
population_detail.v1,C002035,200,0.23150915557482651,0.5392451495204936,0.5640000419453806,0.6660039774880236,0.775,0.11,0.115,0.0,found,13.0,variable_expense_ratio,23,177,24,success,,
population_detail.v1,C002036,200,0.5865037004455878,1.5266482253030915,1.5796597740266107,1.8077790371658453,0.445,0.555,0.0,0.0,insufficient_group_size,,,0,200,0,success,,
population_detail.v1,C002037,200,0.23751287764891235,0.6120675955399794,0.6362126513636314,0.7326077059786998,0.95,0.04,0.01,0.0,insufficient_group_size,,,2,198,0,success,,
population_detail.v1,C002038,200,0.1927344427893574,0.5067154594934138,0.5267176520853879,0.6773352834001202,0.93,0.02,0.05,0.0,insufficient_group_size,,,10,190,0,success,,
population_detail.v1,C002039,200,0.1392608689372842,0.6764225607234234,0.7129262172223481,0.8707187708708858,0.99,0.005,0.005,0.0,insufficient_group_size,,,1,199,0,success,,
population_detail.v1,C002040,200,0.3048254553602406,0.909822503484406,0.9306611088709222,1.2686347499718826,0.0,0.005,0.345,0.65,insufficient_group_size,,,199,1,0,success,,
population_detail.v1,C002041,200,0.17797797670407997,0.5340982633060343,0.5563892857715194,0.6537478660908498,0.765,0.09,0.145,0.0,found,13.0,variable_expense_ratio,29,171,24,success,,
population_detail.v1,C002042,200,0.2469039077100881,0.9911421756346901,1.0769472412659407,1.327489701484339,0.995,0.005,0.0,0.0,insufficient_group_size,,,0,200,0,success,,
population_detail.v1,C002043,200,0.24985242210722144,0.8069383056053739,0.8327733693549962,1.0732570749095263,0.415,0.06,0.525,0.0,found,13.0,variable_expense_ratio,105,95,24,success,,
population_detail.v1,C002044,200,0.20764248591554815,0.8796849415938474,0.9127600391665969,1.2391173815354035,0.0,0.0,0.08,0.92,insufficient_group_size,,,200,0,0,success,,
population_detail.v1,C002045,200,0.5016645428021731,1.3800846706087868,1.4483494913904273,1.9000181807427772,0.81,0.19,0.0,0.0,insufficient_group_size,,,0,200,0,success,,
population_detail.v1,C002046,200,0.17320201627082352,0.5504863203329832,0.5635231474063337,0.7366246353313984,0.99,0.01,0.0,0.0,insufficient_group_size,,,0,200,0,success,,
population_detail.v1,C002047,200,2.3194305202175727,10.858347842007628,11.984589837803668,12.114163566577146,0.455,0.135,0.13,0.28,found,13.0,cash_balance_ratio,82,118,24,success,,
population_detail.v1,C002048,200,0.2308108466359642,0.6238897286443854,0.6424820590701465,0.8644553472371885,1.0,0.0,0.0,0.0,insufficient_group_size,,,0,200,0,success,,
population_detail.v1,C002049,200,0.41797986981609947,1.4549978990409023,1.5343505164197915,1.8108840325744107,0.5,0.5,0.0,0.0,insufficient_group_size,,,0,200,0,success,,
population_detail.v1,C002050,200,0.23219705467696303,0.6774636223900578,0.7052420066887979,0.8071087807531527,0.94,0.03,0.03,0.0,insufficient_group_size,,,6,194,0,success,,
population_detail.v1,C002051,200,0.22468420547448265,0.6770321187902835,0.7256223827459496,0.943072545829651,1.0,0.0,0.0,0.0,insufficient_group_size,,,0,200,0,success,,
population_detail.v1,C002052,200,0.23936400068995622,1.1080460145045465,1.1794917550314037,1.450118260123582,0.63,0.07,0.3,0.0,found,13.0,variable_expense_ratio,60,140,24,success,,
population_detail.v1,C002053,200,0.3093717601959981,1.1443044885217069,1.1707796866696256,1.6595682471419206,0.305,0.695,0.0,0.0,insufficient_group_size,,,0,200,0,success,,
population_detail.v1,C002054,200,0.2669838983589046,0.8351106253216696,0.8533807245263576,1.0505144853766322,0.03,0.005,0.765,0.2,insufficient_group_size,,,193,7,0,success,,
population_detail.v1,C002055,200,0.1602834569178676,0.4883618671832495,0.5101196265735359,0.62476000946398,0.94,0.05,0.01,0.0,insufficient_group_size,,,2,198,0,success,,
population_detail.v1,C002056,200,0.2068871468583117,0.54114845859425,0.5639255417649991,0.6730767681410651,1.0,0.0,0.0,0.0,insufficient_group_size,,,0,200,0,success,,
population_detail.v1,C002057,200,0.4179045721699081,0.9877497417622272,1.0170601906111791,1.292224474889552,0.5,0.03,0.47,0.0,found,13.0,variable_expense_ratio,94,106,24,success,,
population_detail.v1,C002058,200,0.3089936162390082,0.8085554265663035,0.8422431785367879,1.0567163385225111,0.915,0.015,0.07,0.0,insufficient_group_size,,,14,186,0,success,,
population_detail.v1,C002059,200,0.2774601096610482,0.6867447640881569,0.7058929837906318,0.8807843194952772,0.09,0.04,0.79,0.08,found,13.0,variable_expense_ratio,174,26,24,success,,
population_detail.v1,C002060,200,0.16179264561947704,0.5492645488520915,0.570937906164283,0.7360485956707544,0.96,0.035,0.005,0.0,insufficient_group_size,,,1,199,0,success,,
population_detail.v1,C002061,200,0.3430759665151208,1.432586041136873,1.4658460897122394,1.701958247776074,0.735,0.265,0.0,0.0,insufficient_group_size,,,0,200,0,success,,
population_detail.v1,C002062,200,0.8929217691759787,4.029164132336767,4.131183024777238,4.19643539967029,0.07,0.015,0.42,0.495,insufficient_group_size,,,183,17,0,success,,
population_detail.v1,C002063,200,0.16586410431278703,0.6119229484542945,0.6328713686240991,0.7831578971319131,1.0,0.0,0.0,0.0,insufficient_group_size,,,0,200,0,success,,
population_detail.v1,C002064,200,0.2772360642008498,0.5803533607119938,0.608185178273869,0.6976377695035448,0.345,0.075,0.545,0.035,found,13.0,variable_expense_ratio,116,84,24,success,,
population_detail.v1,C002065,200,0.30114618904017665,0.6833384675523331,0.7163089594306854,0.8772048796909351,0.045,0.015,0.755,0.185,insufficient_group_size,,,188,12,0,success,,
population_detail.v1,C002066,200,0.2703167742333598,0.5921075867835353,0.6220476166310691,0.6986880709125565,1.0,0.0,0.0,0.0,insufficient_group_size,,,0,200,0,success,,
population_detail.v1,C002067,200,0.19617131037367602,0.7066337529300039,0.7273244690472697,1.0102716359880397,0.0,0.0,0.105,0.895,insufficient_group_size,,,200,0,0,success,,
population_detail.v1,C002068,200,0.3676083310190117,1.206374044163751,1.2613721304949026,1.55123510024715,0.59,0.41,0.0,0.0,insufficient_group_size,,,0,200,0,success,,
population_detail.v1,C002069,200,0.3949067833418102,1.1282478290499354,1.1736419274029268,1.4617912592830495,0.0,0.005,0.495,0.5,insufficient_group_size,,,199,1,0,success,,
population_detail.v1,C002070,200,0.6078904093340819,1.3934931948042222,1.412298393194897,1.890522720303874,0.98,0.02,0.0,0.0,insufficient_group_size,,,0,200,0,success,,
population_detail.v1,C002071,200,0.19031985926343384,0.6854070813687929,0.7235376215749243,0.8439869660292623,0.43,0.185,0.36,0.025,found,13.0,cash_balance_ratio,77,123,24,success,,
population_detail.v1,C002072,200,2.0149995369232245,11.774776244178799,13.928686382214975,14.271991935903067,0.49,0.345,0.11,0.055,found,13.0,cash_balance_ratio,33,167,24,success,,
population_detail.v1,C002073,200,0.28845647248227707,0.8515133856454176,0.8989634725320019,1.0740478080318827,0.495,0.21,0.285,0.01,found,13.0,variable_expense_ratio,59,141,24,success,,
population_detail.v1,C002074,200,0.14360601028920797,0.47803548042726673,0.49817283658911565,0.6269365641047622,0.94,0.015,0.045,0.0,insufficient_group_size,,,9,191,0,success,,
population_detail.v1,C002075,200,0.21161395826475457,0.9906139482546287,1.084682265115149,1.347797866223293,0.995,0.005,0.0,0.0,insufficient_group_size,,,0,200,0,success,,
population_detail.v1,C002076,200,0.2618617402791993,0.628392228244556,0.6521308176178177,0.7870529694965979,0.05,0.04,0.775,0.135,insufficient_group_size,,,182,18,0,success,,
population_detail.v1,C002077,200,0.1696477465104544,0.46521721176412073,0.48652119564744467,0.5967516200122635,0.985,0.01,0.005,0.0,insufficient_group_size,,,1,199,0,success,,
population_detail.v1,C002078,200,0.20605656748485612,0.6451696931352676,0.6935969667711659,0.8349144766413439,0.135,0.075,0.74,0.05,found,13.0,variable_expense_ratio,158,42,24,success,,
population_detail.v1,C002079,200,0.9539652332486397,4.3244588854093555,4.617110104702411,4.732320664399008,0.385,0.295,0.135,0.185,found,13.0,cash_balance_ratio,64,136,24,success,,
population_detail.v1,C002080,200,0.34045413385008866,1.2895770015308385,1.3237576116944019,1.6894238291359707,0.535,0.465,0.0,0.0,insufficient_group_size,,,0,200,0,success,,
population_detail.v1,C002081,200,0.22984877322886943,0.6714201626113899,0.6929111128872261,0.8568226494864537,0.04,0.02,0.665,0.275,insufficient_group_size,,,188,12,0,success,,
population_detail.v1,C002082,200,0.1489217646564158,0.7707754721492968,0.805996598820004,1.038653150260097,1.0,0.0,0.0,0.0,insufficient_group_size,,,0,200,0,success,,
population_detail.v1,C002083,200,0.11813052679612045,0.6281915888545312,0.6478379608133594,0.8430387908986549,0.865,0.04,0.095,0.0,insufficient_group_size,,,19,181,0,success,,
population_detail.v1,C002084,200,0.1286114833604657,0.5401807140847799,0.5690257768171095,0.6821524282310116,1.0,0.0,0.0,0.0,insufficient_group_size,,,0,200,0,success,,
population_detail.v1,C002085,200,0.3263563775388106,1.1791586028927863,1.2728326645577939,1.5799064404969605,0.48,0.095,0.425,0.0,found,13.0,variable_expense_ratio,85,115,24,success,,
population_detail.v1,C002086,200,0.24181009410700433,0.7605574703693401,0.8000984147034184,0.9482549000833488,0.48,0.14,0.375,0.005,found,13.0,variable_expense_ratio,76,124,24,success,,
population_detail.v1,C002087,200,0.3690667297409576,1.1565910180744217,1.1585376314565845,1.625643087539849,0.88,0.12,0.0,0.0,insufficient_group_size,,,0,200,0,success,,
population_detail.v1,C002088,200,0.17612707225639193,0.5747644655872411,0.5984486353191814,0.7214704480318624,0.985,0.01,0.005,0.0,insufficient_group_size,,,1,199,0,success,,
population_detail.v1,C002089,200,0.38793519785692127,1.1475216297648432,1.2018876555483349,1.5429413185171155,0.0,0.0,0.125,0.875,insufficient_group_size,,,200,0,0,success,,
population_detail.v1,C002090,200,0.2067973453028049,1.1298219033073265,1.1474007398707067,1.6850518936472223,0.89,0.11,0.0,0.0,insufficient_group_size,,,0,200,0,success,,
population_detail.v1,C002091,200,0.2914274618243976,1.495305695889333,1.5422010209671941,1.9359876883899643,0.705,0.295,0.0,0.0,insufficient_group_size,,,0,200,0,success,,
population_detail.v1,C002092,200,0.21883285615697676,0.7938055153050976,0.8265937258783854,1.0774760518483224,0.0,0.01,0.55,0.44,insufficient_group_size,,,198,2,0,success,,
population_detail.v1,C002093,200,0.45114420766051994,0.8536985708997257,0.8852602006910633,1.072352021575368,0.015,0.005,0.725,0.255,insufficient_group_size,,,196,4,0,success,,
population_detail.v1,C002094,200,1.7984515478721352,2.394911442007792,2.429870269231621,2.5510994392620367,0.03,0.01,0.415,0.545,insufficient_group_size,,,192,8,0,success,,
population_detail.v1,C002095,200,0.1436222608731227,0.9063606723647061,0.9937574216327267,1.3292770824426328,0.265,0.045,0.69,0.0,found,13.0,savings_rate,138,62,2,success,,
population_detail.v1,C002096,200,0.21529559127003178,0.6713740339899965,0.7045794834825893,0.9019435601076031,0.86,0.055,0.085,0.0,insufficient_group_size,,,17,183,0,success,,
population_detail.v1,C002097,200,0.2171304619487776,0.7067323084650192,0.7492122525009117,0.8924074187083417,0.405,0.125,0.4,0.07,found,13.0,variable_expense_ratio,94,106,24,success,,
population_detail.v1,C002098,200,0.27559103575812793,0.5322127954256379,0.5504168414647241,0.6396861177703995,0.815,0.035,0.15,0.0,found,13.0,variable_expense_ratio,30,170,24,success,,
population_detail.v1,C002099,200,0.21040261596611207,0.6347087921311269,0.6653292835723281,0.7650963485174848,0.995,0.0,0.005,0.0,insufficient_group_size,,,1,199,0,success,,
population_detail.v1,C002100,200,0.5100740556767556,1.1988286102881094,1.253944282136755,1.5558358612106966,0.0,0.0,0.055,0.945,insufficient_group_size,,,200,0,0,success,,
population_detail.v1,C002101,200,0.38145128279188123,0.6352203509103184,0.650759190258416,0.7632248609924551,0.355,0.05,0.495,0.1,found,13.0,cash_balance_ratio,119,81,24,success,,
population_detail.v1,C002102,200,0.24148584215395866,0.9264245581876451,0.9630905601781949,1.3012379905572435,0.38,0.62,0.0,0.0,insufficient_group_size,,,0,200,0,success,,
population_detail.v1,C002103,200,0.25104303803184586,0.4817049769800557,0.49721983210265447,0.591163746367899,0.855,0.07,0.075,0.0,insufficient_group_size,,,15,185,0,success,,
population_detail.v1,C002104,200,0.17927942730158014,0.7244002761677484,0.7542277981344468,0.9516748577887197,0.21,0.11,0.56,0.12,found,13.0,cash_balance_ratio,136,64,24,success,,
population_detail.v1,C002105,200,0.43036226690957846,1.192333811886857,1.2469247158341505,1.4992609590699133,0.005,0.0,0.2,0.795,insufficient_group_size,,,199,1,0,success,,
population_detail.v1,C002106,200,0.27665171314253695,0.7832449365789427,0.8253734542273673,0.9788692520865375,0.03,0.005,0.575,0.39,insufficient_group_size,,,193,7,0,success,,
population_detail.v1,C002107,200,0.40197742049339136,1.3418887548414864,1.4346087238971958,1.7178870016550962,0.005,0.005,0.22,0.77,insufficient_group_size,,,198,2,0,success,,
population_detail.v1,C002108,200,0.24341097982018253,0.6089249795297406,0.6260288585023726,0.7904194507670386,1.0,0.0,0.0,0.0,insufficient_group_size,,,0,200,0,success,,
population_detail.v1,C002109,200,0.28733240048048986,0.8387311426613471,0.8604730684092674,1.1261428443127246,0.01,0.01,0.39,0.59,insufficient_group_size,,,196,4,0,success,,
population_detail.v1,C002110,200,0.1841089581160273,1.1085262841719719,1.1150556566247962,1.7436986990646544,0.945,0.055,0.0,0.0,insufficient_group_size,,,0,200,0,success,,
population_detail.v1,C002111,200,0.3597957772279643,1.0225266065148506,1.049586033859192,1.3832846391862974,0.02,0.005,0.34,0.635,insufficient_group_size,,,195,5,0,success,,
population_detail.v1,C002112,200,0.16802219159452722,0.7677048779932211,0.8171990476901667,1.0116066902044303,1.0,0.0,0.0,0.0,insufficient_group_size,,,0,200,0,success,,
population_detail.v1,C002113,200,0.21835512777856492,1.2416710135475768,1.3128717746357126,1.9144998599300365,0.96,0.01,0.03,0.0,insufficient_group_size,,,6,194,0,success,,
population_detail.v1,C002114,200,0.9539652332486397,4.47623323672182,4.7653401612907444,4.936590373376854,0.415,0.48,0.095,0.01,found,13.0,cash_balance_ratio,21,179,24,success,,
population_detail.v1,C002115,200,0.8760750467401723,1.1926952337732402,1.217206180360309,1.3337625174511047,0.305,0.045,0.485,0.165,found,13.0,cash_balance_ratio,130,70,24,success,,
population_detail.v1,C002116,200,0.40146643810694704,1.3321066083554154,1.3955234207889473,1.942468441964648,0.935,0.065,0.0,0.0,insufficient_group_size,,,0,200,0,success,,
population_detail.v1,C002117,200,0.317859869545512,0.8722990851242238,0.9034453745936408,1.1419016853028199,0.04,0.02,0.595,0.345,insufficient_group_size,,,188,12,0,success,,
population_detail.v1,C002118,200,0.454710869707159,0.8546833025722751,0.869169390539235,0.9881116432878843,0.135,0.07,0.705,0.09,found,13.0,cash_balance_ratio,159,41,24,success,,
population_detail.v1,C002119,200,0.27048611761886737,0.7655833531996311,0.8166541679092459,0.9746978602390672,0.78,0.115,0.1,0.005,found,13.0,variable_expense_ratio,21,179,24,success,,
population_detail.v1,C002120,200,0.40344010877748876,1.0157868520802487,1.0831097092189754,1.2541822579867652,0.59,0.145,0.26,0.005,found,13.0,variable_expense_ratio,53,147,24,success,,
population_detail.v1,C002121,200,0.28441702452772,0.5679035836813653,0.5896497331493551,0.6701570545949287,1.0,0.0,0.0,0.0,insufficient_group_size,,,0,200,0,success,,
population_detail.v1,C002122,200,0.16245142745437938,1.131717967360388,1.186972282675205,1.5390263973065577,0.535,0.465,0.0,0.0,insufficient_group_size,,,0,200,0,success,,
population_detail.v1,C002123,200,0.20983448734228854,0.94794879561707,0.987051057249426,1.241529933456078,0.935,0.03,0.035,0.0,insufficient_group_size,,,7,193,0,success,,
population_detail.v1,C002124,200,0.1911690795133762,1.0600636731889517,1.1100052415304025,1.343566276737074,0.72,0.09,0.19,0.0,found,13.0,variable_expense_ratio,38,162,24,success,,
population_detail.v1,C002125,200,0.3456720814367346,1.2968537793285224,1.446644086826793,1.8945092083578905,0.75,0.25,0.0,0.0,insufficient_group_size,,,0,200,0,success,,
population_detail.v1,C002126,200,0.31410988933321116,0.8768603696618404,0.9100118079310983,1.1026592188977056,0.02,0.015,0.52,0.445,insufficient_group_size,,,193,7,0,success,,
population_detail.v1,C002127,200,0.22166450840214078,0.7510721980811477,0.7765107190516081,1.0573333814158574,0.0,0.0,0.15,0.85,insufficient_group_size,,,200,0,0,success,,
population_detail.v1,C002128,200,0.2935789472398505,0.9022123669924415,0.9381050032940887,1.2376825601217485,0.375,0.625,0.0,0.0,insufficient_group_size,,,0,200,0,success,,
population_detail.v1,C002129,200,0.30197783910892073,1.0223305771169142,1.0781380114486714,1.3941023157724917,0.465,0.535,0.0,0.0,insufficient_group_size,,,0,200,0,success,,
population_detail.v1,C002130,200,0.505233701746905,1.6187201950868546,1.7983853548723077,2.0821822286692595,0.89,0.105,0.0,0.005,insufficient_group_size,,,1,199,0,success,,
population_detail.v1,C002131,200,0.3567011876807569,1.1250035217749375,1.1432531275556386,1.793239352357083,0.295,0.705,0.0,0.0,insufficient_group_size,,,0,200,0,success,,
population_detail.v1,C002132,200,0.19947744064216297,0.775952520152449,0.8126149507648786,1.0455183647165718,0.005,0.02,0.7,0.275,insufficient_group_size,,,195,5,0,success,,
population_detail.v1,C002133,200,0.22508911679819216,0.5109550264376728,0.5256550201953918,0.6529360292122863,1.0,0.0,0.0,0.0,insufficient_group_size,,,0,200,0,success,,
population_detail.v1,C002134,200,0.20707004805535253,0.5143791430358059,0.5312200613095666,0.651831656992856,0.41,0.09,0.46,0.04,found,13.0,variable_expense_ratio,100,100,24,success,,
population_detail.v1,C002135,200,0.2084967134203911,0.5342479281109602,0.554474512835764,0.6481447768868593,0.75,0.085,0.165,0.0,found,13.0,variable_expense_ratio,33,167,24,success,,
population_detail.v1,C002136,200,0.24702138299514806,1.0025506017967727,1.068507736872793,1.3670828883903297,0.505,0.09,0.405,0.0,found,13.0,variable_expense_ratio,81,119,24,success,,
population_detail.v1,C002137,200,0.20193163563397512,0.5993059072995862,0.6319441482615487,0.7803055580554081,1.0,0.0,0.0,0.0,insufficient_group_size,,,0,200,0,success,,
population_detail.v1,C002138,200,0.3068540146111294,0.7099781614682005,0.7434787431279981,0.8828747758672096,0.015,0.0,0.63,0.355,insufficient_group_size,,,197,3,0,success,,
population_detail.v1,C002139,200,0.2369462752643339,0.694354503335772,0.7251182182328983,0.8882908014526429,0.015,0.01,0.515,0.46,insufficient_group_size,,,195,5,0,success,,
population_detail.v1,C002140,200,0.22012560149958782,0.6385624258857777,0.6776508772057774,0.791314363333962,0.065,0.015,0.69,0.23,insufficient_group_size,,,184,16,0,success,,
population_detail.v1,C002141,200,0.3892367757694411,0.751027978613659,0.7808583478214087,0.977756566103795,0.0,0.0,0.175,0.825,insufficient_group_size,,,200,0,0,success,,
population_detail.v1,C002142,200,0.15409333614591525,0.4906629913843586,0.5098021954154237,0.6675803162302538,1.0,0.0,0.0,0.0,insufficient_group_size,,,0,200,0,success,,
population_detail.v1,C002143,200,0.1878934365302444,0.5424830093969281,0.5706934516102364,0.6990079300735192,0.995,0.0,0.005,0.0,insufficient_group_size,,,1,199,0,success,,
population_detail.v1,C002144,200,0.1991699186508417,0.569890533462535,0.5888443019892649,0.7252375208086685,0.165,0.065,0.715,0.055,found,13.0,variable_expense_ratio,154,46,24,success,,
population_detail.v1,C002145,200,0.12563604113028323,0.6319206373751833,0.656570403070321,0.8517469125563867,0.96,0.025,0.015,0.0,insufficient_group_size,,,3,197,0,success,,
population_detail.v1,C002146,200,0.2730508390961232,0.6662373700604302,0.6931579531116042,0.8468167741289584,0.92,0.015,0.065,0.0,insufficient_group_size,,,13,187,0,success,,
population_detail.v1,C002147,200,0.21211995531282177,0.5954031215915048,0.6173498766130242,0.7176705685530618,0.295,0.1,0.54,0.065,found,13.0,variable_expense_ratio,121,79,24,success,,
population_detail.v1,C002148,200,0.21502864984364675,0.4803906720945477,0.4969952449038513,0.6119697900904557,0.995,0.005,0.0,0.0,insufficient_group_size,,,0,200,0,success,,
population_detail.v1,C002149,200,0.26195328923818134,0.5938842496071494,0.6173181021680982,0.7690335377983588,0.02,0.02,0.745,0.215,insufficient_group_size,,,192,8,0,success,,
population_detail.v1,C002150,200,0.1711007325722618,0.7012503005871891,0.7338315808678381,0.91885986657059,0.01,0.01,0.68,0.3,insufficient_group_size,,,196,4,0,success,,
population_detail.v1,C002151,200,0.2241382484884506,0.6821687034469402,0.7030363438915431,0.8612774769717663,0.285,0.06,0.64,0.015,found,13.0,variable_expense_ratio,131,69,24,success,,
population_detail.v1,C002152,200,0.18060263309185765,0.789540752408219,0.8095222063563825,1.004694032941133,0.855,0.035,0.11,0.0,found,13.0,variable_expense_ratio,22,178,24,success,,
population_detail.v1,C002153,200,0.2997630611291614,0.7750210636891063,0.8011281318487904,1.0157501921656023,0.005,0.01,0.555,0.43,insufficient_group_size,,,197,3,0,success,,
population_detail.v1,C002154,200,0.24431755794477067,0.6308873801662291,0.6605076630954592,0.7745120468748754,0.025,0.015,0.715,0.245,insufficient_group_size,,,192,8,0,success,,
population_detail.v1,C002155,200,0.24254819272577002,0.6388118140608774,0.6605245867585795,0.8332166945833999,0.96,0.025,0.015,0.0,insufficient_group_size,,,3,197,0,success,,
population_detail.v1,C002156,200,0.6649729796054393,1.1595783984254926,1.1878011570963518,1.3787048811586327,0.03,0.02,0.725,0.225,insufficient_group_size,,,190,10,0,success,,
population_detail.v1,C002157,200,0.20142365563957504,0.6790476897670732,0.7346075786408095,0.8881497499958503,0.01,0.01,0.76,0.22,insufficient_group_size,,,196,4,0,success,,
population_detail.v1,C002158,200,0.17843208633057592,0.5010826083236322,0.5222796931209225,0.6562802782948222,1.0,0.0,0.0,0.0,insufficient_group_size,,,0,200,0,success,,
population_detail.v1,C002159,200,0.22266699398071396,0.7640153658540764,0.8225824768950386,0.9413609113755267,0.595,0.165,0.23,0.01,found,13.0,variable_expense_ratio,48,152,24,success,,
population_detail.v1,C002160,200,0.1847400969455641,0.7433181804808278,0.7786314526412453,0.9672354539682751,0.195,0.095,0.58,0.13,found,13.0,cash_balance_ratio,142,58,24,success,,
population_detail.v1,C002161,200,0.2270299609899826,0.804804046804492,0.8524318262569517,1.083841359967005,0.995,0.005,0.0,0.0,insufficient_group_size,,,0,200,0,success,,
population_detail.v1,C002162,200,0.3135977600325531,0.7269927953115822,0.7716048654386116,0.8830207901023811,0.37,0.055,0.48,0.095,found,13.0,variable_expense_ratio,115,85,24,success,,
population_detail.v1,C002163,200,0.1334244309897716,0.5911581918922383,0.6343665752017777,0.8090653672290351,1.0,0.0,0.0,0.0,insufficient_group_size,,,0,200,0,success,,
population_detail.v1,C002164,200,0.25186241985000074,0.556832310383242,0.5829188107027086,0.6856528809441723,0.755,0.075,0.17,0.0,found,13.0,variable_expense_ratio,34,166,24,success,,
population_detail.v1,C002165,200,0.20070551215400867,0.9393504536191023,1.0496543770670967,1.3365346983084325,0.31,0.045,0.645,0.0,found,13.0,savings_rate,129,71,3,success,,
population_detail.v1,C002166,200,0.14285585597330344,0.49120028017558076,0.5131552586266172,0.6567970459471937,0.995,0.0,0.005,0.0,insufficient_group_size,,,1,199,0,success,,
population_detail.v1,C002167,200,0.21150087610219964,0.8425279244155754,0.8752586278705755,1.0689803648085567,0.305,0.175,0.51,0.01,found,13.0,variable_expense_ratio,104,96,5,success,,
population_detail.v1,C002168,200,0.48746291927903446,1.6874908922985288,1.7763652525830242,2.1087703986725286,0.91,0.065,0.015,0.01,insufficient_group_size,,,5,195,0,success,,
population_detail.v1,C002169,200,0.23374764284704144,0.5690223478599904,0.5904446085301371,0.7268115219854218,1.0,0.0,0.0,0.0,insufficient_group_size,,,0,200,0,success,,
population_detail.v1,C002170,200,0.1396670407838807,1.1884194433440936,1.2581103673404854,1.6138602642990654,0.53,0.47,0.0,0.0,insufficient_group_size,,,0,200,0,success,,
population_detail.v1,C002171,200,0.3021319948547576,0.7348782334776728,0.7522572477287274,0.9472122608394422,0.12,0.05,0.77,0.06,found,13.0,variable_expense_ratio,166,34,24,success,,
population_detail.v1,C002172,200,0.34197279836073036,1.1303458801258381,1.2094424267480748,1.4613042641568357,0.415,0.165,0.395,0.025,found,13.0,variable_expense_ratio,84,116,24,success,,
population_detail.v1,C002173,200,0.15598932443851887,0.5496330895014004,0.5724547355551803,0.6989373780960226,0.145,0.045,0.69,0.12,found,13.0,variable_expense_ratio,162,38,24,success,,
population_detail.v1,C002174,200,0.3973967769545849,0.8826163162734184,0.9103094778656846,1.1505899995425202,0.015,0.01,0.37,0.605,insufficient_group_size,,,195,5,0,success,,
population_detail.v1,C002175,200,0.19503045455462525,0.5641249036573767,0.5898803669664943,0.7035531412254,0.995,0.005,0.0,0.0,insufficient_group_size,,,0,200,0,success,,
population_detail.v1,C002176,200,0.26894116618318675,0.9100502916283572,0.9144068367558997,1.3017138350986386,0.34,0.66,0.0,0.0,insufficient_group_size,,,0,200,0,success,,
population_detail.v1,C002177,200,0.14263557541103827,0.6386869815441844,0.6904231016277953,0.9134637010705101,1.0,0.0,0.0,0.0,insufficient_group_size,,,0,200,0,success,,
population_detail.v1,C002178,200,0.15195247843384654,0.48725688625176167,0.496586203415854,0.6661035604276953,0.995,0.0,0.005,0.0,insufficient_group_size,,,1,199,0,success,,
population_detail.v1,C002179,200,0.2808210070767576,0.9264311760412245,0.9762480252933883,1.2542907167538446,0.455,0.545,0.0,0.0,insufficient_group_size,,,0,200,0,success,,
population_detail.v1,C002180,200,0.07122861803140261,0.8604291586273527,0.9140709947150963,1.1121258059667116,0.555,0.06,0.385,0.0,found,13.0,variable_expense_ratio,77,123,24,success,,
population_detail.v1,C002181,200,0.16800067883025713,0.9214208959265886,0.9423085016244629,1.294824874172866,0.0,0.0,0.085,0.915,insufficient_group_size,,,200,0,0,success,,
population_detail.v1,C002182,200,0.2549611250444987,0.7357432434545447,0.7699897203963071,0.970952224184387,0.0,0.005,0.61,0.385,insufficient_group_size,,,199,1,0,success,,
population_detail.v1,C002183,200,0.27200874991033175,0.6687863338749588,0.7004596095923092,0.8618626600575662,0.995,0.0,0.005,0.0,insufficient_group_size,,,1,199,0,success,,
population_detail.v1,C002184,200,0.2442407348629449,0.576675431200738,0.6029050827446187,0.755213492645941,1.0,0.0,0.0,0.0,insufficient_group_size,,,0,200,0,success,,
population_detail.v1,C002185,200,0.2054768332840857,0.6568166382760744,0.6909353750954367,0.8643991298707174,0.04,0.01,0.585,0.365,insufficient_group_size,,,190,10,0,success,,
population_detail.v1,C002186,200,0.3777120557845095,16.025073068639422,18.67247886194186,19.28678167096172,0.275,0.675,0.05,0.0,insufficient_group_size,,,10,190,0,success,,
population_detail.v1,C002187,200,0.1602834569178676,0.49930431549268023,0.5126407355064043,0.661850325698769,0.935,0.05,0.015,0.0,insufficient_group_size,,,3,197,0,success,,
population_detail.v1,C002188,200,0.08582587303066212,1.1805155563252574,1.214525862500128,1.8725334432350509,0.98,0.01,0.01,0.0,insufficient_group_size,,,2,198,0,success,,
population_detail.v1,C002189,200,0.2197167504611638,0.586486318404055,0.60858596245651,0.7056088160454963,0.73,0.11,0.155,0.005,found,13.0,variable_expense_ratio,32,168,24,success,,
population_detail.v1,C002190,200,0.2446100088781341,0.625410758262442,0.6596754932954481,0.8182105370398767,0.075,0.03,0.785,0.11,found,13.0,variable_expense_ratio,179,21,24,success,,
population_detail.v1,C002191,200,0.48485443282726454,1.4427402844630037,1.517482694266406,1.8254069036152076,0.005,0.0,0.185,0.81,insufficient_group_size,,,199,1,0,success,,
population_detail.v1,C002192,200,0.3313607610494839,0.9628580513145636,0.9987938760478723,1.3213798675725348,0.355,0.645,0.0,0.0,insufficient_group_size,,,0,200,0,success,,
population_detail.v1,C002193,200,0.21571587181200683,0.6049504695766683,0.6524899641474615,0.7806190447695028,1.0,0.0,0.0,0.0,insufficient_group_size,,,0,200,0,success,,
population_detail.v1,C002194,200,0.32096658836595643,2.222392507438147,2.3128884986969807,3.0159801591136874,0.51,0.165,0.32,0.005,found,13.0,variable_expense_ratio,65,135,24,success,,
population_detail.v1,C002195,200,0.27165768237747434,1.047004636860406,1.084332455099815,1.4723116231093594,0.34,0.66,0.0,0.0,insufficient_group_size,,,0,200,0,success,,
population_detail.v1,C002196,200,0.17426630497457185,0.5573899594281209,0.5818722377068419,0.6797586789758242,0.995,0.005,0.0,0.0,insufficient_group_size,,,0,200,0,success,,
population_detail.v1,C002197,200,0.2812261128804579,0.6452655168583599,0.6850055317164916,0.7646842059595372,0.995,0.0,0.005,0.0,insufficient_group_size,,,1,199,0,success,,
population_detail.v1,C002198,200,0.226789802687266,0.72292014163575,0.7488445660567148,0.9760880273480581,0.88,0.055,0.065,0.0,insufficient_group_size,,,13,187,0,success,,
population_detail.v1,C002199,200,0.35762291937686413,0.7559833800900175,0.7701339334595872,1.0175890036993638,0.94,0.03,0.03,0.0,insufficient_group_size,,,6,194,0,success,,
population_detail.v1,C002200,200,0.3327643735803462,1.1875942380046045,1.2372036794701478,1.5792431065645935,0.425,0.075,0.5,0.0,found,13.0,variable_expense_ratio,100,100,24,success,,
population_detail.v1,C002201,200,0.19598481363275658,0.5322949790337602,0.5568767845940745,0.6601546787583378,0.23,0.115,0.595,0.06,found,13.0,variable_expense_ratio,131,69,24,success,,
population_detail.v1,C002202,200,3.3117468723719017,6.504467475355029,6.775846300790301,6.937452731066205,0.13,0.0,0.09,0.78,found,13.0,savings_rate,174,26,24,success,,
population_detail.v1,C002203,200,0.24919082542608934,1.2749873179080213,1.3668254318520916,1.9497094856786112,0.975,0.01,0.015,0.0,insufficient_group_size,,,3,197,0,success,,
population_detail.v1,C002204,200,0.2854650498694948,0.7920890617551792,0.8262307825988289,1.0405373417829382,0.11,0.035,0.59,0.265,found,13.0,cash_balance_ratio,171,29,24,success,,
population_detail.v1,C002205,200,1.039265547026589,11.478592528356005,11.829289157970742,12.078033484632668,0.27,0.67,0.055,0.005,insufficient_group_size,,,12,188,0,success,,
population_detail.v1,C002206,200,0.5195503178295626,1.4843438970129303,1.5889787912542772,2.205185358345148,0.305,0.695,0.0,0.0,insufficient_group_size,,,0,200,0,success,,
population_detail.v1,C002207,200,0.2589716076047654,0.6830937293180491,0.7102372859120198,0.9570179023813317,0.0,0.0,0.14,0.86,insufficient_group_size,,,200,0,0,success,,
population_detail.v1,C002208,200,0.20692293735915648,0.7100551385906272,0.7391557709694039,0.9312991069819002,1.0,0.0,0.0,0.0,insufficient_group_size,,,0,200,0,success,,
population_detail.v1,C002209,200,1.3791813339754002,11.121900057566897,13.130050229505116,13.52789074839516,0.65,0.19,0.11,0.05,found,13.0,cash_balance_ratio,32,168,24,success,,
population_detail.v1,C002210,200,0.27119453320491355,0.9147029530049712,0.9499493701389345,1.3485977153835436,0.26,0.74,0.0,0.0,insufficient_group_size,,,0,200,0,success,,
population_detail.v1,C002211,200,0.21362524320484305,0.5960042476404939,0.6215943034954667,0.7514591322671152,0.26,0.115,0.58,0.045,found,13.0,variable_expense_ratio,125,75,24,success,,
population_detail.v1,C002212,200,0.2524579767956847,1.1733468729531653,1.2458093040443599,1.4894722353033378,0.41,0.59,0.0,0.0,insufficient_group_size,,,0,200,0,success,,
population_detail.v1,C002213,200,0.20740909286169462,0.9312058477396884,0.9794810026363723,1.1666440949390344,0.47,0.22,0.285,0.025,found,13.0,variable_expense_ratio,62,138,24,success,,
population_detail.v1,C002214,200,0.18098470848233758,0.5271885991115431,0.5450616830176553,0.6751892699754166,0.99,0.01,0.0,0.0,insufficient_group_size,,,0,200,0,success,,
population_detail.v1,C002215,200,0.24142981455432003,0.9621374469127099,0.9943773354759575,1.2865143655660143,0.0,0.005,0.35,0.645,insufficient_group_size,,,199,1,0,success,,
population_detail.v1,C002216,200,0.12142705065053803,0.5866845022633629,0.6024092738841959,0.7174658494291613,0.865,0.09,0.045,0.0,insufficient_group_size,,,9,191,0,success,,
population_detail.v1,C002217,200,0.1877650778998358,0.5037295571333478,0.523802288566674,0.6434643509903912,0.99,0.005,0.005,0.0,insufficient_group_size,,,1,199,0,success,,
population_detail.v1,C002218,200,0.2513062971928465,0.622349807264064,0.641047150277366,0.7812960877557552,0.095,0.015,0.73,0.16,found,13.0,variable_expense_ratio,178,22,24,success,,
population_detail.v1,C002219,200,0.743928752155564,5.62477827652538,6.414899055048185,6.641213584767471,0.525,0.33,0.12,0.025,found,13.0,cash_balance_ratio,29,171,24,success,,
population_detail.v1,C002220,200,0.2843812020524512,0.7837655852780326,0.8136089343306354,1.0110513856136638,0.13,0.05,0.635,0.185,found,13.0,cash_balance_ratio,164,36,24,success,,
population_detail.v1,C002221,200,0.34281731946077376,0.7937916314736881,0.8223857104394621,0.9859409681128402,0.09,0.02,0.785,0.105,found,13.0,variable_expense_ratio,178,22,24,success,,
population_detail.v1,C002222,200,0.2914808816609756,1.1794092733186456,1.2421837887075864,1.610806735496483,0.4,0.6,0.0,0.0,insufficient_group_size,,,0,200,0,success,,
population_detail.v1,C002223,200,0.4315930671334917,1.3712439102612977,1.4649306046404496,1.6222104452898443,0.865,0.135,0.0,0.0,insufficient_group_size,,,0,200,0,success,,
population_detail.v1,C002224,200,0.11100088466006475,0.471941627186644,0.4831989766672099,0.6667579447758971,1.0,0.0,0.0,0.0,insufficient_group_size,,,0,200,0,success,,
population_detail.v1,C002225,200,0.13485358076363274,0.612060019286864,0.6476094673086696,0.789621403340372,0.945,0.03,0.025,0.0,insufficient_group_size,,,5,195,0,success,,
population_detail.v1,C002226,200,0.22735749270037792,1.0269612005559885,1.13548543381923,1.3939982039979035,0.265,0.05,0.68,0.005,found,13.0,savings_rate,137,63,3,success,,
population_detail.v1,C002227,200,0.351009772083883,1.2640667586334302,1.3502940263759546,1.5668229567515493,0.745,0.255,0.0,0.0,insufficient_group_size,,,0,200,0,success,,
population_detail.v1,C002228,200,0.2610597907225147,1.0221423756357442,1.088820294965568,1.3437894058438682,0.405,0.08,0.515,0.0,found,13.0,variable_expense_ratio,103,97,24,success,,
population_detail.v1,C002229,200,0.33067751760466046,0.689757665226092,0.7112759148737224,0.8133614350235578,0.16,0.035,0.63,0.175,found,13.0,cash_balance_ratio,161,39,24,success,,
population_detail.v1,C002230,200,0.2814584878179858,0.8368722725755303,0.8886023701994119,1.090178759208752,0.545,0.2,0.25,0.005,found,13.0,variable_expense_ratio,51,149,24,success,,
population_detail.v1,C002231,200,0.15897013258222353,0.7061320797242857,0.72420428677788,0.9984338987725113,0.455,0.04,0.505,0.0,found,13.0,variable_expense_ratio,101,99,24,success,,
population_detail.v1,C002232,200,0.22514376867421743,0.5799528809724008,0.6146827502749979,0.7182062253884244,1.0,0.0,0.0,0.0,insufficient_group_size,,,0,200,0,success,,
population_detail.v1,C002233,200,0.17997719441620674,0.5369381492616305,0.5603000245026978,0.6801696677146003,0.985,0.01,0.005,0.0,insufficient_group_size,,,1,199,0,success,,
population_detail.v1,C002234,200,0.4846001732540424,1.418132702376156,1.4701524554230108,2.1099433265435636,0.28,0.72,0.0,0.0,insufficient_group_size,,,0,200,0,success,,
population_detail.v1,C002235,200,0.16140640846301088,0.5259062293943354,0.547719265427856,0.7298189297231342,0.995,0.0,0.005,0.0,insufficient_group_size,,,1,199,0,success,,
population_detail.v1,C002236,200,0.1529010407132758,0.5325994009565322,0.5746901801507066,0.6804532773126658,0.13,0.035,0.715,0.12,found,13.0,variable_expense_ratio,167,33,24,success,,
population_detail.v1,C002237,200,0.20729767734701915,0.7519983628986268,0.7908173312942268,0.9602012689325466,0.495,0.17,0.33,0.005,found,13.0,variable_expense_ratio,67,133,24,success,,
population_detail.v1,C002238,200,0.2118053779718964,0.6255426431646063,0.6573078637804093,0.8215160318931752,0.995,0.005,0.0,0.0,insufficient_group_size,,,0,200,0,success,,
population_detail.v1,C002239,200,0.3046164836852419,0.7696418075490967,0.8153825708723592,0.956039844426224,0.025,0.01,0.485,0.48,insufficient_group_size,,,193,7,0,success,,
population_detail.v1,C002240,200,0.21525136301824277,0.6181291770165781,0.6386010521035596,0.7909715447967557,0.06,0.025,0.78,0.135,insufficient_group_size,,,183,17,0,success,,
population_detail.v1,C002241,200,0.43708937779142154,0.8785086328047979,0.9077457500075414,1.0689163275279594,0.255,0.155,0.55,0.04,found,13.0,variable_expense_ratio,118,82,5,success,,
population_detail.v1,C002242,200,0.3325800964542644,0.7674494022041745,0.7985806885559106,0.9262073028928799,0.28,0.145,0.495,0.08,found,13.0,variable_expense_ratio,115,85,24,success,,
population_detail.v1,C002243,200,0.2612017172627922,0.6961672754529198,0.7325789839766925,0.8594305894848091,0.11,0.045,0.74,0.105,found,13.0,cash_balance_ratio,169,31,24,success,,
population_detail.v1,C002244,200,0.37754390833960955,1.0904303339866388,1.1043270963752072,1.482002020520818,0.485,0.22,0.285,0.01,found,13.0,variable_expense_ratio,59,141,24,success,,
population_detail.v1,C002245,200,0.23993177616909692,1.0246795848695642,1.081510347810264,1.3577584874984614,0.0,0.005,0.47,0.525,insufficient_group_size,,,199,1,0,success,,
population_detail.v1,C002246,200,0.26180019970003826,0.6424833872610735,0.6780193429222237,0.8461996821739998,1.0,0.0,0.0,0.0,insufficient_group_size,,,0,200,0,success,,
population_detail.v1,C002247,200,0.16838594561322193,0.4650069236929326,0.4796214098229007,0.6597365724302514,1.0,0.0,0.0,0.0,insufficient_group_size,,,0,200,0,success,,
population_detail.v1,C002248,200,0.1274614995325874,0.47960966056704996,0.49903326414223464,0.6553480440354836,1.0,0.0,0.0,0.0,insufficient_group_size,,,0,200,0,success,,
population_detail.v1,C002249,200,0.24183998193534365,0.7473141876063798,0.7662302345466101,1.0282085620677548,0.495,0.045,0.46,0.0,found,13.0,variable_expense_ratio,92,108,24,success,,
population_detail.v1,C002250,200,0.22964610476491412,1.0841617139326245,1.10725770074334,1.6087405041054281,0.265,0.735,0.0,0.0,insufficient_group_size,,,0,200,0,success,,
population_detail.v1,C002251,200,0.28314117130311506,0.6626231433006644,0.6907626469554806,0.8249859038793931,0.975,0.005,0.02,0.0,insufficient_group_size,,,4,196,0,success,,
population_detail.v1,C002252,200,0.43110854773997725,2.571442399078461,2.746238182591282,3.5354913276980042,0.575,0.12,0.305,0.0,found,13.0,variable_expense_ratio,61,139,24,success,,
population_detail.v1,C002253,200,0.23302524478009926,0.5861808193192349,0.5989123024010019,0.7620370017420091,0.105,0.075,0.76,0.06,found,13.0,variable_expense_ratio,164,36,5,success,,
population_detail.v1,C002254,200,0.38047179106842793,0.8616751368301675,0.9024033548082393,1.0594155704983084,0.525,0.215,0.24,0.02,found,13.0,cash_balance_ratio,52,148,24,success,,
population_detail.v1,C002255,200,0.33755069605626414,0.9424942324219617,0.9639695251752295,1.313000522793802,0.35,0.65,0.0,0.0,insufficient_group_size,,,0,200,0,success,,
population_detail.v1,C002256,200,0.3646340733256433,1.1045501991311368,1.119765393614189,1.5633287233412225,0.32,0.68,0.0,0.0,insufficient_group_size,,,0,200,0,success,,
population_detail.v1,C002257,200,0.19920798150501617,0.6963229881947381,0.7390432690036155,0.9436613271435139,0.92,0.05,0.03,0.0,insufficient_group_size,,,6,194,0,success,,
population_detail.v1,C002258,200,0.14263557541103827,0.6654714074680619,0.6982384010357806,0.9337337855189446,1.0,0.0,0.0,0.0,insufficient_group_size,,,0,200,0,success,,
population_detail.v1,C002259,200,0.25517787080469856,0.5979078261613804,0.622562386991774,0.7471998990832017,0.64,0.09,0.27,0.0,found,13.0,variable_expense_ratio,54,146,24,success,,
population_detail.v1,C002260,200,0.33089786640225544,1.1581515898378099,1.2409454217908624,1.4571731375657924,0.415,0.24,0.34,0.005,found,13.0,variable_expense_ratio,69,131,9,success,,
population_detail.v1,C002261,200,0.3441859294394845,1.4750660068397812,1.5800778143293361,2.1311654978508368,0.97,0.025,0.005,0.0,insufficient_group_size,,,1,199,0,success,,
population_detail.v1,C002262,200,0.23847325814178838,0.5060393742165615,0.5256025138335398,0.6372086567267367,1.0,0.0,0.0,0.0,insufficient_group_size,,,0,200,0,success,,
population_detail.v1,C002263,200,0.3013745545656262,0.7349086263157882,0.7751698997289433,0.9079035581119044,0.845,0.025,0.13,0.0,found,13.0,variable_expense_ratio,26,174,24,success,,
population_detail.v1,C002264,200,0.16849803878867808,0.4737623756178603,0.484817320593259,0.6280393568514787,1.0,0.0,0.0,0.0,insufficient_group_size,,,0,200,0,success,,
population_detail.v1,C002265,200,0.2027445222170342,0.7774270828654969,0.7872872441786118,1.046019732351593,0.02,0.015,0.48,0.485,insufficient_group_size,,,193,7,0,success,,
population_detail.v1,C002266,200,0.28136998526188756,0.8805774439061819,0.8966848825735801,1.1571225099226052,0.015,0.005,0.39,0.59,insufficient_group_size,,,196,4,0,success,,
population_detail.v1,C002267,200,0.271472751417074,0.5764978883285413,0.5943700985705632,0.7167001689842183,0.115,0.04,0.75,0.095,found,13.0,variable_expense_ratio,169,31,24,success,,
population_detail.v1,C002268,200,0.24806639719112825,1.1951355380114044,1.2333357997379357,1.5869776643752092,0.53,0.47,0.0,0.0,insufficient_group_size,,,0,200,0,success,,
population_detail.v1,C002269,200,0.24564982497182844,0.674829456272299,0.7029695244873664,0.8405279016933073,0.22,0.04,0.695,0.045,found,13.0,variable_expense_ratio,148,52,24,success,,
population_detail.v1,C002270,200,0.16527830241694486,0.6799215233823247,0.7170695728568002,0.9056321196254178,0.995,0.005,0.0,0.0,insufficient_group_size,,,0,200,0,success,,
population_detail.v1,C002271,200,0.212623046099066,0.574519327226533,0.5975965286951526,0.6913227650988671,0.33,0.1,0.53,0.04,found,13.0,variable_expense_ratio,114,86,24,success,,
population_detail.v1,C002272,200,0.26627989720618805,0.8037765255959968,0.8507897360087611,1.0337668246463676,0.49,0.18,0.325,0.005,found,13.0,variable_expense_ratio,66,134,24,success,,
population_detail.v1,C002273,200,0.3492610399516435,1.5258885185419087,1.5895590192594606,2.1883835540535834,0.505,0.14,0.355,0.0,found,13.0,variable_expense_ratio,71,129,24,success,,
population_detail.v1,C002274,200,0.19063047176829578,1.5530119455396045,1.7653581171198862,2.038780029818886,0.84,0.0,0.16,0.0,found,13.0,cash_balance_ratio,32,168,24,success,,
population_detail.v1,C002275,200,0.1601951107494221,0.5915907287792119,0.6091541307996295,0.819170752073374,0.995,0.0,0.005,0.0,insufficient_group_size,,,1,199,0,success,,
population_detail.v1,C002276,200,0.15195247843384654,0.49815536998217214,0.5140608755100425,0.6682450253554336,0.995,0.0,0.005,0.0,insufficient_group_size,,,1,199,0,success,,
population_detail.v1,C002277,200,0.41911838281205344,1.2656801227991483,1.3163054034414627,1.6839058726086724,0.475,0.525,0.0,0.0,insufficient_group_size,,,0,200,0,success,,
population_detail.v1,C002278,200,0.35253648727159353,0.698840599536327,0.7261960566694228,0.8516621514260636,0.4,0.21,0.37,0.02,found,13.0,variable_expense_ratio,78,122,24,success,,
population_detail.v1,C002279,200,0.4221164004158382,0.9066384116241931,0.9295547523148748,1.1360062802193582,0.0,0.0,0.145,0.855,insufficient_group_size,,,200,0,0,success,,
population_detail.v1,C002280,200,0.22928142720722683,0.7843099757972873,0.8390568762686446,0.9795382056413181,0.025,0.0,0.54,0.435,insufficient_group_size,,,195,5,0,success,,
population_detail.v1,C002281,200,0.15773780864641693,0.8245008314421005,0.8724717129619743,1.1869028482683028,0.38,0.065,0.555,0.0,found,13.0,variable_expense_ratio,111,89,24,success,,
population_detail.v1,C002282,200,0.17486893211149732,0.8454995147602936,0.8493354992297587,1.1437446989255644,0.0,0.0,0.1,0.9,insufficient_group_size,,,200,0,0,success,,
population_detail.v1,C002283,200,0.27559645259365373,0.8152376208033024,0.8409298628245641,1.0476009146783296,0.75,0.095,0.155,0.0,found,13.0,variable_expense_ratio,31,169,24,success,,
population_detail.v1,C002284,200,0.3968367094305739,1.1601269981059412,1.1978796387139805,1.5331203633783195,0.0,0.0,0.045,0.955,insufficient_group_size,,,200,0,0,success,,
population_detail.v1,C002285,200,0.2647735459606276,0.7135235611237631,0.7438831229900145,0.8944517961170556,0.53,0.17,0.295,0.005,found,13.0,variable_expense_ratio,60,140,24,success,,
population_detail.v1,C002286,200,0.2548984044007035,0.9406956588696027,0.9926754824303876,1.231480164796634,0.395,0.045,0.56,0.0,found,13.0,variable_expense_ratio,112,88,24,success,,
population_detail.v1,C002287,200,0.2430071983772368,0.8999027597338066,0.9170144035732527,1.2411723361797664,0.355,0.645,0.0,0.0,insufficient_group_size,,,0,200,0,success,,
population_detail.v1,C002288,200,0.1978654185265983,0.6205235486092181,0.6428140462064096,0.789801210962825,0.195,0.04,0.625,0.14,found,13.0,variable_expense_ratio,153,47,24,success,,
population_detail.v1,C002289,200,0.34932208538256415,0.7624844690645333,0.7792325373954052,0.9641006104429034,0.235,0.06,0.685,0.02,found,13.0,variable_expense_ratio,141,59,24,success,,
population_detail.v1,C002290,200,0.1834261141395113,0.5922014015696729,0.6349775777725337,0.8569091163268793,1.0,0.0,0.0,0.0,insufficient_group_size,,,0,200,0,success,,
population_detail.v1,C002291,200,0.19946184802951067,0.5816900618177314,0.6035542639859155,0.6933480417192519,1.0,0.0,0.0,0.0,insufficient_group_size,,,0,200,0,success,,
population_detail.v1,C002292,200,0.46018986317584804,0.9566456063542055,1.0000428035287883,1.1889293873268143,0.34,0.18,0.405,0.075,found,13.0,cash_balance_ratio,96,104,24,success,,
population_detail.v1,C002293,200,0.3338973949903746,1.2754911882029498,1.3731867876826591,1.7095091976808263,0.49,0.51,0.0,0.0,insufficient_group_size,,,0,200,0,success,,
population_detail.v1,C002294,200,0.11466726391983778,0.4302897331764589,0.4321212180003292,0.6102522384576998,1.0,0.0,0.0,0.0,insufficient_group_size,,,0,200,0,success,,
population_detail.v1,C002295,200,0.12204567673181033,0.4355104110624434,0.44064643615250754,0.6394988489209775,1.0,0.0,0.0,0.0,insufficient_group_size,,,0,200,0,success,,
population_detail.v1,C002296,200,0.14303678412886212,0.858656259496415,0.9128119182554608,1.1571656584939223,0.0,0.0,0.13,0.87,insufficient_group_size,,,200,0,0,success,,
population_detail.v1,C002297,200,0.45022625119561643,1.513255117543836,1.5727607118839155,1.9446549377005524,0.45,0.23,0.305,0.015,found,13.0,variable_expense_ratio,64,136,24,success,,
population_detail.v1,C002298,200,0.11079986577645684,0.5354420577581408,0.5429274026695065,0.7198402357103864,1.0,0.0,0.0,0.0,insufficient_group_size,,,0,200,0,success,,
population_detail.v1,C002299,200,0.3455734146233961,1.3589782066630545,1.3889679115056957,1.7430138479558448,0.5,0.5,0.0,0.0,insufficient_group_size,,,0,200,0,success,,
population_detail.v1,C002300,200,0.23725746066400843,0.5695141213017582,0.5879477110487186,0.7216383150235268,0.99,0.005,0.005,0.0,insufficient_group_size,,,1,199,0,success,,
population_detail.v1,C002301,200,0.30061186087103675,0.8093759983110204,0.8215469423670579,1.1262653248589813,0.0,0.0,0.07,0.93,insufficient_group_size,,,200,0,0,success,,
population_detail.v1,C002302,200,0.17242657192602912,0.7436026625811735,0.7609599600599938,1.0617864360849347,0.43,0.035,0.535,0.0,found,13.0,variable_expense_ratio,107,93,24,success,,
population_detail.v1,C002303,200,0.17768860246390356,0.6405055869308107,0.6279423341734264,0.9464837118963235,0.0,0.0,0.11,0.89,insufficient_group_size,,,200,0,0,success,,
population_detail.v1,C002304,200,0.5086557662322522,1.1497660849169595,1.169478955308672,1.4772927456971165,0.01,0.005,0.235,0.75,insufficient_group_size,,,197,3,0,success,,
population_detail.v1,C002305,200,0.18715309587492532,0.5991114824476765,0.6097558924120412,0.8034898285471656,0.96,0.025,0.015,0.0,insufficient_group_size,,,3,197,0,success,,
population_detail.v1,C002306,200,0.1363286211779985,0.45654086099734803,0.46741415713446244,0.6309912755778414,1.0,0.0,0.0,0.0,insufficient_group_size,,,0,200,0,success,,
population_detail.v1,C002307,200,0.6733750718010956,2.42192088092335,2.6006061491777457,2.9666183964470267,0.0,0.0,0.03,0.97,insufficient_group_size,,,200,0,0,success,,
population_detail.v1,C002308,200,0.08957388502185698,0.6218161315396552,0.6447859416891177,0.8159193643025713,0.905,0.03,0.065,0.0,insufficient_group_size,,,13,187,0,success,,
population_detail.v1,C002309,200,0.30431394129741524,0.7287181662145954,0.7541758829713252,0.8934910756432481,0.04,0.005,0.76,0.195,insufficient_group_size,,,191,9,0,success,,
population_detail.v1,C002310,200,0.27993504978170236,1.0856992188096912,1.0892520691706387,1.6765722049514096,0.975,0.025,0.0,0.0,insufficient_group_size,,,0,200,0,success,,
population_detail.v1,C002311,200,0.20664858975843925,16.924791736153903,19.628890945996595,20.237596218187953,0.275,0.675,0.05,0.0,insufficient_group_size,,,10,190,0,success,,
population_detail.v1,C002312,200,0.18199691713403618,0.5919805386929484,0.6184840464933994,0.7696114991203347,0.915,0.02,0.065,0.0,insufficient_group_size,,,13,187,0,success,,
population_detail.v1,C002313,200,0.200310314055097,0.7403955848540781,0.7881817596249776,0.9680471715739667,0.995,0.005,0.0,0.0,insufficient_group_size,,,0,200,0,success,,
population_detail.v1,C002314,200,0.12142705065053803,0.5629267610013435,0.5845238229103245,0.6901177672217961,0.89,0.08,0.03,0.0,insufficient_group_size,,,6,194,0,success,,
population_detail.v1,C002315,200,0.060661087712918844,0.4552309586295911,0.4700098176344601,0.6518521721195796,1.0,0.0,0.0,0.0,insufficient_group_size,,,0,200,0,success,,
population_detail.v1,C002316,200,0.22852637823539562,0.7913476539608948,0.8435273193009809,1.0787714799561026,0.45,0.05,0.5,0.0,found,13.0,variable_expense_ratio,100,100,24,success,,
population_detail.v1,C002317,200,0.32393399202166084,0.6067541755629772,0.6190798246922998,0.7279934314925821,0.94,0.005,0.055,0.0,insufficient_group_size,,,11,189,0,success,,
population_detail.v1,C002318,200,0.18079426134391277,0.5466878547928974,0.566865247709265,0.6894071984919136,1.0,0.0,0.0,0.0,insufficient_group_size,,,0,200,0,success,,
population_detail.v1,C002319,200,0.20608708195598607,0.7002309170001425,0.7222485142924631,0.8935058785175412,0.04,0.03,0.705,0.225,insufficient_group_size,,,186,14,0,success,,
population_detail.v1,C002320,200,0.26520063727184917,1.2412375935612205,1.3441624025869046,1.6834411177814126,0.485,0.515,0.0,0.0,insufficient_group_size,,,0,200,0,success,,
population_detail.v1,C002321,200,1.2208512708259576,7.3656452294597905,8.153238434192634,8.253509134567478,0.6,0.01,0.325,0.065,found,13.0,savings_rate,78,122,24,success,,
population_detail.v1,C002322,200,0.2801399164919018,0.665207909577164,0.6972844353810503,0.8145847677184466,0.335,0.18,0.45,0.035,found,13.0,variable_expense_ratio,97,103,24,success,,
population_detail.v1,C002323,200,0.16401414445165194,0.5011867901797457,0.5309639510346176,0.6467189706582442,0.935,0.025,0.04,0.0,insufficient_group_size,,,8,192,0,success,,
population_detail.v1,C002324,200,0.15627840153652559,1.462394776555155,1.571289314681671,2.090863020010072,0.685,0.315,0.0,0.0,insufficient_group_size,,,0,200,0,success,,
population_detail.v1,C002325,200,0.4208155460900875,1.0547490051230173,1.1118958869399496,1.3158183290449892,0.5,0.165,0.325,0.01,found,13.0,variable_expense_ratio,67,133,24,success,,
population_detail.v1,C002326,200,0.13803049480024993,0.5173798848674098,0.5313537036303757,0.6963333257467919,1.0,0.0,0.0,0.0,insufficient_group_size,,,0,200,0,success,,
population_detail.v1,C002327,200,0.23465331161748967,0.6278999308726875,0.6775069901228139,0.7713508662458878,1.0,0.0,0.0,0.0,insufficient_group_size,,,0,200,0,success,,
population_detail.v1,C002328,200,0.454504303600387,1.628160513834347,1.7091734356476627,1.9542114724958817,0.465,0.29,0.08,0.165,found,13.0,cash_balance_ratio,49,151,24,success,,
population_detail.v1,C002329,200,0.24228802943884187,0.5803847036651173,0.609418220013819,0.7291207422471125,1.0,0.0,0.0,0.0,insufficient_group_size,,,0,200,0,success,,
population_detail.v1,C002330,200,0.23123220929431784,0.6073565472906393,0.6419870499545923,0.7535774484334335,0.935,0.06,0.005,0.0,insufficient_group_size,,,1,199,0,success,,
population_detail.v1,C002331,200,0.2420990509314584,0.6649518289493145,0.7032808857750281,0.8692161283471141,0.02,0.01,0.65,0.32,insufficient_group_size,,,194,6,0,success,,
population_detail.v1,C002332,200,0.23934138724461948,0.8948926279203746,0.94220810210066,1.2342991649224315,0.0,0.0,0.045,0.955,insufficient_group_size,,,200,0,0,success,,
population_detail.v1,C002333,200,0.5302915890417159,1.4561828515195938,1.5077197336752226,1.6717594821338422,0.26,0.095,0.635,0.01,found,13.0,variable_expense_ratio,129,71,24,success,,
population_detail.v1,C002334,200,0.12907467390637528,0.5973829431669293,0.6361676907975217,0.8192726138316626,0.94,0.035,0.025,0.0,insufficient_group_size,,,5,195,0,success,,
population_detail.v1,C002335,200,0.23483673882938064,0.6622892579585821,0.6767166521705463,0.9007763134307378,0.905,0.035,0.06,0.0,insufficient_group_size,,,12,188,0,success,,
population_detail.v1,C002336,200,0.14274869655336198,0.504178580358186,0.531029433215801,0.6309858058472655,0.99,0.01,0.0,0.0,insufficient_group_size,,,0,200,0,success,,
population_detail.v1,C002337,200,0.28972828831182745,0.7021466553642115,0.7186521927527691,0.9616073264135524,0.0,0.0,0.04,0.96,insufficient_group_size,,,200,0,0,success,,
population_detail.v1,C002338,200,0.30608076975686566,1.4952858947793566,1.571686763459862,1.907607706268721,0.48,0.145,0.37,0.005,found,13.0,variable_expense_ratio,75,125,24,success,,
population_detail.v1,C002339,200,0.17238100096838255,0.8191509182609243,0.8515185681395265,1.0353401242289488,0.04,0.005,0.555,0.4,insufficient_group_size,,,191,9,0,success,,
population_detail.v1,C002340,200,0.16943315295326353,0.5049726381948593,0.511681321440199,0.6656885136293119,0.97,0.015,0.015,0.0,insufficient_group_size,,,3,197,0,success,,
population_detail.v1,C002341,200,0.22124754694176213,0.7037789500975751,0.7353636988431005,0.9452402213112693,0.61,0.055,0.335,0.0,found,13.0,variable_expense_ratio,67,133,24,success,,
population_detail.v1,C002342,200,0.2801541718147211,0.5524233721814303,0.5767988761041066,0.6862803943489134,1.0,0.0,0.0,0.0,insufficient_group_size,,,0,200,0,success,,
population_detail.v1,C002343,200,0.20764248591554815,0.9258611978281784,0.9585079740577404,1.2934538779091609,0.0,0.0,0.08,0.92,insufficient_group_size,,,200,0,0,success,,
population_detail.v1,C002344,200,0.21189134502395848,0.5400361015894763,0.5607884286637055,0.6940939659122901,0.855,0.015,0.13,0.0,found,13.0,variable_expense_ratio,26,174,24,success,,
population_detail.v1,C002345,200,0.3439790640398904,0.7558026345072668,0.7910641878723533,0.933804228643253,0.01,0.005,0.685,0.3,insufficient_group_size,,,197,3,0,success,,
population_detail.v1,C002346,200,0.32420053966202267,0.890027346830727,0.9261325983027545,1.0916707901116922,0.235,0.08,0.61,0.075,found,13.0,variable_expense_ratio,137,63,24,success,,
population_detail.v1,C002347,200,0.3074196754330139,0.6599446802159423,0.6851359329606179,0.8164656975485403,0.44,0.06,0.49,0.01,found,13.0,variable_expense_ratio,100,100,24,success,,
population_detail.v1,C002348,200,0.3002226166104113,0.8166382703441784,0.8130635760407263,1.1446589657179913,0.0,0.0,0.075,0.925,insufficient_group_size,,,200,0,0,success,,
population_detail.v1,C002349,200,0.35028779388900144,1.6992384961731226,1.7094206309225712,2.5319136706506438,0.52,0.135,0.345,0.0,found,13.0,variable_expense_ratio,69,131,24,success,,
population_detail.v1,C002350,200,0.9789789158492777,5.897988649483198,6.659872704693136,6.864428250087309,0.44,0.43,0.12,0.01,found,13.0,cash_balance_ratio,26,174,24,success,,
population_detail.v1,C002351,200,0.29722505773641544,1.0537324940721127,1.0835281183245837,1.474145952355386,0.25,0.04,0.71,0.0,found,13.0,savings_rate,142,58,3,success,,
population_detail.v1,C002352,200,0.1649293615496758,0.6013622497791666,0.6369061333330615,0.773326425299706,0.975,0.015,0.01,0.0,insufficient_group_size,,,2,198,0,success,,
population_detail.v1,C002353,200,0.28125954398819597,0.8765801898469193,0.9154564527987437,1.138253509749615,0.595,0.075,0.33,0.0,found,13.0,variable_expense_ratio,66,134,24,success,,
population_detail.v1,C002354,200,0.15862428129685957,0.6766415379392012,0.7118471057621434,0.9300718734252744,0.97,0.01,0.02,0.0,insufficient_group_size,,,4,196,0,success,,
population_detail.v1,C002355,200,0.31877718591498305,0.6922671963567012,0.7129516821006538,0.8727034211043829,0.995,0.005,0.0,0.0,insufficient_group_size,,,0,200,0,success,,
population_detail.v1,C002356,200,0.24890418727290042,1.3008322910475028,1.4236502305772238,1.7539462118324296,0.8,0.2,0.0,0.0,insufficient_group_size,,,0,200,0,success,,
population_detail.v1,C002357,200,0.3498208217276008,1.0601388765284916,1.1126182379869347,1.3964233208915182,0.035,0.01,0.465,0.49,insufficient_group_size,,,191,9,0,success,,
population_detail.v1,C002358,200,0.24614825542140922,0.5293635811407209,0.5451133902142193,0.6580171379753801,0.235,0.06,0.65,0.055,found,13.0,variable_expense_ratio,141,59,24,success,,
population_detail.v1,C002359,200,0.13448144577280458,0.6606826304686968,0.6889032532415108,0.8359320873026117,0.99,0.005,0.005,0.0,insufficient_group_size,,,1,199,0,success,,
population_detail.v1,C002360,200,0.1340664512557506,0.6210877706040627,0.6560401894206773,0.8648398634224175,0.91,0.05,0.04,0.0,insufficient_group_size,,,8,192,0,success,,
population_detail.v1,C002361,200,0.2270299609899826,0.893289256450435,0.9789598038089569,1.1874784352260261,1.0,0.0,0.0,0.0,insufficient_group_size,,,0,200,0,success,,
population_detail.v1,C002362,200,0.1506681098717015,0.5028459587966018,0.5304543150194487,0.6808123132531082,0.995,0.005,0.0,0.0,insufficient_group_size,,,0,200,0,success,,
population_detail.v1,C002363,200,0.24747000214862389,0.5980357169219483,0.626709048343834,0.7327293485198292,0.55,0.045,0.4,0.005,found,13.0,variable_expense_ratio,81,119,24,success,,
population_detail.v1,C002364,200,0.3085821770932159,0.8194118510342434,0.8440986351310868,1.0350812699610503,0.315,0.17,0.48,0.035,found,13.0,variable_expense_ratio,103,97,24,success,,
population_detail.v1,C002365,200,0.32391665665757546,1.0990354372958726,1.11690685145411,1.5509608788079183,0.87,0.13,0.0,0.0,insufficient_group_size,,,0,200,0,success,,
population_detail.v1,C002366,200,0.3510173782494634,1.4245334697267402,1.6207892650319222,1.7828290107178555,0.765,0.01,0.225,0.0,found,13.0,cash_balance_ratio,45,155,24,success,,
population_detail.v1,C002367,200,0.4879956794648886,0.9780773479860619,1.0145412768970952,1.1294862612953747,0.565,0.185,0.235,0.015,found,13.0,variable_expense_ratio,50,150,24,success,,
population_detail.v1,C002368,200,0.38377894569942067,1.2746963903212785,1.3675366801475028,1.6909431087875988,0.0,0.0,0.04,0.96,insufficient_group_size,,,200,0,0,success,,
population_detail.v1,C002369,200,0.5264814148194894,5.927761923574968,6.529150278088741,6.6094423152765405,0.25,0.005,0.34,0.405,found,13.0,savings_rate,149,51,24,success,,
population_detail.v1,C002370,200,0.2309619978231419,0.8679685353754084,0.9095505247428102,1.2259414491886458,0.36,0.64,0.0,0.0,insufficient_group_size,,,0,200,0,success,,
population_detail.v1,C002371,200,0.15938042843365105,0.6323302472423917,0.6675083648754727,0.8279278626895237,0.995,0.0,0.005,0.0,insufficient_group_size,,,1,199,0,success,,
population_detail.v1,C002372,200,0.15371650422623434,0.6579451820780494,0.6689105355988672,0.926215462053688,0.0,0.0,0.085,0.915,insufficient_group_size,,,200,0,0,success,,
population_detail.v1,C002373,200,0.27155057851280295,0.6345423735482179,0.6718501506542844,0.7880645597306878,0.84,0.015,0.145,0.0,found,13.0,variable_expense_ratio,29,171,24,success,,
population_detail.v1,C002374,200,0.34284763605241786,0.8533414979258888,0.9205006958221726,1.0304683793822864,0.905,0.055,0.04,0.0,insufficient_group_size,,,8,192,0,success,,
population_detail.v1,C002375,200,0.1530407256238664,0.5483641795890016,0.5733210477812113,0.7139430542388396,1.0,0.0,0.0,0.0,insufficient_group_size,,,0,200,0,success,,
population_detail.v1,C002376,200,0.12388092879307135,0.5180650611184168,0.550537359435335,0.6991284195808197,1.0,0.0,0.0,0.0,insufficient_group_size,,,0,200,0,success,,
population_detail.v1,C002377,200,0.23730140718386095,0.6400631108922211,0.6827182892140666,0.8016256842410895,0.135,0.05,0.66,0.155,found,13.0,cash_balance_ratio,163,37,24,success,,
population_detail.v1,C002378,200,0.12690232995520637,0.4110319602684202,0.41107580116751186,0.5858732714407502,1.0,0.0,0.0,0.0,insufficient_group_size,,,0,200,0,success,,
population_detail.v1,C002379,200,0.18274570992433511,0.8802361992925326,0.9217891103655054,1.2098762913638679,0.0,0.005,0.41,0.585,insufficient_group_size,,,199,1,0,success,,
population_detail.v1,C002380,200,0.2850687399874603,0.7362432716999934,0.7813075060464891,0.9187814389791623,0.93,0.055,0.015,0.0,insufficient_group_size,,,3,197,0,success,,
population_detail.v1,C002381,200,0.3105156366555799,0.5957990847145037,0.6142163199264117,0.7453432353202154,0.74,0.06,0.2,0.0,found,13.0,variable_expense_ratio,40,160,24,success,,
population_detail.v1,C002382,200,0.48113476791770843,0.9828983609842572,1.0184141536837226,1.2989434184419864,0.0,0.0,0.07,0.93,insufficient_group_size,,,200,0,0,success,,
population_detail.v1,C002383,200,0.6436115347951256,2.6420741199373237,2.6798106755726883,2.7312913533260694,0.13,0.015,0.76,0.095,found,13.0,variable_expense_ratio,171,29,24,success,,
population_detail.v1,C002384,200,0.3703544528585833,1.0236201893457944,1.0928704167972434,1.3188295915944461,0.0,0.0,0.25,0.75,insufficient_group_size,,,200,0,0,success,,
population_detail.v1,C002385,200,0.24772650430059656,0.8461625317152719,0.8936216618825233,1.0893527679925943,0.395,0.205,0.39,0.01,found,13.0,variable_expense_ratio,80,120,5,success,,
population_detail.v1,C002386,200,4.016321942858645,21.939359261762192,24.6855316739585,25.052475114414374,0.445,0.375,0.125,0.055,found,13.0,cash_balance_ratio,36,164,24,success,,
population_detail.v1,C002387,200,0.14308310665784552,0.7188255832871856,0.7670087990859652,0.9907610515431824,0.97,0.01,0.02,0.0,insufficient_group_size,,,4,196,0,success,,
population_detail.v1,C002388,200,0.20453118752552807,0.49826885542108357,0.5135237056490038,0.6553103954343281,0.985,0.005,0.01,0.0,insufficient_group_size,,,2,198,0,success,,
population_detail.v1,C002389,200,0.237237655736989,0.6554235193970587,0.6922585534859814,0.8035154035279135,0.875,0.085,0.04,0.0,insufficient_group_size,,,8,192,0,success,,
population_detail.v1,C002390,200,0.23088597443454575,0.7123915436886583,0.7400813770736556,0.9296305243247915,0.03,0.015,0.565,0.39,insufficient_group_size,,,191,9,0,success,,
population_detail.v1,C002391,200,0.2387081535641474,0.7364082016350931,0.7558911988629872,0.9617474277310504,0.12,0.03,0.62,0.23,found,13.0,cash_balance_ratio,170,30,24,success,,
population_detail.v1,C002392,200,0.5757439569463898,1.9888174564882706,2.1011651231763278,2.3302152085779397,0.765,0.045,0.185,0.005,found,13.0,cash_balance_ratio,38,162,24,success,,
population_detail.v1,C002393,200,0.25963015389423744,0.5704540078887556,0.5992316053397126,0.7304822100308374,0.935,0.035,0.03,0.0,insufficient_group_size,,,6,194,0,success,,
population_detail.v1,C002394,200,0.1789072038668295,0.6374108993851584,0.6697405161593353,0.778108144189923,0.87,0.045,0.085,0.0,insufficient_group_size,,,17,183,0,success,,
population_detail.v1,C002395,200,0.17294590115979203,1.0541475008903083,1.1186498896269517,1.3490147371600367,0.505,0.04,0.455,0.0,found,13.0,variable_expense_ratio,91,109,24,success,,
population_detail.v1,C002396,200,0.20199003872045304,0.5903918377817517,0.6111311396300477,0.7668409369412175,0.075,0.025,0.785,0.115,found,13.0,variable_expense_ratio,180,20,24,success,,
population_detail.v1,C002397,200,0.27586488808585274,0.9260324435239256,0.9887388208170158,1.1858221993766438,0.03,0.01,0.815,0.145,insufficient_group_size,,,192,8,0,success,,
population_detail.v1,C002398,200,0.21876851413604334,1.0980282877162109,1.1538724966950475,1.5483728886096637,0.31,0.69,0.0,0.0,insufficient_group_size,,,0,200,0,success,,
population_detail.v1,C002399,200,0.40148415295955797,1.1208829389513797,1.1689302688798588,1.4100537880001671,0.0,0.0,0.265,0.735,insufficient_group_size,,,200,0,0,success,,
population_detail.v1,C002400,200,0.2851765619574175,0.7265886877625869,0.7677487552076845,0.9255852982443735,0.055,0.025,0.76,0.16,insufficient_group_size,,,184,16,0,success,,
population_detail.v1,C002401,200,0.41845554987368744,1.3866749698911598,1.4279043637721998,1.713891728480384,0.965,0.035,0.0,0.0,insufficient_group_size,,,0,200,0,success,,
population_detail.v1,C002402,200,0.22259003198654206,0.9837063983187585,1.0034631038584911,1.3614841862221896,0.355,0.645,0.0,0.0,insufficient_group_size,,,0,200,0,success,,
population_detail.v1,C002403,200,0.22496434047739908,0.7223083443378593,0.755739498722978,0.9265599629102029,0.995,0.005,0.0,0.0,insufficient_group_size,,,0,200,0,success,,
population_detail.v1,C002404,200,0.24854313033476128,0.5949946924310221,0.6316151518532385,0.7505143129575158,0.115,0.045,0.715,0.125,found,13.0,cash_balance_ratio,168,32,24,success,,
population_detail.v1,C002405,200,0.2065426090225341,0.4712420530668895,0.48458166310922457,0.6059169171467073,0.985,0.01,0.005,0.0,insufficient_group_size,,,1,199,0,success,,
population_detail.v1,C002406,200,0.21815623307106374,0.9324623689664038,0.9715177678144813,1.2977352972256821,0.0,0.0,0.075,0.925,insufficient_group_size,,,200,0,0,success,,
population_detail.v1,C002407,200,0.2760915888184996,1.3459974270057977,1.4046233656163136,1.7369422641600722,0.83,0.17,0.0,0.0,insufficient_group_size,,,0,200,0,success,,
population_detail.v1,C002408,200,0.1690150811224755,0.9341900195926697,0.9654779223783179,1.3425428942989344,0.315,0.685,0.0,0.0,insufficient_group_size,,,0,200,0,success,,
population_detail.v1,C002409,200,0.2568847403748313,1.0872900400388463,1.1162964794448176,1.573888413431946,0.32,0.68,0.0,0.0,insufficient_group_size,,,0,200,0,success,,
population_detail.v1,C002410,200,0.16955625389488987,0.4776874886811615,0.4945139145304001,0.6674498736866018,1.0,0.0,0.0,0.0,insufficient_group_size,,,0,200,0,success,,
population_detail.v1,C002411,200,0.1657217090313597,0.823688183433893,0.8517759684946913,1.2456166062539344,0.3,0.045,0.655,0.0,found,13.0,variable_expense_ratio,131,69,24,success,,
population_detail.v1,C002412,200,0.2983585156710849,0.8775186746206094,0.9213643679154498,1.080188879728195,0.145,0.06,0.725,0.07,found,13.0,variable_expense_ratio,159,41,24,success,,
population_detail.v1,C002413,200,0.210150733100794,1.0708372432641742,1.1094609868512948,1.381143958921664,0.0,0.0,0.245,0.755,insufficient_group_size,,,200,0,0,success,,
population_detail.v1,C002414,200,0.1965082833884547,0.7273326200944882,0.7707089012615514,0.9818872042575287,0.57,0.065,0.365,0.0,found,13.0,variable_expense_ratio,73,127,24,success,,
population_detail.v1,C002415,200,0.26277896939062695,0.6230212853127289,0.6495700157814263,0.8266637972195101,1.0,0.0,0.0,0.0,insufficient_group_size,,,0,200,0,success,,
population_detail.v1,C002416,200,0.17082703167134566,0.5727909862583545,0.5889844009704422,0.72505022401021,0.255,0.105,0.605,0.035,found,13.0,variable_expense_ratio,128,72,24,success,,
population_detail.v1,C002417,200,0.16179264561947704,0.554234497274448,0.5839579871087952,0.7451290142227266,0.925,0.065,0.01,0.0,insufficient_group_size,,,2,198,0,success,,
population_detail.v1,C002418,200,0.2726358677186067,1.4156968403573087,1.550770674282403,1.9319431819625503,0.86,0.0,0.14,0.0,found,13.0,cash_balance_ratio,28,172,24,success,,
population_detail.v1,C002419,200,0.2194455405250125,0.8227255094785215,0.8371403042429266,1.1875325774378485,0.36,0.035,0.605,0.0,found,13.0,cash_balance_ratio,121,79,24,success,,
population_detail.v1,C002420,200,0.2446421398439889,0.5547890030662154,0.5748209510318139,0.6940533580988927,0.995,0.0,0.005,0.0,insufficient_group_size,,,1,199,0,success,,
population_detail.v1,C002421,200,0.17296493433542853,0.6372635305499353,0.6739767788359455,0.8512635013615436,0.81,0.03,0.16,0.0,found,13.0,variable_expense_ratio,32,168,24,success,,
population_detail.v1,C002422,200,0.15991230333686754,0.9750584671248472,1.021683380899729,1.3846301957482792,0.0,0.005,0.395,0.6,insufficient_group_size,,,199,1,0,success,,
population_detail.v1,C002423,200,0.3175046760739458,0.6502475826571602,0.6749866227582704,0.790646226267352,0.285,0.065,0.62,0.03,found,13.0,variable_expense_ratio,130,70,24,success,,
population_detail.v1,C002424,200,0.18481664880687074,0.5554201844182087,0.5667845263895617,0.7169835539985497,0.885,0.005,0.11,0.0,found,13.0,variable_expense_ratio,22,178,24,success,,
population_detail.v1,C002425,200,0.29180504949611463,1.1397830045863202,1.2094692713891972,1.4493658507148357,0.535,0.165,0.3,0.0,found,13.0,variable_expense_ratio,60,140,24,success,,
population_detail.v1,C002426,200,0.23046858281403715,0.7518777783409673,0.8011866357128279,1.0018167782823617,0.045,0.035,0.7,0.22,insufficient_group_size,,,184,16,0,success,,
population_detail.v1,C002427,200,0.2897763035719996,0.7113728556084503,0.7359885323154364,0.9012630049919508,0.045,0.025,0.735,0.195,insufficient_group_size,,,186,14,0,success,,
population_detail.v1,C002428,200,0.2821631404806155,0.7255793182138133,0.7504662148412481,0.891954555930025,1.0,0.0,0.0,0.0,insufficient_group_size,,,0,200,0,success,,
population_detail.v1,C002429,200,0.41031270581262086,0.7447700355901382,0.7593664030741755,0.9274580235262273,0.165,0.04,0.55,0.245,found,13.0,cash_balance_ratio,159,41,24,success,,
population_detail.v1,C002430,200,0.15678769880023338,0.6112234747791377,0.6354786568027726,0.8091589970395379,0.93,0.045,0.025,0.0,insufficient_group_size,,,5,195,0,success,,
population_detail.v1,C002431,200,0.24760569984754524,0.6234140517937796,0.6465997140824589,0.7811380791223431,0.065,0.045,0.71,0.18,found,13.0,loan_balance_ratio,178,22,24,success,,
population_detail.v1,C002432,200,0.29626399369206513,1.1817793039643598,1.2711929987280923,1.4700593452878665,0.64,0.045,0.315,0.0,found,13.0,variable_expense_ratio,63,137,24,success,,
population_detail.v1,C002433,200,0.22145546875754943,0.8269775433503328,0.8677042685094223,1.1020939040081217,0.92,0.03,0.05,0.0,insufficient_group_size,,,10,190,0,success,,
population_detail.v1,C002434,200,0.3316782256796538,1.7934083623364205,1.912947008939287,2.230939361581963,0.5,0.175,0.32,0.005,found,13.0,variable_expense_ratio,65,135,24,success,,
population_detail.v1,C002435,200,0.20049465623951485,0.6042239955117317,0.631544490128572,0.7467114802614538,0.845,0.06,0.095,0.0,insufficient_group_size,,,19,181,0,success,,
population_detail.v1,C002436,200,0.3263859437477298,0.8614215677984851,0.8795952736052808,1.0608412884445648,0.015,0.015,0.4,0.57,insufficient_group_size,,,194,6,0,success,,
population_detail.v1,C002437,200,0.27829947612079864,1.1426224713052664,1.155563459800645,1.7706088839980612,0.935,0.065,0.0,0.0,insufficient_group_size,,,0,200,0,success,,
population_detail.v1,C002438,200,0.22238096499299456,0.8961136485832796,0.9548315557358793,1.1482132076875924,0.545,0.165,0.28,0.01,found,13.0,variable_expense_ratio,58,142,24,success,,
population_detail.v1,C002439,200,0.14285585597330344,0.4915812933146739,0.5114539462381955,0.6625926049335047,0.995,0.0,0.005,0.0,insufficient_group_size,,,1,199,0,success,,
population_detail.v1,C002440,200,0.13298090486579098,0.5836553861504479,0.6052080868685366,0.7364215174530798,0.105,0.035,0.74,0.12,found,13.0,variable_expense_ratio,172,28,24,success,,
population_detail.v1,C002441,200,0.16496075279841516,0.8315642925833796,0.9108503081007182,1.160896786257099,0.98,0.01,0.01,0.0,insufficient_group_size,,,2,198,0,success,,
population_detail.v1,C002442,200,0.2185332083357516,0.979227436159968,1.0845179209046316,1.4004245562930482,0.25,0.045,0.7,0.005,found,13.0,savings_rate,141,59,2,success,,
population_detail.v1,C002443,200,0.5020663008070934,1.1352997947604553,1.1717161611579108,1.3757061221860838,0.5,0.175,0.325,0.0,found,13.0,variable_expense_ratio,65,135,24,success,,
population_detail.v1,C002444,200,0.621453956471662,11.25675386442144,11.621706867770017,11.909670194396316,0.26,0.68,0.055,0.005,insufficient_group_size,,,12,188,0,success,,
population_detail.v1,C002445,200,0.12010876350610598,0.5498263451355081,0.5667050272590597,0.7754841994923539,1.0,0.0,0.0,0.0,insufficient_group_size,,,0,200,0,success,,
population_detail.v1,C002446,200,0.369563995768961,0.9957531740934417,1.0439931587654991,1.2733526713342405,0.01,0.01,0.335,0.645,insufficient_group_size,,,196,4,0,success,,
population_detail.v1,C002447,200,0.26181498833153966,1.2471189441186896,1.2467954109013837,1.8959461954826413,0.97,0.015,0.015,0.0,insufficient_group_size,,,3,197,0,success,,
population_detail.v1,C002448,200,0.13918796510334785,0.512609663613691,0.5375245585237641,0.6552603224464257,1.0,0.0,0.0,0.0,insufficient_group_size,,,0,200,0,success,,
population_detail.v1,C002449,200,0.39089686438043075,0.978154677409416,1.0059167034353922,1.1825005138728755,0.365,0.155,0.44,0.04,found,13.0,variable_expense_ratio,96,104,24,success,,
population_detail.v1,C002450,200,0.09346650046577877,0.5974334954823335,0.6140097275548752,0.8566365302418713,0.99,0.005,0.005,0.0,insufficient_group_size,,,1,199,0,success,,
population_detail.v1,C002451,200,1.1483766875032375,5.301795286783619,5.847120504489925,6.041312185193255,0.43,0.455,0.11,0.005,found,13.0,cash_balance_ratio,23,177,24,success,,
population_detail.v1,C002452,200,0.2829828955089735,0.56325054468495,0.5814852457959592,0.696420055724265,0.68,0.14,0.18,0.0,found,13.0,variable_expense_ratio,36,164,5,success,,
population_detail.v1,C002453,200,0.25059129080467585,0.8679093647151744,0.8819238818026012,1.2004085813172887,0.0,0.0,0.12,0.88,insufficient_group_size,,,200,0,0,success,,
population_detail.v1,C002454,200,0.3795708038833069,1.006960464195807,1.071147260826927,1.3069485998126673,0.0,0.0,0.31,0.69,insufficient_group_size,,,200,0,0,success,,
population_detail.v1,C002455,200,0.08582587303066212,1.1861237876536903,1.220734002893833,1.8700455903093198,0.975,0.01,0.015,0.0,insufficient_group_size,,,3,197,0,success,,
population_detail.v1,C002456,200,0.19454938766639684,0.9511294725017456,1.020597412562842,1.38251509519711,0.26,0.055,0.685,0.0,found,13.0,savings_rate,137,63,3,success,,
population_detail.v1,C002457,200,0.2497725424729206,0.6317351463896124,0.6506058593544808,0.7704257468324524,0.99,0.01,0.0,0.0,insufficient_group_size,,,0,200,0,success,,
population_detail.v1,C002458,200,0.27868202032545675,0.9421643658639391,0.9924121508647716,1.1550861534730796,0.39,0.21,0.36,0.04,found,13.0,cash_balance_ratio,80,120,24,success,,
population_detail.v1,C002459,200,0.26331651948755425,1.3840845325142197,1.4590364086881435,1.7010654252758284,0.525,0.475,0.0,0.0,insufficient_group_size,,,0,200,0,success,,
population_detail.v1,C002460,200,0.33628549617647874,0.8708815655407429,0.8974270255268015,1.1350830652452755,0.0,0.0,0.045,0.955,insufficient_group_size,,,200,0,0,success,,
population_detail.v1,C002461,200,0.15843973101484987,0.5379726425750259,0.5720650436218082,0.7352976542721045,1.0,0.0,0.0,0.0,insufficient_group_size,,,0,200,0,success,,
population_detail.v1,C002462,200,0.24327150942780665,0.7511376437353684,0.7912615836924816,0.9467865289852486,0.79,0.025,0.185,0.0,found,13.0,variable_expense_ratio,37,163,24,success,,
population_detail.v1,C002463,200,0.23514065531848224,0.9876800994930102,1.0349584123456985,1.3762666964263524,0.42,0.58,0.0,0.0,insufficient_group_size,,,0,200,0,success,,
population_detail.v1,C002464,200,0.16873629660050649,0.4912380948386354,0.5245880402505042,0.6277487033678186,1.0,0.0,0.0,0.0,insufficient_group_size,,,0,200,0,success,,
population_detail.v1,C002465,200,0.47567722938235507,1.7097317662540388,1.8647533553994249,2.020155074030596,0.7,0.04,0.26,0.0,found,13.0,cash_balance_ratio,52,148,24,success,,
population_detail.v1,C002466,200,0.15068550470538197,0.6902465370028696,0.7178141867319239,0.8246478105488002,0.505,0.095,0.365,0.035,found,13.0,variable_expense_ratio,80,120,24,success,,
population_detail.v1,C002467,200,0.2372669259032485,0.9347536853049775,0.9742953278582454,1.2445293511769078,0.0,0.0,0.085,0.915,insufficient_group_size,,,200,0,0,success,,
population_detail.v1,C002468,200,0.2599606424939446,0.9040070591362792,0.9584898977824822,1.161915108288111,0.77,0.07,0.16,0.0,found,13.0,variable_expense_ratio,32,168,24,success,,
population_detail.v1,C002469,200,0.18716041927134394,0.6717499288575632,0.6885145982002742,0.9371838522808117,0.0,0.0,0.1,0.9,insufficient_group_size,,,200,0,0,success,,
population_detail.v1,C002470,200,0.28145689445232175,1.1385798421091982,1.1838578154644255,1.55809786348301,0.47,0.085,0.445,0.0,found,13.0,variable_expense_ratio,89,111,24,success,,
population_detail.v1,C002471,200,0.3144112447359203,0.7766096243333632,0.8263845477974268,0.9943005254575563,0.055,0.015,0.62,0.31,insufficient_group_size,,,186,14,0,success,,
population_detail.v1,C002472,200,0.24712911215075964,0.7274414244309199,0.7514424436865259,0.9100774705127661,1.0,0.0,0.0,0.0,insufficient_group_size,,,0,200,0,success,,
population_detail.v1,C002473,200,0.20371937999005618,15.983848730311736,18.53375895893209,19.13639536088553,0.275,0.68,0.045,0.0,insufficient_group_size,,,9,191,0,success,,
population_detail.v1,C002474,200,0.28064957301383986,1.3834687638629892,1.4861635440157825,1.78341139133552,0.605,0.085,0.31,0.0,found,13.0,variable_expense_ratio,62,138,24,success,,
population_detail.v1,C002475,200,0.22308089323715857,0.8229276559007411,0.8378969695970556,1.1192552509138156,0.005,0.01,0.58,0.405,insufficient_group_size,,,197,3,0,success,,
population_detail.v1,C002476,200,0.1970868851855106,0.6033658048806597,0.6159470464330932,0.7562990791394545,0.95,0.035,0.015,0.0,insufficient_group_size,,,3,197,0,success,,
population_detail.v1,C002477,200,0.2683410209773148,0.9521176296376769,0.9726836227393778,1.462790086376819,0.3,0.7,0.0,0.0,insufficient_group_size,,,0,200,0,success,,
population_detail.v1,C002478,200,0.1699703823526854,0.877686127843812,0.9147659622314106,1.2769467367641587,0.325,0.675,0.0,0.0,insufficient_group_size,,,0,200,0,success,,
population_detail.v1,C002479,200,0.3775226868552507,1.309264730969157,1.3756121266866292,1.675736863751767,0.4,0.18,0.415,0.005,found,13.0,variable_expense_ratio,84,116,24,success,,
population_detail.v1,C002480,200,0.2459059306927803,0.8318145872236272,0.8533986261253108,1.153717263361336,0.005,0.005,0.4,0.59,insufficient_group_size,,,198,2,0,success,,
population_detail.v1,C002481,200,0.139615083165962,0.49036684261699115,0.5124515663982921,0.6216418951552398,1.0,0.0,0.0,0.0,insufficient_group_size,,,0,200,0,success,,
population_detail.v1,C002482,200,0.2593008070634367,0.6555455552569472,0.6771474146784546,0.8354944310784953,0.04,0.015,0.705,0.24,insufficient_group_size,,,189,11,0,success,,
population_detail.v1,C002483,200,0.274125038184518,0.5658846957720184,0.5757300650584651,0.7147684838646727,0.12,0.055,0.72,0.105,found,13.0,variable_expense_ratio,165,35,24,success,,
population_detail.v1,C002484,200,0.22617938462481643,0.6914625169828292,0.7358502443636751,0.8760826311675357,0.85,0.065,0.085,0.0,insufficient_group_size,,,17,183,0,success,,
population_detail.v1,C002485,200,0.15786335573585575,0.6567693632308762,0.6727503659029538,0.9306390246732187,0.0,0.0,0.13,0.87,insufficient_group_size,,,200,0,0,success,,
population_detail.v1,C002486,200,0.2910577887666769,0.8597236135376468,0.8708554104604479,1.1741840960960366,0.005,0.005,0.415,0.575,insufficient_group_size,,,198,2,0,success,,
population_detail.v1,C002487,200,0.25220825471348185,0.7516896740084771,0.776671286604681,0.9657328838737336,0.015,0.01,0.49,0.485,insufficient_group_size,,,195,5,0,success,,
population_detail.v1,C002488,200,0.27429095753927196,0.6548953910209669,0.6756562872602359,0.8599075830055697,0.04,0.015,0.6,0.345,insufficient_group_size,,,189,11,0,success,,
population_detail.v1,C002489,200,0.27030728007525984,0.5735039348340528,0.5955519517544936,0.7120509813790724,0.375,0.145,0.455,0.025,found,13.0,variable_expense_ratio,96,104,24,success,,
population_detail.v1,C002490,200,0.389977032208126,1.3058800437082285,1.3686906323381125,1.7199832006279838,0.355,0.645,0.0,0.0,insufficient_group_size,,,0,200,0,success,,
population_detail.v1,C002491,200,0.31745179281904945,0.822305461067657,0.8379128224444765,1.0256206139209327,0.01,0.005,0.71,0.275,insufficient_group_size,,,197,3,0,success,,
population_detail.v1,C002492,200,0.18962426251562353,0.6997467190830722,0.7268751635306686,0.8899942012507474,0.015,0.02,0.51,0.455,insufficient_group_size,,,193,7,0,success,,
population_detail.v1,C002493,200,0.21668611744189725,0.6135677766430477,0.6383798448084058,0.7688910980262773,0.03,0.015,0.67,0.285,insufficient_group_size,,,191,9,0,success,,
population_detail.v1,C002494,200,0.38221371864971965,1.0617563903317697,1.0689234745866507,1.5081601348798177,0.37,0.63,0.0,0.0,insufficient_group_size,,,0,200,0,success,,
population_detail.v1,C002495,200,0.8070663470663192,1.331223309334442,1.3660364159748801,1.484078273448796,0.075,0.02,0.715,0.19,insufficient_group_size,,,181,19,0,success,,
population_detail.v1,C002496,200,0.16133977736361987,0.8538566000431118,0.8984101859703191,1.1331629107584673,0.0,0.0,0.14,0.86,insufficient_group_size,,,200,0,0,success,,
population_detail.v1,C002497,200,0.4101065458688828,1.0674898101756327,1.1344288457016882,1.4149762026345138,0.39,0.245,0.355,0.01,found,13.0,variable_expense_ratio,73,127,24,success,,
population_detail.v1,C002498,200,0.40506068398295625,0.9588985888609258,1.0158540885487048,1.1798158798340397,0.0,0.0,0.27,0.73,insufficient_group_size,,,200,0,0,success,,
population_detail.v1,C002499,200,0.2690010744092752,0.5620420760896089,0.5755864455186448,0.6991678716120595,0.21,0.065,0.63,0.095,found,13.0,variable_expense_ratio,145,55,24,success,,
population_detail.v1,C002500,200,0.24745250468805405,0.669760083720849,0.6986984939182412,0.8623479553077632,0.055,0.035,0.77,0.14,insufficient_group_size,,,182,18,0,success,,
population_detail.v1,C002501,200,0.2718944196363085,0.7610439025423272,0.7882161448410325,0.9639291673794771,0.04,0.005,0.615,0.34,insufficient_group_size,,,191,9,0,success,,
population_detail.v1,C002502,200,0.7625767694419658,1.571716244500597,1.6420103697747181,1.9515353210644146,0.605,0.39,0.005,0.0,insufficient_group_size,,,1,199,0,success,,
population_detail.v1,C002503,200,1.1616953145307094,6.757026620602431,7.87698912981321,8.15014897298534,0.63,0.235,0.115,0.02,found,13.0,cash_balance_ratio,27,173,24,success,,
population_detail.v1,C002504,200,0.265635495003689,0.7268281847338209,0.7643264327573329,0.9874402092811966,0.005,0.005,0.67,0.32,insufficient_group_size,,,198,2,0,success,,
population_detail.v1,C002505,200,0.16035944255553206,0.49997583729297135,0.514646941646675,0.6477604167472076,1.0,0.0,0.0,0.0,insufficient_group_size,,,0,200,0,success,,
population_detail.v1,C002506,200,0.16016680712881667,0.535659783446987,0.5653821147339679,0.6671528548190191,0.93,0.05,0.02,0.0,insufficient_group_size,,,4,196,0,success,,
population_detail.v1,C002507,200,0.3076401610276621,0.633607810875027,0.6560313384410813,0.7835028503458527,0.1,0.015,0.67,0.215,found,13.0,cash_balance_ratio,177,23,24,success,,
population_detail.v1,C002508,200,0.7028198481621964,1.4948179238428796,1.5280199539547021,1.8638509626334274,0.885,0.015,0.095,0.005,found,13.0,cash_balance_ratio,20,180,24,success,,
population_detail.v1,C002509,200,0.35476529852154126,1.068617078696179,1.0978090511727614,1.3769358521827226,0.01,0.01,0.365,0.615,insufficient_group_size,,,196,4,0,success,,
population_detail.v1,C002510,200,0.3521645608415524,1.2566434525711374,1.2124713025354774,1.8723639941242776,0.815,0.185,0.0,0.0,insufficient_group_size,,,0,200,0,success,,
population_detail.v1,C002511,200,0.1968054356011195,0.9434305993250203,0.9822982816378434,1.2313775973074703,0.0,0.0,0.045,0.955,insufficient_group_size,,,200,0,0,success,,
population_detail.v1,C002512,200,0.23098077787086094,0.5982099976532772,0.6172803673773637,0.8037341700923953,0.895,0.05,0.055,0.0,insufficient_group_size,,,11,189,0,success,,
population_detail.v1,C002513,200,0.19032152569167027,0.5305075177455519,0.5386476750321819,0.7386507266984467,1.0,0.0,0.0,0.0,insufficient_group_size,,,0,200,0,success,,
population_detail.v1,C002514,200,0.35512280284972675,1.4928829683486822,1.5687771704117877,1.8594642544798141,0.61,0.39,0.0,0.0,insufficient_group_size,,,0,200,0,success,,
population_detail.v1,C002515,200,0.41813293596650764,0.9651134858439953,0.9931813132825409,1.105611242170253,0.145,0.02,0.64,0.195,found,13.0,cash_balance_ratio,167,33,24,success,,
population_detail.v1,C002516,200,0.22274722693229934,0.7465231183202146,0.8002791908398567,1.039611904254483,0.995,0.005,0.0,0.0,insufficient_group_size,,,0,200,0,success,,
population_detail.v1,C002517,200,0.40323387164592167,1.3934452219846576,1.4509263491608273,1.8776141320895345,0.81,0.19,0.0,0.0,insufficient_group_size,,,0,200,0,success,,
population_detail.v1,C002518,200,0.23550127892283435,0.5495655097146128,0.5581483465768681,0.6886392803219455,0.995,0.005,0.0,0.0,insufficient_group_size,,,0,200,0,success,,
population_detail.v1,C002519,200,0.15620012339273215,0.5821513418687343,0.6089547070101826,0.7286807933907934,0.625,0.13,0.22,0.025,found,13.0,variable_expense_ratio,49,151,24,success,,
population_detail.v1,C002520,200,0.279522236525664,1.1863689928369852,1.2234970542237806,1.83710468792988,0.3,0.7,0.0,0.0,insufficient_group_size,,,0,200,0,success,,
population_detail.v1,C002521,200,0.21656548336476236,0.5276891951313277,0.5454517143187473,0.6664820530190614,0.985,0.01,0.005,0.0,insufficient_group_size,,,1,199,0,success,,
population_detail.v1,C002522,200,0.1768880244673945,1.0570791150061731,1.1280959283075305,1.3015325220245777,0.725,0.02,0.255,0.0,found,13.0,variable_expense_ratio,51,149,24,success,,
population_detail.v1,C002523,200,0.22276522934157192,0.4987371240526195,0.5120545753165173,0.6480357655339246,1.0,0.0,0.0,0.0,insufficient_group_size,,,0,200,0,success,,
population_detail.v1,C002524,200,0.17161428758749472,0.5293921589037606,0.5546473850985786,0.6665449940677324,0.98,0.01,0.01,0.0,insufficient_group_size,,,2,198,0,success,,
population_detail.v1,C002525,200,0.21459886823555302,0.6125519888799527,0.6420031384301589,0.7536771829551265,0.07,0.01,0.69,0.23,insufficient_group_size,,,184,16,0,success,,
population_detail.v1,C002526,200,0.7314418324216546,4.175730122702117,4.4291522829438765,4.487163753501841,0.175,0.005,0.415,0.405,found,13.0,savings_rate,164,36,24,success,,
population_detail.v1,C002527,200,0.20212124372101248,0.5373045139701509,0.5667140991901678,0.7137859087198242,0.97,0.005,0.025,0.0,insufficient_group_size,,,5,195,0,success,,
population_detail.v1,C002528,200,0.24658951710585655,0.8963675104715016,0.9349809092595622,1.2546945178709015,0.335,0.665,0.0,0.0,insufficient_group_size,,,0,200,0,success,,
population_detail.v1,C002529,200,0.1334244309897716,0.6337911245590518,0.6679490520920421,0.8662207944368293,0.99,0.0,0.01,0.0,insufficient_group_size,,,2,198,0,success,,
population_detail.v1,C002530,200,0.20633286890447833,0.5176610455638674,0.5465430096592385,0.664074760027438,0.26,0.065,0.6,0.075,found,13.0,variable_expense_ratio,135,65,24,success,,
population_detail.v1,C002531,200,0.21481464818821422,0.5927079134400889,0.6148406953947696,0.7383796708096757,0.645,0.125,0.21,0.02,found,13.0,cash_balance_ratio,46,154,24,success,,
population_detail.v1,C002532,200,0.23759943391196123,0.8369233868412788,0.8837694765912477,1.0230414630638573,0.3,0.155,0.525,0.02,found,13.0,variable_expense_ratio,109,91,24,success,,
population_detail.v1,C002533,200,0.2189513811776269,1.3177322333041548,1.370705065683672,2.0311042034198534,0.9,0.1,0.0,0.0,insufficient_group_size,,,0,200,0,success,,
population_detail.v1,C002534,200,0.10922403851443913,0.5564948344074443,0.5708240640892559,0.7303442538513046,1.0,0.0,0.0,0.0,insufficient_group_size,,,0,200,0,success,,
population_detail.v1,C002535,200,0.24919122410759917,0.7400147826716676,0.7681412348870829,1.0175634448280306,0.0,0.0,0.055,0.945,insufficient_group_size,,,200,0,0,success,,
population_detail.v1,C002536,200,0.1279272052731767,0.5285480767107802,0.5591175415571936,0.6801492710582118,1.0,0.0,0.0,0.0,insufficient_group_size,,,0,200,0,success,,
population_detail.v1,C002537,200,0.3373922277421862,0.8576078414572369,0.8995203436690802,1.0900744418145054,0.765,0.09,0.145,0.0,found,13.0,variable_expense_ratio,29,171,24,success,,
population_detail.v1,C002538,200,0.24575143873232727,0.5763037059489783,0.6077743283644351,0.7318849126454261,0.155,0.07,0.705,0.07,found,13.0,variable_expense_ratio,155,45,5,success,,
population_detail.v1,C002539,200,0.1279272052731767,0.4965545450139052,0.5189073700336067,0.6400371568495004,1.0,0.0,0.0,0.0,insufficient_group_size,,,0,200,0,success,,
population_detail.v1,C002540,200,0.33523952242932714,0.7681768565800688,0.7922185614544994,0.9472426525779305,0.145,0.085,0.71,0.06,found,13.0,variable_expense_ratio,154,46,5,success,,
population_detail.v1,C002541,200,0.15691091799292886,0.48377024369182225,0.5022919082062216,0.6140022480172654,1.0,0.0,0.0,0.0,insufficient_group_size,,,0,200,0,success,,
population_detail.v1,C002542,200,0.5810132084362991,1.4138311715448202,1.484433743292945,1.7909167606147915,0.41,0.255,0.32,0.015,found,13.0,variable_expense_ratio,67,133,9,success,,
population_detail.v1,C002543,200,0.20649938122124636,0.5504401749019248,0.5784487811204551,0.6844215437474859,0.57,0.125,0.285,0.02,found,13.0,variable_expense_ratio,61,139,24,success,,
population_detail.v1,C002544,200,0.2866951876677321,0.6104603215833531,0.6358293163612236,0.7500972898997876,1.0,0.0,0.0,0.0,insufficient_group_size,,,0,200,0,success,,
population_detail.v1,C002545,200,0.7586587017677123,1.566979362248688,1.5871341704307722,1.91966409269271,0.87,0.13,0.0,0.0,insufficient_group_size,,,0,200,0,success,,
population_detail.v1,C002546,200,0.2724244567704121,0.5841236983737051,0.6047613199804109,0.7434975357750145,0.19,0.085,0.685,0.04,found,13.0,variable_expense_ratio,145,55,5,success,,
population_detail.v1,C002547,200,0.21152666664976846,0.8251365608541252,0.875230667882037,1.0814726147513483,0.075,0.015,0.62,0.29,insufficient_group_size,,,182,18,0,success,,
population_detail.v1,C002548,200,0.304653959762795,1.0277138774274868,1.0869660599035489,1.3331425751938049,0.01,0.01,0.395,0.585,insufficient_group_size,,,196,4,0,success,,
population_detail.v1,C002549,200,0.18440404921958906,0.6714143861484775,0.6987571218272925,0.8560974776459399,0.01,0.02,0.66,0.31,insufficient_group_size,,,194,6,0,success,,
population_detail.v1,C002550,200,0.37328917216818336,0.8485644457439918,0.8756801480853902,1.1201453525886165,0.02,0.01,0.395,0.575,insufficient_group_size,,,194,6,0,success,,
population_detail.v1,C002551,200,0.3031346704653785,0.9361620978052548,0.9886561458130816,1.1893997831595644,0.965,0.025,0.01,0.0,insufficient_group_size,,,2,198,0,success,,
population_detail.v1,C002552,200,0.20993954346148178,0.6767755555330808,0.7091336257467064,0.9175814053071611,0.0,0.0,0.045,0.955,insufficient_group_size,,,200,0,0,success,,
population_detail.v1,C002553,200,0.10574365908982104,0.795436166281927,0.8394457325090301,1.0169582052120023,0.03,0.01,0.785,0.175,insufficient_group_size,,,192,8,0,success,,
population_detail.v1,C002554,200,0.1812973460072769,0.6669128846532483,0.703037887471983,0.8073172501214814,1.0,0.0,0.0,0.0,insufficient_group_size,,,0,200,0,success,,
population_detail.v1,C002555,200,0.5112761906168833,1.3718376586171872,1.402765479542766,1.691639930102848,0.37,0.63,0.0,0.0,insufficient_group_size,,,0,200,0,success,,
population_detail.v1,C002556,200,0.39077966519739255,1.0117067942155247,1.0289123303001952,1.4104313076912454,0.0,0.0,0.095,0.905,insufficient_group_size,,,200,0,0,success,,
population_detail.v1,C002557,200,0.676716414225037,2.26822872293465,2.3669252335129833,2.474533655555698,0.195,0.07,0.575,0.16,found,13.0,variable_expense_ratio,147,53,24,success,,
population_detail.v1,C002558,200,0.22389639042643217,0.9130201609330989,0.9574269507201713,1.1158357226835418,0.5,0.18,0.32,0.0,found,13.0,variable_expense_ratio,64,136,5,success,,
population_detail.v1,C002559,200,0.25780625460661905,0.5641531536240341,0.5910561026900547,0.7143487724005108,0.325,0.045,0.61,0.02,found,13.0,variable_expense_ratio,126,74,24,success,,
population_detail.v1,C002560,200,0.2773859059541559,0.9045587952243065,0.9486132935356197,1.257840085034974,0.375,0.625,0.0,0.0,insufficient_group_size,,,0,200,0,success,,
population_detail.v1,C002561,200,0.1902242370313617,0.5358177463900017,0.5553941022636293,0.6806405220970526,0.195,0.09,0.665,0.05,found,13.0,cash_balance_ratio,143,57,24,success,,
population_detail.v1,C002562,200,0.31396095462491663,0.9246478924346553,0.9850780241687251,1.2751551497389881,0.365,0.635,0.0,0.0,insufficient_group_size,,,0,200,0,success,,
population_detail.v1,C002563,200,0.22312373542465083,0.5242247429790242,0.5411846339020534,0.7054009589390183,0.985,0.0,0.015,0.0,insufficient_group_size,,,3,197,0,success,,
population_detail.v1,C002564,200,0.2053833171905758,0.9285613569411598,0.9533638259655746,1.2105161986185,0.0,0.0,0.26,0.74,insufficient_group_size,,,200,0,0,success,,
population_detail.v1,C002565,200,0.2266529078992647,1.3550887631115436,1.4364616313826049,1.806849909276213,0.59,0.105,0.305,0.0,found,13.0,variable_expense_ratio,61,139,24,success,,
population_detail.v1,C002566,200,0.07122861803140261,0.8518534720625155,0.9152555477136581,1.0952509136881319,0.575,0.055,0.37,0.0,found,13.0,variable_expense_ratio,74,126,24,success,,
population_detail.v1,C002567,200,0.3749119037814838,1.4383232137254092,1.55269559089194,1.8833027305876286,0.0,0.0,0.03,0.97,insufficient_group_size,,,200,0,0,success,,
population_detail.v1,C002568,200,0.2729977774402938,0.7092229347058141,0.7397524344474067,0.9538046855771077,0.995,0.0,0.005,0.0,insufficient_group_size,,,1,199,0,success,,
population_detail.v1,C002569,200,0.1771386533408753,0.5503010318493441,0.5792053807343458,0.7277497690901731,1.0,0.0,0.0,0.0,insufficient_group_size,,,0,200,0,success,,
population_detail.v1,C002570,200,0.3283789781473101,0.8445653840836138,0.8539485066039136,1.2347274983613292,0.0,0.005,0.35,0.645,insufficient_group_size,,,199,1,0,success,,
population_detail.v1,C002571,200,0.1515492488777793,0.48807476051787674,0.502583842917335,0.6456111295016514,1.0,0.0,0.0,0.0,insufficient_group_size,,,0,200,0,success,,
population_detail.v1,C002572,200,0.39758058077555486,1.3376033545600925,1.4528659500282186,1.851806110439953,0.465,0.535,0.0,0.0,insufficient_group_size,,,0,200,0,success,,
population_detail.v1,C002573,200,0.18204301011622942,1.4092996159657003,1.442557619429827,2.0715579484713267,0.765,0.235,0.0,0.0,insufficient_group_size,,,0,200,0,success,,
population_detail.v1,C002574,200,1.0207539074254846,6.327838244797554,7.018101153011466,7.10491899228053,0.515,0.165,0.16,0.16,found,13.0,cash_balance_ratio,64,136,24,success,,
population_detail.v1,C002575,200,0.4909999600851431,1.5246436994602872,1.6605025698953055,1.7871132232125368,0.76,0.015,0.225,0.0,found,13.0,cash_balance_ratio,45,155,24,success,,
population_detail.v1,C002576,200,0.29409857941920187,0.7509088670929287,0.7973846884724852,0.9726653774489514,0.075,0.045,0.76,0.12,found,13.0,cash_balance_ratio,176,24,24,success,,
population_detail.v1,C002577,200,0.3926727817880698,0.9230554124734374,0.9418857453508114,1.2137605144771924,0.045,0.01,0.54,0.405,insufficient_group_size,,,189,11,0,success,,
population_detail.v1,C002578,200,0.19011352800449874,0.5250214394437038,0.5382612674422771,0.6585321190225518,0.785,0.1,0.115,0.0,found,13.0,variable_expense_ratio,23,177,24,success,,
population_detail.v1,C002579,200,0.2802211542721798,1.2082136107548296,1.2744765693064224,1.6609597159562668,0.41,0.59,0.0,0.0,insufficient_group_size,,,0,200,0,success,,
population_detail.v1,C002580,200,0.24963410052222815,0.8202534211793266,0.8692178672946966,1.1269598543191104,0.42,0.05,0.53,0.0,found,13.0,variable_expense_ratio,106,94,24,success,,
population_detail.v1,C002581,200,0.22966335008912803,0.7316402321309968,0.7646180571000136,0.9316128702500247,0.105,0.065,0.755,0.075,found,13.0,cash_balance_ratio,166,34,24,success,,
population_detail.v1,C002582,200,0.1553509365335533,0.5197645616786489,0.538990321199524,0.7227630304383603,1.0,0.0,0.0,0.0,insufficient_group_size,,,0,200,0,success,,
population_detail.v1,C002583,200,0.7314418324216546,4.389047393899352,4.6962978895375045,4.752045140978941,0.165,0.005,0.39,0.44,found,13.0,savings_rate,166,34,24,success,,
population_detail.v1,C002584,200,0.2730324634847967,1.240599591668561,1.3070068971284512,1.9367863424416867,0.295,0.705,0.0,0.0,insufficient_group_size,,,0,200,0,success,,
population_detail.v1,C002585,200,0.14511305266068317,0.5784850993914873,0.606170347057051,0.7103134563169559,0.98,0.01,0.01,0.0,insufficient_group_size,,,2,198,0,success,,
population_detail.v1,C002586,200,0.2570442497476935,1.3417518452100017,1.4166432526031283,1.9084355128964723,0.96,0.04,0.0,0.0,insufficient_group_size,,,0,200,0,success,,
population_detail.v1,C002587,200,0.21750245372771784,0.6644215007973377,0.6867625187257944,0.8328723877164175,0.145,0.06,0.615,0.18,found,13.0,cash_balance_ratio,159,41,24,success,,
population_detail.v1,C002588,200,0.30786208566839784,0.7654581955137959,0.7810513476804359,0.9440683842382693,0.02,0.02,0.53,0.43,insufficient_group_size,,,192,8,0,success,,
population_detail.v1,C002589,200,0.18929235801205277,0.5281977980104571,0.5615115952816863,0.6658078904647078,0.805,0.1,0.095,0.0,insufficient_group_size,,,19,181,0,success,,
population_detail.v1,C002590,200,0.7946883465539942,1.4063980177941358,1.4374626873737335,1.5870131117735664,0.335,0.11,0.55,0.005,found,13.0,variable_expense_ratio,111,89,24,success,,
population_detail.v1,C002591,200,0.15240546794720966,0.5053426038543907,0.5327920098127698,0.6963077324299475,0.975,0.015,0.01,0.0,insufficient_group_size,,,2,198,0,success,,
population_detail.v1,C002592,200,0.1831331844694255,0.5622361691032267,0.5882135374837328,0.7329572070752778,1.0,0.0,0.0,0.0,insufficient_group_size,,,0,200,0,success,,
population_detail.v1,C002593,200,0.10865877958441783,0.47280374395873964,0.4930695333998645,0.6618351173140746,1.0,0.0,0.0,0.0,insufficient_group_size,,,0,200,0,success,,
population_detail.v1,C002594,200,0.2512425421724501,0.6761767735900883,0.6992751462060283,0.8563174431088336,0.195,0.125,0.64,0.04,found,13.0,cash_balance_ratio,136,64,24,success,,
population_detail.v1,C002595,200,0.14189125657337517,1.123829511941974,1.1556173446188471,1.8639974072320706,0.935,0.065,0.0,0.0,insufficient_group_size,,,0,200,0,success,,
population_detail.v1,C002596,200,0.16899940306912783,0.5063298483027188,0.5360468047530518,0.7156237558220228,1.0,0.0,0.0,0.0,insufficient_group_size,,,0,200,0,success,,
population_detail.v1,C002597,200,0.22476735949608612,0.7511217992923604,0.799117918506363,1.0126801277558515,0.035,0.01,0.53,0.425,insufficient_group_size,,,191,9,0,success,,
population_detail.v1,C002598,200,0.2674785697312385,0.9239874883743673,0.9774959410908803,1.269376998640153,0.0,0.005,0.395,0.6,insufficient_group_size,,,199,1,0,success,,
population_detail.v1,C002599,200,0.19444981295311398,0.5756641298105492,0.6047328785328245,0.7527830025333049,1.0,0.0,0.0,0.0,insufficient_group_size,,,0,200,0,success,,
population_detail.v1,C002600,200,0.16496075279841516,0.9167472375472329,1.0124116294151957,1.2563274676470444,0.98,0.01,0.01,0.0,insufficient_group_size,,,2,198,0,success,,
population_detail.v1,C002601,200,0.19912138901205434,0.6773010305900032,0.701965982454417,0.9074281047321318,0.985,0.01,0.005,0.0,insufficient_group_size,,,1,199,0,success,,
population_detail.v1,C002602,200,0.28607814962350936,0.6674741430655525,0.6864412692969294,0.851265426557036,1.0,0.0,0.0,0.0,insufficient_group_size,,,0,200,0,success,,
population_detail.v1,C002603,200,0.21070309664587228,0.6196911856429047,0.6464145770016685,0.7813387078924526,0.105,0.035,0.795,0.065,found,13.0,variable_expense_ratio,172,28,24,success,,
population_detail.v1,C002604,200,0.4171853591951843,0.8747959365598658,0.9135357078720898,1.1230682694512502,0.53,0.04,0.43,0.0,found,13.0,variable_expense_ratio,86,114,24,success,,
population_detail.v1,C002605,200,0.2074290939316806,0.5217178636199159,0.5377669292721746,0.6503814613939534,1.0,0.0,0.0,0.0,insufficient_group_size,,,0,200,0,success,,
population_detail.v1,C002606,200,0.7055780965197362,1.4855455344777233,1.5275793883228834,1.6089178220406837,0.425,0.165,0.38,0.03,found,13.0,variable_expense_ratio,82,118,24,success,,
population_detail.v1,C002607,200,0.30699543970158316,0.9886998607831435,1.0364911069040774,1.265165053292807,0.63,0.14,0.23,0.0,found,13.0,variable_expense_ratio,46,154,24,success,,
population_detail.v1,C002608,200,0.3619012397172667,0.7990651431037893,0.8369843951579654,0.9927282367454653,0.435,0.205,0.33,0.03,found,13.0,cash_balance_ratio,72,128,24,success,,
population_detail.v1,C002609,200,0.23056657738525366,0.6340487033913266,0.6590315051602813,0.8150291732413568,0.05,0.035,0.805,0.11,insufficient_group_size,,,183,17,0,success,,
population_detail.v1,C002610,200,0.392439442919228,1.0977087022293999,1.1282725168442536,1.6883249510640777,0.895,0.105,0.0,0.0,insufficient_group_size,,,0,200,0,success,,
population_detail.v1,C002611,200,0.15078259571021396,0.4541294471535059,0.4803408842386944,0.5920593185074932,0.995,0.0,0.005,0.0,insufficient_group_size,,,1,199,0,success,,
population_detail.v1,C002612,200,0.36565781396511016,1.0046927790897988,1.0472758304295815,1.2418584528885894,0.92,0.05,0.03,0.0,insufficient_group_size,,,6,194,0,success,,
population_detail.v1,C002613,200,0.2221527067314873,0.6515817404691663,0.6781805207921126,0.8344325446289051,0.435,0.105,0.41,0.05,found,13.0,cash_balance_ratio,92,108,24,success,,
population_detail.v1,C002614,200,0.6971344573869037,1.973707575000371,2.0243870543324514,2.145230118703732,0.04,0.015,0.45,0.495,insufficient_group_size,,,189,11,0,success,,
population_detail.v1,C002615,200,0.21674565586658034,0.526259221553108,0.5461091986937464,0.6751443439669862,0.93,0.06,0.01,0.0,insufficient_group_size,,,2,198,0,success,,
population_detail.v1,C002616,200,0.3392881409787457,1.0251449061656182,1.0866407623718104,1.3592400800905022,0.33,0.67,0.0,0.0,insufficient_group_size,,,0,200,0,success,,
population_detail.v1,C002617,200,0.24981685721772615,0.5620724149010737,0.5823191371667924,0.7188430410191404,0.75,0.06,0.19,0.0,found,13.0,variable_expense_ratio,38,162,24,success,,
population_detail.v1,C002618,200,0.17673067558680755,0.5421960294320464,0.5625261751367882,0.681518487370673,0.935,0.04,0.025,0.0,insufficient_group_size,,,5,195,0,success,,
population_detail.v1,C002619,200,0.2414982873272329,0.5581346977840416,0.572470593731069,0.6915784737242042,0.86,0.1,0.04,0.0,insufficient_group_size,,,8,192,0,success,,
population_detail.v1,C002620,200,0.2737143730556047,0.9418559797063049,0.964160752746825,1.3134638799748142,0.0,0.0,0.105,0.895,insufficient_group_size,,,200,0,0,success,,
population_detail.v1,C002621,200,2.014215747832866,11.610158373978116,13.734346289810706,14.128508292991297,0.57,0.25,0.125,0.055,found,13.0,cash_balance_ratio,36,164,24,success,,
population_detail.v1,C002622,200,0.34969921395501985,1.073919953360929,1.1259747320814277,1.3943718065537778,0.005,0.005,0.27,0.72,insufficient_group_size,,,198,2,0,success,,
population_detail.v1,C002623,200,0.2605651255775295,0.7991007825349052,0.8543622472403729,0.9907275416443656,0.01,0.005,0.605,0.38,insufficient_group_size,,,197,3,0,success,,
population_detail.v1,C002624,200,0.15183235718615617,0.5021997150430522,0.5078615226170882,0.729299052782953,1.0,0.0,0.0,0.0,insufficient_group_size,,,0,200,0,success,,
population_detail.v1,C002625,200,0.2102481493766305,0.5275380993244775,0.5418225865075968,0.6602544240920517,1.0,0.0,0.0,0.0,insufficient_group_size,,,0,200,0,success,,
population_detail.v1,C002626,200,0.33414475360329604,0.9554260570921466,1.0061759742822491,1.1860713003681063,0.465,0.175,0.315,0.045,found,13.0,cash_balance_ratio,72,128,24,success,,
population_detail.v1,C002627,200,0.20371937999005618,15.886136970328414,18.407969632525464,19.01575173009007,0.275,0.675,0.05,0.0,insufficient_group_size,,,10,190,0,success,,
population_detail.v1,C002628,200,0.19661397360241764,0.47755295193738917,0.4767329678140805,0.6427193971467553,1.0,0.0,0.0,0.0,insufficient_group_size,,,0,200,0,success,,
population_detail.v1,C002629,200,0.23772861688110908,0.9901916477013551,1.0362971734341815,1.3574211831761989,0.37,0.63,0.0,0.0,insufficient_group_size,,,0,200,0,success,,
population_detail.v1,C002630,200,0.20853086794447256,0.510527797080073,0.5369927569344521,0.6767867981869137,1.0,0.0,0.0,0.0,insufficient_group_size,,,0,200,0,success,,
population_detail.v1,C002631,200,0.12683822354897548,0.6084682542808233,0.6432202979227748,0.7598272146992378,0.89,0.09,0.02,0.0,insufficient_group_size,,,4,196,0,success,,
population_detail.v1,C002632,200,0.18104982673456155,0.5868210385316012,0.6042485334414942,0.778034447507184,0.955,0.02,0.025,0.0,insufficient_group_size,,,5,195,0,success,,
population_detail.v1,C002633,200,0.3206067321974905,0.7863530803047206,0.8089277356937311,1.0062398632828793,0.06,0.045,0.78,0.115,found,13.0,cash_balance_ratio,179,21,24,success,,
population_detail.v1,C002634,200,0.1968054356011195,0.9446845787860566,0.9700610892996354,1.2311164192824753,0.0,0.0,0.05,0.95,insufficient_group_size,,,200,0,0,success,,
population_detail.v1,C002635,200,0.12747859610114146,1.1234374433143075,1.1259943750227444,1.8431426691087907,0.93,0.07,0.0,0.0,insufficient_group_size,,,0,200,0,success,,
population_detail.v1,C002636,200,0.1530407256238664,0.5164640760170118,0.5423138889795442,0.6736415701140838,1.0,0.0,0.0,0.0,insufficient_group_size,,,0,200,0,success,,
population_detail.v1,C002637,200,0.16900370032388773,0.5209441603114238,0.5406867092727994,0.7239265664310207,0.975,0.015,0.01,0.0,insufficient_group_size,,,2,198,0,success,,
population_detail.v1,C002638,200,0.19454938766639684,0.9626438246388923,1.0222318890152278,1.385062015001055,0.255,0.055,0.69,0.0,found,13.0,savings_rate,138,62,3,success,,
population_detail.v1,C002639,200,0.1366109020868617,0.5386569288895431,0.5694009219532625,0.6820071682291732,0.815,0.07,0.115,0.0,found,13.0,variable_expense_ratio,23,177,24,success,,
population_detail.v1,C002640,200,0.15246810960277538,0.4441407091079435,0.4592992566658269,0.6282945987703451,1.0,0.0,0.0,0.0,insufficient_group_size,,,0,200,0,success,,
population_detail.v1,C002641,200,0.28140690234499105,0.9770673247878437,1.0565715473020623,1.4127123755214275,0.24,0.04,0.715,0.005,found,13.0,savings_rate,144,56,3,success,,
population_detail.v1,C002642,200,0.3280310014782421,1.084328066513906,1.1222473342330628,1.5288143131615088,0.355,0.645,0.0,0.0,insufficient_group_size,,,0,200,0,success,,
population_detail.v1,C002643,200,0.1897528546374065,0.48756425518492064,0.5091051280320675,0.6300037069233588,0.93,0.04,0.03,0.0,insufficient_group_size,,,6,194,0,success,,
population_detail.v1,C002644,200,0.2022670466304213,0.5449757259367265,0.5628992203693877,0.6780908456155661,0.72,0.045,0.235,0.0,found,13.0,variable_expense_ratio,47,153,24,success,,
population_detail.v1,C002645,200,0.1146414720959724,0.5423509278335022,0.5673777229647632,0.7227850125023442,1.0,0.0,0.0,0.0,insufficient_group_size,,,0,200,0,success,,
population_detail.v1,C002646,200,0.21752066296353806,0.6880815887374903,0.7155620801118389,0.9120594022904648,0.725,0.04,0.235,0.0,found,13.0,variable_expense_ratio,47,153,24,success,,
population_detail.v1,C002647,200,0.2966856092193124,1.4168735774159933,1.5242346873599708,1.7612689459948476,0.59,0.41,0.0,0.0,insufficient_group_size,,,0,200,0,success,,
population_detail.v1,C002648,200,0.28845647248227707,0.8050531228325716,0.8397024264187066,1.0126568718192668,0.555,0.2,0.24,0.005,found,13.0,variable_expense_ratio,49,151,5,success,,
population_detail.v1,C002649,200,0.2058799206431945,0.5580286355677304,0.5754965964382623,0.7015147969188891,0.99,0.005,0.005,0.0,insufficient_group_size,,,1,199,0,success,,
population_detail.v1,C002650,200,0.2722593655237491,0.6925082678468252,0.7355829341934839,0.8956329325241594,0.04,0.015,0.54,0.405,insufficient_group_size,,,189,11,0,success,,
population_detail.v1,C002651,200,0.2590329507076958,0.6374263819415987,0.6612582998186874,0.7982756071541541,0.305,0.16,0.51,0.025,found,13.0,cash_balance_ratio,107,93,24,success,,
population_detail.v1,C002652,200,0.1176464303591886,0.5552464206740427,0.5899553017894139,0.7513244861200155,1.0,0.0,0.0,0.0,insufficient_group_size,,,0,200,0,success,,
population_detail.v1,C002653,200,0.26918472508454,0.7136402682110214,0.7652057819246484,0.9152360444450983,0.035,0.025,0.65,0.29,insufficient_group_size,,,188,12,0,success,,
population_detail.v1,C002654,200,0.2221527067314873,0.6297073056523618,0.6316872397150849,0.8084729058385498,0.325,0.1,0.5,0.075,found,13.0,cash_balance_ratio,115,85,24,success,,
population_detail.v1,C002655,200,0.3181571648867105,0.6585798949506215,0.6781381910970319,0.7906085500557765,0.505,0.05,0.43,0.015,found,13.0,variable_expense_ratio,89,111,24,success,,
population_detail.v1,C002656,200,0.32096658836595643,2.0249040589999443,2.105206300025465,2.7818441396643334,0.505,0.16,0.33,0.005,found,13.0,variable_expense_ratio,67,133,24,success,,
population_detail.v1,C002657,200,0.2765235760804356,1.1596170131429624,1.2215676239799667,1.4129254141341914,0.75,0.03,0.22,0.0,found,13.0,variable_expense_ratio,44,156,24,success,,
population_detail.v1,C002658,200,0.24155119199448444,0.5542257859607815,0.575527275538005,0.7308839930238612,0.995,0.0,0.005,0.0,insufficient_group_size,,,1,199,0,success,,
population_detail.v1,C002659,200,0.36017797858996387,1.508771392601156,1.5610987910347045,1.827465325564245,0.455,0.545,0.0,0.0,insufficient_group_size,,,0,200,0,success,,
population_detail.v1,C002660,200,0.2542371112985372,0.706036082295513,0.7284749558830089,1.001818573629405,0.0,0.0,0.055,0.945,insufficient_group_size,,,200,0,0,success,,
population_detail.v1,C002661,200,0.2945858652530483,1.10194556506638,1.1754207198826894,1.4359138272438146,0.315,0.685,0.0,0.0,insufficient_group_size,,,0,200,0,success,,
population_detail.v1,C002662,200,0.4324512235190956,1.0544176333754438,1.0884601733501227,1.492621278041479,0.455,0.545,0.0,0.0,insufficient_group_size,,,0,200,0,success,,
population_detail.v1,C002663,200,0.21387197725924817,0.7032976345848984,0.7409390672391729,0.889180644747161,0.26,0.105,0.57,0.065,found,13.0,cash_balance_ratio,127,73,24,success,,
population_detail.v1,C002664,200,0.17958689562434457,0.6350260742072085,0.6625490930731073,0.8700183281739715,0.0,0.0,0.065,0.935,insufficient_group_size,,,200,0,0,success,,
population_detail.v1,C002665,200,0.49228359576297276,1.457342473146042,1.5327700003561806,1.9125198783379227,0.425,0.575,0.0,0.0,insufficient_group_size,,,0,200,0,success,,
population_detail.v1,C002666,200,0.1954905999788231,0.5467807756881055,0.5730804304816622,0.7130633010017702,0.99,0.005,0.005,0.0,insufficient_group_size,,,1,199,0,success,,
population_detail.v1,C002667,200,0.23282913745379802,0.7042050066671172,0.7440462708073159,0.8836876707606367,0.22,0.13,0.62,0.03,found,13.0,variable_expense_ratio,130,70,5,success,,
population_detail.v1,C002668,200,0.23916685708915952,0.9228113927119227,0.9828703182449571,1.2823984686014065,0.39,0.61,0.0,0.0,insufficient_group_size,,,0,200,0,success,,
population_detail.v1,C002669,200,1.1768455768428396,5.925933394338763,6.673133799239025,6.91755451215886,0.48,0.395,0.11,0.015,found,13.0,cash_balance_ratio,25,175,24,success,,
population_detail.v1,C002670,200,0.32687241597354433,0.7923317598527033,0.8357739865099569,0.9774690242452049,0.375,0.185,0.39,0.05,found,13.0,variable_expense_ratio,88,112,24,success,,
population_detail.v1,C002671,200,0.2714409862742113,0.7776555302539093,0.8034791477835956,0.979124472714876,0.05,0.01,0.77,0.17,insufficient_group_size,,,188,12,0,success,,
population_detail.v1,C002672,200,0.6130154229318036,1.9879118351203418,2.031555887076835,2.188011132352397,0.055,0.05,0.41,0.485,found,13.0,cash_balance_ratio,179,21,24,success,,
population_detail.v1,C002673,200,0.35625196735420533,1.2184600405453803,1.288852880492174,1.567668031486528,0.015,0.005,0.365,0.615,insufficient_group_size,,,196,4,0,success,,
population_detail.v1,C002674,200,0.20637590552271456,1.5247651951645957,1.6918289582806203,2.124920133302996,0.725,0.275,0.0,0.0,insufficient_group_size,,,0,200,0,success,,
population_detail.v1,C002675,200,0.2324298177307971,0.7102080561228629,0.7600493542211898,0.9477284544129321,0.73,0.03,0.24,0.0,found,13.0,variable_expense_ratio,48,152,24,success,,
population_detail.v1,C002676,200,0.5551506903735424,1.3508758843009039,1.3917368929312866,1.5889829291058102,0.0,0.0,0.11,0.89,insufficient_group_size,,,200,0,0,success,,
population_detail.v1,C002677,200,0.30289555860131084,1.1945476651138989,1.2476302781173039,1.5225114587748123,0.415,0.155,0.42,0.01,found,13.0,variable_expense_ratio,86,114,24,success,,
population_detail.v1,C002678,200,0.2470921947667225,0.809522294028223,0.8402019491932065,1.012710050286716,0.08,0.01,0.81,0.1,insufficient_group_size,,,182,18,0,success,,
population_detail.v1,C002679,200,0.2012185127478814,0.5335444118594608,0.5610688962606867,0.695240738154089,0.15,0.04,0.7,0.11,found,13.0,variable_expense_ratio,162,38,24,success,,
population_detail.v1,C002680,200,0.25422658957438893,1.1041740804838156,1.1348747139070374,1.610132262419053,0.33,0.67,0.0,0.0,insufficient_group_size,,,0,200,0,success,,
population_detail.v1,C002681,200,0.18450878116688305,0.45879342795088074,0.4788817222032834,0.6041389329693679,1.0,0.0,0.0,0.0,insufficient_group_size,,,0,200,0,success,,
population_detail.v1,C002682,200,0.19434059338671994,0.5853230180258734,0.6033427784063843,0.7500551411384203,0.105,0.035,0.74,0.12,found,13.0,variable_expense_ratio,172,28,24,success,,
population_detail.v1,C002683,200,0.2690972030020735,0.8274519843484299,0.8650274205382569,0.9842573776560276,0.15,0.08,0.68,0.09,found,13.0,variable_expense_ratio,154,46,24,success,,
population_detail.v1,C002684,200,0.377306578653699,1.2528195105421176,1.2663738810680907,1.766936817803317,0.44,0.56,0.0,0.0,insufficient_group_size,,,0,200,0,success,,
population_detail.v1,C002685,200,0.31898156921894577,1.1304479289505363,1.1935002824826384,1.5502311390028212,0.345,0.655,0.0,0.0,insufficient_group_size,,,0,200,0,success,,
population_detail.v1,C002686,200,0.21840448338842675,0.6255335127420243,0.6558901246700055,0.7728235783540048,0.225,0.145,0.595,0.035,found,13.0,cash_balance_ratio,126,74,24,success,,
population_detail.v1,C002687,200,0.21035513582909088,0.5820450232559338,0.6074399314347237,0.7680391483125286,0.97,0.0,0.03,0.0,insufficient_group_size,,,6,194,0,success,,
population_detail.v1,C002688,200,0.3077842336010149,0.91833758014816,0.9438712795248609,1.274610467450171,0.36,0.64,0.0,0.0,insufficient_group_size,,,0,200,0,success,,
population_detail.v1,C002689,200,0.26473277713474314,0.9775774947551781,1.0180056846512855,1.3045734236393371,0.46,0.54,0.0,0.0,insufficient_group_size,,,0,200,0,success,,
population_detail.v1,C002690,200,0.3868693397522839,0.6992682576454624,0.7263549003250391,0.8285207248201396,0.03,0.02,0.66,0.29,insufficient_group_size,,,190,10,0,success,,
population_detail.v1,C002691,200,0.16256510281457723,0.9492944802504593,1.002271547853371,1.2178164085043353,0.435,0.195,0.365,0.005,found,13.0,variable_expense_ratio,74,126,24,success,,
population_detail.v1,C002692,200,0.4709898482609241,1.331283484560324,1.413490188892166,1.6715249571000492,0.57,0.43,0.0,0.0,insufficient_group_size,,,0,200,0,success,,
population_detail.v1,C002693,200,0.18797919002675345,0.6094217428168777,0.6395902927313881,0.7629043952267488,0.57,0.175,0.245,0.01,found,13.0,variable_expense_ratio,51,149,24,success,,
population_detail.v1,C002694,200,0.30513420503070837,0.7027543937077613,0.731335409325715,0.8457644062800632,0.465,0.165,0.355,0.015,found,13.0,cash_balance_ratio,74,126,24,success,,
population_detail.v1,C002695,200,0.16946110438152415,0.4708963238593732,0.4875598319912723,0.6203563397497274,1.0,0.0,0.0,0.0,insufficient_group_size,,,0,200,0,success,,
population_detail.v1,C002696,200,0.18263301658324424,0.6494883580075327,0.6572158681311737,0.8122813562375047,1.0,0.0,0.0,0.0,insufficient_group_size,,,0,200,0,success,,
population_detail.v1,C002697,200,0.30909296988406654,0.6403891659824825,0.6626741163142238,0.7860452585127075,0.215,0.065,0.68,0.04,found,13.0,variable_expense_ratio,144,56,24,success,,
population_detail.v1,C002698,200,0.21231027113163423,0.6181274372737756,0.6443873967969667,0.8182626680843259,1.0,0.0,0.0,0.0,insufficient_group_size,,,0,200,0,success,,
population_detail.v1,C002699,200,0.17362954586105925,0.7040085900948065,0.7400421908960115,0.8887684201808269,0.505,0.205,0.25,0.04,found,13.0,cash_balance_ratio,58,142,24,success,,
population_detail.v1,C002700,200,0.1340664512557506,0.6416103863989144,0.6715643898679662,0.8787498024380707,0.9,0.045,0.055,0.0,insufficient_group_size,,,11,189,0,success,,
population_detail.v1,C002701,200,0.2950391796444959,1.3553353842702363,1.4233620412144545,1.6691852109802983,0.465,0.535,0.0,0.0,insufficient_group_size,,,0,200,0,success,,
population_detail.v1,C002702,200,0.25067181737001687,2.145879838449258,2.306075419114131,2.9845962237942913,0.61,0.11,0.28,0.0,found,13.0,variable_expense_ratio,56,144,24,success,,
population_detail.v1,C002703,200,0.25694146886463765,0.8760891283288877,0.892460433400663,1.1180104878952362,1.0,0.0,0.0,0.0,insufficient_group_size,,,0,200,0,success,,
population_detail.v1,C002704,200,0.26438097477147576,0.8041797625669972,0.8517955341581136,1.0157285482906828,0.175,0.105,0.69,0.03,found,13.0,cash_balance_ratio,144,56,24,success,,
population_detail.v1,C002705,200,0.21771681521707884,0.5223448285487456,0.5344025701577104,0.7234896878573526,1.0,0.0,0.0,0.0,insufficient_group_size,,,0,200,0,success,,
population_detail.v1,C002706,200,0.6998339875520662,2.105946120373994,2.185270250939812,2.314634181476482,0.105,0.025,0.6,0.27,found,13.0,cash_balance_ratio,174,26,24,success,,
population_detail.v1,C002707,200,0.1615256830184248,0.5390992175006912,0.549672984631995,0.77641625868402,1.0,0.0,0.0,0.0,insufficient_group_size,,,0,200,0,success,,
population_detail.v1,C002708,200,0.17148777242837074,0.5813409059268779,0.5983641884973367,0.7361133034266806,1.0,0.0,0.0,0.0,insufficient_group_size,,,0,200,0,success,,
population_detail.v1,C002709,200,0.29652316668283374,0.9143543022566302,0.9390984782268335,1.2143147312803038,0.005,0.005,0.425,0.565,insufficient_group_size,,,198,2,0,success,,
population_detail.v1,C002710,200,0.13404705932952535,1.0798050320495796,1.0929518674155525,1.6507306337638885,0.27,0.73,0.0,0.0,insufficient_group_size,,,0,200,0,success,,
population_detail.v1,C002711,200,3.063720652004727,16.170765102967383,18.734865355039844,19.125222672547256,0.505,0.315,0.125,0.055,found,13.0,cash_balance_ratio,36,164,24,success,,
population_detail.v1,C002712,200,0.25335351016379515,1.1477621001949982,1.1309810423402356,1.7924388586925915,0.94,0.06,0.0,0.0,insufficient_group_size,,,0,200,0,success,,
population_detail.v1,C002713,200,0.30133850485079994,1.1153660526623244,1.155698870160058,1.5458423557972565,0.43,0.57,0.0,0.0,insufficient_group_size,,,0,200,0,success,,
population_detail.v1,C002714,200,0.24257161759103213,0.52491637527272,0.5378349050394091,0.7188474876801246,1.0,0.0,0.0,0.0,insufficient_group_size,,,0,200,0,success,,
population_detail.v1,C002715,200,0.12417332376852837,0.5639708902235807,0.5694075263589016,0.7746873897741885,1.0,0.0,0.0,0.0,insufficient_group_size,,,0,200,0,success,,
population_detail.v1,C002716,200,0.14343439286668822,1.0260216037121166,1.0568865886152659,1.316670520620281,0.035,0.005,0.445,0.515,insufficient_group_size,,,192,8,0,success,,
population_detail.v1,C002717,200,0.2837888245500202,0.6842447985258825,0.7070984725041878,0.8254102832327702,0.985,0.005,0.01,0.0,insufficient_group_size,,,2,198,0,success,,
population_detail.v1,C002718,200,0.3846584881155703,1.6696689843012609,1.7783532688843202,2.4252220926660235,0.295,0.705,0.0,0.0,insufficient_group_size,,,0,200,0,success,,
population_detail.v1,C002719,200,0.17615725572491633,0.5304247409184688,0.5495942679128993,0.684993191930503,1.0,0.0,0.0,0.0,insufficient_group_size,,,0,200,0,success,,
population_detail.v1,C002720,200,0.2838373277160313,0.8585631373368642,0.9147150478450677,1.1212942550112683,0.035,0.03,0.69,0.245,insufficient_group_size,,,187,13,0,success,,
population_detail.v1,C002721,200,0.29260997895930385,0.8061138495358581,0.8371587487272103,1.053546392565694,0.0,0.01,0.385,0.605,insufficient_group_size,,,198,2,0,success,,
population_detail.v1,C002722,200,0.40938343342136035,1.27441026835001,1.3095757880777281,1.9074147962212942,0.295,0.705,0.0,0.0,insufficient_group_size,,,0,200,0,success,,
population_detail.v1,C002723,200,0.19680432403552742,0.510265316219333,0.5399328986726479,0.6559153789591112,0.22,0.06,0.645,0.075,found,13.0,variable_expense_ratio,144,56,24,success,,
population_detail.v1,C002724,200,0.31746828588631365,0.7943744620146077,0.838671163339864,1.0019726256845165,0.295,0.095,0.585,0.025,found,13.0,variable_expense_ratio,122,78,24,success,,
population_detail.v1,C002725,200,0.1642170010853573,0.6156346339148417,0.6471994948155124,0.7593654020311745,0.545,0.065,0.385,0.005,found,13.0,variable_expense_ratio,78,122,24,success,,
population_detail.v1,C002726,200,0.26627989720618805,0.8291231859215071,0.8505673182087432,1.0799101368530657,0.465,0.205,0.325,0.005,found,13.0,variable_expense_ratio,66,134,5,success,,
population_detail.v1,C002727,200,0.24825815171041107,0.5577258305961305,0.5795715160535722,0.7025321952852522,0.995,0.005,0.0,0.0,insufficient_group_size,,,0,200,0,success,,
population_detail.v1,C002728,200,0.39216024190197163,0.7229607126297765,0.742818020247827,0.8478093752735173,0.315,0.115,0.47,0.1,found,13.0,cash_balance_ratio,114,86,24,success,,
population_detail.v1,C002729,200,0.2669838983589046,0.7878476203702547,0.8157786311244604,0.9877713863624966,0.03,0.01,0.775,0.185,insufficient_group_size,,,192,8,0,success,,
population_detail.v1,C002730,200,0.4009763364887317,1.5063123464853028,1.6154921659944903,1.8072742593611577,0.92,0.08,0.0,0.0,insufficient_group_size,,,0,200,0,success,,
population_detail.v1,C002731,200,0.1914425935577186,0.6633463159785284,0.6940895961781215,0.8736224048222151,0.985,0.005,0.01,0.0,insufficient_group_size,,,2,198,0,success,,
population_detail.v1,C002732,200,0.21332171279596251,0.7867725634920447,0.8277986522416684,0.9982575474354634,0.845,0.1,0.055,0.0,insufficient_group_size,,,11,189,0,success,,
population_detail.v1,C002733,200,0.11100088466006475,0.46682696043578614,0.49617171159491547,0.6583895835781849,1.0,0.0,0.0,0.0,insufficient_group_size,,,0,200,0,success,,
population_detail.v1,C002734,200,0.2851765619574175,0.7090669170341858,0.7473165588088896,0.9261416629513002,0.055,0.03,0.755,0.16,insufficient_group_size,,,183,17,0,success,,
population_detail.v1,C002735,200,0.2626357376940379,0.6023859140541197,0.628420107551201,0.7747970560785171,1.0,0.0,0.0,0.0,insufficient_group_size,,,0,200,0,success,,
population_detail.v1,C002736,200,0.19031985926343384,0.686477839292484,0.7214589193956884,0.8403618927672867,0.475,0.18,0.325,0.02,found,13.0,cash_balance_ratio,69,131,24,success,,
population_detail.v1,C002737,200,0.4175015571606239,1.0556280671699212,1.09696649907999,1.3779089833407858,0.0,0.0,0.17,0.83,insufficient_group_size,,,200,0,0,success,,
population_detail.v1,C002738,200,0.28292919382879045,0.7237083653073019,0.7554848728912809,0.9671693933037776,0.01,0.02,0.755,0.215,insufficient_group_size,,,194,6,0,success,,
population_detail.v1,C002739,200,0.2761056712316007,0.9712172909000216,1.0301439373580203,1.3095964705842316,0.425,0.575,0.0,0.0,insufficient_group_size,,,0,200,0,success,,
population_detail.v1,C002740,200,0.1417769384914958,0.7571484492957148,0.7670382275528076,1.090250426618493,0.0,0.0,0.12,0.88,insufficient_group_size,,,200,0,0,success,,
population_detail.v1,C002741,200,0.25108897426770926,1.6171594818379886,1.720021516290004,2.25249491881463,0.68,0.32,0.0,0.0,insufficient_group_size,,,0,200,0,success,,
population_detail.v1,C002742,200,0.18589064063580063,0.5240003635086541,0.5506602018537753,0.7237412688707673,0.995,0.005,0.0,0.0,insufficient_group_size,,,0,200,0,success,,
population_detail.v1,C002743,200,0.2533933159426628,1.2787660404936758,1.3847086953090917,1.7685752563175208,0.42,0.58,0.0,0.0,insufficient_group_size,,,0,200,0,success,,
population_detail.v1,C002744,200,0.25655536645996524,0.5648042648294418,0.5980589918096442,0.700140484450672,0.42,0.035,0.53,0.015,found,13.0,variable_expense_ratio,109,91,24,success,,
population_detail.v1,C002745,200,0.14065163810748088,0.5920035598127344,0.6164373514533058,0.7647535958864745,1.0,0.0,0.0,0.0,insufficient_group_size,,,0,200,0,success,,
population_detail.v1,C002746,200,0.10802177102746552,0.4970810291236394,0.5221677097266839,0.691461707743422,1.0,0.0,0.0,0.0,insufficient_group_size,,,0,200,0,success,,
population_detail.v1,C002747,200,0.4106773654014951,1.559164234010697,1.604629455108577,2.195846351701681,0.275,0.725,0.0,0.0,insufficient_group_size,,,0,200,0,success,,
population_detail.v1,C002748,200,0.10536565070137395,0.6727972759204907,0.7281498523730581,0.9364601987881996,0.995,0.005,0.0,0.0,insufficient_group_size,,,0,200,0,success,,
population_detail.v1,C002749,200,0.2800469439736888,0.709931079001469,0.7432474407922767,0.9341757692004341,0.085,0.03,0.785,0.1,found,13.0,variable_expense_ratio,177,23,24,success,,
population_detail.v1,C002750,200,0.2801399164919018,0.6372436690961849,0.6644783199912352,0.7760366727041185,0.4,0.16,0.405,0.035,found,13.0,variable_expense_ratio,88,112,24,success,,
population_detail.v1,C002751,200,0.33547240788576116,0.729547594898516,0.7470209705843571,0.9089558058763937,0.025,0.015,0.56,0.4,insufficient_group_size,,,192,8,0,success,,
population_detail.v1,C002752,200,0.4348582777152736,1.1358489424536355,1.193538185638034,1.4346236962803116,0.0,0.005,0.375,0.62,insufficient_group_size,,,199,1,0,success,,
population_detail.v1,C002753,200,0.22319687233334767,1.1262297317032424,1.1213113720992127,1.8463179661772298,0.93,0.07,0.0,0.0,insufficient_group_size,,,0,200,0,success,,
population_detail.v1,C002754,200,0.24475854400011007,0.8617520897205361,0.9035732579117748,1.2006308241094477,0.0,0.0,0.145,0.855,insufficient_group_size,,,200,0,0,success,,
population_detail.v1,C002755,200,0.2558510307087528,1.4665318886741685,1.5542951346445046,2.055572781803738,0.715,0.285,0.0,0.0,insufficient_group_size,,,0,200,0,success,,
population_detail.v1,C002756,200,0.277917593753787,0.9889738526232693,1.0212627183538379,1.3215177879668092,0.355,0.645,0.0,0.0,insufficient_group_size,,,0,200,0,success,,
population_detail.v1,C002757,200,0.23518171471924507,0.7637683196426183,0.7933007580420208,0.9336975794234474,0.5,0.17,0.315,0.015,found,13.0,variable_expense_ratio,66,134,24,success,,
population_detail.v1,C002758,200,0.3445800862420624,0.7634328237140957,0.7995554575418818,0.9666097761015155,1.0,0.0,0.0,0.0,insufficient_group_size,,,0,200,0,success,,
population_detail.v1,C002759,200,0.47959930527932365,1.0919005705746574,1.1219323074735295,1.3636132117685114,0.02,0.005,0.365,0.61,insufficient_group_size,,,195,5,0,success,,
population_detail.v1,C002760,200,0.19740216044512487,0.463345247062107,0.4681704370311323,0.6141353173385723,0.995,0.0,0.005,0.0,insufficient_group_size,,,1,199,0,success,,
population_detail.v1,C002761,200,0.2707321538400269,0.5639162928748288,0.5838749711959256,0.7203785982001626,0.11,0.05,0.705,0.135,found,13.0,variable_expense_ratio,168,32,24,success,,
population_detail.v1,C002762,200,0.2024998809370346,0.5652941732461063,0.5744523541715423,0.7259993485592035,0.075,0.045,0.745,0.135,found,13.0,variable_expense_ratio,176,24,8,success,,
population_detail.v1,C002763,200,0.19476162771124042,0.490951610757101,0.5033884695055443,0.6431157069901178,0.99,0.0,0.01,0.0,insufficient_group_size,,,2,198,0,success,,
population_detail.v1,C002764,200,0.1696477465104544,0.48154272717633395,0.516636800161826,0.6104130730639593,0.99,0.01,0.0,0.0,insufficient_group_size,,,0,200,0,success,,
population_detail.v1,C002765,200,0.23885675564746575,0.5645084565462516,0.5861894330757402,0.7193160071285235,0.75,0.04,0.2,0.01,found,13.0,variable_expense_ratio,42,158,24,success,,
population_detail.v1,C002766,200,0.1884034846158482,0.5175943040062488,0.5398272779759472,0.6516121657305528,0.995,0.005,0.0,0.0,insufficient_group_size,,,0,200,0,success,,
population_detail.v1,C002767,200,0.2414982873272329,0.5783895029539344,0.6030199399207908,0.7284802033463864,0.8,0.115,0.085,0.0,insufficient_group_size,,,17,183,0,success,,
population_detail.v1,C002768,200,0.30305315037918695,1.1007072022567503,1.1463503099676053,1.4724616715715524,0.455,0.545,0.0,0.0,insufficient_group_size,,,0,200,0,success,,
population_detail.v1,C002769,200,0.19227753604744094,0.6142308902021494,0.6429263043840652,0.8352411587247942,0.995,0.0,0.005,0.0,insufficient_group_size,,,1,199,0,success,,
population_detail.v1,C002770,200,0.24218981403329662,0.564246485953727,0.5851290822095441,0.7433433774631565,0.96,0.0,0.04,0.0,insufficient_group_size,,,8,192,0,success,,
population_detail.v1,C002771,200,0.4514899515246596,1.0480775798981177,1.0622462330928588,1.6039963188930977,0.925,0.075,0.0,0.0,insufficient_group_size,,,0,200,0,success,,
population_detail.v1,C002772,200,0.10536565070137395,0.6915639393282851,0.7475359720734425,0.9518121983339222,1.0,0.0,0.0,0.0,insufficient_group_size,,,0,200,0,success,,
population_detail.v1,C002773,200,0.12034166786854283,0.4390847478432608,0.4325888779902992,0.6702037454086066,1.0,0.0,0.0,0.0,insufficient_group_size,,,0,200,0,success,,
population_detail.v1,C002774,200,0.27014524069517604,0.7923109974065927,0.8449674901016908,1.0590285892924196,0.85,0.04,0.11,0.0,found,13.0,variable_expense_ratio,22,178,24,success,,
population_detail.v1,C002775,200,0.4501268657380541,0.9486013537514012,0.9969498866956115,1.1416787798777248,0.005,0.0,0.62,0.375,insufficient_group_size,,,199,1,0,success,,
population_detail.v1,C002776,200,0.23888883676057032,0.6332226602999428,0.6690138118946504,0.8398211316218884,0.01,0.005,0.725,0.26,insufficient_group_size,,,197,3,0,success,,
population_detail.v1,C002777,200,0.22778672607808081,0.6126623438941392,0.6337342962692722,0.7758682370929774,0.08,0.02,0.725,0.175,found,13.0,variable_expense_ratio,180,20,24,success,,
population_detail.v1,C002778,200,0.29682191932616325,0.7931229625329547,0.8201328347859083,0.9876295769558162,0.475,0.085,0.425,0.015,found,13.0,variable_expense_ratio,88,112,24,success,,
population_detail.v1,C002779,200,0.09369756390556719,0.5084712657190683,0.5295469356604086,0.7132608887452719,1.0,0.0,0.0,0.0,insufficient_group_size,,,0,200,0,success,,
population_detail.v1,C002780,200,0.17927942730158014,0.7123776886644957,0.7438671955780642,0.9379599531691077,0.235,0.125,0.545,0.095,found,13.0,cash_balance_ratio,128,72,24,success,,
population_detail.v1,C002781,200,0.25059129080467585,0.7933765981509058,0.811484065566252,1.1205997174579698,0.0,0.0,0.11,0.89,insufficient_group_size,,,200,0,0,success,,
population_detail.v1,C002782,200,0.2062632498542992,0.5874048635365796,0.6053695936203397,0.7611795967395516,1.0,0.0,0.0,0.0,insufficient_group_size,,,0,200,0,success,,
population_detail.v1,C002783,200,0.21920000273371695,0.5096330500497552,0.527348851000687,0.6675795328767543,1.0,0.0,0.0,0.0,insufficient_group_size,,,0,200,0,success,,
population_detail.v1,C002784,200,0.18033263760423499,0.5765034416649545,0.6031145238250653,0.7687554096820108,0.985,0.015,0.0,0.0,insufficient_group_size,,,0,200,0,success,,
population_detail.v1,C002785,200,0.18761726931888184,0.7189765086774433,0.7692805120752428,0.9838460402483821,0.99,0.01,0.0,0.0,insufficient_group_size,,,0,200,0,success,,
population_detail.v1,C002786,200,0.22569240889565492,0.6217454952379959,0.6403213922704345,0.8089023204113615,0.96,0.035,0.005,0.0,insufficient_group_size,,,1,199,0,success,,
population_detail.v1,C002787,200,0.25098700568182214,12.502962246920582,12.947987327162998,13.21747509957865,0.39,0.605,0.005,0.0,insufficient_group_size,,,1,199,0,success,,
population_detail.v1,C002788,200,0.2077324379670243,0.8659961430306103,0.8979265632499591,1.2359758248564177,0.305,0.695,0.0,0.0,insufficient_group_size,,,0,200,0,success,,
population_detail.v1,C002789,200,0.29486372145886836,0.6244186700124977,0.6334470881519929,0.7652871517531619,0.68,0.085,0.215,0.02,found,13.0,variable_expense_ratio,47,153,24,success,,
population_detail.v1,C002790,200,0.16817452612039874,0.6568022564069684,0.6697965928641144,0.8265589569270321,0.015,0.01,0.59,0.385,insufficient_group_size,,,195,5,0,success,,
population_detail.v1,C002791,200,0.12907687942259286,0.4562037816264082,0.48498552902196806,0.561146282852864,0.985,0.01,0.005,0.0,insufficient_group_size,,,1,199,0,success,,
population_detail.v1,C002792,200,0.9479703610906244,4.952171412396007,5.460366247704439,5.601781504982522,0.465,0.295,0.12,0.12,found,13.0,cash_balance_ratio,48,152,24,success,,
population_detail.v1,C002793,200,0.23518579340857818,0.6460456462815231,0.6790282479008285,0.8251767039891318,0.045,0.01,0.685,0.26,insufficient_group_size,,,189,11,0,success,,
population_detail.v1,C002794,200,0.28734341110021705,0.7050083274854697,0.7485486292951464,0.8977750874264959,0.175,0.075,0.72,0.03,found,13.0,cash_balance_ratio,150,50,24,success,,
population_detail.v1,C002795,200,0.21081810783533889,0.5868200583040085,0.6182624168617579,0.7454315432654982,1.0,0.0,0.0,0.0,insufficient_group_size,,,0,200,0,success,,
population_detail.v1,C002796,200,0.2215560695864982,0.5831958043409597,0.5970811978262212,0.7392450153247353,0.335,0.15,0.49,0.025,found,13.0,variable_expense_ratio,103,97,24,success,,
population_detail.v1,C002797,200,0.21903370972055639,0.9026382098115895,0.9049902029983559,1.3020085855559163,0.335,0.665,0.0,0.0,insufficient_group_size,,,0,200,0,success,,
population_detail.v1,C002798,200,0.32677373824445827,0.8292006131362538,0.8540111568311175,1.0580249567485847,0.14,0.03,0.775,0.055,found,13.0,variable_expense_ratio,166,34,24,success,,
population_detail.v1,C002799,200,0.7675293017246566,17.7416345830189,20.623836496899543,21.18601174234938,0.27,0.68,0.05,0.0,insufficient_group_size,,,10,190,0,success,,
population_detail.v1,C002800,200,0.36363423634015246,1.0071275786902192,1.0630742208358552,1.2392214836063986,0.385,0.105,0.5,0.01,found,13.0,variable_expense_ratio,102,98,24,success,,
population_detail.v1,C002801,200,0.26558001546257626,1.0418261410481413,1.0914738869844207,1.5007625729231628,0.305,0.695,0.0,0.0,insufficient_group_size,,,0,200,0,success,,
population_detail.v1,C002802,200,0.3861122778745425,1.3761845125764205,1.5321437443255195,1.7319999355377504,0.83,0.17,0.0,0.0,insufficient_group_size,,,0,200,0,success,,
population_detail.v1,C002803,200,0.20891267042970552,0.594035348109295,0.6161244715599323,0.7624898822376267,0.985,0.01,0.005,0.0,insufficient_group_size,,,1,199,0,success,,
population_detail.v1,C002804,200,1.174535834757472,4.283597892847529,4.461943769217111,4.529812235918815,0.305,0.015,0.645,0.035,found,13.0,variable_expense_ratio,136,64,24,success,,
population_detail.v1,C002805,200,0.18454238718868846,0.8148192088456895,0.8579286834244928,1.0706551069828374,0.69,0.065,0.245,0.0,found,13.0,variable_expense_ratio,49,151,24,success,,
population_detail.v1,C002806,200,0.16256510281457723,0.9286593091955083,0.9607429440060598,1.2187632279833858,0.45,0.2,0.345,0.005,found,13.0,variable_expense_ratio,70,130,24,success,,
population_detail.v1,C002807,200,0.4600779111768209,1.0145085644810647,1.0431712503858357,1.2268718015291815,0.0,0.0,0.14,0.86,insufficient_group_size,,,200,0,0,success,,
population_detail.v1,C002808,200,0.18104982673456155,0.5681879670171223,0.6051030987144814,0.7879865647033348,0.975,0.01,0.015,0.0,insufficient_group_size,,,3,197,0,success,,
population_detail.v1,C002809,200,0.2140609061479481,0.6510575643727998,0.6798911224677947,0.8243111304674176,0.02,0.015,0.63,0.335,insufficient_group_size,,,193,7,0,success,,
population_detail.v1,C002810,200,0.21468866344308882,0.7387277244184917,0.7635557351912449,0.9428270347208296,0.815,0.03,0.155,0.0,found,13.0,variable_expense_ratio,31,169,24,success,,
population_detail.v1,C002811,200,0.17651540639754407,0.7270652267489605,0.7539881544038807,0.9556221067028533,0.285,0.095,0.5,0.12,found,13.0,cash_balance_ratio,124,76,24,success,,
population_detail.v1,C002812,200,1.6923860940801736,5.950094872585432,6.622026708608964,6.888990825941157,0.74,0.15,0.095,0.015,found,13.0,cash_balance_ratio,22,178,24,success,,
population_detail.v1,C002813,200,0.1188257143989412,0.5455591887647514,0.5810170924531904,0.7235062206322102,1.0,0.0,0.0,0.0,insufficient_group_size,,,0,200,0,success,,
population_detail.v1,C002814,200,0.24658951710585655,0.9445219683326236,0.9969998973813117,1.2993937341501456,0.345,0.655,0.0,0.0,insufficient_group_size,,,0,200,0,success,,
population_detail.v1,C002815,200,0.19201844921321762,0.49790860551736016,0.5241147799928556,0.6605479090565277,0.95,0.04,0.01,0.0,insufficient_group_size,,,2,198,0,success,,
population_detail.v1,C002816,200,0.29725813905080356,1.2915977928583322,1.3313732325574033,1.8315055372748819,0.525,0.115,0.36,0.0,found,13.0,variable_expense_ratio,72,128,24,success,,
population_detail.v1,C002817,200,0.31737967505921133,0.9433469500618636,1.0196050875521452,1.268587835727865,0.43,0.57,0.0,0.0,insufficient_group_size,,,0,200,0,success,,
population_detail.v1,C002818,200,0.23612869814959794,0.679012945699789,0.7214731906739273,0.906450493900809,0.775,0.055,0.17,0.0,found,13.0,variable_expense_ratio,34,166,24,success,,
population_detail.v1,C002819,200,0.2820363452538675,1.535781863787693,1.5809183787667462,2.0081808511758736,0.495,0.14,0.36,0.005,found,13.0,variable_expense_ratio,73,127,24,success,,
population_detail.v1,C002820,200,0.19154591053364375,0.5183300030637595,0.5462221332823903,0.6853691178567092,1.0,0.0,0.0,0.0,insufficient_group_size,,,0,200,0,success,,
population_detail.v1,C002821,200,0.19796271484455566,0.8136061669967053,0.8568834094303588,1.0038773879776388,0.23,0.085,0.645,0.04,found,13.0,variable_expense_ratio,137,63,24,success,,
population_detail.v1,C002822,200,0.18060263309185765,0.7043792533599281,0.7383233394776962,0.9253739115071973,0.89,0.035,0.075,0.0,insufficient_group_size,,,15,185,0,success,,
population_detail.v1,C002823,200,0.18065297304094952,0.5491031090183679,0.5790628205004525,0.7470926448405139,0.97,0.015,0.015,0.0,insufficient_group_size,,,3,197,0,success,,
population_detail.v1,C002824,200,0.3093717601959981,1.202260335428867,1.2257380944528222,1.6924172702608664,0.285,0.715,0.0,0.0,insufficient_group_size,,,0,200,0,success,,
population_detail.v1,C002825,200,0.2868487234500252,0.7587651348490518,0.7963468679547459,0.9274260676399019,0.26,0.105,0.585,0.05,found,13.0,cash_balance_ratio,127,73,24,success,,
population_detail.v1,C002826,200,0.20504335607741928,0.5135465167976692,0.5426939313024591,0.6986527776708271,1.0,0.0,0.0,0.0,insufficient_group_size,,,0,200,0,success,,
population_detail.v1,C002827,200,0.12715967887099083,1.37055611735286,1.4148939395416391,2.021974084317974,0.765,0.235,0.0,0.0,insufficient_group_size,,,0,200,0,success,,
population_detail.v1,C002828,200,0.1188257143989412,0.5347829508787982,0.5704754838544996,0.7106372692926938,1.0,0.0,0.0,0.0,insufficient_group_size,,,0,200,0,success,,
population_detail.v1,C002829,200,0.3018960016522915,0.6388342200757113,0.6572113292667148,0.744877626354166,0.71,0.07,0.215,0.005,found,13.0,variable_expense_ratio,44,156,24,success,,
population_detail.v1,C002830,200,0.1876937648570945,0.4787017820516341,0.4879947432485264,0.6237477096767658,1.0,0.0,0.0,0.0,insufficient_group_size,,,0,200,0,success,,
population_detail.v1,C002831,200,0.21129849595504135,0.620570090243731,0.6407819563566061,0.7744950209751414,0.85,0.07,0.08,0.0,insufficient_group_size,,,16,184,0,success,,
population_detail.v1,C002832,200,0.3331392545217027,1.0335229918534032,1.0774102842945048,1.3594229456279505,0.395,0.235,0.355,0.015,found,13.0,variable_expense_ratio,74,126,24,success,,
population_detail.v1,C002833,200,0.3131253549169814,0.9004570407918498,0.9470390322528849,1.1849405372644284,0.005,0.015,0.42,0.56,insufficient_group_size,,,196,4,0,success,,
population_detail.v1,C002834,200,0.22067246097568932,1.1880182969643454,1.2562146915973589,1.7386603702891932,0.945,0.055,0.0,0.0,insufficient_group_size,,,0,200,0,success,,
population_detail.v1,C002835,200,0.2585970839694476,0.5602011801856378,0.5791680412022927,0.7054371445291895,0.19,0.07,0.68,0.06,found,13.0,variable_expense_ratio,148,52,24,success,,
population_detail.v1,C002836,200,0.19817454088574493,0.4870082386073606,0.5005910518521599,0.6389060575690989,1.0,0.0,0.0,0.0,insufficient_group_size,,,0,200,0,success,,
population_detail.v1,C002837,200,0.3543032462846193,2.3122385196539295,2.3985050096185403,2.71909606312709,0.495,0.165,0.335,0.005,found,13.0,variable_expense_ratio,68,132,24,success,,
population_detail.v1,C002838,200,0.17436847721371715,0.5357300005019021,0.5649632101733432,0.7165926863865628,0.98,0.01,0.01,0.0,insufficient_group_size,,,2,198,0,success,,
population_detail.v1,C002839,200,0.32610801350269536,1.0030253298977783,1.0447662031852387,1.3387190516182483,0.46,0.205,0.325,0.01,found,13.0,variable_expense_ratio,67,133,24,success,,
population_detail.v1,C002840,200,0.3297206781184386,1.2452487932122316,1.3041995112126803,1.5898715411081368,0.36,0.065,0.575,0.0,found,13.0,savings_rate,115,85,4,success,,
population_detail.v1,C002841,200,0.23880094197087284,1.007314645531872,1.049619424189915,1.3775216565239592,0.4,0.6,0.0,0.0,insufficient_group_size,,,0,200,0,success,,
population_detail.v1,C002842,200,0.200310314055097,0.7064975628688359,0.748325751221661,0.9335047740020624,0.995,0.005,0.0,0.0,insufficient_group_size,,,0,200,0,success,,
population_detail.v1,C002843,200,0.46008211041162567,1.3828833610121638,1.4291114884583158,1.8208323764835852,0.955,0.045,0.0,0.0,insufficient_group_size,,,0,200,0,success,,
population_detail.v1,C002844,200,0.21752066296353806,0.6991882722839202,0.7573761522960947,0.93760340710532,0.65,0.04,0.31,0.0,found,13.0,variable_expense_ratio,62,138,24,success,,
population_detail.v1,C002845,200,0.20613386941885542,0.5520081766540824,0.5776143724823493,0.7565039771842219,0.99,0.01,0.0,0.0,insufficient_group_size,,,0,200,0,success,,
population_detail.v1,C002846,200,0.2385329414657338,0.6905448876041121,0.7271609830846323,0.8633433207084523,0.635,0.175,0.18,0.01,found,13.0,cash_balance_ratio,38,162,24,success,,
population_detail.v1,C002847,200,0.1866068618359436,0.7597862254079828,0.7825436441309692,1.0068051377895177,0.015,0.015,0.48,0.49,insufficient_group_size,,,194,6,0,success,,
population_detail.v1,C002848,200,0.27209178709727155,0.7197666207017707,0.7728088247248737,0.9142072346708283,0.995,0.0,0.005,0.0,insufficient_group_size,,,1,199,0,success,,
population_detail.v1,C002849,200,0.2116506915922417,0.7945516834923814,0.8496183973122555,1.0358844944315624,0.03,0.02,0.625,0.325,insufficient_group_size,,,190,10,0,success,,
population_detail.v1,C002850,200,0.18487873696799217,0.52262522044529,0.5327872995407108,0.699866521782121,0.99,0.01,0.0,0.0,insufficient_group_size,,,0,200,0,success,,
population_detail.v1,C002851,200,0.21231748477488402,0.5743532456228949,0.587371151144396,0.7371908088291627,1.0,0.0,0.0,0.0,insufficient_group_size,,,0,200,0,success,,
population_detail.v1,C002852,200,0.2937576042423917,1.1176090836829102,1.15724803017246,1.56542886744615,0.415,0.585,0.0,0.0,insufficient_group_size,,,0,200,0,success,,
population_detail.v1,C002853,200,0.23503071447978266,0.7596068149104511,0.7832059779605978,0.996051271479327,0.35,0.155,0.435,0.06,found,13.0,variable_expense_ratio,99,101,24,success,,
population_detail.v1,C002854,200,0.21052858145709627,0.4533656964772743,0.4640070614541894,0.574497605846037,0.975,0.015,0.01,0.0,insufficient_group_size,,,2,198,0,success,,
population_detail.v1,C002855,200,0.4511802427966114,0.8386996525925121,0.849869023039059,1.0906670550948938,0.0,0.0,0.075,0.925,insufficient_group_size,,,200,0,0,success,,
population_detail.v1,C002856,200,0.19870102131496656,0.6131236273937319,0.6340275576445848,0.7746564585304337,0.23,0.09,0.61,0.07,found,13.0,cash_balance_ratio,136,64,24,success,,
population_detail.v1,C002857,200,0.1937670296863139,0.6297864762376494,0.6669176679698471,0.8493039391046373,0.85,0.055,0.095,0.0,insufficient_group_size,,,19,181,0,success,,
population_detail.v1,C002858,200,0.33092985999949437,1.4704813356843938,1.5831489022255536,1.9017807436181464,0.57,0.43,0.0,0.0,insufficient_group_size,,,0,200,0,success,,
population_detail.v1,C002859,200,0.26000943109602453,0.5294818601275341,0.5626957951930828,0.6654647891367126,0.965,0.005,0.03,0.0,insufficient_group_size,,,6,194,0,success,,
population_detail.v1,C002860,200,0.40683643373367334,0.9090050938361702,0.957095330794336,1.1055109548275843,0.065,0.05,0.75,0.135,found,13.0,variable_expense_ratio,177,23,24,success,,
population_detail.v1,C002861,200,0.09791925495558933,0.44570444238548423,0.45532400366937376,0.6496843524416978,1.0,0.0,0.0,0.0,insufficient_group_size,,,0,200,0,success,,
population_detail.v1,C002862,200,0.21093052542467575,0.9518697308071062,0.9935825705336457,1.3190947766298973,0.375,0.625,0.0,0.0,insufficient_group_size,,,0,200,0,success,,
population_detail.v1,C002863,200,0.21829436273882244,0.685196624166182,0.7253172952463997,0.9103132600925885,0.995,0.005,0.0,0.0,insufficient_group_size,,,0,200,0,success,,
population_detail.v1,C002864,200,0.29388630613601757,1.1957535949892881,1.2664517144070706,1.533274838065443,0.51,0.1,0.39,0.0,found,13.0,variable_expense_ratio,78,122,24,success,,
population_detail.v1,C002865,200,0.24431755794477067,0.5860931584730668,0.6133060829704773,0.7356946584936509,0.03,0.03,0.67,0.27,insufficient_group_size,,,188,12,0,success,,
population_detail.v1,C002866,200,0.18626544382734192,0.5485668667946038,0.5692504189313956,0.6660179387537433,0.78,0.075,0.145,0.0,found,13.0,variable_expense_ratio,29,171,24,success,,
population_detail.v1,C002867,200,0.3949067833418102,1.075706280877626,1.1576547635944838,1.4320578453199935,0.0,0.005,0.42,0.575,insufficient_group_size,,,199,1,0,success,,
population_detail.v1,C002868,200,0.2551330197284819,0.7846476065636486,0.8204452825361294,1.0148381868342924,0.005,0.01,0.615,0.37,insufficient_group_size,,,197,3,0,success,,
population_detail.v1,C002869,200,0.22632314244774385,0.674338110203189,0.6951288776663265,0.8803183651174271,0.365,0.17,0.42,0.045,found,13.0,variable_expense_ratio,93,107,24,success,,
population_detail.v1,C002870,200,0.20259997930244586,0.45996625561223903,0.462500764238403,0.6234152647102602,1.0,0.0,0.0,0.0,insufficient_group_size,,,0,200,0,success,,
population_detail.v1,C002871,200,0.17018146455246247,0.5322095372800398,0.5658277831414635,0.676777576881436,1.0,0.0,0.0,0.0,insufficient_group_size,,,0,200,0,success,,
population_detail.v1,C002872,200,0.1482432818820028,0.49922196049785894,0.5202725884239175,0.7044327377925855,0.995,0.005,0.0,0.0,insufficient_group_size,,,0,200,0,success,,
population_detail.v1,C002873,200,0.2243550975520205,0.9033852053376691,0.9503480578163347,1.1468051555716894,0.0,0.0,0.23,0.77,insufficient_group_size,,,200,0,0,success,,
population_detail.v1,C002874,200,0.17500929553770508,0.628304789573773,0.6661798815011157,0.8126635375978167,0.995,0.005,0.0,0.0,insufficient_group_size,,,0,200,0,success,,
population_detail.v1,C002875,200,0.27440890258910905,0.7392543555413931,0.7766708639338162,0.916725351957294,0.925,0.065,0.01,0.0,insufficient_group_size,,,2,198,0,success,,
population_detail.v1,C002876,200,0.2711895494796052,1.153467605697982,1.1533555338260983,1.8197122561865995,0.84,0.16,0.0,0.0,insufficient_group_size,,,0,200,0,success,,
population_detail.v1,C002877,200,0.2670625366096295,0.7322420159150377,0.7414263079467107,1.033026888296,0.45,0.055,0.495,0.0,found,13.0,variable_expense_ratio,99,101,24,success,,
population_detail.v1,C002878,200,0.2167124786808188,0.5729474229024786,0.6040970748014229,0.7604777682083877,0.995,0.005,0.0,0.0,insufficient_group_size,,,0,200,0,success,,
population_detail.v1,C002879,200,0.1667703539405438,0.5248247679564263,0.5467698323914689,0.7027120814776439,0.985,0.0,0.015,0.0,insufficient_group_size,,,3,197,0,success,,
population_detail.v1,C002880,200,0.22060144843181043,0.5189815317657532,0.5341894640929474,0.6679258531524969,0.995,0.005,0.0,0.0,insufficient_group_size,,,0,200,0,success,,
population_detail.v1,C002881,200,0.18388905536762584,0.6411540377412441,0.6779132032239219,0.8385292963527481,0.035,0.025,0.65,0.29,insufficient_group_size,,,188,12,0,success,,
population_detail.v1,C002882,200,0.15861470743716144,0.8522257298274434,0.8992845437564263,1.1008920204542625,0.645,0.065,0.29,0.0,found,13.0,variable_expense_ratio,58,142,24,success,,
population_detail.v1,C002883,200,0.3312555604029141,0.9512193120415902,1.0048087539258792,1.1373274992428937,0.81,0.005,0.185,0.0,found,13.0,variable_expense_ratio,37,163,24,success,,
population_detail.v1,C002884,200,0.42016626750916425,0.9731121076077314,1.0171924383525923,1.1839524959438827,0.0,0.0,0.25,0.75,insufficient_group_size,,,200,0,0,success,,
population_detail.v1,C002885,200,0.39333311742786553,1.5714910124465087,1.6373587994533882,2.3109543997426965,0.55,0.115,0.335,0.0,found,13.0,variable_expense_ratio,67,133,24,success,,
population_detail.v1,C002886,200,0.23594886614330823,1.584712368159594,1.6675334619105189,1.945909194931287,0.525,0.16,0.31,0.005,found,13.0,variable_expense_ratio,63,137,24,success,,
population_detail.v1,C002887,200,0.19138135975726425,0.609840706309392,0.6420591349906439,0.7973791719395946,1.0,0.0,0.0,0.0,insufficient_group_size,,,0,200,0,success,,
population_detail.v1,C002888,200,0.1445949192905262,1.1171199577437798,1.1821264109216685,1.4658466789983753,0.01,0.005,0.275,0.71,insufficient_group_size,,,197,3,0,success,,
population_detail.v1,C002889,200,0.3331207311146185,1.3764360267345392,1.425434823070741,1.8949415499400102,0.78,0.22,0.0,0.0,insufficient_group_size,,,0,200,0,success,,
population_detail.v1,C002890,200,0.14242923559566095,0.8449960864180182,0.8821741936153834,1.1646264698964517,0.0,0.0,0.05,0.95,insufficient_group_size,,,200,0,0,success,,
population_detail.v1,C002891,200,0.35055977748967065,1.1921561429901815,1.2226671419007102,1.561104011818164,0.615,0.385,0.0,0.0,insufficient_group_size,,,0,200,0,success,,
population_detail.v1,C002892,200,0.21370907866002253,0.766347006859153,0.7692617196314984,1.0590538823936542,0.0,0.01,0.55,0.44,insufficient_group_size,,,198,2,0,success,,
population_detail.v1,C002893,200,0.1789072038668295,0.6640048971048578,0.6933539886063218,0.7980719710938267,0.815,0.04,0.145,0.0,found,13.0,variable_expense_ratio,29,171,24,success,,
population_detail.v1,C002894,200,0.6227048768258543,2.191878407902306,2.2837535887322624,2.9516974743211355,0.515,0.155,0.325,0.005,found,13.0,variable_expense_ratio,66,134,24,success,,
population_detail.v1,C002895,200,0.25129264299126997,0.5989202253675977,0.6280986819565825,0.7389850205545869,1.0,0.0,0.0,0.0,insufficient_group_size,,,0,200,0,success,,
population_detail.v1,C002896,200,0.2262069443078666,0.7994835907502652,0.8325161372887584,0.9874685919855242,0.25,0.16,0.555,0.035,found,13.0,cash_balance_ratio,118,82,24,success,,
population_detail.v1,C002897,200,0.37910120380114837,1.4502184618736333,1.5556385180287897,2.2069495851631276,0.3,0.7,0.0,0.0,insufficient_group_size,,,0,200,0,success,,
population_detail.v1,C002898,200,0.1330716436053725,0.4651940026455199,0.48274758380932936,0.6267833094656713,1.0,0.0,0.0,0.0,insufficient_group_size,,,0,200,0,success,,
population_detail.v1,C002899,200,0.3456708742217846,1.1042823426444395,1.145700110377079,1.3895257970932517,0.435,0.175,0.38,0.01,found,13.0,variable_expense_ratio,78,122,24,success,,
population_detail.v1,C002900,200,0.18440404921958906,0.6737306319179445,0.704044338050588,0.8548593188021124,0.01,0.02,0.65,0.32,insufficient_group_size,,,194,6,0,success,,
population_detail.v1,C002901,200,0.23503071447978266,0.6872889655577785,0.6980600482696887,0.9291945905706527,0.31,0.155,0.47,0.065,found,13.0,cash_balance_ratio,107,93,24,success,,
population_detail.v1,C002902,200,0.2357560303587151,0.740592656850792,0.7557346741913844,1.0359022308403074,0.0,0.0,0.09,0.91,insufficient_group_size,,,200,0,0,success,,
population_detail.v1,C002903,200,0.2524579767956847,1.1499477698221847,1.2264323037391285,1.472725207547612,0.415,0.585,0.0,0.0,insufficient_group_size,,,0,200,0,success,,
population_detail.v1,C002904,200,0.19276290356430162,0.5270856477138604,0.5570790877521811,0.6723076813611935,0.21,0.05,0.675,0.065,found,13.0,variable_expense_ratio,148,52,24,success,,
population_detail.v1,C002905,200,0.33124370577831747,0.9693948990480902,1.0127197165561437,1.2424975340986122,0.005,0.01,0.5,0.485,insufficient_group_size,,,197,3,0,success,,
population_detail.v1,C002906,200,0.25983461461907037,0.6136504621794834,0.6500012539792481,0.7527536184465763,0.99,0.005,0.005,0.0,insufficient_group_size,,,1,199,0,success,,
population_detail.v1,C002907,200,0.30436888683969887,0.6159059508400194,0.6189325632528635,0.8157516931637432,0.935,0.02,0.045,0.0,insufficient_group_size,,,9,191,0,success,,
population_detail.v1,C002908,200,0.4261651698880948,0.8510921514008533,0.8673908455870927,1.0754236730937237,0.0,0.0,0.12,0.88,insufficient_group_size,,,200,0,0,success,,
population_detail.v1,C002909,200,0.24566167148179438,0.7262324446601712,0.7676533956384486,0.9489266139564256,0.05,0.01,0.59,0.35,insufficient_group_size,,,188,12,0,success,,
population_detail.v1,C002910,200,0.22984901753255874,0.7165940422118325,0.7551100088612632,0.9099123486188494,0.125,0.09,0.745,0.04,found,13.0,cash_balance_ratio,157,43,24,success,,
population_detail.v1,C002911,200,0.2351129887726481,0.6885435125231454,0.7213883465050568,0.9551255012367522,1.0,0.0,0.0,0.0,insufficient_group_size,,,0,200,0,success,,
population_detail.v1,C002912,200,0.2608507149838687,0.6472679014915432,0.6923123798193991,0.836339847268718,0.195,0.115,0.655,0.035,found,13.0,variable_expense_ratio,138,62,5,success,,
population_detail.v1,C002913,200,0.20863236900400697,0.6026078391251075,0.6260835038163653,0.7709225117930268,0.15,0.05,0.655,0.145,found,13.0,cash_balance_ratio,160,40,24,success,,
population_detail.v1,C002914,200,0.29901081296842563,0.910623404296683,0.9359791922215404,1.2533867868694706,0.0,0.0,0.11,0.89,insufficient_group_size,,,200,0,0,success,,
population_detail.v1,C002915,200,0.17294590115979203,1.016015540480447,1.0861572317785426,1.2965015429808753,0.525,0.045,0.43,0.0,found,13.0,variable_expense_ratio,86,114,24,success,,
population_detail.v1,C002916,200,0.34942376181547513,1.352198538005439,1.4559849032317926,1.87824355199174,0.745,0.255,0.0,0.0,insufficient_group_size,,,0,200,0,success,,
population_detail.v1,C002917,200,0.261604905927254,0.774293166639851,0.7986591987081471,1.0717972731985193,0.0,0.0,0.075,0.925,insufficient_group_size,,,200,0,0,success,,
population_detail.v1,C002918,200,0.23489369624364378,0.6854649222905617,0.7068231763325343,0.8924801735624647,1.0,0.0,0.0,0.0,insufficient_group_size,,,0,200,0,success,,
population_detail.v1,C002919,200,0.29471626792661443,0.7631909951845818,0.7823824938940498,1.0982476228240714,0.0,0.0,0.12,0.88,insufficient_group_size,,,200,0,0,success,,
population_detail.v1,C002920,200,0.3414615955059692,0.8986594933927998,0.934702643904573,1.1269802468779346,0.915,0.03,0.055,0.0,insufficient_group_size,,,11,189,0,success,,
population_detail.v1,C002921,200,0.26993751561222235,1.5807613559872826,1.6805776334011695,2.1077099685534106,0.86,0.0,0.14,0.0,found,13.0,cash_balance_ratio,28,172,24,success,,
population_detail.v1,C002922,200,0.27326595838489554,0.5125601612965005,0.5263946459088448,0.6809519960350597,1.0,0.0,0.0,0.0,insufficient_group_size,,,0,200,0,success,,
population_detail.v1,C002923,200,0.1573030413454313,0.5546483524606064,0.5762118767588646,0.7068914703664332,0.91,0.06,0.03,0.0,insufficient_group_size,,,6,194,0,success,,
population_detail.v1,C002924,200,0.3504470403975121,1.2337093099814336,1.3063897316260746,1.6209837800714428,0.43,0.195,0.35,0.025,found,13.0,variable_expense_ratio,75,125,24,success,,
population_detail.v1,C002925,200,0.2167386827997433,0.8026645185515838,0.8191308645079357,1.100308264907559,0.0,0.0,0.05,0.95,insufficient_group_size,,,200,0,0,success,,
population_detail.v1,C002926,200,0.2511096753599133,0.8435104507953537,0.9024583786308724,1.1328143908807042,0.54,0.03,0.43,0.0,found,13.0,variable_expense_ratio,86,114,24,success,,
population_detail.v1,C002927,200,0.23327747330798435,0.5642756785941785,0.5942784312426113,0.7120743964384292,0.99,0.005,0.005,0.0,insufficient_group_size,,,1,199,0,success,,
population_detail.v1,C002928,200,0.269840731340665,0.5642109725312064,0.5729837532177886,0.7234166133646226,0.125,0.03,0.73,0.115,found,13.0,variable_expense_ratio,169,31,24,success,,
population_detail.v1,C002929,200,0.19777162725991684,0.5528617104263285,0.5945276523954249,0.7423848840237691,0.975,0.015,0.01,0.0,insufficient_group_size,,,2,198,0,success,,
population_detail.v1,C002930,200,0.16693607812466865,0.9082142719826409,0.9179829342837151,1.2451420836380807,0.005,0.005,0.375,0.615,insufficient_group_size,,,198,2,0,success,,
population_detail.v1,C002931,200,0.3907589483258353,1.4236815366116162,1.4102184560938844,2.0577457572962126,0.79,0.21,0.0,0.0,insufficient_group_size,,,0,200,0,success,,
population_detail.v1,C002932,200,0.2599561439644772,1.083915665172653,1.1041119753916648,1.6351069671417884,0.335,0.665,0.0,0.0,insufficient_group_size,,,0,200,0,success,,
population_detail.v1,C002933,200,0.7176273954166761,0.9768299894884817,1.0012227577383506,1.0980676722197795,0.535,0.085,0.32,0.06,found,13.0,cash_balance_ratio,76,124,24,success,,
population_detail.v1,C002934,200,0.3787674167568139,0.7786424290666943,0.8088297846940622,0.953021594038518,0.45,0.2,0.32,0.03,found,13.0,cash_balance_ratio,70,130,24,success,,
population_detail.v1,C002935,200,0.3360105879459461,0.8528123330245208,0.8878351181864559,1.0912941633722866,0.01,0.0,0.675,0.315,insufficient_group_size,,,198,2,0,success,,
population_detail.v1,C002936,200,0.29273581703508683,0.6308676332476267,0.645324184070538,0.7733969209099909,0.985,0.015,0.0,0.0,insufficient_group_size,,,0,200,0,success,,
population_detail.v1,C002937,200,0.9403627892793629,4.946698261602802,5.191180724841761,5.358198901340508,0.525,0.02,0.44,0.015,found,13.0,variable_expense_ratio,91,109,24,success,,
population_detail.v1,C002938,200,0.26831238020264636,0.7411879813058877,0.7944872925535862,0.9316503264223953,0.635,0.16,0.2,0.005,found,13.0,cash_balance_ratio,41,159,24,success,,
population_detail.v1,C002939,200,0.16005296860510856,0.4725154791152633,0.48949459926077166,0.6564700881476603,1.0,0.0,0.0,0.0,insufficient_group_size,,,0,200,0,success,,
population_detail.v1,C002940,200,0.2275462739754017,0.5241481215859924,0.5502256570563289,0.6704754901972347,0.99,0.0,0.01,0.0,insufficient_group_size,,,2,198,0,success,,
population_detail.v1,C002941,200,0.24670499719397784,0.9478845152078614,0.9970409713827642,1.3009327024451274,0.47,0.53,0.0,0.0,insufficient_group_size,,,0,200,0,success,,
population_detail.v1,C002942,200,0.17767951784615002,0.5092319356683767,0.529081987947188,0.6235779981956951,0.985,0.005,0.01,0.0,insufficient_group_size,,,2,198,0,success,,
population_detail.v1,C002943,200,0.15231209530204362,0.5805601670311,0.6029750802776785,0.7481422582710068,1.0,0.0,0.0,0.0,insufficient_group_size,,,0,200,0,success,,
population_detail.v1,C002944,200,0.3864500593422351,1.1951459412017094,1.2754072507421252,1.7151679691275907,0.81,0.19,0.0,0.0,insufficient_group_size,,,0,200,0,success,,
population_detail.v1,C002945,200,0.17651540639754407,0.7033822250359266,0.7398690803376043,0.9117150215982419,0.315,0.1,0.48,0.105,found,13.0,cash_balance_ratio,117,83,24,success,,
population_detail.v1,C002946,200,0.30861556329346757,0.8413762242422913,0.8595925487704741,1.154509234925346,0.0,0.0,0.115,0.885,insufficient_group_size,,,200,0,0,success,,
population_detail.v1,C002947,200,0.3266453809694556,1.2838488262169632,1.3434212444115947,1.6659279727041099,0.595,0.405,0.0,0.0,insufficient_group_size,,,0,200,0,success,,
population_detail.v1,C002948,200,0.31449379586703574,1.581297118026548,1.7818832312775639,1.9314933834848205,0.765,0.015,0.22,0.0,found,13.0,cash_balance_ratio,44,156,24,success,,
population_detail.v1,C002949,200,0.2490667470001758,1.6370337928216767,1.7182864308285255,2.030332220865743,0.625,0.115,0.26,0.0,found,13.0,variable_expense_ratio,52,148,24,success,,
population_detail.v1,C002950,200,0.17272653230838284,0.7894647503458014,0.8328960733656908,0.9717450991163746,0.44,0.225,0.325,0.01,found,13.0,variable_expense_ratio,67,133,4,success,,
population_detail.v1,C002951,200,0.22226637174928762,0.5566287403315586,0.5837861821289313,0.680433548772795,0.32,0.13,0.51,0.04,found,13.0,cash_balance_ratio,110,90,24,success,,
population_detail.v1,C002952,200,0.25829988299586615,0.5593300709330936,0.5803691105780568,0.6950199453059143,0.44,0.065,0.48,0.015,found,13.0,variable_expense_ratio,99,101,24,success,,
population_detail.v1,C002953,200,0.3011427808957574,0.6668066524549101,0.6891065612093307,0.8269879970992474,0.975,0.02,0.005,0.0,insufficient_group_size,,,1,199,0,success,,
population_detail.v1,C002954,200,0.17612707225639193,0.5534311477748611,0.5724434000734306,0.6904820208552102,0.985,0.01,0.005,0.0,insufficient_group_size,,,1,199,0,success,,
population_detail.v1,C002955,200,0.3049565152932588,0.9982272529471689,1.0357007513259866,1.3580817915764494,0.39,0.08,0.53,0.0,found,13.0,variable_expense_ratio,106,94,24,success,,
population_detail.v1,C002956,200,0.37245387430204385,0.817659674373313,0.8460592016621371,1.035109685944948,0.015,0.015,0.41,0.56,insufficient_group_size,,,194,6,0,success,,
population_detail.v1,C002957,200,0.21119313997378542,1.5291998589851685,1.6371616719777822,2.1778733675937447,0.685,0.315,0.0,0.0,insufficient_group_size,,,0,200,0,success,,
population_detail.v1,C002958,200,0.21056171450566913,0.7400968878403887,0.7860913350216874,0.9242823180903226,0.52,0.185,0.265,0.03,found,13.0,cash_balance_ratio,59,141,24,success,,
population_detail.v1,C002959,200,0.22144106858562418,0.9596817919378224,1.0208567556723682,1.1942074865290147,0.74,0.025,0.235,0.0,found,13.0,variable_expense_ratio,47,153,24,success,,
population_detail.v1,C002960,200,0.29905339438199996,0.9879238770033899,1.0289504723968808,1.2653256879114694,0.435,0.23,0.33,0.005,found,13.0,variable_expense_ratio,67,133,4,success,,
population_detail.v1,C002961,200,0.28914058930391995,0.6311419411168175,0.6565653692530682,0.771503424343817,0.21,0.13,0.625,0.035,found,13.0,variable_expense_ratio,132,68,7,success,,
population_detail.v1,C002962,200,0.21044709797959307,0.5411926568389458,0.5545428676414558,0.7013619862062801,0.99,0.01,0.0,0.0,insufficient_group_size,,,0,200,0,success,,
population_detail.v1,C002963,200,0.3146579893208182,0.9030064527992383,0.9314343984693911,1.2537978461822803,0.33,0.67,0.0,0.0,insufficient_group_size,,,0,200,0,success,,
population_detail.v1,C002964,200,0.19015723787262734,0.4783288170445331,0.49759836928180934,0.6085532220017092,1.0,0.0,0.0,0.0,insufficient_group_size,,,0,200,0,success,,
population_detail.v1,C002965,200,0.4107489856503869,0.8826842535639722,0.9337146474722529,1.0814028504726632,0.38,0.215,0.37,0.035,found,13.0,cash_balance_ratio,81,119,24,success,,
population_detail.v1,C002966,200,0.39284862126797665,0.8853126440757138,0.892660822598713,1.1247667920438709,0.0,0.0,0.075,0.925,insufficient_group_size,,,200,0,0,success,,
population_detail.v1,C002967,200,0.19480727675627882,0.4997544895020339,0.5061369267325178,0.6645042298797762,0.995,0.0,0.005,0.0,insufficient_group_size,,,1,199,0,success,,
population_detail.v1,C002968,200,0.33005270573041423,1.055256209381177,1.1130065721578304,1.3674646280582545,0.535,0.095,0.37,0.0,found,13.0,variable_expense_ratio,74,126,24,success,,
population_detail.v1,C002969,200,0.16693607812466865,0.9212463783720496,0.9356831568020973,1.247517984433847,0.005,0.005,0.37,0.62,insufficient_group_size,,,198,2,0,success,,
population_detail.v1,C002970,200,0.5475650708139568,1.5865889142933058,1.635611513048937,2.2384431669553697,0.28,0.72,0.0,0.0,insufficient_group_size,,,0,200,0,success,,
population_detail.v1,C002971,200,0.2479095956195966,0.9309570834009676,0.9974655830002586,1.1303274409412678,0.975,0.015,0.01,0.0,insufficient_group_size,,,2,198,0,success,,
population_detail.v1,C002972,200,0.27497005001205616,0.6476029834343647,0.6560207685895478,0.9094366708316125,0.0,0.0,0.13,0.87,insufficient_group_size,,,200,0,0,success,,
population_detail.v1,C002973,200,0.15122489254773733,0.5514690122971104,0.5930394306462476,0.7191407988800818,1.0,0.0,0.0,0.0,insufficient_group_size,,,0,200,0,success,,
population_detail.v1,C002974,200,0.18675486384542436,0.5144942898119944,0.5415728721805008,0.6938903747498807,0.985,0.015,0.0,0.0,insufficient_group_size,,,0,200,0,success,,
population_detail.v1,C002975,200,0.24340148289022534,0.6629186123082408,0.6947336934777848,0.8085606670599919,0.645,0.055,0.3,0.0,found,13.0,variable_expense_ratio,60,140,24,success,,
population_detail.v1,C002976,200,0.14852887552904978,0.6138815862836231,0.6528358977489802,0.821140077931957,0.98,0.015,0.005,0.0,insufficient_group_size,,,1,199,0,success,,
population_detail.v1,C002977,200,0.21989510934967457,0.7717226009561275,0.7965544503595615,1.0790815842432617,0.0,0.0,0.055,0.945,insufficient_group_size,,,200,0,0,success,,
population_detail.v1,C002978,200,0.24680091775806742,0.6769800581441981,0.6660383403451284,0.9632095233598787,0.0,0.0,0.145,0.855,insufficient_group_size,,,200,0,0,success,,
population_detail.v1,C002979,200,0.23594886614330823,1.6415553797163642,1.7178908940526396,2.0004835191293804,0.5,0.16,0.335,0.005,found,13.0,variable_expense_ratio,68,132,24,success,,
population_detail.v1,C002980,200,3.205852902688804,16.790505895951384,19.04387949344776,19.502857587476772,0.42,0.425,0.105,0.05,found,13.0,cash_balance_ratio,31,169,24,success,,
population_detail.v1,C002981,200,0.2855309949232492,0.7381263392389854,0.7622952630372071,1.027000473302929,0.0,0.0,0.07,0.93,insufficient_group_size,,,200,0,0,success,,
population_detail.v1,C002982,200,0.2639615973541919,0.7586414761113326,0.7984292986413624,1.0074228809827825,0.03,0.02,0.62,0.33,insufficient_group_size,,,190,10,0,success,,
population_detail.v1,C002983,200,0.21860277590336422,0.7838110682629212,0.8079204525775305,1.1072171269852609,0.44,0.035,0.525,0.0,found,13.0,variable_expense_ratio,105,95,24,success,,
population_detail.v1,C002984,200,0.19520822144932232,0.7752437496645892,0.8029876290851905,0.9852862596547189,0.315,0.165,0.5,0.02,found,13.0,cash_balance_ratio,104,96,24,success,,
population_detail.v1,C002985,200,1.9942326335766227,4.036926412597766,4.105223393735352,4.2092695020049415,0.46,0.035,0.505,0.0,found,13.0,variable_expense_ratio,101,99,24,success,,
population_detail.v1,C002986,200,0.2828040244482051,1.1872442732477537,1.271148195791191,1.6115403439517628,0.55,0.45,0.0,0.0,insufficient_group_size,,,0,200,0,success,,
population_detail.v1,C002987,200,0.32610801350269536,0.9347423493673371,0.9752653947204579,1.2288860663553285,0.405,0.2,0.37,0.025,found,13.0,variable_expense_ratio,79,121,24,success,,
population_detail.v1,C002988,200,0.2750654587197482,1.229581249966539,1.3127817237400645,1.6810080674408394,0.55,0.45,0.0,0.0,insufficient_group_size,,,0,200,0,success,,
population_detail.v1,C002989,200,0.7196086702264508,1.4462589166233384,1.4804124185040068,1.7923534240733485,0.555,0.445,0.0,0.0,insufficient_group_size,,,0,200,0,success,,
population_detail.v1,C002990,200,0.2594462206513348,0.5833107803153161,0.603606005550317,0.748505832317439,0.995,0.005,0.0,0.0,insufficient_group_size,,,0,200,0,success,,
population_detail.v1,C002991,200,0.3692897087613648,0.9982290730776882,1.034899169275283,1.4032094506259145,0.29,0.71,0.0,0.0,insufficient_group_size,,,0,200,0,success,,
population_detail.v1,C002992,200,0.5609402973857269,1.0151044254893427,1.0537462767217505,1.180057259088049,0.005,0.0,0.665,0.33,insufficient_group_size,,,199,1,0,success,,
population_detail.v1,C002993,200,0.4131362030043311,16.8078524386576,19.49820660506682,20.110117878577185,0.275,0.68,0.045,0.0,insufficient_group_size,,,9,191,0,success,,
population_detail.v1,C002994,200,0.4160154825666119,0.9607959243884971,1.003693552698738,1.172490800591666,0.36,0.21,0.385,0.045,found,13.0,cash_balance_ratio,86,114,24,success,,
population_detail.v1,C002995,200,0.26241693207014527,0.53553812157777,0.5606424078441505,0.7060807597944108,0.995,0.0,0.005,0.0,insufficient_group_size,,,1,199,0,success,,
population_detail.v1,C002996,200,0.16210754527773047,0.5790040188942577,0.6097183781303669,0.7456277907333433,0.985,0.01,0.005,0.0,insufficient_group_size,,,1,199,0,success,,
population_detail.v1,C002997,200,1.0633819819206727,16.59067905905053,19.195393549530124,19.782873380869482,0.265,0.675,0.06,0.0,insufficient_group_size,,,12,188,0,success,,
population_detail.v1,C002998,200,0.435621205118847,1.134868101580318,1.167234397774901,1.5174467841180461,0.38,0.62,0.0,0.0,insufficient_group_size,,,0,200,0,success,,
population_detail.v1,C002999,200,0.3803077957615163,0.875627516392301,0.9084966168533397,1.136286487002089,0.005,0.0,0.61,0.385,insufficient_group_size,,,199,1,0,success,,
population_detail.v1,C003000,200,0.378254511225464,0.8679991975554913,0.8940033189982421,1.0883917283308826,0.065,0.015,0.81,0.11,insufficient_group_size,,,184,16,0,success,,
population_detail.v1,C003001,200,0.16802219159452722,0.8504993543698355,0.901777009223659,1.1002917138347175,1.0,0.0,0.0,0.0,insufficient_group_size,,,0,200,0,success,,
population_detail.v1,C003002,200,0.18364136717878615,0.5501010278113649,0.5626207839921762,0.7387045073263586,1.0,0.0,0.0,0.0,insufficient_group_size,,,0,200,0,success,,
population_detail.v1,C003003,200,0.24246901520171057,0.5179517822452226,0.536378308453872,0.6590823282262507,0.995,0.005,0.0,0.0,insufficient_group_size,,,0,200,0,success,,
population_detail.v1,C003004,200,0.4383419282935185,1.478125978592186,1.571795480706962,2.0340444956936508,0.91,0.04,0.05,0.0,insufficient_group_size,,,10,190,0,success,,
population_detail.v1,C003005,200,0.35560488789536077,1.1658491891227767,1.1957841858158025,1.4317673390308836,0.52,0.48,0.0,0.0,insufficient_group_size,,,0,200,0,success,,
population_detail.v1,C003006,200,0.1934762082645335,0.5335539882511774,0.551421058532028,0.7126920674778885,0.85,0.05,0.1,0.0,found,13.0,variable_expense_ratio,20,180,24,success,,
population_detail.v1,C003007,200,0.25233659906821987,0.941778192978557,0.9983798685509078,1.2637479960069335,0.0,0.0,0.045,0.955,insufficient_group_size,,,200,0,0,success,,
population_detail.v1,C003008,200,0.42486052653665135,1.7145656418101334,1.900447066496703,2.0666218445108817,0.685,0.015,0.3,0.0,found,13.0,cash_balance_ratio,60,140,24,success,,
population_detail.v1,C003009,200,0.22908353748007015,0.6690356982626267,0.6892337720875973,0.9183203535521843,0.005,0.005,0.65,0.34,insufficient_group_size,,,198,2,0,success,,
population_detail.v1,C003010,200,0.3505371131940196,0.970784873395945,1.0031515830936273,1.3747051980354432,0.33,0.67,0.0,0.0,insufficient_group_size,,,0,200,0,success,,
population_detail.v1,C003011,200,0.3369923604345419,0.9697705408844066,1.0147819586726285,1.2441641140544484,0.005,0.005,0.325,0.665,insufficient_group_size,,,198,2,0,success,,
population_detail.v1,C003012,200,0.17995418432527951,0.49283688162120454,0.5166656101398482,0.6405220179858884,0.995,0.0,0.005,0.0,insufficient_group_size,,,1,199,0,success,,
population_detail.v1,C003013,200,0.2573617273077,0.6299381046125108,0.6574771670226812,0.8119330734328675,0.235,0.03,0.695,0.04,found,13.0,variable_expense_ratio,147,53,24,success,,
population_detail.v1,C003014,200,0.412654984512454,0.85730126412252,0.9040634072037816,1.0602902413940214,0.305,0.205,0.48,0.01,found,13.0,variable_expense_ratio,98,102,4,success,,
population_detail.v1,C003015,200,0.4469750912053105,2.067761695060942,2.146309255438058,2.9604638971430495,0.52,0.14,0.34,0.0,found,13.0,variable_expense_ratio,68,132,24,success,,
population_detail.v1,C003016,200,0.24769621032291292,0.581769173739942,0.5984745787601381,0.7071040464377717,0.45,0.125,0.375,0.05,found,13.0,variable_expense_ratio,85,115,24,success,,
population_detail.v1,C003017,200,0.2708952907075457,0.6758769685194116,0.6964899823134318,0.8393495139309951,0.165,0.105,0.675,0.055,found,13.0,variable_expense_ratio,146,54,5,success,,
population_detail.v1,C003018,200,0.872460841192289,3.6039397792017156,3.736794832306469,3.8138921150953644,0.13,0.01,0.47,0.39,found,13.0,savings_rate,172,28,24,success,,
population_detail.v1,C003019,200,0.2243458669603771,0.7185815322127721,0.7603988563224104,0.9162883364122678,0.015,0.0,0.56,0.425,insufficient_group_size,,,197,3,0,success,,
population_detail.v1,C003020,200,0.21852212938880003,0.8186190650269092,0.8510861213137288,1.0687474765555816,0.025,0.015,0.45,0.51,insufficient_group_size,,,192,8,0,success,,
population_detail.v1,C003021,200,0.19100506101482911,0.4804584085963049,0.48811184991124923,0.6472870773000845,0.985,0.0,0.015,0.0,insufficient_group_size,,,3,197,0,success,,
population_detail.v1,C003022,200,1.315860453844426,16.40090345209876,19.085565639736295,19.700492693472217,0.275,0.68,0.045,0.0,insufficient_group_size,,,9,191,0,success,,
population_detail.v1,C003023,200,0.2945858652530483,1.0213498194262274,1.07978238532157,1.3495648473166761,0.325,0.675,0.0,0.0,insufficient_group_size,,,0,200,0,success,,
population_detail.v1,C003024,200,0.26398411649212905,1.3648276924524958,1.4180576185840967,1.8217351077782538,0.36,0.64,0.0,0.0,insufficient_group_size,,,0,200,0,success,,
population_detail.v1,C003025,200,0.1978654185265983,0.5714477607383526,0.5857910060318214,0.7499091469590617,0.185,0.035,0.66,0.12,found,13.0,variable_expense_ratio,156,44,24,success,,
population_detail.v1,C003026,200,0.5119371800023402,1.3242540873550843,1.4039907105774962,1.6501379334691773,0.76,0.24,0.0,0.0,insufficient_group_size,,,0,200,0,success,,
population_detail.v1,C003027,200,0.13204453663097274,0.48120875483417935,0.4956286589469405,0.6802043316683382,1.0,0.0,0.0,0.0,insufficient_group_size,,,0,200,0,success,,
population_detail.v1,C003028,200,0.16545164526606715,0.551959934764355,0.5625004063399093,0.7579645685086155,1.0,0.0,0.0,0.0,insufficient_group_size,,,0,200,0,success,,
population_detail.v1,C003029,200,0.22746320245698007,0.5398797957324245,0.5630734380707709,0.7097713039266149,1.0,0.0,0.0,0.0,insufficient_group_size,,,0,200,0,success,,
population_detail.v1,C003030,200,0.41127053850248885,0.782679820473763,0.8095337528410123,0.9838738054908652,0.02,0.015,0.44,0.525,insufficient_group_size,,,193,7,0,success,,
population_detail.v1,C003031,200,0.6626826121722647,3.596856384595089,3.7825480759737786,4.646092162824476,0.58,0.125,0.295,0.0,found,13.0,variable_expense_ratio,59,141,24,success,,
population_detail.v1,C003032,200,0.12685545356775618,0.4996096809425879,0.5293377414167542,0.6760843215648453,0.995,0.005,0.0,0.0,insufficient_group_size,,,0,200,0,success,,
population_detail.v1,C003033,200,0.2582068938973574,1.1334241636034421,1.2091999073325281,1.566794112720245,0.445,0.555,0.0,0.0,insufficient_group_size,,,0,200,0,success,,
population_detail.v1,C003034,200,0.11344453387129695,0.6378980547855201,0.6582425492221892,0.849767694683164,1.0,0.0,0.0,0.0,insufficient_group_size,,,0,200,0,success,,
population_detail.v1,C003035,200,0.34036796305776884,1.1258629673604632,1.2143443368718003,1.46673790743716,0.595,0.09,0.315,0.0,found,13.0,variable_expense_ratio,63,137,24,success,,
population_detail.v1,C003036,200,0.18128296527049684,0.561908087648033,0.5850835587902518,0.713114306121717,0.915,0.035,0.05,0.0,insufficient_group_size,,,10,190,0,success,,
population_detail.v1,C003037,200,0.3109232328764805,1.7242252961071654,1.7656015911879295,2.5815342193894,0.545,0.12,0.335,0.0,found,13.0,variable_expense_ratio,67,133,24,success,,
population_detail.v1,C003038,200,0.5361863166062592,1.5139502011541943,1.5752545405201053,1.853883421754279,0.66,0.245,0.03,0.065,insufficient_group_size,,,19,181,0,success,,
population_detail.v1,C003039,200,0.16074516341659179,0.6830870865971329,0.6856585153721835,0.9923979294753228,0.0,0.0,0.095,0.905,insufficient_group_size,,,200,0,0,success,,
population_detail.v1,C003040,200,0.3317538778066671,1.1822605957604562,1.204535642386135,1.6913317694530408,0.305,0.695,0.0,0.0,insufficient_group_size,,,0,200,0,success,,
population_detail.v1,C003041,200,0.2587441898802836,0.5925277963299258,0.6099409608691981,0.7543295162096065,0.085,0.015,0.74,0.16,found,13.0,variable_expense_ratio,180,20,10,success,,
population_detail.v1,C003042,200,0.2566569800458346,1.28457671525855,1.333705940538853,1.9648598090584275,0.895,0.105,0.0,0.0,insufficient_group_size,,,0,200,0,success,,
population_detail.v1,C003043,200,0.3261939228409721,1.1472068037374725,1.1623945367511772,1.6896310966353791,0.265,0.735,0.0,0.0,insufficient_group_size,,,0,200,0,success,,
population_detail.v1,C003044,200,0.22447275339799735,0.9931026937508513,1.0369641707659794,1.3942724698674167,0.325,0.07,0.605,0.0,found,13.0,variable_expense_ratio,121,79,24,success,,
population_detail.v1,C003045,200,0.31339836583022596,1.2541025984392768,1.3460829937158758,1.677701634572955,0.0,0.0,0.03,0.97,insufficient_group_size,,,200,0,0,success,,
population_detail.v1,C003046,200,0.1902152030819695,0.6597909868446382,0.6902141387676716,0.838180168611366,0.085,0.025,0.78,0.11,found,13.0,variable_expense_ratio,178,22,24,success,,
population_detail.v1,C003047,200,0.2601742707860365,0.5490693018694028,0.5714097251396354,0.6712150677523114,0.41,0.05,0.525,0.015,found,13.0,variable_expense_ratio,108,92,24,success,,
population_detail.v1,C003048,200,0.33737647644597724,0.6874648292131988,0.718794030848935,0.8451110700465816,0.105,0.08,0.755,0.06,found,13.0,cash_balance_ratio,163,37,24,success,,
population_detail.v1,C003049,200,0.16594081680452266,1.1639240369164074,1.2312231632441697,1.8979255443608365,0.92,0.08,0.0,0.0,insufficient_group_size,,,0,200,0,success,,
population_detail.v1,C003050,200,0.18170925758172302,1.2653453120347768,1.3186232515456702,1.7192068055447505,0.505,0.12,0.375,0.0,found,13.0,variable_expense_ratio,75,125,24,success,,
population_detail.v1,C003051,200,0.12685545356775618,0.5222557641586234,0.5354637400411578,0.7059818369597798,0.995,0.005,0.0,0.0,insufficient_group_size,,,0,200,0,success,,
population_detail.v1,C003052,200,0.14308310665784552,0.6996690782499673,0.7431644431747891,0.9639748111421853,0.98,0.01,0.01,0.0,insufficient_group_size,,,2,198,0,success,,
population_detail.v1,C003053,200,0.19433887111565396,0.4690658916493105,0.49733372277925136,0.6073332200959745,0.995,0.0,0.005,0.0,insufficient_group_size,,,1,199,0,success,,
population_detail.v1,C003054,200,0.20635051351566988,0.8017809305878015,0.8243844738783035,1.0862447924453995,0.0,0.0,0.055,0.945,insufficient_group_size,,,200,0,0,success,,
population_detail.v1,C003055,200,2.3183191922444073,13.940652943850523,16.357396662996454,16.708085549960977,0.53,0.305,0.11,0.055,found,13.0,cash_balance_ratio,33,167,24,success,,
population_detail.v1,C003056,200,0.24633277824266636,0.834035435940254,0.8614044694955283,1.0489609111424374,0.465,0.205,0.31,0.02,found,13.0,variable_expense_ratio,66,134,24,success,,
population_detail.v1,C003057,200,0.310287006622087,0.7021294944936863,0.7306370507147619,0.9045668199571323,0.33,0.205,0.405,0.06,found,13.0,variable_expense_ratio,93,107,24,success,,
population_detail.v1,C003058,200,0.21127799682764772,0.5822429918410315,0.603876881790312,0.7603980327764941,1.0,0.0,0.0,0.0,insufficient_group_size,,,0,200,0,success,,
population_detail.v1,C003059,200,0.23898324239742558,0.7395117991718453,0.7731743304891234,0.9252076803428334,0.28,0.185,0.505,0.03,found,13.0,variable_expense_ratio,107,93,5,success,,
population_detail.v1,C003060,200,0.20908591787535197,0.6497384268564166,0.683141133562037,0.8208498049736691,0.125,0.025,0.76,0.09,found,13.0,variable_expense_ratio,170,30,24,success,,
population_detail.v1,C003061,200,0.25812418633140954,0.5647730236719368,0.5902688088337094,0.6887065658767246,0.86,0.06,0.08,0.0,insufficient_group_size,,,16,184,0,success,,
population_detail.v1,C003062,200,0.31745199209997543,0.6469648125051619,0.6570044655781466,0.7895774453764737,0.215,0.105,0.62,0.06,found,13.0,variable_expense_ratio,136,64,5,success,,
population_detail.v1,C003063,200,0.26764274206009697,0.7178875941308366,0.7534658279217464,0.8962554580344724,0.41,0.13,0.445,0.015,found,13.0,variable_expense_ratio,92,108,24,success,,
population_detail.v1,C003064,200,0.15773721896082762,0.5148433108319266,0.5409552816466061,0.666616414313465,0.815,0.035,0.15,0.0,found,13.0,variable_expense_ratio,30,170,24,success,,
population_detail.v1,C003065,200,0.19839323814082635,0.5574704169112362,0.5824166265367204,0.7064957619165607,0.965,0.035,0.0,0.0,insufficient_group_size,,,0,200,0,success,,
population_detail.v1,C003066,200,0.6833917351938142,1.596470573742763,1.6599390271011334,1.8497481694206566,0.46,0.54,0.0,0.0,insufficient_group_size,,,0,200,0,success,,
population_detail.v1,C003067,200,0.20516099742398508,0.5570846017633522,0.5840044429935529,0.7384241811410761,0.995,0.0,0.005,0.0,insufficient_group_size,,,1,199,0,success,,
population_detail.v1,C003068,200,0.20649938122124636,0.5190116967349344,0.537390061543938,0.6443423667546798,0.65,0.11,0.23,0.01,found,13.0,variable_expense_ratio,48,152,24,success,,
population_detail.v1,C003069,200,0.2546697145861033,0.5896341764644877,0.6173923124863803,0.7343240704003553,0.025,0.02,0.725,0.23,insufficient_group_size,,,191,9,0,success,,
population_detail.v1,C003070,200,0.3549098703422696,0.7521894684859172,0.7822983171348736,0.9093524071709884,0.51,0.065,0.415,0.01,found,13.0,variable_expense_ratio,85,115,24,success,,
population_detail.v1,C003071,200,0.5305154633192125,1.3539446880972559,1.393970310413951,1.8680105061114287,0.275,0.725,0.0,0.0,insufficient_group_size,,,0,200,0,success,,
population_detail.v1,C003072,200,0.2657603936703216,0.9109472261190301,0.9270484866828865,1.3044412679653037,0.355,0.645,0.0,0.0,insufficient_group_size,,,0,200,0,success,,
population_detail.v1,C003073,200,0.20024835417794046,0.6605357992877927,0.6884005208887112,0.8130491509443767,0.035,0.015,0.74,0.21,insufficient_group_size,,,190,10,0,success,,
population_detail.v1,C003074,200,0.11488960927023041,0.466419394554471,0.4861637037265246,0.6398128137649447,1.0,0.0,0.0,0.0,insufficient_group_size,,,0,200,0,success,,
population_detail.v1,C003075,200,0.41587285003557833,1.0869631506592865,1.1558435127703963,1.3305481231929712,0.275,0.065,0.635,0.025,found,13.0,variable_expense_ratio,132,68,24,success,,
population_detail.v1,C003076,200,0.2983138813500677,0.9394245585063036,0.9769123953621239,1.260271217597318,0.0,0.005,0.4,0.595,insufficient_group_size,,,199,1,0,success,,
population_detail.v1,C003077,200,0.23489369624364378,0.6584584806151463,0.6872054097854469,0.8639423550008403,1.0,0.0,0.0,0.0,insufficient_group_size,,,0,200,0,success,,
population_detail.v1,C003078,200,0.11240600104637344,0.6208293988925083,0.6605568303539148,0.7643125861895097,0.85,0.09,0.06,0.0,insufficient_group_size,,,12,188,0,success,,
population_detail.v1,C003079,200,0.29159945894183464,1.129779646419948,1.168503626809736,1.5541773197562645,0.51,0.1,0.39,0.0,found,13.0,variable_expense_ratio,78,122,24,success,,
population_detail.v1,C003080,200,0.16873910770099046,0.7938860412078388,0.8339410653463916,1.099459125236493,0.5,0.035,0.465,0.0,found,13.0,variable_expense_ratio,93,107,24,success,,
population_detail.v1,C003081,200,0.19972453448589123,0.510079524618645,0.5257075526327856,0.6335488877590818,0.99,0.005,0.005,0.0,insufficient_group_size,,,1,199,0,success,,
population_detail.v1,C003082,200,0.17172945574092718,0.695960903737334,0.7377853821830427,0.8880226543049803,0.385,0.09,0.435,0.09,found,13.0,cash_balance_ratio,105,95,24,success,,
population_detail.v1,C003083,200,0.2881041672453718,0.9310592234926396,0.9470832268688801,1.3909001005635366,0.3,0.7,0.0,0.0,insufficient_group_size,,,0,200,0,success,,
population_detail.v1,C003084,200,0.2880650728232441,0.5939184506697188,0.6110043772158977,0.7204995553018642,0.745,0.02,0.235,0.0,found,13.0,variable_expense_ratio,47,153,24,success,,
population_detail.v1,C003085,200,0.1907988052423891,0.5492020930489585,0.5673260811220422,0.6974701483250403,0.105,0.015,0.76,0.12,found,13.0,variable_expense_ratio,176,24,24,success,,
population_detail.v1,C003086,200,0.2709452615799744,1.2074773514479376,1.224541696615137,1.8456337447276527,0.915,0.06,0.025,0.0,insufficient_group_size,,,5,195,0,success,,
population_detail.v1,C003087,200,0.17212852649436786,0.535689430295481,0.5632637793221664,0.717162529078841,0.945,0.0,0.055,0.0,insufficient_group_size,,,11,189,0,success,,
population_detail.v1,C003088,200,0.08471762530980126,0.4743839066053956,0.4833723462200039,0.6707004670904969,1.0,0.0,0.0,0.0,insufficient_group_size,,,0,200,0,success,,
population_detail.v1,C003089,200,1.4510861741251926,8.4172542266779,9.858815657018756,10.228937499077015,0.69,0.18,0.105,0.025,found,13.0,cash_balance_ratio,26,174,24,success,,
population_detail.v1,C003090,200,0.26993751561222235,1.5732651863102944,1.7093879158783536,2.068460948975221,0.85,0.0,0.15,0.0,found,13.0,cash_balance_ratio,30,170,24,success,,
population_detail.v1,C003091,200,0.14704997446663096,0.5765216999928738,0.5905455746971189,0.7378231600783491,0.07,0.03,0.765,0.135,found,13.0,variable_expense_ratio,180,20,24,success,,
population_detail.v1,C003092,200,0.24852871623058426,0.5700309445327344,0.5918519649768285,0.7159679497579722,0.175,0.04,0.715,0.07,found,13.0,variable_expense_ratio,157,43,24,success,,
population_detail.v1,C003093,200,0.3297206781184386,1.1961900112324202,1.2808531122547155,1.5712439763118624,0.385,0.085,0.53,0.0,found,13.0,variable_expense_ratio,106,94,24,success,,
population_detail.v1,C003094,200,0.36732871292872504,0.9214798160763042,0.9764123497952338,1.1003206382056727,0.47,0.23,0.28,0.02,found,13.0,cash_balance_ratio,60,140,24,success,,
population_detail.v1,C003095,200,0.2433022612699382,0.5529386990731917,0.568905279429682,0.7029857795532498,0.995,0.0,0.005,0.0,insufficient_group_size,,,1,199,0,success,,
population_detail.v1,C003096,200,0.27829947612079864,1.112802047579231,1.122092254743491,1.7314559367677287,0.955,0.045,0.0,0.0,insufficient_group_size,,,0,200,0,success,,
population_detail.v1,C003097,200,0.3766911397656614,1.5446580466456181,1.6260522078404476,2.151630602648503,0.92,0.08,0.0,0.0,insufficient_group_size,,,0,200,0,success,,
population_detail.v1,C003098,200,0.23075293190682267,0.5096023925012841,0.5348787796257297,0.62943186101418,0.875,0.08,0.045,0.0,insufficient_group_size,,,9,191,0,success,,
population_detail.v1,C003099,200,0.29725813905080356,1.317409137716387,1.350568577442946,1.8772683603769789,0.53,0.115,0.355,0.0,found,13.0,variable_expense_ratio,71,129,24,success,,
population_detail.v1,C003100,200,0.19323652976564873,0.5450300651156594,0.5725041715723258,0.7086912483676293,1.0,0.0,0.0,0.0,insufficient_group_size,,,0,200,0,success,,
population_detail.v1,C003101,200,0.3777120557845095,16.060782526842146,18.695925101325226,19.302569709698485,0.275,0.675,0.05,0.0,insufficient_group_size,,,10,190,0,success,,
population_detail.v1,C003102,200,0.21150626098392347,1.2649249737310275,1.353630085389033,1.874960345912606,0.975,0.025,0.0,0.0,insufficient_group_size,,,0,200,0,success,,
population_detail.v1,C003103,200,0.18736936570201274,0.43472936583694755,0.44638067785840324,0.592857444753772,1.0,0.0,0.0,0.0,insufficient_group_size,,,0,200,0,success,,
population_detail.v1,C003104,200,0.2789650077678503,0.7588398919104559,0.774725261167469,1.0953836061177336,0.0,0.0,0.1,0.9,insufficient_group_size,,,200,0,0,success,,
population_detail.v1,C003105,200,1.9521099016213832,3.027398174564411,3.046910325868634,3.1667962120698885,0.0,0.0,0.155,0.845,insufficient_group_size,,,200,0,0,success,,
population_detail.v1,C003106,200,0.37777268946779574,0.8397353513505714,0.862600632211624,1.1055056932568736,0.025,0.01,0.44,0.525,insufficient_group_size,,,193,7,0,success,,
population_detail.v1,C003107,200,0.3452760662343785,0.8341731183238487,0.8527399971919836,1.1174844654978828,0.0,0.0,0.17,0.83,insufficient_group_size,,,200,0,0,success,,
population_detail.v1,C003108,200,0.18487873696799217,0.5195908808085997,0.523318261124595,0.6819675342978145,0.99,0.01,0.0,0.0,insufficient_group_size,,,0,200,0,success,,
population_detail.v1,C003109,200,0.2047882334282481,0.5830858573614163,0.6052134898475283,0.7752304763083505,1.0,0.0,0.0,0.0,insufficient_group_size,,,0,200,0,success,,
population_detail.v1,C003110,200,0.12369396561611168,0.5593297373699818,0.5759629300783861,0.7516263671432827,1.0,0.0,0.0,0.0,insufficient_group_size,,,0,200,0,success,,
population_detail.v1,C003111,200,0.3597957772279643,0.93238812879143,0.9653663293261716,1.2174034840258063,0.015,0.01,0.35,0.625,insufficient_group_size,,,195,5,0,success,,
population_detail.v1,C003112,200,1.2580743886724526,3.3773110246033617,3.4591749634724427,3.5279699367550963,0.63,0.005,0.365,0.0,found,13.0,variable_expense_ratio,73,127,24,success,,
population_detail.v1,C003113,200,0.2602372078013106,0.6783768366065579,0.6892169302139288,0.9353277871828501,0.0,0.0,0.095,0.905,insufficient_group_size,,,200,0,0,success,,
population_detail.v1,C003114,200,0.21093052542467575,0.9723696041245299,1.03417871949146,1.3336782447824942,0.37,0.63,0.0,0.0,insufficient_group_size,,,0,200,0,success,,
population_detail.v1,C003115,200,0.21959890834788356,0.5717172686608464,0.6054640503179867,0.7750039582871096,0.995,0.005,0.0,0.0,insufficient_group_size,,,0,200,0,success,,
population_detail.v1,C003116,200,0.2215560695864982,0.6450632267439912,0.6733276341751455,0.8102701660649072,0.4,0.16,0.42,0.02,found,13.0,cash_balance_ratio,88,112,24,success,,
population_detail.v1,C003117,200,0.14511305266068317,0.5963190072652711,0.6259502065496511,0.7364311417281055,0.98,0.01,0.01,0.0,insufficient_group_size,,,2,198,0,success,,
population_detail.v1,C003118,200,0.3741034849154342,0.6887831040660007,0.7040405470539122,0.8649605878091071,0.74,0.095,0.15,0.015,found,13.0,variable_expense_ratio,33,167,24,success,,
population_detail.v1,C003119,200,0.3863855429255981,1.5698918115506808,1.7744198151557597,2.0026923217268906,0.755,0.245,0.0,0.0,insufficient_group_size,,,0,200,0,success,,
population_detail.v1,C003120,200,0.24228802943884187,0.627752244894583,0.6515146802605633,0.7853096743214798,1.0,0.0,0.0,0.0,insufficient_group_size,,,0,200,0,success,,
population_detail.v1,C003121,200,0.24954398655921983,0.5224033584501502,0.5518475363694438,0.6792011126883092,1.0,0.0,0.0,0.0,insufficient_group_size,,,0,200,0,success,,
population_detail.v1,C003122,200,0.2902889551840383,0.7355293935394235,0.7494184259339799,1.0213661967193026,0.005,0.01,0.57,0.415,insufficient_group_size,,,197,3,0,success,,
population_detail.v1,C003123,200,0.18626544382734192,0.5412711506491972,0.5611455707053021,0.6718051147079885,0.785,0.08,0.135,0.0,found,13.0,variable_expense_ratio,27,173,24,success,,
population_detail.v1,C003124,200,0.2179892628697974,0.6118827387446424,0.6242275714638489,0.783618410250464,0.025,0.02,0.72,0.235,insufficient_group_size,,,191,9,0,success,,
population_detail.v1,C003125,200,0.139615083165962,0.5234533269616369,0.5418852535578619,0.6554030361700406,1.0,0.0,0.0,0.0,insufficient_group_size,,,0,200,0,success,,
population_detail.v1,C003126,200,0.46008211041162567,1.3556411782007234,1.4175616210308344,1.719848777740411,0.875,0.125,0.0,0.0,insufficient_group_size,,,0,200,0,success,,
population_detail.v1,C003127,200,0.3588996463278875,1.2727451166322465,1.3308594784550163,1.9639063483131118,0.295,0.705,0.0,0.0,insufficient_group_size,,,0,200,0,success,,
population_detail.v1,C003128,200,0.4113418610141945,1.2329910916357882,1.2679500994551431,1.6008225089058001,0.595,0.405,0.0,0.0,insufficient_group_size,,,0,200,0,success,,
population_detail.v1,C003129,200,0.22287252581746497,0.7088639778563365,0.7515295090724113,0.9232867923348241,0.995,0.0,0.005,0.0,insufficient_group_size,,,1,199,0,success,,
population_detail.v1,C003130,200,0.2180987011610323,0.6664300529468895,0.6940971972399292,0.8228019761100906,0.68,0.125,0.195,0.0,found,13.0,variable_expense_ratio,39,161,24,success,,
population_detail.v1,C003131,200,0.20741876776105508,0.6066962853619049,0.6341005331704426,0.7411151715063103,0.435,0.135,0.43,0.0,found,13.0,cash_balance_ratio,86,114,24,success,,
population_detail.v1,C003132,200,0.19741922911788412,0.5590148915675845,0.5936110777294206,0.6940307110349115,0.74,0.125,0.135,0.0,found,13.0,variable_expense_ratio,27,173,24,success,,
population_detail.v1,C003133,200,0.20281790331232932,0.6810113815626321,0.7047915806672511,0.8603399263062353,0.045,0.03,0.71,0.215,insufficient_group_size,,,185,15,0,success,,
population_detail.v1,C003134,200,0.2852136628918846,0.9107658126583733,0.9492149710623843,1.181405487636165,0.0,0.0,0.195,0.805,insufficient_group_size,,,200,0,0,success,,
population_detail.v1,C003135,200,0.20033035501675622,0.7355444030967052,0.7913784307893007,0.8822846852894278,0.985,0.005,0.01,0.0,insufficient_group_size,,,2,198,0,success,,
population_detail.v1,C003136,200,0.21881821633700044,0.7033799598998876,0.7265004458168005,0.9535684464831876,0.0,0.0,0.07,0.93,insufficient_group_size,,,200,0,0,success,,
population_detail.v1,C003137,200,0.4643664940083681,0.7044690950756316,0.7158272824636824,0.8317621434941089,0.18,0.09,0.635,0.095,found,13.0,cash_balance_ratio,146,54,24,success,,
population_detail.v1,C003138,200,0.30608076975686566,1.5865636760066166,1.632679225850783,2.0848658790142456,0.485,0.145,0.365,0.005,found,13.0,variable_expense_ratio,74,126,24,success,,
population_detail.v1,C003139,200,0.22304244229785464,0.6054949309447095,0.622913242733164,0.7543305514103888,1.0,0.0,0.0,0.0,insufficient_group_size,,,0,200,0,success,,
population_detail.v1,C003140,200,0.4721154096597247,0.9503748891989997,0.9752781226702464,1.2140140470271112,0.405,0.245,0.335,0.015,found,13.0,variable_expense_ratio,70,130,24,success,,
population_detail.v1,C003141,200,0.28485722868720165,0.7011610672505452,0.7385851276304541,0.901218136472987,0.03,0.01,0.765,0.195,insufficient_group_size,,,192,8,0,success,,
population_detail.v1,C003142,200,0.17500929553770508,0.5913770620503936,0.616538657309043,0.7543339375574,0.995,0.005,0.0,0.0,insufficient_group_size,,,0,200,0,success,,
population_detail.v1,C003143,200,0.1881654308858557,0.6141948072214966,0.6373526415839559,0.7602939260348065,0.035,0.02,0.665,0.28,insufficient_group_size,,,189,11,0,success,,
population_detail.v1,C003144,200,0.13323789637115113,0.667760506928965,0.6851699520336985,0.900379855848687,0.0,0.0,0.055,0.945,insufficient_group_size,,,200,0,0,success,,
population_detail.v1,C003145,200,0.28806763778562045,0.5411685299837579,0.5631593371542494,0.6649915397174816,0.415,0.125,0.435,0.025,found,13.0,variable_expense_ratio,92,108,24,success,,
population_detail.v1,C003146,200,0.2717027672540739,0.71980176427639,0.73991448250484,0.8789480430057852,0.025,0.005,0.68,0.29,insufficient_group_size,,,194,6,0,success,,
population_detail.v1,C003147,200,0.25635520662095956,0.6879370836909618,0.7192983892889466,0.841907737645254,0.435,0.115,0.41,0.04,found,13.0,variable_expense_ratio,90,110,24,success,,
population_detail.v1,C003148,200,0.3115278115283892,0.7749760112752435,0.8063942188397601,1.0449180893284895,0.93,0.035,0.035,0.0,insufficient_group_size,,,7,193,0,success,,
population_detail.v1,C003149,200,0.3699867674045152,0.8285416805938115,0.8574778349215953,1.0127924266748858,0.535,0.235,0.225,0.005,found,13.0,cash_balance_ratio,46,154,24,success,,
population_detail.v1,C003150,200,0.13298090486579098,0.5515421414381323,0.5825221384245072,0.710840376998598,0.11,0.03,0.735,0.125,found,13.0,variable_expense_ratio,172,28,24,success,,
population_detail.v1,C003151,200,0.5114838501114181,1.3846667279491973,1.4782826737431853,1.76070533343102,0.015,0.005,0.305,0.675,insufficient_group_size,,,196,4,0,success,,
population_detail.v1,C003152,200,0.11017244755335948,0.5051151141478184,0.5183583483981992,0.7437170464837412,1.0,0.0,0.0,0.0,insufficient_group_size,,,0,200,0,success,,
population_detail.v1,C003153,200,0.17749068597020456,0.6924258925817729,0.7563818810009237,0.978168112444061,0.995,0.005,0.0,0.0,insufficient_group_size,,,0,200,0,success,,
population_detail.v1,C003154,200,0.5428225100985258,1.4123181967294514,1.4411077662671319,1.5494293279331997,0.365,0.135,0.475,0.025,found,13.0,variable_expense_ratio,100,100,24,success,,
population_detail.v1,C003155,200,0.17419079390816758,0.5605254955859311,0.5882866567748926,0.7117519949672255,0.175,0.055,0.71,0.06,found,13.0,variable_expense_ratio,154,46,24,success,,
population_detail.v1,C003156,200,0.3899442589381634,1.4330689824516207,1.5081266082237372,1.7430055508338396,0.44,0.195,0.36,0.005,found,13.0,variable_expense_ratio,73,127,24,success,,
population_detail.v1,C003157,200,0.2058799206431945,0.5641948208311335,0.5845429922474001,0.6855097399448359,0.99,0.005,0.005,0.0,insufficient_group_size,,,1,199,0,success,,
population_detail.v1,C003158,200,0.25123276197976363,0.8563526704043061,0.8957351080173781,1.1676533180844018,0.0,0.0,0.035,0.965,insufficient_group_size,,,200,0,0,success,,
population_detail.v1,C003159,200,0.20565388653686886,0.5097164140068965,0.5231336156448212,0.6606659064515804,0.21,0.075,0.665,0.05,found,13.0,cash_balance_ratio,143,57,24,success,,
population_detail.v1,C003160,200,0.2751668922238739,0.7280520960819302,0.7680078228898914,0.9079735895538111,0.025,0.02,0.515,0.44,insufficient_group_size,,,191,9,0,success,,
population_detail.v1,C003161,200,0.25098700568182214,12.484344932699434,12.928878500168219,13.199171592044026,0.385,0.61,0.005,0.0,insufficient_group_size,,,1,199,0,success,,
population_detail.v1,C003162,200,0.26126340147532195,1.1611694780339628,1.224027705135657,1.5240083926791164,0.55,0.1,0.35,0.0,found,13.0,variable_expense_ratio,70,130,24,success,,
population_detail.v1,C003163,200,0.13949557944806104,1.0438423652240272,1.0654160621105384,1.5232414341500082,0.315,0.685,0.0,0.0,insufficient_group_size,,,0,200,0,success,,
population_detail.v1,C003164,200,0.2904310306909203,0.6019030316239611,0.6268463031142386,0.7574109453978572,0.105,0.045,0.72,0.13,found,13.0,variable_expense_ratio,170,30,11,success,,
population_detail.v1,C003165,200,0.2662855258167708,0.5500965736677679,0.5718507908675718,0.6860633991199497,0.175,0.065,0.67,0.09,found,13.0,cash_balance_ratio,152,48,24,success,,
population_detail.v1,C003166,200,0.08914695815375032,0.4809692143657525,0.5139865939097896,0.6478412129587272,1.0,0.0,0.0,0.0,insufficient_group_size,,,0,200,0,success,,
population_detail.v1,C003167,200,0.20461089109322364,0.5633427725860511,0.5857122409088598,0.7094744373898629,1.0,0.0,0.0,0.0,insufficient_group_size,,,0,200,0,success,,
population_detail.v1,C003168,200,0.2947554427981447,0.735949911390085,0.7697764035028005,0.9054280767712735,0.65,0.145,0.205,0.0,found,13.0,variable_expense_ratio,41,159,24,success,,
population_detail.v1,C003169,200,0.18892294098663825,0.45691536140603445,0.4547752397143108,0.6236141348658913,1.0,0.0,0.0,0.0,insufficient_group_size,,,0,200,0,success,,
population_detail.v1,C003170,200,0.23088597443454575,0.6970713801014474,0.7187142903277,0.914436560086715,0.025,0.015,0.575,0.385,insufficient_group_size,,,192,8,0,success,,
population_detail.v1,C003171,200,0.18072015790838422,0.514815759612586,0.5436758909840902,0.6745414824207902,0.94,0.05,0.01,0.0,insufficient_group_size,,,2,198,0,success,,
population_detail.v1,C003172,200,0.23486152387503925,0.5592355369423718,0.5876162524591023,0.710937732289126,1.0,0.0,0.0,0.0,insufficient_group_size,,,0,200,0,success,,
population_detail.v1,C003173,200,0.24034915355401087,0.5805877918638509,0.6047154564441322,0.755307512329706,0.97,0.01,0.02,0.0,insufficient_group_size,,,4,196,0,success,,
population_detail.v1,C003174,200,0.2744844157795585,0.7405051364292301,0.7611452623968726,1.0031145574480334,0.0,0.005,0.68,0.315,insufficient_group_size,,,199,1,0,success,,
population_detail.v1,C003175,200,0.15514410931050324,0.6511054449302911,0.6921903869711227,0.9123748691555231,0.965,0.015,0.02,0.0,insufficient_group_size,,,4,196,0,success,,
population_detail.v1,C003176,200,0.8414467608855443,7.136275146808823,7.307454716867969,7.591167745529222,0.685,0.315,0.0,0.0,insufficient_group_size,,,0,200,0,success,,
population_detail.v1,C003177,200,0.279522236525664,1.1658052129790184,1.1901920158322552,1.8215315097590714,0.31,0.69,0.0,0.0,insufficient_group_size,,,0,200,0,success,,
population_detail.v1,C003178,200,0.2610645907740093,0.592586740428972,0.6116679835715093,0.7671585886379927,0.21,0.03,0.715,0.045,found,13.0,variable_expense_ratio,152,48,24,success,,
population_detail.v1,C003179,200,0.19078746477467948,0.5645130381701291,0.5819311825862246,0.736208295599792,1.0,0.0,0.0,0.0,insufficient_group_size,,,0,200,0,success,,
population_detail.v1,C003180,200,0.21189134502395848,0.5049407883364465,0.5208190344721537,0.6316501813118088,0.795,0.02,0.185,0.0,found,13.0,variable_expense_ratio,37,163,24,success,,
population_detail.v1,C003181,200,0.2962488224084105,0.8079489210904758,0.8544494149931886,1.0626689720956932,0.0,0.0,0.03,0.97,insufficient_group_size,,,200,0,0,success,,
population_detail.v1,C003182,200,0.43639033057950666,1.202837262588637,1.280741328452914,1.4950523649809324,0.45,0.21,0.32,0.02,found,13.0,variable_expense_ratio,68,132,24,success,,
population_detail.v1,C003183,200,0.27496588215226275,0.5818560462687078,0.6004108695153454,0.7320463074544329,0.18,0.075,0.68,0.065,found,13.0,variable_expense_ratio,149,51,5,success,,
population_detail.v1,C003184,200,0.5223161337688979,0.8332550367467921,0.8468794814325553,1.0262142774238583,0.025,0.015,0.635,0.325,insufficient_group_size,,,192,8,0,success,,
population_detail.v1,C003185,200,0.2690972030020735,0.7507732457255429,0.7825161673807556,0.9100477833882462,0.17,0.085,0.66,0.085,found,13.0,variable_expense_ratio,149,51,24,success,,
population_detail.v1,C003186,200,0.19758691832994443,0.5855245546491681,0.6263672187991796,0.7658568886019369,0.96,0.025,0.015,0.0,insufficient_group_size,,,3,197,0,success,,
population_detail.v1,C003187,200,0.13949557944806104,1.0412388629859124,1.0733847502515788,1.5057321228474556,0.32,0.68,0.0,0.0,insufficient_group_size,,,0,200,0,success,,
population_detail.v1,C003188,200,0.20243145305170554,0.47245660886145235,0.49325770046670225,0.5886696476132037,0.965,0.03,0.005,0.0,insufficient_group_size,,,1,199,0,success,,
population_detail.v1,C003189,200,0.14054399484827013,0.5673124843045697,0.5833982265538573,0.7290557585315738,0.94,0.045,0.015,0.0,insufficient_group_size,,,3,197,0,success,,
population_detail.v1,C003190,200,0.27950083810500226,0.604282317209256,0.6187914613129235,0.7966437467397017,1.0,0.0,0.0,0.0,insufficient_group_size,,,0,200,0,success,,
population_detail.v1,C003191,200,0.20365819932452692,0.7098499187448115,0.7586744483839148,0.9308244753326578,0.735,0.03,0.235,0.0,found,13.0,variable_expense_ratio,47,153,24,success,,
population_detail.v1,C003192,200,0.2595198690628341,0.6454563948164145,0.6740698349670129,0.8080971778395223,1.0,0.0,0.0,0.0,insufficient_group_size,,,0,200,0,success,,
population_detail.v1,C003193,200,0.2205203466317826,0.675623753887647,0.6962539311108826,1.0051434003354167,0.0,0.0,0.115,0.885,insufficient_group_size,,,200,0,0,success,,
population_detail.v1,C003194,200,0.24289122511861266,0.7670132418141149,0.8053366877741236,1.0454015112347874,0.015,0.015,0.405,0.565,insufficient_group_size,,,194,6,0,success,,
population_detail.v1,C003195,200,0.23976147674797602,0.6823717723893289,0.7053349819956112,0.87419592705437,0.295,0.115,0.53,0.06,found,13.0,cash_balance_ratio,118,82,24,success,,
population_detail.v1,C003196,200,0.12981916704871702,0.6816202608236926,0.7257583561227692,0.9347335607678223,1.0,0.0,0.0,0.0,insufficient_group_size,,,0,200,0,success,,
population_detail.v1,C003197,200,0.24899243603317597,1.1456363312587337,1.1542018609768405,1.7088286842880553,0.85,0.15,0.0,0.0,insufficient_group_size,,,0,200,0,success,,
population_detail.v1,C003198,200,0.28023092424202206,0.7246255817731767,0.754284191932165,0.9172899861615271,0.965,0.0,0.035,0.0,insufficient_group_size,,,7,193,0,success,,
population_detail.v1,C003199,200,0.17320201627082352,0.5169813310798549,0.5323358633494382,0.6915892756701267,0.995,0.005,0.0,0.0,insufficient_group_size,,,0,200,0,success,,
population_detail.v1,C003200,200,0.18662197058265897,0.6175134603006105,0.6475316385920943,0.7738834544721124,0.905,0.035,0.06,0.0,insufficient_group_size,,,12,188,0,success,,
population_detail.v1,C003201,200,0.37453757384721253,0.78718892189262,0.819884310587554,0.993133597826135,0.015,0.02,0.755,0.21,insufficient_group_size,,,193,7,0,success,,
population_detail.v1,C003202,200,0.2657603936703216,0.8834410864075437,0.9085693302675302,1.2929551359867157,0.335,0.665,0.0,0.0,insufficient_group_size,,,0,200,0,success,,
population_detail.v1,C003203,200,0.2963441926625787,0.7674901594237415,0.8098627105343355,0.9648482141161301,0.555,0.195,0.245,0.005,found,13.0,variable_expense_ratio,50,150,24,success,,
population_detail.v1,C003204,200,0.19351789431151004,0.5742254620324637,0.5839449557738796,0.7640145483715741,0.09,0.01,0.78,0.12,found,13.0,variable_expense_ratio,180,20,24,success,,
population_detail.v1,C003205,200,0.18921721812956013,0.5502249873047935,0.5779361803693468,0.6823277697762681,0.77,0.08,0.15,0.0,found,13.0,variable_expense_ratio,30,170,24,success,,
population_detail.v1,C003206,200,0.2511128889468027,0.9693182780317785,1.0113658073809946,1.2802200190301913,0.01,0.005,0.305,0.68,insufficient_group_size,,,197,3,0,success,,
population_detail.v1,C003207,200,0.3232834651851727,0.7252787740416409,0.7548848710538871,0.9138306888235963,0.035,0.015,0.62,0.33,insufficient_group_size,,,190,10,0,success,,
population_detail.v1,C003208,200,0.23759943391196123,0.7927972603080087,0.8279410571389192,0.9806537964347836,0.31,0.16,0.51,0.02,found,13.0,variable_expense_ratio,106,94,24,success,,
population_detail.v1,C003209,200,0.23360003165374926,0.652985313006499,0.6784848340227503,0.8380646455623972,0.985,0.01,0.005,0.0,insufficient_group_size,,,1,199,0,success,,
population_detail.v1,C003210,200,0.2213432904042173,0.705826276729468,0.7655983890180149,0.8824929209178834,0.995,0.0,0.005,0.0,insufficient_group_size,,,1,199,0,success,,
population_detail.v1,C003211,200,0.22617938462481643,0.6342018017219961,0.6770539772188593,0.8216315683308172,0.96,0.015,0.025,0.0,insufficient_group_size,,,5,195,0,success,,
population_detail.v1,C003212,200,0.23809840068629962,0.5179073620073166,0.5357629431079958,0.6520626520850475,0.91,0.055,0.035,0.0,insufficient_group_size,,,7,193,0,success,,
population_detail.v1,C003213,200,0.29840654010233075,0.9242884263489414,0.9737140666978352,1.1825957479907023,0.03,0.01,0.525,0.435,insufficient_group_size,,,192,8,0,success,,
population_detail.v1,C003214,200,0.18690947378164993,0.6979999124146891,0.7157768143201886,0.9522390237087822,0.585,0.055,0.36,0.0,found,13.0,variable_expense_ratio,72,128,24,success,,
population_detail.v1,C003215,200,0.25178966486805165,0.5894497019867309,0.6024192431563233,0.7685239349722522,1.0,0.0,0.0,0.0,insufficient_group_size,,,0,200,0,success,,
population_detail.v1,C003216,200,1.1090440626724511,11.874496611847965,12.317112009408437,12.553437806510978,0.25,0.685,0.06,0.005,insufficient_group_size,,,13,187,0,success,,
population_detail.v1,C003217,200,0.13430754493081265,0.6664872807045822,0.7045177193186802,0.924328661128864,0.935,0.04,0.025,0.0,insufficient_group_size,,,5,195,0,success,,
population_detail.v1,C003218,200,0.5277960950712722,1.449438097994287,1.4937205983224522,1.8663984742509847,0.54,0.46,0.0,0.0,insufficient_group_size,,,0,200,0,success,,
population_detail.v1,C003219,200,0.2406228899018414,1.1467790200072867,1.1777226506054799,1.522337019715681,0.455,0.545,0.0,0.0,insufficient_group_size,,,0,200,0,success,,
population_detail.v1,C003220,200,0.1975167418267191,0.6075463250480786,0.6346129602604103,0.7600020157380178,0.985,0.01,0.005,0.0,insufficient_group_size,,,1,199,0,success,,
population_detail.v1,C003221,200,0.4882999579186011,0.8891913837955226,0.9163987041674126,1.0622611210286668,0.035,0.01,0.465,0.49,insufficient_group_size,,,191,9,0,success,,
population_detail.v1,C003222,200,0.35726292874149457,1.028838917636923,1.0835363199191632,1.3682512970317358,0.0,0.005,0.43,0.565,insufficient_group_size,,,199,1,0,success,,
population_detail.v1,C003223,200,0.303812731912938,1.1298409815361325,1.1758168816665622,1.491229877671423,0.0,0.0,0.035,0.965,insufficient_group_size,,,200,0,0,success,,
population_detail.v1,C003224,200,0.1557481440978986,0.4550899013678311,0.46573753082849834,0.6239206878497285,1.0,0.0,0.0,0.0,insufficient_group_size,,,0,200,0,success,,
population_detail.v1,C003225,200,0.19099472132927792,0.7406705387338431,0.7755796255487609,0.9801283671259671,0.09,0.06,0.77,0.08,found,13.0,variable_expense_ratio,170,30,24,success,,
population_detail.v1,C003226,200,0.31301690626720735,1.9342695363151887,2.0510013441367367,2.6036765740596772,0.515,0.145,0.34,0.0,found,13.0,variable_expense_ratio,68,132,24,success,,
population_detail.v1,C003227,200,0.2432821667377976,0.7959490794908095,0.8325062111428656,0.9766153198260098,0.835,0.015,0.15,0.0,found,13.0,variable_expense_ratio,30,170,24,success,,
population_detail.v1,C003228,200,0.2657670733196666,0.6836527542234535,0.691529555685759,0.99822471835323,0.0,0.0,0.105,0.895,insufficient_group_size,,,200,0,0,success,,
population_detail.v1,C003229,200,0.21481208528859377,0.669814094122686,0.697509391133379,0.8306591327338645,0.055,0.04,0.755,0.15,insufficient_group_size,,,181,19,0,success,,
population_detail.v1,C003230,200,0.3073830590630562,0.9087452099485696,0.9470027074621015,1.1291991659833251,0.345,0.135,0.485,0.035,found,13.0,variable_expense_ratio,104,96,24,success,,
population_detail.v1,C003231,200,0.22832441253790642,0.5729404484163452,0.6018861103955618,0.7265099263594469,0.99,0.005,0.005,0.0,insufficient_group_size,,,1,199,0,success,,
population_detail.v1,C003232,200,0.21150087610219964,0.7769274882276876,0.8070006014347832,0.9994907156982866,0.305,0.16,0.515,0.02,found,13.0,variable_expense_ratio,107,93,24,success,,
population_detail.v1,C003233,200,0.32250909069163614,0.697128668466208,0.7214989249369772,0.8812987316159919,0.965,0.025,0.01,0.0,insufficient_group_size,,,2,198,0,success,,
population_detail.v1,C003234,200,0.22006546537787702,1.007000356145243,1.0487804918769335,1.3337215392312716,0.5,0.06,0.44,0.0,found,13.0,variable_expense_ratio,88,112,24,success,,
population_detail.v1,C003235,200,0.21780676739070856,1.2331907875635668,1.3098522635199723,1.578457695664403,0.42,0.245,0.31,0.025,found,13.0,variable_expense_ratio,67,133,24,success,,
population_detail.v1,C003236,200,0.23639897078372954,0.536387729557224,0.5515577248793131,0.669084325832798,0.99,0.005,0.005,0.0,insufficient_group_size,,,1,199,0,success,,
population_detail.v1,C003237,200,0.4619547283218404,1.3763536615460767,1.5151240026025152,1.8225965221724714,0.775,0.225,0.0,0.0,insufficient_group_size,,,0,200,0,success,,
population_detail.v1,C003238,200,0.11689990589624637,0.41826007046119473,0.41922988243567905,0.596876540429034,1.0,0.0,0.0,0.0,insufficient_group_size,,,0,200,0,success,,
population_detail.v1,C003239,200,0.1539098349749354,0.5224015278813394,0.5476670722651504,0.7047920167288256,1.0,0.0,0.0,0.0,insufficient_group_size,,,0,200,0,success,,
population_detail.v1,C003240,200,0.1601864493561833,0.5212550866149293,0.5467132017594081,0.6446520678787616,0.355,0.055,0.565,0.025,found,13.0,variable_expense_ratio,118,82,24,success,,
population_detail.v1,C003241,200,0.10852322381476096,0.42925929747896063,0.4370313283046431,0.6268641802847329,1.0,0.0,0.0,0.0,insufficient_group_size,,,0,200,0,success,,
population_detail.v1,C003242,200,0.44439190228033654,1.0304463864038294,1.0796872802625526,1.3715515228882855,0.0,0.0,0.05,0.95,insufficient_group_size,,,200,0,0,success,,
population_detail.v1,C003243,200,0.2942628897196686,0.7457993617085347,0.7706246728285735,0.9311832539333788,0.67,0.125,0.2,0.005,found,13.0,variable_expense_ratio,41,159,24,success,,
population_detail.v1,C003244,200,0.15409333614591525,0.5359056746141581,0.56293594465576,0.7320063175771776,1.0,0.0,0.0,0.0,insufficient_group_size,,,0,200,0,success,,
population_detail.v1,C003245,200,0.15078259571021396,0.4840657560275668,0.5085656288556151,0.6190520060268873,0.995,0.0,0.005,0.0,insufficient_group_size,,,1,199,0,success,,
population_detail.v1,C003246,200,0.11053829516218969,0.456183938417649,0.464454710071937,0.6713525518531382,1.0,0.0,0.0,0.0,insufficient_group_size,,,0,200,0,success,,
population_detail.v1,C003247,200,0.21039287619857563,0.7379986235673521,0.7661661979330261,0.9585984960610994,0.075,0.035,0.79,0.1,found,13.0,variable_expense_ratio,178,22,5,success,,
population_detail.v1,C003248,200,0.24400495184457194,0.639901245072394,0.6588496838765078,0.8171981678449174,0.285,0.135,0.555,0.025,found,13.0,cash_balance_ratio,116,84,24,success,,
population_detail.v1,C003249,200,0.3303687245344961,0.8504163471960355,0.873712183813894,1.1126861337834386,0.03,0.01,0.51,0.45,insufficient_group_size,,,192,8,0,success,,
population_detail.v1,C003250,200,0.2821793816619469,0.7461383443095565,0.7699019490844963,1.0381616756399803,0.0,0.0,0.115,0.885,insufficient_group_size,,,200,0,0,success,,
population_detail.v1,C003251,200,0.341539346952655,0.727774367782381,0.7547176189606055,0.9434525954294655,1.0,0.0,0.0,0.0,insufficient_group_size,,,0,200,0,success,,
population_detail.v1,C003252,200,0.18573737036692567,0.6103732928188897,0.6288832423505404,0.7616406930489436,0.045,0.0,0.715,0.24,insufficient_group_size,,,191,9,0,success,,
population_detail.v1,C003253,200,0.2813259994665113,0.7407465146678256,0.7816326876561375,0.9536828289391515,0.0,0.005,0.53,0.465,insufficient_group_size,,,199,1,0,success,,
population_detail.v1,C003254,200,0.2457464886798348,0.6114288243721818,0.6288121789251286,0.7753116399115424,0.05,0.01,0.785,0.155,insufficient_group_size,,,188,12,0,success,,
population_detail.v1,C003255,200,0.1494802666526603,1.704544128800181,1.7658452188041092,2.4183830172788476,0.56,0.115,0.325,0.0,found,13.0,variable_expense_ratio,65,135,24,success,,
population_detail.v1,C003256,200,0.23612869814959794,0.6817106910951353,0.7189210485445592,0.9307357110720008,0.7,0.055,0.245,0.0,found,13.0,variable_expense_ratio,49,151,24,success,,
population_detail.v1,C003257,200,0.17494402923257849,0.5413425658043284,0.5559432243329818,0.6783471152412025,0.335,0.11,0.525,0.03,found,13.0,cash_balance_ratio,111,89,24,success,,
population_detail.v1,C003258,200,0.40748383047674136,1.0159674686349072,1.0862113243915883,1.3165731013725694,0.54,0.07,0.39,0.0,found,13.0,variable_expense_ratio,78,122,24,success,,
population_detail.v1,C003259,200,0.1653123555790241,0.5917274136444624,0.6041899773179313,0.7418484678821742,0.085,0.02,0.7,0.195,found,13.0,variable_expense_ratio,179,21,24,success,,
population_detail.v1,C003260,200,0.12336819327836321,0.5204129492645191,0.5241983397704735,0.7256505018148165,0.99,0.0,0.01,0.0,insufficient_group_size,,,2,198,0,success,,
population_detail.v1,C003261,200,1.174535834757472,3.8737317622080396,3.9989789725297245,4.039697391131419,0.265,0.03,0.655,0.05,found,13.0,variable_expense_ratio,141,59,24,success,,
population_detail.v1,C003262,200,0.232447587446571,0.4723714973015666,0.48065481131224225,0.6171725483191216,1.0,0.0,0.0,0.0,insufficient_group_size,,,0,200,0,success,,
population_detail.v1,C003263,200,0.1545388175337051,0.4790735488144876,0.4781280840618203,0.71215478288511,1.0,0.0,0.0,0.0,insufficient_group_size,,,0,200,0,success,,
population_detail.v1,C003264,200,0.30922042400676986,0.7514876817877361,0.7909224959625418,0.9308758643541144,0.275,0.135,0.56,0.03,found,13.0,variable_expense_ratio,118,82,5,success,,
population_detail.v1,C003265,200,0.26438097477147576,0.8023564840310299,0.8343770542893131,1.0099194419319526,0.195,0.115,0.655,0.035,found,13.0,cash_balance_ratio,138,62,24,success,,
population_detail.v1,C003266,200,0.2016557223759383,0.6251932779382895,0.6543929166344911,0.7563789619954465,1.0,0.0,0.0,0.0,insufficient_group_size,,,0,200,0,success,,
population_detail.v1,C003267,200,0.2657186825787577,0.9405170647430324,1.001038068643123,1.2147083795765714,0.0,0.0,0.32,0.68,insufficient_group_size,,,200,0,0,success,,
population_detail.v1,C003268,200,0.18100929945587246,1.084020189300375,1.1393930846892064,1.4961019898081338,0.49,0.09,0.42,0.0,found,13.0,variable_expense_ratio,84,116,24,success,,
population_detail.v1,C003269,200,0.27951374305681487,0.6159572956430139,0.6480052817868589,0.7655398164374473,0.495,0.02,0.475,0.01,found,13.0,variable_expense_ratio,97,103,24,success,,
population_detail.v1,C003270,200,0.1804977668560078,0.5568070870151604,0.5767928355137949,0.6967914080296417,0.98,0.015,0.005,0.0,insufficient_group_size,,,1,199,0,success,,
population_detail.v1,C003271,200,0.4057588742988607,0.9797033986200886,1.058161405446743,1.233082553529894,0.0,0.0,0.305,0.695,insufficient_group_size,,,200,0,0,success,,
population_detail.v1,C003272,200,0.16616826027709325,0.5107341581189655,0.5262370886795904,0.6939837826703081,1.0,0.0,0.0,0.0,insufficient_group_size,,,0,200,0,success,,
population_detail.v1,C003273,200,0.34827004383162946,0.949347763693051,0.9999792175075537,1.3214649783974628,0.315,0.685,0.0,0.0,insufficient_group_size,,,0,200,0,success,,
population_detail.v1,C003274,200,0.29632241544065463,1.1655855248529872,1.2397142813817514,1.6065879271366115,0.375,0.625,0.0,0.0,insufficient_group_size,,,0,200,0,success,,
population_detail.v1,C003275,200,0.1540607801086631,0.4798681236925869,0.5137170630717441,0.6421566630631308,1.0,0.0,0.0,0.0,insufficient_group_size,,,0,200,0,success,,
population_detail.v1,C003276,200,0.2537378877343524,1.0157617757897959,1.0851131267119682,1.3378946756795844,0.42,0.58,0.0,0.0,insufficient_group_size,,,0,200,0,success,,
population_detail.v1,C003277,200,0.35476529852154126,1.0763379213686715,1.1409599589563846,1.353929802829822,0.005,0.0,0.335,0.66,insufficient_group_size,,,199,1,0,success,,
population_detail.v1,C003278,200,0.22373113508054338,0.5972445432605673,0.6182304474921393,0.7756974408377955,1.0,0.0,0.0,0.0,insufficient_group_size,,,0,200,0,success,,
population_detail.v1,C003279,200,0.2058547631499824,0.5978270449739197,0.6270768417004594,0.7571847732648432,0.675,0.065,0.24,0.02,found,13.0,variable_expense_ratio,52,148,24,success,,
population_detail.v1,C003280,200,0.2691334021881092,0.6577596021425615,0.6909848627244671,0.8069991652218769,0.15,0.06,0.67,0.12,found,13.0,variable_expense_ratio,158,42,24,success,,
population_detail.v1,C003281,200,0.15769111120881443,0.5698149289991192,0.5967014079776408,0.7044765238111761,0.25,0.045,0.645,0.06,found,13.0,variable_expense_ratio,141,59,24,success,,
population_detail.v1,C003282,200,0.1985625191292367,1.2545643653932341,1.344370589131798,1.6056017752393308,0.095,0.025,0.82,0.06,found,13.0,savings_rate,176,24,2,success,,
population_detail.v1,C003283,200,0.2066280236801624,0.744097614760196,0.7867157559055076,0.9389490026493229,0.93,0.055,0.015,0.0,insufficient_group_size,,,3,197,0,success,,
population_detail.v1,C003284,200,0.8377593825834068,1.900249756758153,1.9732944970816562,2.0908927266350608,0.545,0.075,0.355,0.025,found,13.0,cash_balance_ratio,76,124,24,success,,
population_detail.v1,C003285,200,0.18444873690915053,0.5607874861225188,0.5946996685574748,0.6894892890199839,1.0,0.0,0.0,0.0,insufficient_group_size,,,0,200,0,success,,
population_detail.v1,C003286,200,0.2491156196358424,0.9241352185966355,0.9684988639260319,1.3062087501009716,0.0,0.0,0.085,0.915,insufficient_group_size,,,200,0,0,success,,
population_detail.v1,C003287,200,0.2683410209773148,0.9914677918150849,1.0144099797451616,1.5028513682770894,0.315,0.685,0.0,0.0,insufficient_group_size,,,0,200,0,success,,
population_detail.v1,C003288,200,0.47077566552859595,1.1008400590186098,1.149236311888945,1.4239893474779843,0.47,0.225,0.295,0.01,found,13.0,variable_expense_ratio,61,139,24,success,,
population_detail.v1,C003289,200,0.24748867854153617,0.6508474147720777,0.6675422800781547,0.8080084460254885,0.3,0.085,0.59,0.025,found,13.0,variable_expense_ratio,123,77,24,success,,
population_detail.v1,C003290,200,0.3271254226487678,1.072913335763492,1.1010845990714928,1.444394759761974,0.0,0.0,0.03,0.97,insufficient_group_size,,,200,0,0,success,,
population_detail.v1,C003291,200,0.30699543970158316,0.9642254096855529,1.012213853960945,1.2196010844130731,0.62,0.13,0.25,0.0,found,13.0,variable_expense_ratio,50,150,24,success,,
population_detail.v1,C003292,200,1.2757592766786692,5.05462923355462,5.5270728614615,5.596542383644143,0.48,0.04,0.315,0.165,found,13.0,cash_balance_ratio,96,104,24,success,,
population_detail.v1,C003293,200,0.17995418432527951,0.5102626558723401,0.5436439628483922,0.6527732254377746,0.995,0.0,0.005,0.0,insufficient_group_size,,,1,199,0,success,,
population_detail.v1,C003294,200,2.3194305202175727,9.719156973884072,10.69831820545987,10.836368394405058,0.485,0.31,0.105,0.1,found,13.0,cash_balance_ratio,41,159,24,success,,
population_detail.v1,C003295,200,0.17426630497457185,0.5371057961365718,0.5549780557342887,0.6573008279367635,0.995,0.005,0.0,0.0,insufficient_group_size,,,0,200,0,success,,
population_detail.v1,C003296,200,0.2693770010685237,0.6294293133939209,0.6494282552305646,0.778153777896456,0.11,0.065,0.725,0.1,found,13.0,variable_expense_ratio,165,35,24,success,,
population_detail.v1,C003297,200,0.1460410094660699,0.4820629272729184,0.503656944480128,0.6563776225010233,1.0,0.0,0.0,0.0,insufficient_group_size,,,0,200,0,success,,
population_detail.v1,C003298,200,0.2588879134710038,0.5608530913863707,0.5793821194540706,0.7072949821454904,0.17,0.025,0.67,0.135,found,13.0,cash_balance_ratio,161,39,24,success,,
population_detail.v1,C003299,200,0.21052858145709627,0.46211694586959257,0.47862574318733553,0.6054026527194029,0.985,0.005,0.01,0.0,insufficient_group_size,,,2,198,0,success,,
population_detail.v1,C003300,200,0.262167488206258,0.791724992653213,0.8218200533710749,1.0375111625314066,0.025,0.005,0.765,0.205,insufficient_group_size,,,194,6,0,success,,
population_detail.v1,C003301,200,0.17412353130135422,0.49819179810339537,0.5070217500637386,0.6336604712514147,0.995,0.005,0.0,0.0,insufficient_group_size,,,0,200,0,success,,
population_detail.v1,C003302,200,0.3173096752878504,0.9503686476328371,0.9871031184146613,1.313983147140357,0.0,0.0,0.1,0.9,insufficient_group_size,,,200,0,0,success,,
population_detail.v1,C003303,200,0.17252835002675404,0.6714055616653599,0.6897069806359528,0.8917192849068402,0.96,0.01,0.03,0.0,insufficient_group_size,,,6,194,0,success,,
population_detail.v1,C003304,200,0.21512766778768033,0.615418836952368,0.6530767472955251,0.7802973651295743,0.305,0.075,0.525,0.095,found,13.0,cash_balance_ratio,124,76,24,success,,
population_detail.v1,C003305,200,0.3201145981966924,1.5085447923908688,1.5616775494245985,1.9599616687428,0.69,0.31,0.0,0.0,insufficient_group_size,,,0,200,0,success,,
population_detail.v1,C003306,200,0.13510388247620866,0.4668791087741788,0.4826499227820896,0.6457666310193642,1.0,0.0,0.0,0.0,insufficient_group_size,,,0,200,0,success,,
population_detail.v1,C003307,200,0.25271241405025996,0.7593331149394982,0.7841190477912345,1.0760479252629318,0.0,0.0,0.12,0.88,insufficient_group_size,,,200,0,0,success,,
population_detail.v1,C003308,200,0.18178178909728282,0.8012549214514878,0.8203110271899628,1.0939102064655934,0.435,0.05,0.515,0.0,found,13.0,variable_expense_ratio,103,97,24,success,,
population_detail.v1,C003309,200,0.261604905927254,0.7241902854656328,0.7528552797719716,1.0153011112571495,0.0,0.0,0.065,0.935,insufficient_group_size,,,200,0,0,success,,
population_detail.v1,C003310,200,0.15848912891732478,0.6368280064174953,0.6586922528872139,0.8943908071522483,0.99,0.01,0.0,0.0,insufficient_group_size,,,0,200,0,success,,
population_detail.v1,C003311,200,0.26979578836787277,0.8464013435810398,0.8799016940509878,1.1524578082918555,0.045,0.01,0.5,0.445,insufficient_group_size,,,189,11,0,success,,
population_detail.v1,C003312,200,0.17059401400276702,0.6702286840953829,0.6995033361904412,0.8500387642990954,0.46,0.195,0.34,0.005,found,13.0,variable_expense_ratio,69,131,5,success,,
population_detail.v1,C003313,200,0.7218160025930627,6.664032895845703,7.506480952371964,7.5804630134517375,0.535,0.065,0.25,0.15,found,13.0,cash_balance_ratio,80,120,24,success,,
population_detail.v1,C003314,200,0.198144952693316,0.8182853706775043,0.8835570787027007,1.1143254231895012,0.985,0.01,0.005,0.0,insufficient_group_size,,,1,199,0,success,,
population_detail.v1,C003315,200,0.2243550975520205,0.9098656013288484,0.9331997329876801,1.1513396324796088,0.0,0.0,0.225,0.775,insufficient_group_size,,,200,0,0,success,,
population_detail.v1,C003316,200,0.3364126854857,1.4095662582702926,1.488622288934855,1.7588320937666333,0.945,0.055,0.0,0.0,insufficient_group_size,,,0,200,0,success,,
population_detail.v1,C003317,200,0.1593895883098707,0.6463322634284911,0.691439498503822,0.9316828726568414,1.0,0.0,0.0,0.0,insufficient_group_size,,,0,200,0,success,,
population_detail.v1,C003318,200,0.21453480886316906,0.92506985171577,0.9946696527426695,1.2775298220106568,0.985,0.01,0.005,0.0,insufficient_group_size,,,1,199,0,success,,
population_detail.v1,C003319,200,0.6374952284287323,1.1726854373686946,1.2188420543551035,1.4122242032410472,0.265,0.175,0.46,0.1,found,13.0,variable_expense_ratio,112,88,24,success,,
population_detail.v1,C003320,200,0.16074516341659179,0.728346330625407,0.741248495437354,1.0345366033371095,0.0,0.0,0.105,0.895,insufficient_group_size,,,200,0,0,success,,
population_detail.v1,C003321,200,0.2254898926790786,0.5648894732240433,0.5801145279346573,0.7679321229741243,0.995,0.005,0.0,0.0,insufficient_group_size,,,0,200,0,success,,
population_detail.v1,C003322,200,0.33890823336493636,0.9073916099155575,0.9418212321838342,1.169065106632827,0.085,0.01,0.565,0.34,insufficient_group_size,,,181,19,0,success,,
population_detail.v1,C003323,200,0.3686149355983622,0.8676370581978178,0.893763219002176,1.0496318455553515,0.0,0.0,0.215,0.785,insufficient_group_size,,,200,0,0,success,,
population_detail.v1,C003324,200,0.35593330509801907,0.5922023506457902,0.6077219459900558,0.7111010609847833,0.765,0.03,0.205,0.0,found,13.0,variable_expense_ratio,41,159,24,success,,
population_detail.v1,C003325,200,0.17528778566151132,0.5498226066593804,0.5726306997876733,0.7330308732977288,0.99,0.01,0.0,0.0,insufficient_group_size,,,0,200,0,success,,
population_detail.v1,C003326,200,0.16027483990143906,0.5385094049651596,0.5582792473842876,0.7101443268246869,0.975,0.015,0.01,0.0,insufficient_group_size,,,2,198,0,success,,
population_detail.v1,C003327,200,0.19162208342718148,0.520062893153309,0.5396141196701207,0.6817770106457847,0.93,0.02,0.05,0.0,insufficient_group_size,,,10,190,0,success,,
population_detail.v1,C003328,200,0.18473654874237214,0.6436380270068028,0.6696741696751747,0.8018090611687353,0.915,0.03,0.055,0.0,insufficient_group_size,,,11,189,0,success,,
population_detail.v1,C003329,200,0.31684165488170113,0.7363238872595516,0.7768830795551012,0.9041127534367919,0.14,0.035,0.695,0.13,found,13.0,variable_expense_ratio,165,35,24,success,,
population_detail.v1,C003330,200,0.31592722665319795,0.8703502409979265,0.9031981785008083,1.1669357202923607,0.575,0.07,0.355,0.0,found,13.0,variable_expense_ratio,71,129,24,success,,
population_detail.v1,C003331,200,0.2662003951454897,0.5901417037822865,0.6285912766165215,0.7170606916616578,1.0,0.0,0.0,0.0,insufficient_group_size,,,0,200,0,success,,
population_detail.v1,C003332,200,0.2836699618821048,0.7612936109122388,0.7716015295891556,1.0371622772930602,0.0,0.0,0.125,0.875,insufficient_group_size,,,200,0,0,success,,
population_detail.v1,C003333,200,0.32830536307860886,0.5831974325175541,0.6007098229012788,0.7149394790330096,0.45,0.125,0.4,0.025,found,13.0,variable_expense_ratio,85,115,24,success,,
population_detail.v1,C003334,200,0.23384439726555126,0.6276387400042163,0.6472890191818732,0.7745090000400734,0.13,0.03,0.775,0.065,found,13.0,variable_expense_ratio,168,32,24,success,,
population_detail.v1,C003335,200,0.38377894569942067,1.1516378934199663,1.2275212782918286,1.5604113536308408,0.0,0.0,0.035,0.965,insufficient_group_size,,,200,0,0,success,,
population_detail.v1,C003336,200,0.3373922277421862,0.9494748269973008,0.9890242388073711,1.1657952259712268,0.81,0.065,0.125,0.0,found,13.0,variable_expense_ratio,25,175,24,success,,
population_detail.v1,C003337,200,0.4598439893765447,0.9239253087127396,0.9593099972197889,1.1752745303432506,0.02,0.015,0.46,0.505,insufficient_group_size,,,193,7,0,success,,
population_detail.v1,C003338,200,0.25546510333185596,0.6430516542449031,0.6709449775628102,0.8014982352270048,0.955,0.015,0.03,0.0,insufficient_group_size,,,6,194,0,success,,
population_detail.v1,C003339,200,0.3394875061177426,1.5790110748698447,1.5999393249034741,2.1435409374905277,0.5,0.155,0.34,0.005,found,13.0,variable_expense_ratio,69,131,24,success,,
population_detail.v1,C003340,200,0.27939094709517,0.8751488066398809,0.9312365669181186,1.169272357896831,0.475,0.07,0.455,0.0,found,13.0,variable_expense_ratio,91,109,24,success,,
population_detail.v1,C003341,200,0.27189838743916633,0.9483723846987854,0.9804796376905232,1.2916080826737255,0.36,0.64,0.0,0.0,insufficient_group_size,,,0,200,0,success,,
population_detail.v1,C003342,200,0.18963479167180738,0.5385965864015216,0.5588847197098799,0.7126774597424244,1.0,0.0,0.0,0.0,insufficient_group_size,,,0,200,0,success,,
population_detail.v1,C003343,200,0.33759256092812945,0.9278678529981522,0.9597902266293391,1.3135096531750832,0.0,0.005,0.35,0.645,insufficient_group_size,,,199,1,0,success,,
population_detail.v1,C003344,200,0.33315817802881353,0.7374679109519344,0.7705324808013241,0.9685073966252887,0.37,0.165,0.405,0.06,found,13.0,variable_expense_ratio,93,107,24,success,,
population_detail.v1,C003345,200,0.2348033214852681,0.541818579296546,0.5528275830217558,0.7294771832392165,1.0,0.0,0.0,0.0,insufficient_group_size,,,0,200,0,success,,
population_detail.v1,C003346,200,0.17177535460144175,0.6360525494515702,0.6733800702679478,0.8145031841035569,0.345,0.13,0.5,0.025,found,13.0,variable_expense_ratio,105,95,24,success,,
population_detail.v1,C003347,200,0.16943315295326353,0.49527864374110675,0.4984910348075141,0.6653310174743589,0.96,0.015,0.025,0.0,insufficient_group_size,,,5,195,0,success,,
population_detail.v1,C003348,200,0.408084364144471,0.9049039395947023,0.925423386195291,1.1719289456873576,0.005,0.01,0.565,0.42,insufficient_group_size,,,197,3,0,success,,
population_detail.v1,C003349,200,0.2691267245116185,0.9525226341091471,0.9789786692348108,1.317189613376192,0.0,0.0,0.105,0.895,insufficient_group_size,,,200,0,0,success,,
population_detail.v1,C003350,200,0.33449609024105925,1.5509329647378893,1.5969742419559603,2.0316291269606532,0.875,0.045,0.065,0.015,insufficient_group_size,,,16,184,0,success,,
population_detail.v1,C003351,200,0.18483299982850807,0.530968234026917,0.5300004927175068,0.7663018617547948,1.0,0.0,0.0,0.0,insufficient_group_size,,,0,200,0,success,,
population_detail.v1,C003352,200,0.1917502051213712,0.5930977049072799,0.6168396513761985,0.8260340939659748,0.995,0.0,0.005,0.0,insufficient_group_size,,,1,199,0,success,,
population_detail.v1,C003353,200,0.2606835198858587,0.6590032453415564,0.6802451647281897,0.7984282270777814,0.06,0.02,0.66,0.26,insufficient_group_size,,,184,16,0,success,,
population_detail.v1,C003354,200,0.15774299169241315,0.5851787842420909,0.6155098393993632,0.7643639175535749,1.0,0.0,0.0,0.0,insufficient_group_size,,,0,200,0,success,,
population_detail.v1,C003355,200,0.22928142720722683,0.8494609168170573,0.905412208270973,1.0386890914006073,0.02,0.0,0.57,0.41,insufficient_group_size,,,196,4,0,success,,
population_detail.v1,C003356,200,0.8929217691759787,4.4790824635325945,4.663025419333989,4.739527284232569,0.1,0.01,0.39,0.5,found,13.0,savings_rate,178,22,24,success,,
population_detail.v1,C003357,200,0.3641663320030594,0.6997577088194259,0.7223823747931167,0.8761704096798083,0.26,0.135,0.575,0.03,found,13.0,cash_balance_ratio,121,79,24,success,,
population_detail.v1,C003358,200,0.24660063129718085,0.690651998639404,0.7074470887695196,0.8906498957660293,0.11,0.02,0.61,0.26,found,13.0,variable_expense_ratio,174,26,24,success,,
population_detail.v1,C003359,200,0.2115637036515678,0.8808152127158122,0.9270077887734949,1.0845284158127468,0.225,0.13,0.6,0.045,found,13.0,variable_expense_ratio,129,71,24,success,,
population_detail.v1,C003360,200,0.20775062691435614,0.5395376365672468,0.5487023020147436,0.7132546695056133,1.0,0.0,0.0,0.0,insufficient_group_size,,,0,200,0,success,,
population_detail.v1,C003361,200,0.3179368677735792,0.7710496954590548,0.7854429485952445,1.0677241183739197,0.0,0.0,0.075,0.925,insufficient_group_size,,,200,0,0,success,,
population_detail.v1,C003362,200,0.2047436224118186,0.45915547255011907,0.46849781129587675,0.6005101993995056,0.995,0.005,0.0,0.0,insufficient_group_size,,,0,200,0,success,,
population_detail.v1,C003363,200,0.2873575966790892,0.6381605532826241,0.6721537089577059,0.8247416026209613,0.05,0.015,0.68,0.255,insufficient_group_size,,,187,13,0,success,,
population_detail.v1,C003364,200,0.3573563451979187,0.8302618923488074,0.8565560967029866,1.1082347982527183,0.0,0.0,0.05,0.95,insufficient_group_size,,,200,0,0,success,,
population_detail.v1,C003365,200,0.18365677447100728,0.530853193303939,0.5608190607136871,0.6517398892592878,1.0,0.0,0.0,0.0,insufficient_group_size,,,0,200,0,success,,
population_detail.v1,C003366,200,0.38931267606863074,0.8758026835617465,0.9153508090106809,1.1086605327632522,0.0,0.0,0.19,0.81,insufficient_group_size,,,200,0,0,success,,
population_detail.v1,C003367,200,0.2871386277230903,1.566619209850595,1.6363322460596674,2.059065134415332,0.47,0.115,0.415,0.0,found,13.0,variable_expense_ratio,83,117,24,success,,
population_detail.v1,C003368,200,0.3006232959619989,0.6622181228055617,0.6778576664484393,0.7915315125814992,0.705,0.135,0.16,0.0,found,13.0,variable_expense_ratio,32,168,24,success,,
population_detail.v1,C003369,200,0.14683594141200462,0.720563542593217,0.7531370751145621,0.9211774572015966,0.15,0.09,0.72,0.04,found,13.0,cash_balance_ratio,152,48,24,success,,
population_detail.v1,C003370,200,0.20222171034729505,0.644465811442553,0.680490671363807,0.8308794681132161,0.155,0.06,0.63,0.155,found,13.0,cash_balance_ratio,157,43,24,success,,
population_detail.v1,C003371,200,0.439495114902049,1.0322019056605245,1.0744148832081075,1.2929038969422193,0.82,0.055,0.125,0.0,found,13.0,variable_expense_ratio,25,175,24,success,,
population_detail.v1,C003372,200,0.341870988315801,1.4307629477374884,1.508436346941435,1.8922608074380243,0.715,0.285,0.0,0.0,insufficient_group_size,,,0,200,0,success,,
population_detail.v1,C003373,200,0.1053817774364949,0.5554626191740245,0.5759301877814623,0.7532277228473381,1.0,0.0,0.0,0.0,insufficient_group_size,,,0,200,0,success,,
population_detail.v1,C003374,200,0.2989811027436974,1.0967267911557832,1.1552012791634259,1.567647147011067,0.41,0.59,0.0,0.0,insufficient_group_size,,,0,200,0,success,,
population_detail.v1,C003375,200,0.30571519348252635,0.5824331432742345,0.600903278580792,0.711024578930362,0.07,0.045,0.725,0.16,found,13.0,variable_expense_ratio,177,23,24,success,,
population_detail.v1,C003376,200,0.22238096499299456,0.8976681022274707,0.9493954863216663,1.1755083639850414,0.495,0.205,0.29,0.01,found,13.0,variable_expense_ratio,60,140,24,success,,
population_detail.v1,C003377,200,0.2612888432759727,0.8998206398935962,0.9375474405505,1.2226731832223978,0.0,0.0,0.065,0.935,insufficient_group_size,,,200,0,0,success,,
population_detail.v1,C003378,200,0.35669060514778544,1.3993619354629419,1.4381574757464046,1.509976456527599,0.365,0.15,0.445,0.04,found,13.0,variable_expense_ratio,97,103,24,success,,
population_detail.v1,C003379,200,0.1751602527096528,0.6544221418421838,0.6734205505224804,0.8099167921374841,0.79,0.085,0.125,0.0,found,13.0,variable_expense_ratio,25,175,24,success,,
population_detail.v1,C003380,200,0.16027483990143906,0.5634687111475126,0.5846511722595495,0.7388079286835295,0.98,0.015,0.005,0.0,insufficient_group_size,,,1,199,0,success,,
population_detail.v1,C003381,200,0.2843009871772215,0.8548275021549998,0.8873646744667784,1.1282680776363911,0.0,0.0,0.15,0.85,insufficient_group_size,,,200,0,0,success,,
population_detail.v1,C003382,200,0.4031722015632776,0.9696090431224471,0.9899491253688533,1.259685207825722,0.015,0.005,0.385,0.595,insufficient_group_size,,,196,4,0,success,,
population_detail.v1,C003383,200,1.2208512708259576,7.3914483178097905,8.284548655120815,8.384786734955537,0.63,0.045,0.22,0.105,found,13.0,cash_balance_ratio,65,135,24,success,,
population_detail.v1,C003384,200,0.2787614533746193,1.3658683152378794,1.414509628108617,2.0638601064117412,0.85,0.15,0.0,0.0,insufficient_group_size,,,0,200,0,success,,
population_detail.v1,C003385,200,0.19093396596373266,0.5503759297955381,0.5855054995498641,0.7078584915262198,0.11,0.05,0.755,0.085,found,13.0,variable_expense_ratio,168,32,5,success,,
population_detail.v1,C003386,200,0.17422493172546036,0.504054607056483,0.5151920828280167,0.6818973162338405,0.975,0.015,0.01,0.0,insufficient_group_size,,,2,198,0,success,,
population_detail.v1,C003387,200,0.139554953354014,0.6442773866695404,0.6736853951884954,0.8315970749736176,1.0,0.0,0.0,0.0,insufficient_group_size,,,0,200,0,success,,
population_detail.v1,C003388,200,0.21191340417450386,0.8875970774425612,0.9332571384213306,1.2257912881557143,0.35,0.65,0.0,0.0,insufficient_group_size,,,0,200,0,success,,
population_detail.v1,C003389,200,0.25595421850194255,1.119653933986215,1.160887331139459,1.4739194001122018,0.01,0.005,0.31,0.675,insufficient_group_size,,,197,3,0,success,,
population_detail.v1,C003390,200,0.2099525324964195,0.7626555427763543,0.7863999189894311,0.9461033293932886,0.225,0.12,0.545,0.11,found,13.0,variable_expense_ratio,131,69,24,success,,
population_detail.v1,C003391,200,0.18374031947592523,0.6073005735752597,0.6352702817770577,0.7639045628548583,0.045,0.015,0.68,0.26,insufficient_group_size,,,188,12,0,success,,
population_detail.v1,C003392,200,0.2391412571055338,0.8588250773536871,0.8807490959057058,1.1565955321628656,0.005,0.01,0.36,0.625,insufficient_group_size,,,197,3,0,success,,
population_detail.v1,C003393,200,0.3012569190284284,0.7494030577755746,0.7820436758969168,0.9064486515495943,0.405,0.21,0.355,0.03,found,13.0,cash_balance_ratio,77,123,24,success,,
population_detail.v1,C003394,200,0.30729144553897025,0.8848174472086641,0.9393414492176622,1.113421312822482,0.135,0.085,0.705,0.075,found,13.0,variable_expense_ratio,156,44,24,success,,
population_detail.v1,C003395,200,0.26955711956898015,0.588215971059173,0.6034077128268431,0.7250734529038873,0.1,0.025,0.745,0.13,found,13.0,variable_expense_ratio,175,25,24,success,,
population_detail.v1,C003396,200,0.3207754332627051,0.8073461484685736,0.8363835415457943,1.012285215035257,0.0,0.0,0.225,0.775,insufficient_group_size,,,200,0,0,success,,
population_detail.v1,C003397,200,0.3549565541292081,0.9582456811059931,1.0192821917441626,1.1805144167933523,0.4,0.21,0.355,0.035,found,13.0,variable_expense_ratio,78,122,24,success,,
population_detail.v1,C003398,200,0.16698762466886663,0.5887180811947638,0.6134677141999516,0.7879820444848978,0.995,0.005,0.0,0.0,insufficient_group_size,,,0,200,0,success,,
population_detail.v1,C003399,200,0.19110968994967623,0.5772061237184599,0.6061226131753832,0.7388983532955967,0.085,0.01,0.76,0.145,insufficient_group_size,,,181,19,0,success,,
population_detail.v1,C003400,200,0.22425820248791958,1.3113234922689991,1.3971819603603817,1.6575509637749015,0.66,0.1,0.24,0.0,found,13.0,variable_expense_ratio,48,152,24,success,,
population_detail.v1,C003401,200,0.1372964067661486,0.5340639922673243,0.549793800681025,0.681044307246579,1.0,0.0,0.0,0.0,insufficient_group_size,,,0,200,0,success,,
population_detail.v1,C003402,200,0.2018069466170374,0.49071427118522065,0.5022334691390196,0.6247934494218417,0.965,0.02,0.015,0.0,insufficient_group_size,,,3,197,0,success,,
population_detail.v1,C003403,200,0.3280310014782421,1.0652642529435672,1.1031569616218375,1.461058316876615,0.33,0.67,0.0,0.0,insufficient_group_size,,,0,200,0,success,,
population_detail.v1,C003404,200,0.26571534946928843,1.0233128552801802,1.0623062207446252,1.5268358365663333,0.31,0.69,0.0,0.0,insufficient_group_size,,,0,200,0,success,,
population_detail.v1,C003405,200,0.1659311889801823,0.7545878285978518,0.790011565924243,1.0072677331754298,0.01,0.01,0.74,0.24,insufficient_group_size,,,196,4,0,success,,
population_detail.v1,C003406,200,0.27446445134840936,1.05649395714956,1.0655760931878049,1.5911555299030604,0.315,0.685,0.0,0.0,insufficient_group_size,,,0,200,0,success,,
population_detail.v1,C003407,200,0.166473473161963,0.7241261491440144,0.7488530427688213,1.037133978063829,0.0,0.0,0.065,0.935,insufficient_group_size,,,200,0,0,success,,
population_detail.v1,C003408,200,0.19926405346950904,0.48515460149168294,0.5054399062955947,0.6083636132730611,0.74,0.095,0.165,0.0,found,13.0,variable_expense_ratio,33,167,24,success,,
population_detail.v1,C003409,200,0.15511773159854592,0.47563559760560237,0.48852917581968736,0.6222259647300388,1.0,0.0,0.0,0.0,insufficient_group_size,,,0,200,0,success,,
population_detail.v1,C003410,200,0.11432450269824294,0.4310860784390549,0.4343683227039039,0.6286732928326643,1.0,0.0,0.0,0.0,insufficient_group_size,,,0,200,0,success,,
population_detail.v1,C003411,200,0.17832057353808703,0.5974413820106799,0.6186074427742877,0.7950932719179338,0.965,0.015,0.02,0.0,insufficient_group_size,,,4,196,0,success,,
population_detail.v1,C003412,200,0.46741131594641605,1.389940036975439,1.462670354479947,1.738117571016951,0.8,0.01,0.19,0.0,found,13.0,cash_balance_ratio,38,162,24,success,,
population_detail.v1,C003413,200,0.18400632888361662,0.4869155757313055,0.4983889995133627,0.6711000585821526,1.0,0.0,0.0,0.0,insufficient_group_size,,,0,200,0,success,,
population_detail.v1,C003414,200,0.4702350298558378,2.559102473538368,2.772016956751144,3.471330556824359,0.61,0.115,0.275,0.0,found,13.0,variable_expense_ratio,55,145,24,success,,
population_detail.v1,C003415,200,0.13222472229663218,0.5609526138165785,0.5754406836817142,0.7830717502291307,0.96,0.025,0.015,0.0,insufficient_group_size,,,3,197,0,success,,
population_detail.v1,C003416,200,0.3474161712668229,0.861173808802248,0.8833616005717996,1.1832126481638858,0.0,0.0,0.105,0.895,insufficient_group_size,,,200,0,0,success,,
population_detail.v1,C003417,200,0.1891978273846732,1.261621371570478,1.3004544393534667,1.7515216631315542,0.44,0.56,0.0,0.0,insufficient_group_size,,,0,200,0,success,,
population_detail.v1,C003418,200,0.21512766778768033,0.5997565321972611,0.6276720047134391,0.7655237641538158,0.3,0.08,0.53,0.09,found,13.0,variable_expense_ratio,124,76,24,success,,
population_detail.v1,C003419,200,0.2536724168102734,1.4053794704270484,1.5268762785090502,2.0486963306715182,0.97,0.025,0.005,0.0,insufficient_group_size,,,1,199,0,success,,
population_detail.v1,C003420,200,0.31256243068869116,0.7680144988647727,0.7956643411290468,0.9402842805420875,0.595,0.16,0.23,0.015,found,13.0,cash_balance_ratio,49,151,24,success,,
population_detail.v1,C003421,200,0.2827332429520247,1.1741364541609616,1.2333804911939255,1.6105166238785737,0.405,0.595,0.0,0.0,insufficient_group_size,,,0,200,0,success,,
population_detail.v1,C003422,200,0.18506969483666333,0.4971111153799639,0.5129945680859425,0.6946449537918883,1.0,0.0,0.0,0.0,insufficient_group_size,,,0,200,0,success,,
population_detail.v1,C003423,200,0.5070480080130738,1.439837924867947,1.5646483327415721,1.8924492572658707,0.59,0.41,0.0,0.0,insufficient_group_size,,,0,200,0,success,,
population_detail.v1,C003424,200,0.12112826987570625,0.5579661626987812,0.5719174077796251,0.7406043647878117,1.0,0.0,0.0,0.0,insufficient_group_size,,,0,200,0,success,,
population_detail.v1,C003425,200,0.6979376935881542,6.411158030845908,7.389131364573517,7.633517782096103,0.505,0.34,0.135,0.02,found,13.0,cash_balance_ratio,31,169,24,success,,
population_detail.v1,C003426,200,0.24944057630165223,0.7351918444576802,0.7621765087502641,0.9475596278735215,0.195,0.02,0.72,0.065,found,13.0,variable_expense_ratio,157,43,24,success,,
population_detail.v1,C003427,200,1.3830879367694051,2.794588354054674,2.8503810365130144,3.1729060504524553,0.0,0.0,0.025,0.975,insufficient_group_size,,,200,0,0,success,,
population_detail.v1,C003428,200,0.17560257828191392,0.9751569257977799,1.0187231284454756,1.4374730321058347,0.285,0.715,0.0,0.0,insufficient_group_size,,,0,200,0,success,,
population_detail.v1,C003429,200,0.71281629713168,5.0060100907693625,5.446797197939963,5.522003601947353,0.295,0.025,0.27,0.41,found,13.0,savings_rate,136,64,24,success,,
population_detail.v1,C003430,200,0.32739096048051014,0.9444031530688511,0.9743832459944609,1.1364961554762154,0.02,0.015,0.475,0.49,insufficient_group_size,,,193,7,0,success,,
population_detail.v1,C003431,200,0.1541943279726787,0.4939031433643076,0.490431990007888,0.7240647055593926,1.0,0.0,0.0,0.0,insufficient_group_size,,,0,200,0,success,,
population_detail.v1,C003432,200,0.29192120284098527,0.891392804276377,0.9355605965282128,1.073314801438439,0.37,0.195,0.41,0.025,found,13.0,cash_balance_ratio,87,113,24,success,,
population_detail.v1,C003433,200,0.20383692451561441,0.6385535028863449,0.6692256379649085,0.8027928308398835,0.785,0.095,0.12,0.0,found,13.0,variable_expense_ratio,24,176,24,success,,
population_detail.v1,C003434,200,0.2607678178548343,0.5653532530535229,0.5891263740622623,0.7081538520591101,0.91,0.075,0.015,0.0,insufficient_group_size,,,3,197,0,success,,
population_detail.v1,C003435,200,1.7282188333624935,12.408442496239326,14.632984453409648,14.983066708657413,0.625,0.21,0.11,0.055,found,13.0,cash_balance_ratio,33,167,24,success,,
population_detail.v1,C003436,200,0.14431537392758179,0.49189676328185905,0.5212683496327102,0.6067525551304899,0.995,0.005,0.0,0.0,insufficient_group_size,,,0,200,0,success,,
population_detail.v1,C003437,200,0.3227211863359833,1.0301420767292648,1.066953968597983,1.4480096621234848,0.38,0.62,0.0,0.0,insufficient_group_size,,,0,200,0,success,,
population_detail.v1,C003438,200,0.15857329819132943,0.49487343533919015,0.5104382180946592,0.670432783718666,1.0,0.0,0.0,0.0,insufficient_group_size,,,0,200,0,success,,
population_detail.v1,C003439,200,0.3076309000857074,1.1017108767901413,1.1519240045863768,1.4986019986187946,0.49,0.07,0.44,0.0,found,13.0,variable_expense_ratio,88,112,24,success,,
population_detail.v1,C003440,200,0.1923857445624715,0.689944490529733,0.7171973235122436,0.9555620418489157,0.615,0.045,0.34,0.0,found,13.0,variable_expense_ratio,68,132,24,success,,
population_detail.v1,C003441,200,0.30682050778634323,0.6864638155634544,0.7031365943289063,0.9625993707950243,0.0,0.0,0.075,0.925,insufficient_group_size,,,200,0,0,success,,
population_detail.v1,C003442,200,0.4357195450615776,1.365796578237208,1.4466339242702246,1.7790332769765496,0.525,0.11,0.365,0.0,found,13.0,variable_expense_ratio,73,127,24,success,,
population_detail.v1,C003443,200,0.4000855713202107,1.5354709819108217,1.615813730292481,1.9232451188977329,0.535,0.165,0.295,0.005,found,13.0,variable_expense_ratio,60,140,24,success,,
population_detail.v1,C003444,200,0.49827109790579993,1.5969362876803388,1.7265783434689628,2.024960241189307,0.795,0.04,0.165,0.0,found,13.0,cash_balance_ratio,33,167,24,success,,
population_detail.v1,C003445,200,0.3147008652865614,1.0051772870006466,1.037755440741236,1.317803869861122,0.0,0.0,0.06,0.94,insufficient_group_size,,,200,0,0,success,,
population_detail.v1,C003446,200,0.20618936778331753,0.4843487991352241,0.49503321022655156,0.60693887750863,0.98,0.015,0.005,0.0,insufficient_group_size,,,1,199,0,success,,
population_detail.v1,C003447,200,0.30114618904017665,0.779389449653722,0.8136925978533078,0.983292028692532,0.055,0.01,0.775,0.16,insufficient_group_size,,,187,13,0,success,,
population_detail.v1,C003448,200,0.19113780948030545,0.6031002338293848,0.6406466596664978,0.7578142486849397,0.045,0.02,0.7,0.235,insufficient_group_size,,,187,13,0,success,,
population_detail.v1,C003449,200,0.26558955399632567,0.5651709136275553,0.5772083806260672,0.7123168980022068,0.87,0.05,0.08,0.0,insufficient_group_size,,,16,184,0,success,,
population_detail.v1,C003450,200,0.44797528114391894,1.5605275513305434,1.6340645424425273,1.954053819399417,0.0,0.0,0.055,0.945,insufficient_group_size,,,200,0,0,success,,
population_detail.v1,C003451,200,0.2982099683670195,1.4316753258967105,1.531783471840736,2.101784580041732,0.855,0.145,0.0,0.0,insufficient_group_size,,,0,200,0,success,,
population_detail.v1,C003452,200,0.22429769172851882,0.6826703235974901,0.6980121736524936,0.9972780659433683,0.0,0.0,0.1,0.9,insufficient_group_size,,,200,0,0,success,,
population_detail.v1,C003453,200,0.34115786150030625,1.3665460623209185,1.44995130526777,1.7330318626767318,0.61,0.39,0.0,0.0,insufficient_group_size,,,0,200,0,success,,
population_detail.v1,C003454,200,0.2194455405250125,0.8402479875919587,0.8536651479585518,1.186071883006278,0.355,0.035,0.61,0.0,found,13.0,cash_balance_ratio,122,78,24,success,,
population_detail.v1,C003455,200,0.19681845117462807,0.9420142891002573,1.0299624431104715,1.2888801760933837,0.975,0.01,0.015,0.0,insufficient_group_size,,,3,197,0,success,,
population_detail.v1,C003456,200,0.2914274618243976,1.53184090173318,1.580792790430059,1.9515168326568695,0.7,0.3,0.0,0.0,insufficient_group_size,,,0,200,0,success,,
population_detail.v1,C003457,200,0.10496737356699412,0.7608938652515131,0.7933511652217637,1.1396687192907904,0.375,0.05,0.575,0.0,found,13.0,variable_expense_ratio,115,85,24,success,,
population_detail.v1,C003458,200,0.23806199342472187,0.7782773407856479,0.8213281230572202,0.9966928805604811,0.965,0.02,0.015,0.0,insufficient_group_size,,,3,197,0,success,,
population_detail.v1,C003459,200,0.19721581002293423,0.4954218200015334,0.511719435013903,0.6414092194965336,1.0,0.0,0.0,0.0,insufficient_group_size,,,0,200,0,success,,
population_detail.v1,C003460,200,0.23355802632721334,0.7096718155350199,0.7431436899175172,0.8929667156237782,0.51,0.18,0.305,0.005,found,13.0,variable_expense_ratio,62,138,24,success,,
population_detail.v1,C003461,200,0.14010986080469495,0.5736646563696017,0.5973310910849787,0.7382391676549621,0.855,0.03,0.115,0.0,found,13.0,variable_expense_ratio,23,177,24,success,,
population_detail.v1,C003462,200,0.16422969648669056,0.5467214261493093,0.570285991335438,0.7326974808531495,0.975,0.02,0.005,0.0,insufficient_group_size,,,1,199,0,success,,
population_detail.v1,C003463,200,0.2774165834751828,1.0700899176548075,1.1110901706414695,1.4995337070508223,0.37,0.63,0.0,0.0,insufficient_group_size,,,0,200,0,success,,
population_detail.v1,C003464,200,0.2144269131301768,0.8921001021355025,0.9558993186614784,1.154022167810566,0.385,0.17,0.39,0.055,found,13.0,cash_balance_ratio,89,111,24,success,,
population_detail.v1,C003465,200,0.28487496811055146,1.030584851460918,1.0462289232617614,1.4851598403191393,0.405,0.595,0.0,0.0,insufficient_group_size,,,0,200,0,success,,
population_detail.v1,C003466,200,0.2457144868915103,0.645879960906017,0.6698175377866744,0.8310179646024844,1.0,0.0,0.0,0.0,insufficient_group_size,,,0,200,0,success,,
population_detail.v1,C003467,200,0.20584584132161693,0.5502220892480765,0.5788467776091737,0.6937873582522193,0.29,0.115,0.57,0.025,found,13.0,variable_expense_ratio,119,81,24,success,,
population_detail.v1,C003468,200,0.231213359595531,0.5570399196576824,0.5814672316868241,0.7151633538196984,1.0,0.0,0.0,0.0,insufficient_group_size,,,0,200,0,success,,
population_detail.v1,C003469,200,0.30289555860131084,1.177770381095325,1.24292166642858,1.4755479637916458,0.38,0.16,0.455,0.005,found,13.0,variable_expense_ratio,92,108,24,success,,
population_detail.v1,C003470,200,0.19741922911788412,0.5605405781631535,0.5810564898824895,0.6864276855908511,0.79,0.11,0.1,0.0,found,13.0,variable_expense_ratio,20,180,24,success,,
population_detail.v1,C003471,200,0.1400394044667761,0.5852316877048842,0.6041295891284679,0.7413350834999979,0.51,0.1,0.385,0.005,found,13.0,variable_expense_ratio,78,122,24,success,,
population_detail.v1,C003472,200,0.28832422798011287,0.6032097736158953,0.6235956163136385,0.7397563324487065,0.165,0.07,0.68,0.085,found,13.0,variable_expense_ratio,153,47,5,success,,
population_detail.v1,C003473,200,0.6668241978207576,1.395788749481156,1.4322574710382971,1.5743708133786374,0.16,0.08,0.68,0.08,found,13.0,variable_expense_ratio,152,48,5,success,,
population_detail.v1,C003474,200,0.5254422157326241,1.011742086342318,1.0560740220734166,1.2359226030315624,0.32,0.2,0.41,0.07,found,13.0,variable_expense_ratio,96,104,24,success,,
population_detail.v1,C003475,200,0.19790313645047033,0.5597123684141821,0.5780771659498991,0.6986248778572569,1.0,0.0,0.0,0.0,insufficient_group_size,,,0,200,0,success,,
population_detail.v1,C003476,200,0.24215157219704078,0.5313802228255289,0.5428949482528023,0.6853869349490026,1.0,0.0,0.0,0.0,insufficient_group_size,,,0,200,0,success,,
population_detail.v1,C003477,200,0.1878934365302444,0.5153613499906126,0.5340126684008404,0.6791514282080919,0.995,0.0,0.005,0.0,insufficient_group_size,,,1,199,0,success,,
population_detail.v1,C003478,200,0.6862958714327925,1.446960021509954,1.478961777931942,1.590817389775013,0.285,0.165,0.495,0.055,found,13.0,variable_expense_ratio,110,90,5,success,,
population_detail.v1,C003479,200,0.3475321417152274,0.7118768478745616,0.7434088072894277,0.8887302234411529,0.445,0.165,0.38,0.01,found,13.0,variable_expense_ratio,78,122,24,success,,
population_detail.v1,C003480,200,0.2859300666475077,0.5965934977969972,0.6216147486574866,0.7505634863919644,0.31,0.11,0.555,0.025,found,13.0,variable_expense_ratio,116,84,24,success,,
population_detail.v1,C003481,200,0.3163659599887963,0.8340032511997151,0.858745243819105,1.171954518648454,0.415,0.065,0.52,0.0,found,13.0,variable_expense_ratio,104,96,24,success,,
population_detail.v1,C003482,200,0.41122122385095916,1.9092113084534157,1.9829839260148954,2.720614233410513,0.56,0.13,0.31,0.0,found,13.0,variable_expense_ratio,62,138,24,success,,
population_detail.v1,C003483,200,0.2490667470001758,1.5738475697930494,1.6626740166289409,2.0019083495219756,0.58,0.125,0.295,0.0,found,13.0,variable_expense_ratio,59,141,24,success,,
population_detail.v1,C003484,200,0.18336715659447048,0.5319445462882959,0.5497728523788674,0.6783182854602635,1.0,0.0,0.0,0.0,insufficient_group_size,,,0,200,0,success,,
population_detail.v1,C003485,200,0.15663969836458375,0.6234285175236108,0.656091026042553,0.8247771771734163,1.0,0.0,0.0,0.0,insufficient_group_size,,,0,200,0,success,,
population_detail.v1,C003486,200,0.35904133355430956,1.108410325211443,1.1615169993311647,1.5327858275733899,0.49,0.51,0.0,0.0,insufficient_group_size,,,0,200,0,success,,
population_detail.v1,C003487,200,0.20884006297259286,0.6261584824034646,0.6533256541755944,0.8657564621446895,0.975,0.01,0.015,0.0,insufficient_group_size,,,3,197,0,success,,
population_detail.v1,C003488,200,0.2673220743994903,1.0908599084706,1.1023150979846177,1.7082318603018811,0.97,0.03,0.0,0.0,insufficient_group_size,,,0,200,0,success,,
population_detail.v1,C003489,200,0.27604329378357373,0.6202045162926653,0.6404491751471306,0.7779280410684767,0.365,0.19,0.395,0.05,found,13.0,cash_balance_ratio,89,111,24,success,,
population_detail.v1,C003490,200,0.16616826027709325,0.5598456338202042,0.5745810865852163,0.7396008734045835,1.0,0.0,0.0,0.0,insufficient_group_size,,,0,200,0,success,,
population_detail.v1,C003491,200,0.25549690655908475,0.7901037833003032,0.819043592143503,1.047762678239891,0.015,0.01,0.38,0.595,insufficient_group_size,,,195,5,0,success,,
population_detail.v1,C003492,200,0.18606914436899077,0.595413654467701,0.6131399169036457,0.7534099149418438,0.855,0.065,0.08,0.0,insufficient_group_size,,,16,184,0,success,,
population_detail.v1,C003493,200,0.2968614562135513,0.695240590972478,0.7089530817376146,0.8528835268516979,0.29,0.095,0.545,0.07,found,13.0,variable_expense_ratio,123,77,24,success,,
population_detail.v1,C003494,200,0.31936016845645604,0.6763310824174431,0.6975053399521263,0.8605359116236008,0.15,0.025,0.65,0.175,found,13.0,variable_expense_ratio,165,35,24,success,,
population_detail.v1,C003495,200,0.29442252657808554,1.2393871686157656,1.2986689681197807,1.809708225286373,0.29,0.71,0.0,0.0,insufficient_group_size,,,0,200,0,success,,
population_detail.v1,C003496,200,0.17773874890516186,0.6578974417599128,0.6848723749411245,0.8582334857146791,0.115,0.07,0.755,0.06,found,13.0,cash_balance_ratio,163,37,24,success,,
population_detail.v1,C003497,200,0.19911775600259965,1.2611283246459808,1.3246316095614032,1.6182019043488116,0.56,0.44,0.0,0.0,insufficient_group_size,,,0,200,0,success,,
population_detail.v1,C003498,200,0.18192208957439046,0.5620026676075526,0.5963527406840863,0.766825434272618,0.945,0.035,0.02,0.0,insufficient_group_size,,,4,196,0,success,,
population_detail.v1,C003499,200,1.040711955451121,13.245345150065605,14.708909788339756,15.109729455765024,0.25,0.69,0.06,0.0,insufficient_group_size,,,12,188,0,success,,
population_detail.v1,C003500,200,0.13145221209456126,1.1575178257872984,1.2165817240079677,1.7103574075780639,0.885,0.115,0.0,0.0,insufficient_group_size,,,0,200,0,success,,
population_detail.v1,C003501,200,0.1605210080732962,0.4913992018902985,0.5197159068513393,0.6465447531562909,0.93,0.06,0.01,0.0,insufficient_group_size,,,2,198,0,success,,
population_detail.v1,C003502,200,0.2185525684320496,0.8567816008408562,0.899377650426564,1.1761458793979218,0.0,0.005,0.425,0.57,insufficient_group_size,,,199,1,0,success,,
population_detail.v1,C003503,200,0.36667905546012886,1.2297043878325202,1.2555455708594163,1.678414952389188,0.51,0.49,0.0,0.0,insufficient_group_size,,,0,200,0,success,,
population_detail.v1,C003504,200,0.2150213643221683,0.6043856773133054,0.6358072071622756,0.7776304347924903,0.99,0.005,0.005,0.0,insufficient_group_size,,,1,199,0,success,,
population_detail.v1,C003505,200,0.27690313054701543,0.78703221678248,0.852686296851606,1.0188830600779704,0.985,0.01,0.005,0.0,insufficient_group_size,,,1,199,0,success,,
population_detail.v1,C003506,200,0.23880094197087284,1.0483787867760577,1.0913999389582734,1.4361290405839444,0.455,0.545,0.0,0.0,insufficient_group_size,,,0,200,0,success,,
population_detail.v1,C003507,200,0.18753016372332126,0.6380013211079971,0.6744731276523921,0.8445464107750107,1.0,0.0,0.0,0.0,insufficient_group_size,,,0,200,0,success,,
population_detail.v1,C003508,200,0.2649292316091745,0.6785122483404987,0.7060770943220539,0.8262415309584761,0.03,0.01,0.67,0.29,insufficient_group_size,,,192,8,0,success,,
population_detail.v1,C003509,200,0.27189338625108234,0.6339481005403647,0.6616786318554115,0.7710213297641245,0.885,0.065,0.05,0.0,insufficient_group_size,,,10,190,0,success,,
population_detail.v1,C003510,200,0.21694326029825914,0.7088585982353609,0.7356613602802814,0.9100417967882886,0.275,0.155,0.55,0.02,found,13.0,cash_balance_ratio,114,86,24,success,,
population_detail.v1,C003511,200,0.2315631386489899,0.5561292635890706,0.5924182201709114,0.6930579523691033,0.24,0.095,0.615,0.05,found,13.0,cash_balance_ratio,133,67,24,success,,
population_detail.v1,C003512,200,0.16268540529413356,0.5002367511358451,0.5245981796910479,0.6436499159463085,0.935,0.045,0.02,0.0,insufficient_group_size,,,4,196,0,success,,
population_detail.v1,C003513,200,0.35423247610578296,1.1113137457192273,1.1908042724688754,1.4918110217548588,0.415,0.585,0.0,0.0,insufficient_group_size,,,0,200,0,success,,
population_detail.v1,C003514,200,0.2773560362910187,0.6882764873825274,0.7080651787706534,0.8671741883685349,0.085,0.015,0.685,0.215,found,13.0,cash_balance_ratio,180,20,24,success,,
population_detail.v1,C003515,200,0.2528457658669476,0.7985539874260269,0.8209717258238018,1.056674439105783,0.04,0.025,0.665,0.27,insufficient_group_size,,,187,13,0,success,,
population_detail.v1,C003516,200,0.27169726910437236,0.5545684301120111,0.5721132359561328,0.6805753179831836,0.215,0.09,0.625,0.07,found,13.0,variable_expense_ratio,139,61,24,success,,
population_detail.v1,C003517,200,0.16664401866535125,0.5081516048562598,0.5278774402016978,0.6416887608866371,0.88,0.08,0.04,0.0,insufficient_group_size,,,8,192,0,success,,
population_detail.v1,C003518,200,0.2469330780890207,1.1268278133506817,1.1846573709095007,1.5789007506990587,0.495,0.505,0.0,0.0,insufficient_group_size,,,0,200,0,success,,
population_detail.v1,C003519,200,0.17768860246390356,0.6393375197957422,0.6487253221400786,0.9451407542316381,0.0,0.0,0.115,0.885,insufficient_group_size,,,200,0,0,success,,
population_detail.v1,C003520,200,0.19911775600259965,1.2122305481138427,1.285853925370981,1.5647798300073268,0.555,0.445,0.0,0.0,insufficient_group_size,,,0,200,0,success,,
population_detail.v1,C003521,200,0.13178008058030075,0.5525904273316098,0.5909213003109174,0.7094226902969363,0.91,0.025,0.065,0.0,insufficient_group_size,,,13,187,0,success,,
population_detail.v1,C003522,200,0.37453757384721253,0.8594378247389807,0.8840214979002273,1.0863088551278415,0.015,0.02,0.63,0.335,insufficient_group_size,,,193,7,0,success,,
population_detail.v1,C003523,200,0.1944292824917256,1.4061260765220411,1.4988648635848558,1.997805372216676,0.975,0.025,0.0,0.0,insufficient_group_size,,,0,200,0,success,,
population_detail.v1,C003524,200,0.3085821770932159,0.8721826499594993,0.9194712883433541,1.1118859829644334,0.32,0.175,0.47,0.035,found,13.0,variable_expense_ratio,101,99,24,success,,
population_detail.v1,C003525,200,0.17059401400276702,0.6989936802792226,0.7406238219455206,0.9070086174425022,0.385,0.185,0.425,0.005,found,13.0,variable_expense_ratio,86,114,5,success,,
population_detail.v1,C003526,200,0.2012795282061245,0.6129579458487493,0.6308061001182794,0.7920797679806535,1.0,0.0,0.0,0.0,insufficient_group_size,,,0,200,0,success,,
population_detail.v1,C003527,200,0.3387792322334671,0.9654996681662226,1.0097402237020894,1.272407203299107,0.0,0.0,0.32,0.68,insufficient_group_size,,,200,0,0,success,,
population_detail.v1,C003528,200,0.4405638629483523,1.14251455320877,1.1272763628359928,1.693856760238735,0.955,0.045,0.0,0.0,insufficient_group_size,,,0,200,0,success,,
population_detail.v1,C003529,200,0.1764066068424026,0.6032262550874015,0.6375047667285892,0.7701828429049573,0.99,0.005,0.005,0.0,insufficient_group_size,,,1,199,0,success,,
population_detail.v1,C003530,200,0.19063047176829578,1.475339105755717,1.6197157870619576,2.0396610923490375,0.88,0.0,0.12,0.0,found,13.0,cash_balance_ratio,24,176,24,success,,
population_detail.v1,C003531,200,0.3649886047048265,0.6316170483857665,0.6409587463025841,0.7560893126088403,0.105,0.04,0.72,0.135,found,13.0,cash_balance_ratio,171,29,24,success,,
population_detail.v1,C003532,200,0.21191340417450386,0.8879145572608867,0.9125992482946718,1.2410204163342426,0.355,0.645,0.0,0.0,insufficient_group_size,,,0,200,0,success,,
population_detail.v1,C003533,200,0.2601742707860365,0.5835046857505296,0.6047378381805172,0.7162347218609915,0.31,0.03,0.625,0.035,found,13.0,variable_expense_ratio,132,68,24,success,,
population_detail.v1,C003534,200,0.3368712741259019,0.9308327438666077,0.9635415124823026,1.1649931315104776,0.12,0.045,0.595,0.24,found,13.0,cash_balance_ratio,167,33,24,success,,
population_detail.v1,C003535,200,0.3055181080015964,1.0761478669344315,1.0883388368693852,1.5896908873995617,0.865,0.135,0.0,0.0,insufficient_group_size,,,0,200,0,success,,
population_detail.v1,C003536,200,0.16902972175421396,0.6061108892674202,0.6341246888849728,0.8105483405981009,0.945,0.03,0.025,0.0,insufficient_group_size,,,5,195,0,success,,
population_detail.v1,C003537,200,0.3487003045689486,0.8344337652376476,0.8809299783672881,1.1050849920878865,0.47,0.2,0.32,0.01,found,13.0,variable_expense_ratio,66,134,24,success,,
population_detail.v1,C003538,200,0.40113037420736664,1.0923191325364447,1.1372242188279196,1.3779249238269695,0.425,0.03,0.545,0.0,found,13.0,variable_expense_ratio,109,91,24,success,,
population_detail.v1,C003539,200,0.3437967848389351,1.1821392371091626,1.2830205119573805,1.583983598981598,0.555,0.09,0.355,0.0,found,13.0,variable_expense_ratio,71,129,24,success,,
population_detail.v1,C003540,200,0.24670499719397784,0.95068840792552,1.0111074269804412,1.3134991555745605,0.435,0.565,0.0,0.0,insufficient_group_size,,,0,200,0,success,,
population_detail.v1,C003541,200,0.20294906165017743,0.4741015731994485,0.4906240756725833,0.6133031265948655,1.0,0.0,0.0,0.0,insufficient_group_size,,,0,200,0,success,,
population_detail.v1,C003542,200,0.20166767023635543,0.5929842845742833,0.6183687919866013,0.712633050071932,0.64,0.085,0.275,0.0,found,13.0,variable_expense_ratio,55,145,24,success,,
population_detail.v1,C003543,200,0.2243290769149124,0.66025558348679,0.679916768331382,0.8516141533219875,1.0,0.0,0.0,0.0,insufficient_group_size,,,0,200,0,success,,
population_detail.v1,C003544,200,0.28769788416569264,1.8396703350689605,1.8871878159282887,2.6361814342045653,0.51,0.145,0.345,0.0,found,13.0,variable_expense_ratio,69,131,24,success,,
population_detail.v1,C003545,200,0.19690155025458833,0.5634575562436717,0.5940540595350847,0.7103003867968649,0.985,0.01,0.005,0.0,insufficient_group_size,,,1,199,0,success,,
population_detail.v1,C003546,200,0.2480269747134536,0.9100664273362262,0.8896843543916166,1.3657543793482874,0.29,0.71,0.0,0.0,insufficient_group_size,,,0,200,0,success,,
population_detail.v1,C003547,200,0.1750350460522423,0.8681944765266385,0.9267146197609731,1.2294016440413436,0.365,0.045,0.59,0.0,found,13.0,cash_balance_ratio,118,82,24,success,,
population_detail.v1,C003548,200,0.16122945216795653,0.6414500525036294,0.6658173892753358,0.8080120509733436,0.075,0.02,0.705,0.2,insufficient_group_size,,,181,19,0,success,,
population_detail.v1,C003549,200,0.27141765993132466,1.1001892297749654,1.1435053604313157,1.5130209432438981,0.39,0.61,0.0,0.0,insufficient_group_size,,,0,200,0,success,,
population_detail.v1,C003550,200,0.37695933165271145,0.7733352142563912,0.8042560468324395,0.976827448669878,0.13,0.045,0.745,0.08,found,13.0,cash_balance_ratio,165,35,24,success,,
population_detail.v1,C003551,200,0.32233611886753644,0.7829304818564904,0.8195218264774755,1.0239655076051437,1.0,0.0,0.0,0.0,insufficient_group_size,,,0,200,0,success,,
population_detail.v1,C003552,200,0.30012997867520913,0.9611273665293709,0.9989282154651955,1.3407176421854805,0.33,0.67,0.0,0.0,insufficient_group_size,,,0,200,0,success,,
population_detail.v1,C003553,200,0.24747000214862389,0.6297005841868207,0.6555056914012845,0.7766977592953683,0.48,0.09,0.425,0.005,found,13.0,variable_expense_ratio,86,114,24,success,,
population_detail.v1,C003554,200,0.40197742049339136,1.3714512312976124,1.4764152566883442,1.7727652141095336,0.015,0.005,0.255,0.725,insufficient_group_size,,,196,4,0,success,,
population_detail.v1,C003555,200,0.27219251935136785,0.7844608460647652,0.8195463249617481,0.9659147453057797,0.7,0.14,0.15,0.01,found,13.0,variable_expense_ratio,32,168,24,success,,
population_detail.v1,C003556,200,0.2780047723698307,0.599246198192955,0.606949924434406,0.7386073395190716,0.235,0.095,0.58,0.09,found,13.0,variable_expense_ratio,134,66,24,success,,
population_detail.v1,C003557,200,0.9173815447131956,1.6681121741615335,1.7036119162919157,1.8830699546002254,0.025,0.01,0.54,0.425,insufficient_group_size,,,193,7,0,success,,
population_detail.v1,C003558,200,0.20345125621592255,0.6416349388108711,0.6721239961249893,0.8365604578694361,0.08,0.035,0.81,0.075,found,13.0,variable_expense_ratio,177,23,4,success,,
population_detail.v1,C003559,200,0.22307660927005005,0.8439461204206102,0.8923895185631575,1.100517246203747,0.475,0.06,0.465,0.0,found,13.0,variable_expense_ratio,93,107,24,success,,
population_detail.v1,C003560,200,0.2863339717522986,0.6103981409910204,0.6423038367632663,0.7447737123921202,0.265,0.13,0.555,0.05,found,13.0,variable_expense_ratio,121,79,24,success,,
population_detail.v1,C003561,200,0.2617941928708899,0.5889878036837847,0.6089380803851151,0.738438410288097,0.975,0.02,0.005,0.0,insufficient_group_size,,,1,199,0,success,,
population_detail.v1,C003562,200,0.22496274338389322,0.7004254470443234,0.72271484765742,0.9483555583661616,1.0,0.0,0.0,0.0,insufficient_group_size,,,0,200,0,success,,
population_detail.v1,C003563,200,0.1447994821435093,0.5898841185735211,0.6312772656418488,0.8000016564810735,0.995,0.005,0.0,0.0,insufficient_group_size,,,0,200,0,success,,
population_detail.v1,C003564,200,0.1822388147928558,0.5303230148088285,0.5567940244251584,0.6738447755976499,1.0,0.0,0.0,0.0,insufficient_group_size,,,0,200,0,success,,
population_detail.v1,C003565,200,0.1936991112436855,0.9294363722577629,1.0128041846013538,1.3138480366466998,0.35,0.06,0.59,0.0,found,13.0,variable_expense_ratio,118,82,24,success,,
population_detail.v1,C003566,200,0.16220408187758575,0.5911688711066376,0.6196241701410719,0.7989410567342441,0.905,0.03,0.065,0.0,insufficient_group_size,,,13,187,0,success,,
population_detail.v1,C003567,200,0.18672003947572532,0.6083789560987976,0.6391860944458468,0.7896019204918748,0.95,0.03,0.02,0.0,insufficient_group_size,,,4,196,0,success,,
population_detail.v1,C003568,200,0.19992966812561308,0.4738944403256052,0.4922229285957981,0.6040549015899054,1.0,0.0,0.0,0.0,insufficient_group_size,,,0,200,0,success,,
population_detail.v1,C003569,200,0.22153618980534912,0.6148611482346021,0.6472231987212979,0.7771838830087814,1.0,0.0,0.0,0.0,insufficient_group_size,,,0,200,0,success,,
population_detail.v1,C003570,200,0.19813071131925725,1.3006489388690456,1.3837005013533232,1.770665710352693,0.58,0.105,0.315,0.0,found,13.0,variable_expense_ratio,63,137,24,success,,
population_detail.v1,C003571,200,0.17958689562434457,0.6539409854699706,0.6571700648630798,0.9195175687744058,0.0,0.0,0.05,0.95,insufficient_group_size,,,200,0,0,success,,
population_detail.v1,C003572,200,0.1891978273846732,1.3410551495529233,1.389329078359903,1.842362462351731,0.435,0.565,0.0,0.0,insufficient_group_size,,,0,200,0,success,,
population_detail.v1,C003573,200,0.2758076610967442,0.6453365966526866,0.6980042452689927,0.778066754882913,1.0,0.0,0.0,0.0,insufficient_group_size,,,0,200,0,success,,
population_detail.v1,C003574,200,0.26754700130572906,1.159478613453318,1.2461939375903948,1.562371172096812,0.465,0.085,0.45,0.0,found,13.0,variable_expense_ratio,90,110,24,success,,
population_detail.v1,C003575,200,0.3073830590630562,0.8797586181390922,0.9123723532662444,1.092572207535629,0.435,0.145,0.4,0.02,found,13.0,variable_expense_ratio,84,116,24,success,,
population_detail.v1,C003576,200,0.215132286027588,0.6371976125609682,0.6770462900146041,0.8341867899489621,1.0,0.0,0.0,0.0,insufficient_group_size,,,0,200,0,success,,
population_detail.v1,C003577,200,0.39702803931405806,1.4035894237475475,1.4637507993173557,1.7045194330339015,0.565,0.435,0.0,0.0,insufficient_group_size,,,0,200,0,success,,
population_detail.v1,C003578,200,0.22589902620269187,0.6052950560309608,0.6398764421210013,0.7590661717906076,0.51,0.04,0.445,0.005,found,13.0,variable_expense_ratio,90,110,24,success,,
population_detail.v1,C003579,200,0.19996771306663627,0.7013863710899608,0.7283106862103508,1.0078804621635293,0.0,0.0,0.1,0.9,insufficient_group_size,,,200,0,0,success,,
population_detail.v1,C003580,200,0.15976082596653596,0.6848070109699569,0.729161231198451,0.9389843655557644,0.66,0.04,0.3,0.0,found,13.0,variable_expense_ratio,60,140,24,success,,
population_detail.v1,C003581,200,0.19722637404907759,0.6781733072693709,0.6975288874973069,0.9825860767482365,0.0,0.0,0.12,0.88,insufficient_group_size,,,200,0,0,success,,
population_detail.v1,C003582,200,0.2821861849011936,0.8186159592453933,0.8529168095475295,1.0498700722757757,0.05,0.045,0.78,0.125,insufficient_group_size,,,181,19,0,success,,
population_detail.v1,C003583,200,0.221469428611028,0.7054502265653386,0.7419885940767016,0.9391357562337753,1.0,0.0,0.0,0.0,insufficient_group_size,,,0,200,0,success,,
population_detail.v1,C003584,200,0.240963961956421,0.6083516945740496,0.6312306735390094,0.8108656452235423,0.97,0.0,0.03,0.0,insufficient_group_size,,,6,194,0,success,,
population_detail.v1,C003585,200,0.2837385681971337,0.6496838738960232,0.6863210476274051,0.8099469470172724,0.09,0.04,0.775,0.095,found,13.0,variable_expense_ratio,174,26,8,success,,
population_detail.v1,C003586,200,0.23437615139269394,0.7539534631420001,0.7967127544654165,1.0627665342657666,0.0,0.0,0.12,0.88,insufficient_group_size,,,200,0,0,success,,
population_detail.v1,C003587,200,0.14607421103774673,0.61505611797416,0.6302204876011843,0.8552504670100135,1.0,0.0,0.0,0.0,insufficient_group_size,,,0,200,0,success,,
population_detail.v1,C003588,200,0.28302337039375475,0.9183974013482712,0.9722848006328442,1.2023550852176212,0.405,0.215,0.355,0.025,found,13.0,variable_expense_ratio,76,124,24,success,,
population_detail.v1,C003589,200,0.2018231933439427,0.5419241459417998,0.5646630898322458,0.6768075469489727,0.28,0.055,0.605,0.06,found,13.0,variable_expense_ratio,133,67,24,success,,
population_detail.v1,C003590,200,0.18233350724288783,0.553679227813058,0.595293922288044,0.7352094982690188,1.0,0.0,0.0,0.0,insufficient_group_size,,,0,200,0,success,,
population_detail.v1,C003591,200,0.24551156016272166,1.2165871067517435,1.2958890656620783,1.6530227095421584,0.545,0.455,0.0,0.0,insufficient_group_size,,,0,200,0,success,,
population_detail.v1,C003592,200,0.1629949290261011,0.5618689210575148,0.5920128734870971,0.7047745467971764,0.805,0.075,0.12,0.0,found,13.0,variable_expense_ratio,24,176,24,success,,
population_detail.v1,C003593,200,0.3403423603426561,0.9238516899836418,0.9642876825877207,1.1823845048488186,0.0,0.0,0.285,0.715,insufficient_group_size,,,200,0,0,success,,
population_detail.v1,C003594,200,0.1482432818820028,0.5360156123368891,0.5416606012974848,0.7310609750869022,0.995,0.005,0.0,0.0,insufficient_group_size,,,0,200,0,success,,
population_detail.v1,C003595,200,0.28871756340168386,0.707856414736381,0.7379772890542364,0.8733686449315932,0.185,0.075,0.62,0.12,found,13.0,variable_expense_ratio,148,52,24,success,,
population_detail.v1,C003596,200,0.2937576042423917,1.0578126760436977,1.0907127999257091,1.4770249000405444,0.415,0.585,0.0,0.0,insufficient_group_size,,,0,200,0,success,,
population_detail.v1,C003597,200,0.16800067883025713,0.9448550733148957,0.9668877087740495,1.3226780066226633,0.0,0.0,0.085,0.915,insufficient_group_size,,,200,0,0,success,,
population_detail.v1,C003598,200,0.193731443335774,0.5298259309621975,0.5492681660277858,0.7029349403308603,0.995,0.005,0.0,0.0,insufficient_group_size,,,0,200,0,success,,
population_detail.v1,C003599,200,0.22124754694176213,0.7014059285238682,0.7388003784600159,0.9301624906550834,0.7,0.05,0.25,0.0,found,13.0,variable_expense_ratio,50,150,24,success,,
population_detail.v1,C003600,200,0.111807688015803,0.8269288133945457,0.873185315238355,1.022294605795132,0.44,0.09,0.455,0.015,found,13.0,variable_expense_ratio,94,106,24,success,,
population_detail.v1,C003601,200,0.24903931617552094,0.6384264988816339,0.6669085692714778,0.8191150695541165,0.965,0.025,0.01,0.0,insufficient_group_size,,,2,198,0,success,,
population_detail.v1,C003602,200,0.22041318642656985,0.6153979252082703,0.6415241120510402,0.8617387646642934,1.0,0.0,0.0,0.0,insufficient_group_size,,,0,200,0,success,,
population_detail.v1,C003603,200,1.175572896992174,17.798551311608975,20.654354066671154,21.204394084894872,0.275,0.675,0.05,0.0,insufficient_group_size,,,10,190,0,success,,
population_detail.v1,C003604,200,0.234284640112883,0.6669425184984655,0.6861459253176273,0.8543756535449069,0.285,0.15,0.54,0.025,found,13.0,cash_balance_ratio,113,87,24,success,,
population_detail.v1,C003605,200,0.4106773654014951,1.5486942644062003,1.6001035912401178,2.201306864456555,0.28,0.72,0.0,0.0,insufficient_group_size,,,0,200,0,success,,
population_detail.v1,C003606,200,0.17352381634919747,0.5543297010438109,0.5849423113421776,0.6966137431065256,0.93,0.03,0.04,0.0,insufficient_group_size,,,8,192,0,success,,
population_detail.v1,C003607,200,0.6881093491268572,1.2228642580063618,1.232893819644422,1.523045272101476,0.0,0.0,0.02,0.98,insufficient_group_size,,,200,0,0,success,,
population_detail.v1,C003608,200,0.616599276880081,1.300711433333039,1.324628403732345,1.4010145435618795,0.215,0.09,0.625,0.07,found,13.0,variable_expense_ratio,139,61,24,success,,
population_detail.v1,C003609,200,0.18046852666544316,0.5340482339297421,0.5664996211739264,0.7064280746921325,1.0,0.0,0.0,0.0,insufficient_group_size,,,0,200,0,success,,
population_detail.v1,C003610,200,0.3374525867974716,0.6373106785813063,0.6617164106755847,0.7810168114556891,0.26,0.15,0.53,0.06,found,13.0,variable_expense_ratio,118,82,24,success,,
population_detail.v1,C003611,200,0.23093859356484886,0.7024551856037101,0.7307962892630764,0.8840787779224862,0.18,0.095,0.68,0.045,found,13.0,variable_expense_ratio,145,55,24,success,,
population_detail.v1,C003612,200,0.11835357191187246,0.5667754479741136,0.6017538847233612,0.8419775586432101,1.0,0.0,0.0,0.0,insufficient_group_size,,,0,200,0,success,,
population_detail.v1,C003613,200,0.25812271635772094,0.8260945236898888,0.8241477165588653,1.1741934596089807,0.0,0.005,0.345,0.65,insufficient_group_size,,,199,1,0,success,,
population_detail.v1,C003614,200,0.26261530520314635,0.8842756174094647,0.9356355502308942,1.0792500126042566,0.255,0.09,0.62,0.035,found,13.0,variable_expense_ratio,131,69,24,success,,
population_detail.v1,C003615,200,0.42064129381874227,1.2882553296098387,1.3369781219031331,1.9301899948578913,0.98,0.01,0.01,0.0,insufficient_group_size,,,2,198,0,success,,
population_detail.v1,C003616,200,0.26673939487166837,0.6274895935090599,0.639999609475389,0.7934818291436415,0.125,0.025,0.68,0.17,found,13.0,variable_expense_ratio,170,30,10,success,,
population_detail.v1,C003617,200,0.2606835198858587,0.5903075481127819,0.609367308805068,0.753985905505305,0.055,0.01,0.695,0.24,insufficient_group_size,,,187,13,0,success,,
population_detail.v1,C003618,200,0.24438935231538034,0.8505559612129077,0.8892873977532123,1.249924086229055,0.33,0.055,0.615,0.0,found,13.0,variable_expense_ratio,123,77,24,success,,
population_detail.v1,C003619,200,0.12524215873421382,1.118134752470955,1.1461493519910424,1.864320301453082,0.93,0.07,0.0,0.0,insufficient_group_size,,,0,200,0,success,,
population_detail.v1,C003620,200,0.1629949290261011,0.5762549534567167,0.6203420040425522,0.7132327413348138,0.77,0.1,0.13,0.0,found,13.0,variable_expense_ratio,26,174,24,success,,
population_detail.v1,C003621,200,0.22996554836347077,0.4941720037276326,0.5110738029610102,0.6248675535972519,0.94,0.035,0.025,0.0,insufficient_group_size,,,5,195,0,success,,
population_detail.v1,C003622,200,0.29180504949611463,1.1032608241183441,1.1575721331182944,1.334867310169253,0.58,0.145,0.275,0.0,found,13.0,variable_expense_ratio,55,145,24,success,,
population_detail.v1,C003623,200,0.2182087175083192,1.3961003773454346,1.491602732555366,1.757026414927328,0.55,0.07,0.38,0.0,found,13.0,variable_expense_ratio,76,124,24,success,,
population_detail.v1,C003624,200,0.2748619964853746,1.0480797672232323,1.0866536563857454,1.532107769518441,0.455,0.545,0.0,0.0,insufficient_group_size,,,0,200,0,success,,
population_detail.v1,C003625,200,0.2479095956195966,0.9108288083283691,0.9596008175114503,1.1148205140414758,0.97,0.02,0.01,0.0,insufficient_group_size,,,2,198,0,success,,
population_detail.v1,C003626,200,0.1938042190650256,0.6478822044075627,0.6833021108115573,0.8373936600676569,0.055,0.005,0.64,0.3,insufficient_group_size,,,188,12,0,success,,
population_detail.v1,C003627,200,0.18567769495751996,0.5187648407368846,0.5397025902956024,0.6484889995834479,0.19,0.06,0.675,0.075,found,13.0,variable_expense_ratio,150,50,24,success,,
population_detail.v1,C003628,200,0.24227963385678714,1.198230917977636,1.3166383303741926,1.6639963614005489,0.455,0.545,0.0,0.0,insufficient_group_size,,,0,200,0,success,,
population_detail.v1,C003629,200,0.2977446450356453,0.9177931639976846,0.9577518877742437,1.2163840455927781,0.53,0.07,0.4,0.0,found,13.0,variable_expense_ratio,80,120,24,success,,
population_detail.v1,C003630,200,0.20377624914127376,0.8702873287432488,0.9365770864513541,1.1029639785840089,0.48,0.155,0.32,0.045,found,13.0,cash_balance_ratio,73,127,24,success,,
population_detail.v1,C003631,200,0.5026034788900424,1.4845362132659943,1.5217941592017747,1.8190854331919077,0.365,0.635,0.0,0.0,insufficient_group_size,,,0,200,0,success,,
population_detail.v1,C003632,200,0.17685388285407042,0.5228388271193455,0.5408988934399916,0.722970174068515,0.96,0.02,0.02,0.0,insufficient_group_size,,,4,196,0,success,,
population_detail.v1,C003633,200,0.21457941128292363,0.5439149763570184,0.5708590650397928,0.6924697154306356,0.99,0.01,0.0,0.0,insufficient_group_size,,,0,200,0,success,,
population_detail.v1,C003634,200,1.8928665307685941,8.346868624871707,9.21094252010069,9.362584065694325,0.81,0.055,0.11,0.025,found,13.0,cash_balance_ratio,27,173,24,success,,
population_detail.v1,C003635,200,0.2599296196536562,0.6133014069998525,0.6228266337704582,0.7603204992312359,0.255,0.13,0.535,0.08,found,13.0,variable_expense_ratio,123,77,10,success,,
population_detail.v1,C003636,200,0.6668241978207576,1.6757412054825453,1.7322229189101503,1.8855068448015218,0.115,0.04,0.735,0.11,found,13.0,variable_expense_ratio,169,31,24,success,,
population_detail.v1,C003637,200,0.20640099845529344,0.668875756627856,0.6893856170234025,0.8908269899490541,0.955,0.025,0.02,0.0,insufficient_group_size,,,4,196,0,success,,
population_detail.v1,C003638,200,0.33669936867945305,0.9161265333635481,0.9347480416782097,1.2312373080508765,0.005,0.005,0.415,0.575,insufficient_group_size,,,198,2,0,success,,
population_detail.v1,C003639,200,0.26181498833153966,1.2504121136038815,1.2414063491631913,1.9340947798075288,0.98,0.01,0.01,0.0,insufficient_group_size,,,2,198,0,success,,
population_detail.v1,C003640,200,0.19897289244000702,0.560742052225828,0.5827343224219284,0.6991369641798492,0.985,0.01,0.005,0.0,insufficient_group_size,,,1,199,0,success,,
population_detail.v1,C003641,200,0.3662686412440242,0.7759936569174267,0.8116380264382639,0.9167159768242052,0.015,0.0,0.64,0.345,insufficient_group_size,,,197,3,0,success,,
population_detail.v1,C003642,200,0.33450117785937666,0.6561347397312537,0.6658054669269609,0.8633770624886615,0.03,0.015,0.655,0.3,insufficient_group_size,,,191,9,0,success,,
population_detail.v1,C003643,200,0.22373113508054338,0.5911692952076102,0.6079141972589172,0.7489923966323309,1.0,0.0,0.0,0.0,insufficient_group_size,,,0,200,0,success,,
population_detail.v1,C003644,200,0.41440715542031686,1.398368379912169,1.498857379448305,1.8438869461484881,0.495,0.095,0.41,0.0,found,13.0,variable_expense_ratio,82,118,24,success,,
population_detail.v1,C003645,200,0.2610597907225147,1.0711335794078403,1.1313942873918093,1.4408331534096066,0.395,0.09,0.515,0.0,found,13.0,variable_expense_ratio,103,97,24,success,,
population_detail.v1,C003646,200,0.16902972175421396,0.6313947771934343,0.6682669849406642,0.8393094803447421,0.95,0.03,0.02,0.0,insufficient_group_size,,,4,196,0,success,,
population_detail.v1,C003647,200,0.2024998809370346,0.5526623571607224,0.5709364245267259,0.7146544945327619,0.09,0.035,0.75,0.125,found,13.0,variable_expense_ratio,175,25,8,success,,
population_detail.v1,C003648,200,0.24155119199448444,0.5636112211309134,0.578805338140512,0.7284965831148452,0.995,0.0,0.005,0.0,insufficient_group_size,,,1,199,0,success,,
population_detail.v1,C003649,200,0.2785194495259651,0.8093319438949809,0.8614289145378338,1.0617447549680592,0.06,0.015,0.62,0.305,insufficient_group_size,,,185,15,0,success,,
population_detail.v1,C003650,200,0.3382929262032844,0.8739151352209171,0.8817083531220367,1.153504882820092,0.015,0.01,0.38,0.595,insufficient_group_size,,,195,5,0,success,,
population_detail.v1,C003651,200,0.37932041592599147,1.3999783348377963,1.5307612406000395,1.8194597380411581,0.71,0.29,0.0,0.0,insufficient_group_size,,,0,200,0,success,,
population_detail.v1,C003652,200,0.23759313526600057,0.7920502880630533,0.8311968987374789,1.0502074318541548,0.015,0.015,0.39,0.58,insufficient_group_size,,,194,6,0,success,,
population_detail.v1,C003653,200,0.2114471141116469,0.6732317251976448,0.7010881248951325,0.8472224669074401,0.47,0.1,0.425,0.005,found,13.0,variable_expense_ratio,86,114,24,success,,
population_detail.v1,C003654,200,0.3531584673945132,0.7892991344083292,0.8362014155186882,0.9938234147996949,0.43,0.13,0.38,0.06,found,13.0,cash_balance_ratio,88,112,24,success,,
population_detail.v1,C003655,200,0.2843812020524512,0.7456907023144808,0.7683715494108576,0.9760981493600336,0.13,0.035,0.635,0.2,found,13.0,variable_expense_ratio,167,33,24,success,,
population_detail.v1,C003656,200,0.21280162415507267,0.7062613132339877,0.7558310049591834,0.9151673639511454,0.035,0.035,0.72,0.21,insufficient_group_size,,,186,14,0,success,,
population_detail.v1,C003657,200,0.18415901730763373,0.7031308190835972,0.743032017802618,0.8837987308813631,0.28,0.1,0.6,0.02,found,13.0,variable_expense_ratio,124,76,24,success,,
population_detail.v1,C003658,200,0.40067923969374836,1.1610529183735898,1.197183623647152,1.7627707215662998,0.87,0.13,0.0,0.0,insufficient_group_size,,,0,200,0,success,,
population_detail.v1,C003659,200,0.21985650316841066,0.5642790694909522,0.5894681405969489,0.7308983818704213,0.82,0.065,0.115,0.0,found,13.0,variable_expense_ratio,23,177,24,success,,
population_detail.v1,C003660,200,0.2918300414330789,1.3210002763743227,1.3630805949666907,1.628347013701231,0.6,0.4,0.0,0.0,insufficient_group_size,,,0,200,0,success,,
population_detail.v1,C003661,200,0.460969854216554,1.436193450773933,1.5203521947558856,1.7915943582934921,0.475,0.115,0.405,0.005,found,13.0,variable_expense_ratio,82,118,24,success,,
population_detail.v1,C003662,200,0.11179473194418067,0.4262279759405116,0.44389516182825006,0.6019971362568969,1.0,0.0,0.0,0.0,insufficient_group_size,,,0,200,0,success,,
population_detail.v1,C003663,200,0.38767821877891123,0.9527656648581133,0.9832313665468553,1.1842516783960033,0.0,0.0,0.195,0.805,insufficient_group_size,,,200,0,0,success,,
population_detail.v1,C003664,200,0.1759301174492961,0.7172397701987212,0.7557492090311304,0.8959341620792624,0.015,0.01,0.575,0.4,insufficient_group_size,,,195,5,0,success,,
population_detail.v1,C003665,200,0.2675260920042167,0.9322169666671636,0.9726008183660568,1.2707036702812158,0.375,0.065,0.56,0.0,found,13.0,variable_expense_ratio,112,88,24,success,,
population_detail.v1,C003666,200,3.416474929387112,6.221346223474388,6.317592438986294,6.489711904980551,0.695,0.305,0.0,0.0,insufficient_group_size,,,0,200,0,success,,
population_detail.v1,C003667,200,0.17185708768185876,0.5099010365786792,0.5381539429116826,0.6777508489364092,0.915,0.03,0.055,0.0,insufficient_group_size,,,11,189,0,success,,
population_detail.v1,C003668,200,0.18546283313603593,0.7147472640210044,0.7436680768955084,0.9883176406792337,0.0,0.0,0.06,0.94,insufficient_group_size,,,200,0,0,success,,
population_detail.v1,C003669,200,0.22875361655258525,1.207499932033641,1.2988534682367314,1.6022704803092493,0.12,0.035,0.8,0.045,found,13.0,savings_rate,169,31,2,success,,
population_detail.v1,C003670,200,0.20625776443229626,0.565686377407306,0.5922400972864282,0.7268948064510975,0.135,0.065,0.735,0.065,found,13.0,cash_balance_ratio,160,40,24,success,,
population_detail.v1,C003671,200,0.14262431697444725,0.4748324123613514,0.4979924211624071,0.6395117424684245,1.0,0.0,0.0,0.0,insufficient_group_size,,,0,200,0,success,,
population_detail.v1,C003672,200,0.15857329819132943,0.5269180714606745,0.5451684713063835,0.7033545091267439,1.0,0.0,0.0,0.0,insufficient_group_size,,,0,200,0,success,,
population_detail.v1,C003673,200,7.652970224648082,11.594513603619912,11.789185912352846,12.19879750283662,0.325,0.655,0.02,0.0,insufficient_group_size,,,4,196,0,success,,
population_detail.v1,C003674,200,0.29905339438199996,0.8766920828673582,0.9274900805767481,1.146176653253913,0.445,0.225,0.325,0.005,found,13.0,variable_expense_ratio,66,134,24,success,,
population_detail.v1,C003675,200,0.20451970979927694,0.5257817711376221,0.5465165178818459,0.6906923805668772,1.0,0.0,0.0,0.0,insufficient_group_size,,,0,200,0,success,,
population_detail.v1,C003676,200,0.3543032462846193,2.4132293400192384,2.5240896151164405,2.8192265403259924,0.525,0.165,0.305,0.005,found,13.0,variable_expense_ratio,62,138,24,success,,
population_detail.v1,C003677,200,0.2254898926790786,0.5874972684270408,0.5992499229462304,0.7834354583921547,0.995,0.005,0.0,0.0,insufficient_group_size,,,0,200,0,success,,
population_detail.v1,C003678,200,0.39214469309777616,1.2931177789459667,1.35459065455004,1.9775393167387103,0.285,0.715,0.0,0.0,insufficient_group_size,,,0,200,0,success,,
population_detail.v1,C003679,200,0.29011967112214826,0.9631513471580786,1.0020823268515402,1.3577287843775891,0.295,0.705,0.0,0.0,insufficient_group_size,,,0,200,0,success,,
population_detail.v1,C003680,200,0.3508394326217171,1.121949298813826,1.167484485471786,1.4341710617228427,0.37,0.135,0.485,0.01,found,13.0,variable_expense_ratio,99,101,24,success,,
population_detail.v1,C003681,200,0.2538227502495024,0.6232246581763303,0.6450397351190443,0.7701976011788151,0.98,0.015,0.005,0.0,insufficient_group_size,,,1,199,0,success,,
population_detail.v1,C003682,200,0.14361121410158453,0.5541674010454196,0.5925539729882564,0.7078526669985037,0.095,0.03,0.74,0.135,found,13.0,variable_expense_ratio,175,25,11,success,,
population_detail.v1,C003683,200,0.3266453809694556,1.2976909123844103,1.3587022222442577,1.6100229238231922,0.655,0.345,0.0,0.0,insufficient_group_size,,,0,200,0,success,,
population_detail.v1,C003684,200,0.15181618556234316,0.5472632177066076,0.5805499329797534,0.6535082506137607,1.0,0.0,0.0,0.0,insufficient_group_size,,,0,200,0,success,,
population_detail.v1,C003685,200,0.19372676095622982,0.5224580862216129,0.5446750086844316,0.6817374496958863,0.125,0.055,0.705,0.115,found,13.0,variable_expense_ratio,164,36,24,success,,
population_detail.v1,C003686,200,0.22280227355315413,0.5290151027488266,0.5541047915327744,0.6621021011762175,0.995,0.0,0.005,0.0,insufficient_group_size,,,1,199,0,success,,
population_detail.v1,C003687,200,0.11081184805459487,0.5411176751994414,0.5671977288676053,0.7193816555571046,0.99,0.005,0.005,0.0,insufficient_group_size,,,1,199,0,success,,
population_detail.v1,C003688,200,0.18668273853699546,0.7836776504637788,0.8260383344183051,0.989052219804494,0.265,0.16,0.55,0.025,found,13.0,variable_expense_ratio,115,85,24,success,,
population_detail.v1,C003689,200,0.159335883074368,0.6370776799002106,0.6593652389039467,0.8376824591950213,0.355,0.11,0.455,0.08,found,13.0,variable_expense_ratio,107,93,24,success,,
population_detail.v1,C003690,200,0.31410988933321116,0.9369335954674984,0.9591050686027236,1.1587753535544414,0.02,0.015,0.515,0.45,insufficient_group_size,,,193,7,0,success,,
population_detail.v1,C003691,200,0.10736452579988241,0.4340442188947293,0.44758635171482186,0.5998515322303503,1.0,0.0,0.0,0.0,insufficient_group_size,,,0,200,0,success,,
population_detail.v1,C003692,200,0.09633153256900269,0.5279160457609492,0.552964531930676,0.7070438451120376,1.0,0.0,0.0,0.0,insufficient_group_size,,,0,200,0,success,,
population_detail.v1,C003693,200,0.4131910794185093,1.4005692195704182,1.4937277835870901,1.7411125264245424,0.7,0.3,0.0,0.0,insufficient_group_size,,,0,200,0,success,,
population_detail.v1,C003694,200,0.36265524230464496,1.0914184757985481,1.1293725723296828,1.4643740060159631,0.0,0.0,0.065,0.935,insufficient_group_size,,,200,0,0,success,,
population_detail.v1,C003695,200,0.3107343365251373,1.1276795098819994,1.1757658965235884,1.4752231983282298,0.03,0.01,0.405,0.555,insufficient_group_size,,,192,8,0,success,,
population_detail.v1,C003696,200,0.11599807645239243,0.5963594075968471,0.6136550294832832,0.7413907565844902,0.75,0.09,0.16,0.0,found,13.0,variable_expense_ratio,32,168,24,success,,
population_detail.v1,C003697,200,0.15140363834851714,0.5053271422655676,0.5205857529887432,0.6374173025304167,0.9,0.045,0.055,0.0,insufficient_group_size,,,11,189,0,success,,
population_detail.v1,C003698,200,0.2425853248109113,0.6876181335049555,0.7227632686191312,0.8405056912199976,0.61,0.19,0.2,0.0,found,13.0,variable_expense_ratio,40,160,24,success,,
population_detail.v1,C003699,200,0.24240423234378164,0.7597895868186282,0.8057449661960459,0.9767209123694698,0.565,0.16,0.27,0.005,found,13.0,variable_expense_ratio,55,145,24,success,,
population_detail.v1,C003700,200,0.2271806829681071,0.5514623304344669,0.5745582052306535,0.726401232690945,0.975,0.015,0.01,0.0,insufficient_group_size,,,2,198,0,success,,
population_detail.v1,C003701,200,0.2182087175083192,1.4293502236153859,1.5369171955716816,1.7865046836262757,0.535,0.055,0.41,0.0,found,13.0,variable_expense_ratio,82,118,24,success,,
population_detail.v1,C003702,200,0.2774165834751828,1.1067431591535986,1.15871832132523,1.5277080631254014,0.375,0.625,0.0,0.0,insufficient_group_size,,,0,200,0,success,,
population_detail.v1,C003703,200,0.1453812561492261,0.7109188018019365,0.7423773824306736,0.9396574820668878,0.975,0.005,0.02,0.0,insufficient_group_size,,,4,196,0,success,,
population_detail.v1,C003704,200,0.16220408187758575,0.597238885328245,0.6129412172161097,0.7968165204974802,0.91,0.03,0.06,0.0,insufficient_group_size,,,12,188,0,success,,
population_detail.v1,C003705,200,0.2129229930563313,0.5036862829229534,0.5266295797819323,0.6465600799248108,0.985,0.01,0.005,0.0,insufficient_group_size,,,1,199,0,success,,
population_detail.v1,C003706,200,0.3430358745632779,0.8266087958182271,0.8755969781936668,1.0041648803388814,0.435,0.195,0.35,0.02,found,13.0,variable_expense_ratio,74,126,24,success,,
population_detail.v1,C003707,200,0.19494997636348965,1.2270640965215147,1.299089306181385,1.5607390729932402,0.375,0.16,0.455,0.01,found,13.0,variable_expense_ratio,93,107,24,success,,
population_detail.v1,C003708,200,0.2618063412959423,0.7474093853367818,0.7846603680642021,0.9482008354098125,0.1,0.01,0.685,0.205,found,13.0,variable_expense_ratio,178,22,24,success,,
population_detail.v1,C003709,200,0.40070393336293986,0.9071850551394942,0.9227865778802715,1.1835708910570932,0.025,0.01,0.465,0.5,insufficient_group_size,,,193,7,0,success,,
population_detail.v1,C003710,200,0.20383692451561441,0.6358023864017577,0.6691069828275603,0.8098065878170626,0.87,0.065,0.065,0.0,insufficient_group_size,,,13,187,0,success,,
population_detail.v1,C003711,200,0.24246901520171057,0.5363449206410752,0.5484199216151231,0.6776275755495875,1.0,0.0,0.0,0.0,insufficient_group_size,,,0,200,0,success,,
population_detail.v1,C003712,200,0.1671905983080093,0.5439886739252434,0.5723368154894264,0.6940594288141593,0.945,0.05,0.005,0.0,insufficient_group_size,,,1,199,0,success,,
population_detail.v1,C003713,200,0.12524215873421382,1.1367696357961368,1.1761992179599439,1.87801179246863,0.915,0.085,0.0,0.0,insufficient_group_size,,,0,200,0,success,,
population_detail.v1,C003714,200,0.18813328418571834,0.8381690595115144,0.871765183852484,1.200671809730529,0.33,0.055,0.615,0.0,found,13.0,variable_expense_ratio,123,77,24,success,,
population_detail.v1,C003715,200,0.22365278205904698,0.5804339571408225,0.6040760348991991,0.7287281688019357,0.27,0.09,0.6,0.04,found,13.0,variable_expense_ratio,128,72,24,success,,
population_detail.v1,C003716,200,0.4140044208734236,0.6841795056122812,0.70359407501786,0.8163967911588322,0.125,0.06,0.695,0.12,found,13.0,variable_expense_ratio,163,37,24,success,,
population_detail.v1,C003717,200,0.24788916113945514,0.6412956112014886,0.6773689411236554,0.8088939879654659,0.065,0.015,0.82,0.1,insufficient_group_size,,,184,16,0,success,,
population_detail.v1,C003718,200,0.20024835417794046,0.6482163268631885,0.6761976921176349,0.795678283137748,0.025,0.02,0.735,0.22,insufficient_group_size,,,191,9,0,success,,
population_detail.v1,C003719,200,0.19264556288082818,0.4923596028662878,0.5092247870897202,0.6097543523891858,0.98,0.01,0.01,0.0,insufficient_group_size,,,2,198,0,success,,
population_detail.v1,C003720,200,0.16554661604996013,0.493624670109279,0.5088524881127875,0.650504867411253,1.0,0.0,0.0,0.0,insufficient_group_size,,,0,200,0,success,,
population_detail.v1,C003721,200,0.2858561421654856,0.619912869213589,0.6486589228276167,0.7262671898823296,0.995,0.0,0.005,0.0,insufficient_group_size,,,1,199,0,success,,
population_detail.v1,C003722,200,0.20281790331232932,0.6761303043841235,0.7080789677140318,0.8864536036254512,0.04,0.025,0.69,0.245,insufficient_group_size,,,187,13,0,success,,
population_detail.v1,C003723,200,0.2883358797166207,1.335851892194838,1.343211611648655,1.95665572749549,0.985,0.015,0.0,0.0,insufficient_group_size,,,0,200,0,success,,
population_detail.v1,C003724,200,0.21924404610918816,0.7933462997190733,0.8092595291086309,0.9554491323676572,0.94,0.03,0.03,0.0,insufficient_group_size,,,6,194,0,success,,
population_detail.v1,C003725,200,0.2843808715820613,0.6923671277203567,0.70873864628706,0.8888651313190413,0.09,0.06,0.775,0.075,found,14.0,cash_balance_ratio,170,30,23,success,,
population_detail.v1,C003726,200,0.20054699884870186,0.610752953710156,0.6345333262950414,0.770822387014393,0.075,0.015,0.755,0.155,insufficient_group_size,,,182,18,0,success,,
population_detail.v1,C003727,200,0.16681134830627625,0.8834100690893095,0.9285471168900766,1.2574230025699806,0.345,0.065,0.59,0.0,found,13.0,variable_expense_ratio,118,82,24,success,,
population_detail.v1,C003728,200,0.4616693894309707,1.7481099850759207,1.8498270021491763,2.257528103924243,0.48,0.145,0.37,0.005,found,13.0,variable_expense_ratio,75,125,24,success,,
population_detail.v1,C003729,200,0.381213660201737,0.8761302606455041,0.9150557242258814,1.0852827464199477,0.465,0.1,0.42,0.015,found,13.0,variable_expense_ratio,87,113,24,success,,
population_detail.v1,C003730,200,0.15190968495560486,0.7514566863850984,0.7921453188507769,1.0157293938046221,0.94,0.015,0.045,0.0,insufficient_group_size,,,9,191,0,success,,
population_detail.v1,C003731,200,0.3947586814282986,0.9757091075541828,1.0316349124419348,1.2406812513821575,0.025,0.005,0.43,0.54,insufficient_group_size,,,194,6,0,success,,
population_detail.v1,C003732,200,0.33449609024105925,1.5921038118763138,1.64232979736654,2.0709629616781378,0.85,0.04,0.095,0.015,found,13.0,cash_balance_ratio,22,178,24,success,,
population_detail.v1,C003733,200,0.26568247913355497,0.6611056171382659,0.6867316302303306,0.8264955299424824,0.095,0.02,0.79,0.095,found,13.0,variable_expense_ratio,177,23,24,success,,
population_detail.v1,C003734,200,0.17409855057492293,0.6005382463807696,0.6278072896358886,0.7371719146255488,0.88,0.03,0.09,0.0,insufficient_group_size,,,18,182,0,success,,
population_detail.v1,C003735,200,0.14704997446663096,0.5514123375374546,0.5766917989250926,0.7214032514934253,0.1,0.03,0.76,0.11,found,13.0,variable_expense_ratio,174,26,11,success,,
population_detail.v1,C003736,200,0.27192380409599093,0.6582712408107398,0.6732637525566106,0.8744599737753319,0.065,0.025,0.775,0.135,insufficient_group_size,,,182,18,0,success,,
population_detail.v1,C003737,200,0.44356166291175,1.1335156539444184,1.1883448316653862,1.357840023590943,0.24,0.13,0.61,0.02,found,13.0,variable_expense_ratio,126,74,24,success,,
population_detail.v1,C003738,200,0.3261053888280279,0.9620246377928601,1.008421930753086,1.3396777959974295,0.4,0.6,0.0,0.0,insufficient_group_size,,,0,200,0,success,,
population_detail.v1,C003739,200,0.51106650768718,1.4708089377576192,1.5464795541818295,1.8639961346991922,0.5,0.18,0.315,0.005,found,13.0,variable_expense_ratio,64,136,24,success,,
population_detail.v1,C003740,200,0.47987128778314997,0.92386052068049,0.9654839656661705,1.1362554356363594,0.08,0.08,0.76,0.08,found,13.0,cash_balance_ratio,168,32,24,success,,
population_detail.v1,C003741,200,0.18444873690915053,0.5485343059040819,0.5802758395054926,0.6853276813676495,1.0,0.0,0.0,0.0,insufficient_group_size,,,0,200,0,success,,
population_detail.v1,C003742,200,0.286256713523598,1.1484091584524256,1.2164849004764307,1.4942831166609083,0.5,0.05,0.45,0.0,found,13.0,variable_expense_ratio,90,110,24,success,,
population_detail.v1,C003743,200,0.46848974505629987,1.1732335146779131,1.2379402555090175,1.5835377069671273,0.0,0.0,0.03,0.97,insufficient_group_size,,,200,0,0,success,,
population_detail.v1,C003744,200,0.28952305354488944,0.6266059885380565,0.6489593138608887,0.7797791236920498,1.0,0.0,0.0,0.0,insufficient_group_size,,,0,200,0,success,,
population_detail.v1,C003745,200,0.10582985414217434,0.49993975640806726,0.5180971023561071,0.6864604024651443,1.0,0.0,0.0,0.0,insufficient_group_size,,,0,200,0,success,,
population_detail.v1,C003746,200,0.22698533312631142,0.5548882307958206,0.5649780348719744,0.7456758667598613,1.0,0.0,0.0,0.0,insufficient_group_size,,,0,200,0,success,,
population_detail.v1,C003747,200,0.1342990583537914,0.48207182521555825,0.4988675075448328,0.6507261765715222,0.96,0.02,0.02,0.0,insufficient_group_size,,,4,196,0,success,,
population_detail.v1,C003748,200,0.2537378877343524,0.9579091748891625,1.0364828041299015,1.3050481124156663,0.43,0.57,0.0,0.0,insufficient_group_size,,,0,200,0,success,,
population_detail.v1,C003749,200,0.23135738803521916,0.5526190705210817,0.574734007368588,0.6930889604824229,0.3,0.075,0.555,0.07,found,13.0,variable_expense_ratio,125,75,24,success,,
population_detail.v1,C003750,200,0.3331392545217027,0.9647741548444607,0.9688213425598031,1.3234102576730462,0.42,0.225,0.34,0.015,found,13.0,variable_expense_ratio,71,129,24,success,,
population_detail.v1,C003751,200,0.1989039638044461,0.6640525185256891,0.6999723614943105,0.9271049610781703,1.0,0.0,0.0,0.0,insufficient_group_size,,,0,200,0,success,,
population_detail.v1,C003752,200,0.28334034343119757,1.9341121231324638,1.9908084777619854,2.8464836324639817,0.515,0.14,0.345,0.0,found,13.0,variable_expense_ratio,69,131,24,success,,
population_detail.v1,C003753,200,0.35055977748967065,1.281620267154584,1.332963817414899,1.595122470245074,0.675,0.325,0.0,0.0,insufficient_group_size,,,0,200,0,success,,
population_detail.v1,C003754,200,0.201455139562126,0.5948356806814088,0.6237217070674606,0.7911529337313742,0.995,0.0,0.005,0.0,insufficient_group_size,,,1,199,0,success,,
population_detail.v1,C003755,200,0.3030607353577663,0.9261815078837803,0.9739144849146816,1.2572276371783997,0.43,0.57,0.0,0.0,insufficient_group_size,,,0,200,0,success,,
population_detail.v1,C003756,200,0.21985650316841066,0.5399124759921609,0.5742555128567788,0.7136869444335835,0.83,0.065,0.105,0.0,found,13.0,variable_expense_ratio,21,179,24,success,,
population_detail.v1,C003757,200,0.1460410094660699,0.4981561235654777,0.5134627780805856,0.670230487150229,1.0,0.0,0.0,0.0,insufficient_group_size,,,0,200,0,success,,
population_detail.v1,C003758,200,0.30456711039940676,1.6544212433504686,1.7992332188604419,2.2954001392918753,0.69,0.31,0.0,0.0,insufficient_group_size,,,0,200,0,success,,
population_detail.v1,C003759,200,0.2129229930563313,0.48185502732650315,0.49298856875523045,0.616243595767638,0.985,0.005,0.01,0.0,insufficient_group_size,,,2,198,0,success,,
population_detail.v1,C003760,200,0.26894116618318675,0.9177930613096763,0.9248333378624567,1.328673162940258,0.35,0.65,0.0,0.0,insufficient_group_size,,,0,200,0,success,,
population_detail.v1,C003761,200,0.17213615692897025,0.6138632469390085,0.6462205991815769,0.8213890566944799,1.0,0.0,0.0,0.0,insufficient_group_size,,,0,200,0,success,,
population_detail.v1,C003762,200,0.18775713889164888,0.6169233902853806,0.6445736064297383,0.8532490255153902,1.0,0.0,0.0,0.0,insufficient_group_size,,,0,200,0,success,,
population_detail.v1,C003763,200,0.1476861193252579,0.541583894829319,0.5712307809380928,0.6864075607506255,1.0,0.0,0.0,0.0,insufficient_group_size,,,0,200,0,success,,
population_detail.v1,C003764,200,0.18180449141882335,0.5874642399902448,0.60062594921431,0.7704781087743798,0.975,0.005,0.02,0.0,insufficient_group_size,,,4,196,0,success,,
population_detail.v1,C003765,200,0.5315430966073641,0.8376597151503223,0.855835644569392,0.9908658971243136,0.065,0.045,0.755,0.135,found,13.0,variable_expense_ratio,178,22,24,success,,
population_detail.v1,C003766,200,0.4500703950582094,1.142744807945438,1.1897321993519,1.4301106556992167,0.43,0.025,0.545,0.0,found,13.0,variable_expense_ratio,109,91,24,success,,
population_detail.v1,C003767,200,0.17422493172546036,0.5258829838917417,0.5545990383057083,0.716629964983889,0.98,0.01,0.01,0.0,insufficient_group_size,,,2,198,0,success,,
population_detail.v1,C003768,200,0.15826407666505984,0.5832891166331317,0.6227803430261224,0.7850974571834277,0.99,0.005,0.005,0.0,insufficient_group_size,,,1,199,0,success,,
population_detail.v1,C003769,200,0.21039287619857563,0.6917655731728155,0.7237886166309635,0.8985763558076346,0.1,0.04,0.775,0.085,found,13.0,variable_expense_ratio,172,28,24,success,,
population_detail.v1,C003770,200,0.1859934723253127,0.6641070585828062,0.6945223516148328,0.8380064052417383,0.175,0.075,0.68,0.07,found,13.0,variable_expense_ratio,150,50,24,success,,
population_detail.v1,C003771,200,0.2656188934142534,0.625215413639982,0.6516011685208578,0.7676242460088911,0.99,0.005,0.005,0.0,insufficient_group_size,,,1,199,0,success,,
population_detail.v1,C003772,200,0.2601204591502367,0.5897487643134915,0.61786943742101,0.7018074249053079,0.83,0.07,0.1,0.0,found,13.0,variable_expense_ratio,20,180,24,success,,
population_detail.v1,C003773,200,0.32726677511529884,1.6208898453159677,1.776695590080187,2.0891568218578946,0.88,0.0,0.12,0.0,found,13.0,cash_balance_ratio,24,176,24,success,,
population_detail.v1,C003774,200,0.2306900279634506,0.8177077036805267,0.8481885192543255,1.0779667321850417,0.62,0.035,0.345,0.0,found,13.0,variable_expense_ratio,69,131,24,success,,
population_detail.v1,C003775,200,0.37707359714980965,1.8905690487526072,1.9500624235717527,2.115443461204978,0.075,0.035,0.725,0.165,found,13.0,variable_expense_ratio,178,22,24,success,,
population_detail.v1,C003776,200,0.3171266238387241,0.864531881100564,0.8852907021916927,1.180494838325273,0.0,0.005,0.35,0.645,insufficient_group_size,,,199,1,0,success,,
population_detail.v1,C003777,200,0.2968525222198563,0.6311370208859234,0.6503699852621514,0.7705239325602659,0.09,0.025,0.745,0.14,found,13.0,variable_expense_ratio,177,23,24,success,,
population_detail.v1,C003778,200,0.12563604113028323,0.6412215885777627,0.6633631557821054,0.8553318757561618,0.96,0.025,0.015,0.0,insufficient_group_size,,,3,197,0,success,,
population_detail.v1,C003779,200,0.13928361105362602,1.1600345662290465,1.209313192653079,1.6849869463601421,0.47,0.53,0.0,0.0,insufficient_group_size,,,0,200,0,success,,
population_detail.v1,C003780,200,1.342721197569964,2.4766486503785194,2.548533428997973,2.6654304080897306,0.145,0.125,0.27,0.46,found,13.0,cash_balance_ratio,146,54,24,success,,
population_detail.v1,C003781,200,0.21726210913554891,0.830799780578491,0.9017575761097296,1.1616670231723285,0.985,0.01,0.005,0.0,insufficient_group_size,,,1,199,0,success,,
population_detail.v1,C003782,200,0.19617131037367602,0.7590073730281517,0.776411817525246,1.0492996067977356,0.0,0.0,0.105,0.895,insufficient_group_size,,,200,0,0,success,,
population_detail.v1,C003783,200,0.18736153238066638,0.4929308764843529,0.511934412918416,0.6545750424828396,1.0,0.0,0.0,0.0,insufficient_group_size,,,0,200,0,success,,
population_detail.v1,C003784,200,0.5137724747127965,1.4325852023809476,1.4642393335227002,1.7267206427691917,0.4,0.6,0.0,0.0,insufficient_group_size,,,0,200,0,success,,
population_detail.v1,C003785,200,0.3747843963259489,0.8713955431462723,0.9142945271488379,1.1375728835462233,0.005,0.005,0.67,0.32,insufficient_group_size,,,198,2,0,success,,
population_detail.v1,C003786,200,0.18588566241274893,0.5335602516604065,0.5496711955460785,0.72376015438758,0.96,0.035,0.005,0.0,insufficient_group_size,,,1,199,0,success,,
population_detail.v1,C003787,200,0.4391658217282449,0.9829301428949875,1.0142539828018524,1.2598663514585684,0.035,0.02,0.505,0.44,insufficient_group_size,,,189,11,0,success,,
population_detail.v1,C003788,200,0.23705530012081957,0.7668128228313946,0.812877880387594,1.0161300155363222,0.035,0.03,0.67,0.265,insufficient_group_size,,,187,13,0,success,,
population_detail.v1,C003789,200,0.5026034788900424,1.561500617608191,1.609490264463656,1.8413469041519046,0.375,0.625,0.0,0.0,insufficient_group_size,,,0,200,0,success,,
population_detail.v1,C003790,200,0.2456814828847848,1.5095974978218825,1.6540310925899226,2.0892754760459775,0.69,0.31,0.0,0.0,insufficient_group_size,,,0,200,0,success,,
population_detail.v1,C003791,200,0.17486893211149732,0.7857191502321405,0.817699225401869,1.0743092203254265,0.0,0.0,0.1,0.9,insufficient_group_size,,,200,0,0,success,,
population_detail.v1,C003792,200,0.175229588514473,0.9094442195079384,0.9519825911402494,1.1922624217911715,0.68,0.085,0.235,0.0,found,13.0,variable_expense_ratio,47,153,24,success,,
population_detail.v1,C003793,200,0.19769621992182168,0.858187884073302,0.917797513020788,1.1832272445532932,0.425,0.03,0.545,0.0,found,13.0,cash_balance_ratio,109,91,24,success,,
population_detail.v1,C003794,200,0.31870864687554185,0.8808469800010782,0.8922317309227092,1.2529268121411843,0.32,0.68,0.0,0.0,insufficient_group_size,,,0,200,0,success,,
population_detail.v1,C003795,200,0.18349304350850598,0.5860811462586747,0.6094022092703231,0.751231565614578,1.0,0.0,0.0,0.0,insufficient_group_size,,,0,200,0,success,,
population_detail.v1,C003796,200,3.063720652004727,16.397016023806216,18.913932556267063,19.384813433041277,0.535,0.28,0.13,0.055,found,13.0,cash_balance_ratio,37,163,24,success,,
population_detail.v1,C003797,200,0.19391920455372139,0.6492656963518364,0.6798319775809347,0.823952254894995,0.055,0.005,0.655,0.285,insufficient_group_size,,,188,12,0,success,,
population_detail.v1,C003798,200,0.24577421110663658,0.7170211013663942,0.7621943749788772,0.9322256248162469,0.005,0.02,0.725,0.25,insufficient_group_size,,,195,5,0,success,,
population_detail.v1,C003799,200,0.3598251289843806,0.7117928635655492,0.7447704255396259,0.8713573061716336,1.0,0.0,0.0,0.0,insufficient_group_size,,,0,200,0,success,,
population_detail.v1,C003800,200,0.2129292979574449,2.3622683649129557,2.4986225137165614,3.3975063318568726,0.54,0.125,0.335,0.0,found,13.0,variable_expense_ratio,67,133,24,success,,
population_detail.v1,C003801,200,0.2997630611291614,0.9158765065695476,0.930879869851877,1.1437980059498323,0.005,0.01,0.51,0.475,insufficient_group_size,,,197,3,0,success,,
population_detail.v1,C003802,200,0.1783619310298642,0.6295923740742398,0.6566876918363367,0.7880254491826366,0.195,0.045,0.67,0.09,found,13.0,cash_balance_ratio,152,48,24,success,,
population_detail.v1,C003803,200,0.26633004169142754,1.000053867200592,1.0505563765707122,1.2080620451974877,0.12,0.08,0.715,0.085,found,13.0,variable_expense_ratio,160,40,24,success,,
population_detail.v1,C003804,200,0.18759833093681216,0.6028912907042,0.6175951236720999,0.7870511739650318,0.095,0.045,0.765,0.095,found,13.0,variable_expense_ratio,172,28,6,success,,
population_detail.v1,C003805,200,0.3330169608369189,0.962592785589495,0.9992138097771878,1.340374135454909,0.285,0.715,0.0,0.0,insufficient_group_size,,,0,200,0,success,,
population_detail.v1,C003806,200,0.14242923559566095,0.7969392477245705,0.8278805781317963,1.1184346150814533,0.0,0.0,0.05,0.95,insufficient_group_size,,,200,0,0,success,,
population_detail.v1,C003807,200,0.23990666144422101,0.6459416261674026,0.6935234559205838,0.8252290956693559,1.0,0.0,0.0,0.0,insufficient_group_size,,,0,200,0,success,,
population_detail.v1,C003808,200,0.3109232328764805,1.7583627924229717,1.7921648583162741,2.613755693957937,0.53,0.13,0.34,0.0,found,13.0,variable_expense_ratio,68,132,24,success,,
population_detail.v1,C003809,200,0.19100506101482911,0.533943945067204,0.5636910089984661,0.7170680603571392,0.945,0.005,0.05,0.0,insufficient_group_size,,,10,190,0,success,,
population_detail.v1,C003810,200,0.16505084655326577,0.6066353271398868,0.6349390209182506,0.8071539982997478,0.95,0.04,0.01,0.0,insufficient_group_size,,,2,198,0,success,,
population_detail.v1,C003811,200,0.21325139456862774,0.5224729515207216,0.5355714317701281,0.6521811031179646,0.99,0.005,0.005,0.0,insufficient_group_size,,,1,199,0,success,,
population_detail.v1,C003812,200,0.3656658289734962,1.4527884896124221,1.4956981693658884,1.7433244899889353,0.445,0.555,0.0,0.0,insufficient_group_size,,,0,200,0,success,,
population_detail.v1,C003813,200,0.3015648525093908,0.7416349242732642,0.7815185196148029,0.9158757498458275,0.87,0.085,0.045,0.0,insufficient_group_size,,,9,191,0,success,,
population_detail.v1,C003814,200,0.12935255508287855,0.5439356697255859,0.5627254287007105,0.7475595163552948,0.95,0.025,0.025,0.0,insufficient_group_size,,,5,195,0,success,,
population_detail.v1,C003815,200,0.5738223358575474,1.472988585422965,1.5699600049179723,2.0252626414121306,0.3,0.7,0.0,0.0,insufficient_group_size,,,0,200,0,success,,
population_detail.v1,C003816,200,0.26979578836787277,0.847341989521761,0.8867965094462351,1.1216722857179917,0.035,0.01,0.47,0.485,insufficient_group_size,,,191,9,0,success,,
population_detail.v1,C003817,200,0.22204784675770123,0.5597774817164444,0.5803625876963457,0.7341548107451544,0.96,0.0,0.04,0.0,insufficient_group_size,,,8,192,0,success,,
population_detail.v1,C003818,200,0.4684922211840374,1.5304003223629785,1.6276508733469996,2.003486030076745,0.0,0.0,0.02,0.98,insufficient_group_size,,,200,0,0,success,,
population_detail.v1,C003819,200,0.303812731912938,1.2901353848994594,1.3526025211389043,1.6897710024215693,0.0,0.0,0.03,0.97,insufficient_group_size,,,200,0,0,success,,
population_detail.v1,C003820,200,0.17225567720494028,0.529353793801072,0.5455532734701483,0.6767888464882663,0.985,0.01,0.005,0.0,insufficient_group_size,,,1,199,0,success,,
population_detail.v1,C003821,200,0.2487476181967026,0.5428333767502932,0.5652673712657648,0.7245949371145566,1.0,0.0,0.0,0.0,insufficient_group_size,,,0,200,0,success,,
population_detail.v1,C003822,200,0.363982043025239,1.113189091808654,1.1119177005297596,1.5448176113811956,0.52,0.48,0.0,0.0,insufficient_group_size,,,0,200,0,success,,
population_detail.v1,C003823,200,0.17038796239224444,0.5433679836524822,0.5566303232590472,0.7573561057081518,0.97,0.015,0.015,0.0,insufficient_group_size,,,3,197,0,success,,
population_detail.v1,C003824,200,0.1529446401875563,0.6588813853328775,0.6823680260604419,0.8682762465778304,0.97,0.02,0.01,0.0,insufficient_group_size,,,2,198,0,success,,
population_detail.v1,C003825,200,0.35304834203782753,1.191823167802536,1.2201266222860574,1.6634703728087332,0.305,0.695,0.0,0.0,insufficient_group_size,,,0,200,0,success,,
population_detail.v1,C003826,200,0.24885352319625215,0.9172919078705191,0.945962781115063,1.304393942233807,0.0,0.005,0.38,0.615,insufficient_group_size,,,199,1,0,success,,
population_detail.v1,C003827,200,0.1809912872234024,1.1019897974778465,1.130522755140245,1.6833919109516156,0.855,0.145,0.0,0.0,insufficient_group_size,,,0,200,0,success,,
population_detail.v1,C003828,200,0.3051210662612209,1.3342271246301647,1.419036980696227,1.8070723824394206,0.495,0.505,0.0,0.0,insufficient_group_size,,,0,200,0,success,,
population_detail.v1,C003829,200,0.475826569342296,1.461192444296553,1.5512835804580192,1.821450344232316,0.5,0.17,0.325,0.005,found,13.0,variable_expense_ratio,66,134,24,success,,
population_detail.v1,C003830,200,0.19849611471509268,0.6668297926993161,0.6998562544252414,0.873570795586336,1.0,0.0,0.0,0.0,insufficient_group_size,,,0,200,0,success,,
population_detail.v1,C003831,200,0.21876851413604334,1.094017108386595,1.129676319657239,1.579526788525874,0.32,0.68,0.0,0.0,insufficient_group_size,,,0,200,0,success,,
population_detail.v1,C003832,200,0.24965358571471905,0.5407321019233375,0.5603061662596953,0.7249830882924932,0.94,0.035,0.025,0.0,insufficient_group_size,,,5,195,0,success,,
population_detail.v1,C003833,200,0.33591264151498657,0.9129504577389688,0.9406803508186792,1.1034427834023368,0.24,0.115,0.55,0.095,found,13.0,variable_expense_ratio,129,71,24,success,,
population_detail.v1,C003834,200,0.4393299321073249,1.2856897592226681,1.3218062355703923,1.6656033368558794,0.565,0.435,0.0,0.0,insufficient_group_size,,,0,200,0,success,,
population_detail.v1,C003835,200,0.4239291080247642,1.8817476203559296,2.0291707022116334,2.323084591115874,0.845,0.03,0.125,0.0,found,13.0,cash_balance_ratio,25,175,24,success,,
population_detail.v1,C003836,200,0.23507288319431593,1.2002261677666501,1.2405622874171023,1.8895340779863763,0.3,0.7,0.0,0.0,insufficient_group_size,,,0,200,0,success,,
population_detail.v1,C003837,200,0.25114145918183406,0.6854585156323842,0.7079851942347524,0.8763974594639227,0.02,0.01,0.57,0.4,insufficient_group_size,,,194,6,0,success,,
population_detail.v1,C003838,200,0.24564982497182844,0.6183160545503242,0.6353793387704252,0.7609439924867725,0.405,0.04,0.54,0.015,found,13.0,savings_rate,111,89,2,success,,
population_detail.v1,C003839,200,0.22112466906723033,0.9349200013350921,1.0247166895997983,1.2763177535024153,0.97,0.02,0.01,0.0,insufficient_group_size,,,2,198,0,success,,
population_detail.v1,C003840,200,0.18434580377399654,1.305305027279715,1.3878691240958272,1.6266197714226152,0.76,0.065,0.175,0.0,found,13.0,variable_expense_ratio,35,165,24,success,,
population_detail.v1,C003841,200,0.1804356607881344,0.5400584695512284,0.5506698047111456,0.7543958248399695,1.0,0.0,0.0,0.0,insufficient_group_size,,,0,200,0,success,,
population_detail.v1,C003842,200,0.19548302586566207,0.4769156518983298,0.4957631315582786,0.6171788817072623,1.0,0.0,0.0,0.0,insufficient_group_size,,,0,200,0,success,,
population_detail.v1,C003843,200,0.3077842336010149,0.9256454382436914,0.9546073670354467,1.275034273170363,0.35,0.65,0.0,0.0,insufficient_group_size,,,0,200,0,success,,
population_detail.v1,C003844,200,0.23900408712705878,0.5890095042005179,0.6011605379653341,0.7802226184450103,1.0,0.0,0.0,0.0,insufficient_group_size,,,0,200,0,success,,
population_detail.v1,C003845,200,0.14815580052459731,0.7208855943299113,0.7473632230677532,0.8574637341793889,0.725,0.125,0.145,0.005,found,13.0,cash_balance_ratio,30,170,24,success,,
population_detail.v1,C003846,200,0.13404705932952535,1.0597074901483403,1.0745641813841533,1.6378215331955082,0.275,0.725,0.0,0.0,insufficient_group_size,,,0,200,0,success,,
population_detail.v1,C003847,200,0.21937296966406042,0.6191223121977661,0.6367775396222788,0.7602282840678551,0.315,0.04,0.595,0.05,found,13.0,variable_expense_ratio,129,71,24,success,,
population_detail.v1,C003848,200,0.17835153088242484,0.4862696917497737,0.49131519181195715,0.6551333256717455,1.0,0.0,0.0,0.0,insufficient_group_size,,,0,200,0,success,,
population_detail.v1,C003849,200,0.30456711039940676,1.7389071778182812,1.8488705474753522,2.3525604380013627,0.675,0.325,0.0,0.0,insufficient_group_size,,,0,200,0,success,,
population_detail.v1,C003850,200,0.21381610730446493,1.1780874329738789,1.234898482661821,1.6401246344573748,0.385,0.615,0.0,0.0,insufficient_group_size,,,0,200,0,success,,
population_detail.v1,C003851,200,0.205145094311247,0.5555688156525221,0.5665016787400592,0.7684903438667261,0.995,0.0,0.005,0.0,insufficient_group_size,,,1,199,0,success,,
population_detail.v1,C003852,200,0.26283083581467304,0.5287643219487586,0.5499574956275397,0.7065787813831959,1.0,0.0,0.0,0.0,insufficient_group_size,,,0,200,0,success,,
population_detail.v1,C003853,200,0.1975167418267191,0.602503459599236,0.6239845168396981,0.7378212022662081,0.99,0.005,0.005,0.0,insufficient_group_size,,,1,199,0,success,,
population_detail.v1,C003854,200,0.48558137991909167,0.8875348738418785,0.9184250925852617,1.0981904178928492,0.0,0.0,0.235,0.765,insufficient_group_size,,,200,0,0,success,,
population_detail.v1,C003855,200,0.2752999984331559,0.5947488066971574,0.6255182956969878,0.7356246083143162,0.14,0.025,0.78,0.055,found,13.0,variable_expense_ratio,167,33,24,success,,
population_detail.v1,C003856,200,0.2563970970351569,0.7780676337861414,0.7897294769159708,1.0783285747583762,0.0,0.0,0.105,0.895,insufficient_group_size,,,200,0,0,success,,
population_detail.v1,C003857,200,0.7844062146065126,1.8104624922874089,1.871886678541167,1.9929477917985312,0.115,0.04,0.64,0.205,found,13.0,variable_expense_ratio,169,31,24,success,,
population_detail.v1,C003858,200,0.19824565017326873,0.6307806938266525,0.6494005352667502,0.8435331042110754,1.0,0.0,0.0,0.0,insufficient_group_size,,,0,200,0,success,,
population_detail.v1,C003859,200,0.289354811974966,1.4167780438823747,1.570865216613351,2.0037922716485124,0.7,0.3,0.0,0.0,insufficient_group_size,,,0,200,0,success,,
population_detail.v1,C003860,200,0.2989811027436974,1.2381449752249745,1.3039801252223835,1.7667148592362065,0.415,0.585,0.0,0.0,insufficient_group_size,,,0,200,0,success,,
population_detail.v1,C003861,200,0.1443161512074263,0.48452313644033895,0.5001282943700962,0.6499659198978434,0.99,0.0,0.01,0.0,insufficient_group_size,,,2,198,0,success,,
population_detail.v1,C003862,200,0.23519617985671898,0.5871303373881342,0.616511689736283,0.7085731760828328,0.48,0.14,0.37,0.01,found,13.0,variable_expense_ratio,76,124,24,success,,
population_detail.v1,C003863,200,0.21688692013239524,0.5380092879438589,0.5696962176505094,0.6829813223330446,0.585,0.06,0.33,0.025,found,13.0,variable_expense_ratio,71,129,24,success,,
population_detail.v1,C003864,200,0.3364126854857,1.3729682788382416,1.4175246683948801,1.727690986051393,0.965,0.035,0.0,0.0,insufficient_group_size,,,0,200,0,success,,
population_detail.v1,C003865,200,0.5613990176053354,2.786657257626993,2.8786377726463064,3.034072345033873,0.345,0.295,0.24,0.12,found,13.0,cash_balance_ratio,72,128,24,success,,
population_detail.v1,C003866,200,0.2505558186741807,0.6956204064668231,0.715813655217409,0.8964562327224429,0.055,0.015,0.71,0.22,insufficient_group_size,,,186,14,0,success,,
population_detail.v1,C003867,200,0.11220114738529822,0.6941783649816543,0.7162932901741412,0.9190351468071924,0.02,0.015,0.59,0.375,insufficient_group_size,,,193,7,0,success,,
population_detail.v1,C003868,200,0.3594759016987858,0.7453696916890329,0.7755464258771279,0.97681194697681,0.045,0.02,0.665,0.27,insufficient_group_size,,,187,13,0,success,,
population_detail.v1,C003869,200,0.3402012206652369,0.7366851735894585,0.7580184050855916,0.8842663067942826,0.1,0.035,0.73,0.135,found,13.0,variable_expense_ratio,173,27,5,success,,
population_detail.v1,C003870,200,0.23353516592688556,0.7200091425291455,0.7783276008442056,0.9295795679296244,0.785,0.025,0.19,0.0,found,13.0,variable_expense_ratio,38,162,24,success,,
population_detail.v1,C003871,200,0.6622713441791782,1.222372160873337,1.2627360131345893,1.5238401872588236,0.33,0.045,0.625,0.0,found,13.0,savings_rate,125,75,3,success,,
population_detail.v1,C003872,200,0.20428524704360718,0.5584886775624117,0.5939034287885172,0.7160722766389571,0.345,0.04,0.595,0.02,found,13.0,variable_expense_ratio,123,77,24,success,,
population_detail.v1,C003873,200,0.1453812561492261,0.6841599746406505,0.7174697368987043,0.9311123466402583,0.99,0.0,0.01,0.0,insufficient_group_size,,,2,198,0,success,,
population_detail.v1,C003874,200,1.6655134129468137,10.885604526065812,12.988687800850286,13.358430052564117,0.465,0.365,0.12,0.05,found,13.0,cash_balance_ratio,34,166,24,success,,
population_detail.v1,C003875,200,0.22031655346873205,0.7800709798690143,0.8331300196491722,1.0666945778698975,0.525,0.035,0.44,0.0,found,13.0,variable_expense_ratio,88,112,24,success,,
population_detail.v1,C003876,200,0.34844696062108726,0.8621154962992533,0.9187468716485326,1.133091884412907,0.045,0.02,0.79,0.145,insufficient_group_size,,,187,13,0,success,,
population_detail.v1,C003877,200,0.193734657237711,0.6314035596666555,0.6638888444589567,0.8175475227605098,0.955,0.02,0.025,0.0,insufficient_group_size,,,5,195,0,success,,
population_detail.v1,C003878,200,0.22012809577896295,0.5255541998698005,0.5450784248898406,0.716518135385829,1.0,0.0,0.0,0.0,insufficient_group_size,,,0,200,0,success,,
population_detail.v1,C003879,200,0.18401394178708316,0.5187676247552698,0.5441517085198817,0.6557199614763111,0.72,0.03,0.25,0.0,found,13.0,variable_expense_ratio,50,150,24,success,,
population_detail.v1,C003880,200,0.2739701390508007,0.7948534982462562,0.8099422484228114,1.087997119911609,0.025,0.015,0.515,0.445,insufficient_group_size,,,192,8,0,success,,
population_detail.v1,C003881,200,0.46006974226597713,1.5673383329305932,1.6575901318852835,1.7330901259249956,0.875,0.015,0.11,0.0,found,13.0,variable_expense_ratio,22,178,24,success,,
population_detail.v1,C003882,200,0.14163631585401157,0.5102169996141889,0.5283641389945559,0.6659007807724461,0.135,0.06,0.7,0.105,found,13.0,variable_expense_ratio,161,39,24,success,,
population_detail.v1,C003883,200,0.21428421497409977,1.161443983834856,1.212574557175834,1.7624638079194388,0.97,0.03,0.0,0.0,insufficient_group_size,,,0,200,0,success,,
population_detail.v1,C003884,200,0.19892771238580487,0.465668689300419,0.4843714908778528,0.6462248829376259,1.0,0.0,0.0,0.0,insufficient_group_size,,,0,200,0,success,,
population_detail.v1,C003885,200,0.15773780864641693,0.820339690131326,0.8398460025928842,1.2034273973724796,0.355,0.055,0.59,0.0,found,13.0,variable_expense_ratio,118,82,24,success,,
population_detail.v1,C003886,200,0.15604182303690373,0.6404956163407327,0.6798960285574083,0.8491432825383105,0.23,0.08,0.56,0.13,found,13.0,cash_balance_ratio,138,62,24,success,,
population_detail.v1,C003887,200,0.17352381634919747,0.5718288958680504,0.5979745267972346,0.7105799790614372,0.89,0.04,0.07,0.0,insufficient_group_size,,,14,186,0,success,,
population_detail.v1,C003888,200,0.21468866344308882,0.7242853739236081,0.7595714254988021,0.9190837749598378,0.805,0.03,0.165,0.0,found,13.0,variable_expense_ratio,33,167,24,success,,
population_detail.v1,C003889,200,0.13680996200490872,0.4663843793368798,0.47444983932808693,0.7045279420915015,1.0,0.0,0.0,0.0,insufficient_group_size,,,0,200,0,success,,
population_detail.v1,C003890,200,0.29260997895930385,0.746752942657665,0.7872993172307272,0.9875048039932817,0.01,0.015,0.435,0.54,insufficient_group_size,,,195,5,0,success,,
population_detail.v1,C003891,200,0.19298990003009958,0.6346333749846002,0.6632711080257012,0.864345749869904,0.935,0.035,0.03,0.0,insufficient_group_size,,,6,194,0,success,,
population_detail.v1,C003892,200,0.26658546321338705,0.5405409141315605,0.5718935518874824,0.6709722550080706,0.995,0.005,0.0,0.0,insufficient_group_size,,,0,200,0,success,,
population_detail.v1,C003893,200,0.53799884980348,1.540640481749296,1.614055631600717,2.00036082270753,0.0,0.0,0.025,0.975,insufficient_group_size,,,200,0,0,success,,
population_detail.v1,C003894,200,0.20890086955915785,0.6044095282993251,0.6417586242604931,0.7416775608174858,0.82,0.025,0.155,0.0,found,13.0,variable_expense_ratio,31,169,24,success,,
population_detail.v1,C003895,200,0.17196975459541705,0.5632969086021687,0.583670959050478,0.7432611877044559,0.97,0.025,0.005,0.0,insufficient_group_size,,,1,199,0,success,,
population_detail.v1,C003896,200,0.22157134384436716,0.6334441552244088,0.6606300899263892,0.8025315750922818,0.915,0.06,0.025,0.0,insufficient_group_size,,,5,195,0,success,,
population_detail.v1,C003897,200,0.13215053742309243,0.5600389197059571,0.5813752228416996,0.7489944043082086,1.0,0.0,0.0,0.0,insufficient_group_size,,,0,200,0,success,,
population_detail.v1,C003898,200,0.1452317509925322,0.6721760071008535,0.7103633972945996,0.829636432477579,0.455,0.1,0.41,0.035,found,13.0,variable_expense_ratio,89,111,24,success,,
population_detail.v1,C003899,200,0.3536868618046818,1.0592405891612233,1.09665322770429,1.3480322028439353,0.7,0.085,0.215,0.0,found,13.0,variable_expense_ratio,43,157,24,success,,
population_detail.v1,C003900,200,0.17978876209689468,0.5784119981295772,0.6140367493055205,0.7613283015743013,0.99,0.005,0.005,0.0,insufficient_group_size,,,1,199,0,success,,
population_detail.v1,C003901,200,1.985626921997351,8.632139545110835,10.059114829859737,10.397907417295988,0.455,0.39,0.12,0.035,found,13.0,cash_balance_ratio,31,169,24,success,,
population_detail.v1,C003902,200,0.15517854110770796,0.5682202671208992,0.591610357586086,0.7033614861643439,0.995,0.005,0.0,0.0,insufficient_group_size,,,0,200,0,success,,
population_detail.v1,C003903,200,0.2864513279502714,1.1909105068763122,1.2778411961213108,1.5890513724818107,0.495,0.505,0.0,0.0,insufficient_group_size,,,0,200,0,success,,
population_detail.v1,C003904,200,0.10279288054394385,0.5596693579113302,0.6014384439077719,0.7768164952477734,0.985,0.01,0.005,0.0,insufficient_group_size,,,1,199,0,success,,
population_detail.v1,C003905,200,0.8070663470663192,1.7509954993100256,1.7955595160358404,1.9396799817059778,0.07,0.025,0.665,0.24,insufficient_group_size,,,181,19,0,success,,
population_detail.v1,C003906,200,0.25114145918183406,0.674875324431288,0.6882480831321315,0.8727178698791801,0.015,0.01,0.57,0.405,insufficient_group_size,,,195,5,0,success,,
population_detail.v1,C003907,200,0.246855707981482,0.6767151940907076,0.7154725777824287,0.8346103560806822,1.0,0.0,0.0,0.0,insufficient_group_size,,,0,200,0,success,,
population_detail.v1,C003908,200,0.7218160025930627,6.4684134942368,7.217557564285386,7.290816213668069,0.44,0.03,0.325,0.205,found,13.0,savings_rate,106,94,24,success,,
population_detail.v1,C003909,200,0.30585300752347594,0.8315270044709178,0.8818753588027428,1.0345364630392349,0.485,0.05,0.45,0.015,found,13.0,variable_expense_ratio,93,107,24,success,,
population_detail.v1,C003910,200,0.43172574336366887,0.977407938480078,1.0047155071916023,1.2501164256570854,0.0,0.0,0.225,0.775,insufficient_group_size,,,200,0,0,success,,
population_detail.v1,C003911,200,0.23518171471924507,0.7980157852353154,0.8303089825092305,0.9757834875236586,0.48,0.195,0.31,0.015,found,13.0,variable_expense_ratio,65,135,24,success,,
population_detail.v1,C003912,200,0.21207327943214146,0.5598354441879931,0.580597929893671,0.7125888892934852,1.0,0.0,0.0,0.0,insufficient_group_size,,,0,200,0,success,,
population_detail.v1,C003913,200,0.25396154808212723,0.6922459421895079,0.722663868357237,0.8580007603862707,0.895,0.065,0.04,0.0,insufficient_group_size,,,8,192,0,success,,
population_detail.v1,C003914,200,0.24791179355185272,0.8814892136486079,0.902278845824572,1.1739696507274704,0.0,0.005,0.34,0.655,insufficient_group_size,,,199,1,0,success,,
population_detail.v1,C003915,200,0.15149448338656532,0.6161212374972224,0.6378831361187394,0.8399188015690491,0.98,0.005,0.015,0.0,insufficient_group_size,,,3,197,0,success,,
population_detail.v1,C003916,200,0.13251697445432395,1.2708316386832292,1.3578926475718225,1.7401546651614581,0.465,0.535,0.0,0.0,insufficient_group_size,,,0,200,0,success,,
population_detail.v1,C003917,200,0.3184074458694042,0.8018753509686133,0.8222409332800809,1.0433168031006743,0.02,0.02,0.575,0.385,insufficient_group_size,,,192,8,0,success,,
population_detail.v1,C003918,200,0.19022151432313356,0.5598910698832859,0.575190891299181,0.7415447797482985,0.98,0.0,0.02,0.0,insufficient_group_size,,,4,196,0,success,,
population_detail.v1,C003919,200,0.1663160301921662,1.0279865294879291,1.0971036602333744,1.5360780312033666,0.27,0.73,0.0,0.0,insufficient_group_size,,,0,200,0,success,,
population_detail.v1,C003920,200,0.1962251887455101,0.6265256732972044,0.6646280984159656,0.7761165154817536,0.9,0.07,0.03,0.0,insufficient_group_size,,,6,194,0,success,,
population_detail.v1,C003921,200,0.3325800964542644,0.7104376554793148,0.7358009506587231,0.8882393854188378,0.33,0.17,0.425,0.075,found,13.0,variable_expense_ratio,100,100,24,success,,
population_detail.v1,C003922,200,0.23540568217190352,0.5833166979508387,0.6122813091114829,0.7355472448203704,0.32,0.035,0.62,0.025,found,13.0,variable_expense_ratio,129,71,24,success,,
population_detail.v1,C003923,200,0.25034918734902484,0.6834892516457519,0.7240002916140195,0.8872918687275172,0.985,0.01,0.005,0.0,insufficient_group_size,,,1,199,0,success,,
population_detail.v1,C003924,200,0.18032893686434004,0.5068596651890441,0.5111417384499988,0.6817909456744954,1.0,0.0,0.0,0.0,insufficient_group_size,,,0,200,0,success,,
population_detail.v1,C003925,200,0.16554661604996013,0.4919245220638557,0.5103927609031625,0.6466188385311106,1.0,0.0,0.0,0.0,insufficient_group_size,,,0,200,0,success,,
population_detail.v1,C003926,200,0.28959094749136627,0.5443933796475207,0.5608232557213855,0.6575679835521183,0.8,0.035,0.165,0.0,found,13.0,variable_expense_ratio,33,167,24,success,,
population_detail.v1,C003927,200,0.23162140555644484,0.9882093333117453,1.0439214442184637,1.2259815876203006,0.77,0.025,0.205,0.0,found,13.0,variable_expense_ratio,41,159,24,success,,
population_detail.v1,C003928,200,0.25123276197976363,0.8973966913062958,0.9130747321255284,1.2070405679302885,0.0,0.0,0.035,0.965,insufficient_group_size,,,200,0,0,success,,
population_detail.v1,C003929,200,0.15532840557314903,0.7507179766609926,0.798074263200171,0.9734220135363163,0.97,0.005,0.025,0.0,insufficient_group_size,,,5,195,0,success,,
population_detail.v1,C003930,200,0.13720251716967877,0.4984685472641057,0.5184483464157572,0.6854480604645818,1.0,0.0,0.0,0.0,insufficient_group_size,,,0,200,0,success,,
population_detail.v1,C003931,200,0.2082249286274182,0.6492765636417432,0.6745778698950345,0.8045552735182848,0.555,0.095,0.345,0.005,found,13.0,cash_balance_ratio,70,130,24,success,,
population_detail.v1,C003932,200,0.48698612807959557,1.5802033249639613,1.638090934913871,2.1896137278303343,0.515,0.15,0.335,0.0,found,13.0,variable_expense_ratio,67,133,24,success,,
population_detail.v1,C003933,200,0.16055763104084378,0.47302102015953645,0.4865001368855417,0.5948676663698446,0.96,0.01,0.03,0.0,insufficient_group_size,,,6,194,0,success,,
population_detail.v1,C003934,200,0.2522217484923549,0.6812056222389684,0.7060336583422246,0.8326374792782025,0.035,0.015,0.68,0.27,insufficient_group_size,,,190,10,0,success,,
population_detail.v1,C003935,200,0.18390686194685887,0.5112140207087105,0.5282311889636832,0.652228715075431,0.99,0.005,0.005,0.0,insufficient_group_size,,,1,199,0,success,,
population_detail.v1,C003936,200,0.2998260664523494,16.892903280858615,19.747476868964462,20.322865560207205,0.275,0.675,0.05,0.0,insufficient_group_size,,,10,190,0,success,,
population_detail.v1,C003937,200,0.1818785946016688,0.5257768664808826,0.5453772401535111,0.6841078220479284,1.0,0.0,0.0,0.0,insufficient_group_size,,,0,200,0,success,,
population_detail.v1,C003938,200,0.37745319643822717,0.7274855911990611,0.7645027841626983,0.8628888740627927,0.03,0.025,0.715,0.23,insufficient_group_size,,,189,11,0,success,,
population_detail.v1,C003939,200,0.3190864398667725,0.6322827208767682,0.6493295270829511,0.8050725184141488,0.15,0.055,0.715,0.08,found,13.0,variable_expense_ratio,159,41,24,success,,
population_detail.v1,C003940,200,0.21681394807748827,0.5780154764581316,0.6040324926036299,0.7191272422762114,1.0,0.0,0.0,0.0,insufficient_group_size,,,0,200,0,success,,
population_detail.v1,C003941,200,0.23057309434400225,0.5799777327133071,0.6001920598822668,0.7252355652510633,0.98,0.015,0.005,0.0,insufficient_group_size,,,1,199,0,success,,
population_detail.v1,C003942,200,0.3643549276407457,0.8523684929090929,0.8887644565995301,1.0689582545583496,0.25,0.135,0.595,0.02,found,13.0,variable_expense_ratio,123,77,5,success,,
population_detail.v1,C003943,200,0.23810171867345623,0.5406973376678637,0.5708227467988931,0.6661367588939797,0.385,0.095,0.5,0.02,found,13.0,variable_expense_ratio,104,96,24,success,,
population_detail.v1,C003944,200,0.16200041305566476,0.5322223709580434,0.5555645455813383,0.7023482072646473,0.96,0.02,0.02,0.0,insufficient_group_size,,,4,196,0,success,,
population_detail.v1,C003945,200,0.15633813068014002,0.45519407711924664,0.4740010965418802,0.6255618955016536,1.0,0.0,0.0,0.0,insufficient_group_size,,,0,200,0,success,,
population_detail.v1,C003946,200,0.18599526537687722,0.5681272910466123,0.5831572722907181,0.7859906051948132,1.0,0.0,0.0,0.0,insufficient_group_size,,,0,200,0,success,,
population_detail.v1,C003947,200,0.23365874457226096,0.587589186138821,0.6164627055492745,0.7287223305846693,0.53,0.14,0.325,0.005,found,13.0,variable_expense_ratio,66,134,24,success,,
population_detail.v1,C003948,200,0.19118541366520064,0.47958142684077487,0.48671949046447843,0.614834061980386,0.985,0.005,0.01,0.0,insufficient_group_size,,,2,198,0,success,,
population_detail.v1,C003949,200,0.15190968495560486,0.7647430949478712,0.8028915453060623,1.035806969094042,0.96,0.015,0.025,0.0,insufficient_group_size,,,5,195,0,success,,
population_detail.v1,C003950,200,0.21226026309613646,0.4994387337259063,0.5240233904418893,0.6287840283037985,0.955,0.04,0.005,0.0,insufficient_group_size,,,1,199,0,success,,
population_detail.v1,C003951,200,0.3184074458694042,0.7352996819589479,0.7607810942590696,0.9738861244349574,0.025,0.02,0.56,0.395,insufficient_group_size,,,191,9,0,success,,
population_detail.v1,C003952,200,0.34280570516237746,1.1004021390631602,1.1410973943526992,1.4682007596524642,0.255,0.055,0.69,0.0,found,13.0,savings_rate,138,62,3,success,,
population_detail.v1,C003953,200,0.2501296959057761,0.6735869253679962,0.7035216036994756,0.8897608544161545,1.0,0.0,0.0,0.0,insufficient_group_size,,,0,200,0,success,,
population_detail.v1,C003954,200,0.1748876982972146,0.5821819153234212,0.6159280548124975,0.73610833612805,0.145,0.045,0.74,0.07,found,13.0,variable_expense_ratio,162,38,24,success,,
population_detail.v1,C003955,200,0.21653617560708546,0.5968400200962735,0.6117590554736145,0.7645968289193849,0.995,0.0,0.005,0.0,insufficient_group_size,,,1,199,0,success,,
population_detail.v1,C003956,200,0.30860738154044465,1.0804778706915843,1.1263933910603428,1.4889199466443646,0.46,0.54,0.0,0.0,insufficient_group_size,,,0,200,0,success,,
population_detail.v1,C003957,200,0.22248316442498356,0.5171353315668905,0.534346554518208,0.6954694906795769,1.0,0.0,0.0,0.0,insufficient_group_size,,,0,200,0,success,,
population_detail.v1,C003958,200,0.20281849889567055,0.5436462298447531,0.5680619345044036,0.6609169311595462,0.655,0.115,0.225,0.005,found,13.0,variable_expense_ratio,46,154,24,success,,
population_detail.v1,C003959,200,0.591570323517208,1.4323348613343294,1.4336656094033144,1.9189031665188794,0.82,0.18,0.0,0.0,insufficient_group_size,,,0,200,0,success,,
population_detail.v1,C003960,200,0.12742582875276476,0.6396863583134448,0.6739868898526403,0.781066014504975,0.87,0.095,0.035,0.0,insufficient_group_size,,,7,193,0,success,,
population_detail.v1,C003961,200,0.17890695754643873,0.6710389139676177,0.6942544651108503,0.92668702497134,0.955,0.025,0.02,0.0,insufficient_group_size,,,4,196,0,success,,
population_detail.v1,C003962,200,0.1876492187623088,0.5244785525224985,0.5356321416001342,0.654626395388392,0.15,0.07,0.685,0.095,found,13.0,variable_expense_ratio,156,44,24,success,,
population_detail.v1,C003963,200,0.14714947937461126,0.4594897742229144,0.4744978615536679,0.637373508723757,1.0,0.0,0.0,0.0,insufficient_group_size,,,0,200,0,success,,
population_detail.v1,C003964,200,0.1809912872234024,1.1244815882500396,1.1571486109103823,1.6939614907870097,0.845,0.155,0.0,0.0,insufficient_group_size,,,0,200,0,success,,
population_detail.v1,C003965,200,0.17104038811583727,0.49669359953517217,0.5219391272557767,0.6690736357143079,1.0,0.0,0.0,0.0,insufficient_group_size,,,0,200,0,success,,
population_detail.v1,C003966,200,0.2558883661363827,0.7052578118436881,0.7330424828708969,0.8370800467448917,0.92,0.035,0.045,0.0,insufficient_group_size,,,9,191,0,success,,
population_detail.v1,C003967,200,0.1455295182055333,0.5588436764800313,0.5986834439700507,0.7047745467971764,0.25,0.105,0.615,0.03,found,13.0,variable_expense_ratio,129,71,24,success,,
population_detail.v1,C003968,200,0.31301690626720735,2.004066130147764,2.0803877280959826,2.6090548181203816,0.505,0.145,0.35,0.0,found,13.0,variable_expense_ratio,70,130,24,success,,
population_detail.v1,C003969,200,0.2054768332840857,0.6612753186550269,0.6912915389036247,0.878989906739039,0.035,0.01,0.59,0.365,insufficient_group_size,,,191,9,0,success,,
population_detail.v1,C003970,200,0.2057269572200734,0.94605906280145,1.028331442862337,1.203875051435117,0.605,0.045,0.35,0.0,found,13.0,variable_expense_ratio,70,130,24,success,,
population_detail.v1,C003971,200,0.24752546933570158,1.1620982661457413,1.2391019455396108,1.58008979380944,0.535,0.465,0.0,0.0,insufficient_group_size,,,0,200,0,success,,
population_detail.v1,C003972,200,0.3617271952509454,1.103483277698292,1.1550190987799327,1.394070519144725,0.03,0.005,0.405,0.56,insufficient_group_size,,,193,7,0,success,,
population_detail.v1,C003973,200,0.1895114136088527,0.6757804972879313,0.7010431989567565,0.9332994900111068,0.0,0.0,0.11,0.89,insufficient_group_size,,,200,0,0,success,,
population_detail.v1,C003974,200,0.1929390581010261,0.6065403737658667,0.6381951667059147,0.7597441302999168,0.185,0.04,0.68,0.095,found,13.0,variable_expense_ratio,155,45,24,success,,
population_detail.v1,C003975,200,0.19557355624609218,0.5657749356142979,0.6122736912752134,0.7342273513840156,0.875,0.04,0.085,0.0,insufficient_group_size,,,17,183,0,success,,
population_detail.v1,C003976,200,0.15810680107704778,0.9103632624778326,0.9580786963668676,1.2391057933234115,0.41,0.59,0.0,0.0,insufficient_group_size,,,0,200,0,success,,
population_detail.v1,C003977,200,0.3470596577174604,0.9318013383616364,0.9764462235516634,1.1337249658929274,0.675,0.135,0.185,0.005,found,13.0,variable_expense_ratio,38,162,24,success,,
population_detail.v1,C003978,200,0.2886918087641724,0.8165080184680983,0.8463487063457419,0.9985625973287432,0.035,0.01,0.83,0.125,insufficient_group_size,,,191,9,0,success,,
population_detail.v1,C003979,200,0.23582585266198938,0.7955114572203833,0.8194362287301523,1.0985482514871425,0.0,0.0,0.125,0.875,insufficient_group_size,,,200,0,0,success,,
population_detail.v1,C003980,200,0.2074290939316806,0.4642378761964987,0.4876900261870926,0.589736152832159,1.0,0.0,0.0,0.0,insufficient_group_size,,,0,200,0,success,,
population_detail.v1,C003981,200,0.29509067909032427,0.8928265702915235,0.9464166723873568,1.1421593249812725,0.6,0.15,0.25,0.0,found,13.0,variable_expense_ratio,50,150,24,success,,
population_detail.v1,C003982,200,0.35838244539798547,1.1149810457718627,1.131412175155092,1.554959228253008,0.445,0.23,0.31,0.015,found,13.0,variable_expense_ratio,65,135,24,success,,
population_detail.v1,C003983,200,0.2017568195257405,0.5944997936177946,0.6122672462367686,0.7557386367688514,0.1,0.01,0.755,0.135,found,13.0,variable_expense_ratio,178,22,24,success,,
population_detail.v1,C003984,200,0.2730657515097894,1.1052428889932708,1.1393851831277244,1.6450249247790172,0.355,0.645,0.0,0.0,insufficient_group_size,,,0,200,0,success,,
population_detail.v1,C003985,200,0.4580919581017515,1.1815360687876137,1.1457285279336125,1.755433235269739,0.91,0.09,0.0,0.0,insufficient_group_size,,,0,200,0,success,,
population_detail.v1,C003986,200,0.28267951872522507,1.2135603650852211,1.3049094962563488,1.6238890521887825,0.59,0.1,0.31,0.0,found,13.0,variable_expense_ratio,62,138,24,success,,
population_detail.v1,C003987,200,0.1655804421133988,0.5049914704195302,0.5080320306130619,0.7658240020046773,1.0,0.0,0.0,0.0,insufficient_group_size,,,0,200,0,success,,
population_detail.v1,C003988,200,0.20993954346148178,0.6569472937059139,0.6745589445750841,0.8855236268527177,0.0,0.0,0.055,0.945,insufficient_group_size,,,200,0,0,success,,
population_detail.v1,C003989,200,0.2394145444427476,0.7355359431330649,0.7591336892475162,0.8872039180520033,0.875,0.09,0.035,0.0,insufficient_group_size,,,7,193,0,success,,
population_detail.v1,C003990,200,0.1774038419685683,0.5469915923106048,0.5784497488467217,0.7373713116047563,0.985,0.01,0.005,0.0,insufficient_group_size,,,1,199,0,success,,
population_detail.v1,C003991,200,0.16753227779828506,0.8844904807838989,0.9400882855244517,1.188244044724674,0.47,0.07,0.46,0.0,found,13.0,variable_expense_ratio,92,108,24,success,,
population_detail.v1,C003992,200,0.17803421225760693,0.7816418719009313,0.8328442748413326,1.0095536347843803,0.99,0.005,0.005,0.0,insufficient_group_size,,,1,199,0,success,,
population_detail.v1,C003993,200,0.2343538730598003,0.6839424420753306,0.7227945839572805,0.8748563502696338,0.995,0.005,0.0,0.0,insufficient_group_size,,,0,200,0,success,,
population_detail.v1,C003994,200,0.19505787230536042,0.5058109164370896,0.5214741465795152,0.6798361500927975,1.0,0.0,0.0,0.0,insufficient_group_size,,,0,200,0,success,,
population_detail.v1,C003995,200,0.2905480505108242,0.9690354286863172,1.0162208585337624,1.2026752571846648,0.0,0.0,0.26,0.74,insufficient_group_size,,,200,0,0,success,,
population_detail.v1,C003996,200,0.15210511736460136,0.672391798360969,0.7131709561673422,0.8423766392149652,0.395,0.025,0.56,0.02,found,13.0,variable_expense_ratio,116,84,24,success,,
population_detail.v1,C003997,200,0.3544073229637834,1.009194221421533,1.0397357005583914,1.405814024370277,0.43,0.57,0.0,0.0,insufficient_group_size,,,0,200,0,success,,
population_detail.v1,C003998,200,0.160669307072139,0.4962123697804931,0.5120106680213128,0.6814354070457562,1.0,0.0,0.0,0.0,insufficient_group_size,,,0,200,0,success,,
population_detail.v1,C003999,200,0.26182091977505945,1.2132628753002361,1.271988225332362,1.673928303861271,0.54,0.11,0.35,0.0,found,13.0,variable_expense_ratio,70,130,24,success,,
population_detail.v1,C004000,200,0.13562650373063723,0.5207900044876994,0.5431101022033584,0.6770869141834062,0.125,0.055,0.71,0.11,found,13.0,variable_expense_ratio,164,36,24,success,,
population_detail.v1,C004001,200,0.24208208014116198,0.6484190385827523,0.6842628441252367,0.8287038422421358,0.12,0.035,0.645,0.2,found,13.0,variable_expense_ratio,169,31,10,success,,
population_detail.v1,C004002,200,0.30806016625215094,1.004242196824746,1.014031849726206,1.3916986483840277,0.23,0.025,0.74,0.005,found,13.0,savings_rate,149,51,3,success,,
population_detail.v1,C004003,200,0.256925233969212,0.598883340967722,0.6308557752841863,0.7394227199137328,0.93,0.025,0.045,0.0,insufficient_group_size,,,9,191,0,success,,
population_detail.v1,C004004,200,0.1420093968163066,0.6044464777892632,0.6387666644558688,0.8267259723274959,0.985,0.01,0.005,0.0,insufficient_group_size,,,1,199,0,success,,
population_detail.v1,C004005,200,0.5757439569463898,1.9752365143676611,2.098192083457011,2.2489657674539454,0.65,0.035,0.31,0.005,found,13.0,cash_balance_ratio,63,137,24,success,,
population_detail.v1,C004006,200,0.3227739304148553,0.9576328655836646,0.9840382252687153,1.3088178194013216,0.01,0.005,0.29,0.695,insufficient_group_size,,,197,3,0,success,,
population_detail.v1,C004007,200,0.16921510677688914,0.6819439958476421,0.7141846675997015,0.8859430651597884,0.015,0.015,0.52,0.45,insufficient_group_size,,,194,6,0,success,,
population_detail.v1,C004008,200,0.2312471335462378,0.7221144606985441,0.7537528652082253,0.9245895937808948,0.085,0.06,0.765,0.09,found,13.0,variable_expense_ratio,171,29,5,success,,
population_detail.v1,C004009,200,0.18067235986630187,0.5879228234977688,0.6037676031686979,0.7558124993132079,0.165,0.035,0.72,0.08,found,13.0,variable_expense_ratio,160,40,24,success,,
population_detail.v1,C004010,200,0.25270722505657517,0.6524323083668965,0.6869064041945034,0.8446749657567163,0.975,0.015,0.01,0.0,insufficient_group_size,,,2,198,0,success,,
population_detail.v1,C004011,200,0.24186889342072113,0.8053097850017036,0.8471532119809823,0.999861529760526,0.535,0.17,0.29,0.005,found,13.0,variable_expense_ratio,59,141,24,success,,
population_detail.v1,C004012,200,0.30934333712949835,1.1056726050235306,1.1583285295258374,1.622504782530711,0.385,0.615,0.0,0.0,insufficient_group_size,,,0,200,0,success,,
population_detail.v1,C004013,200,0.14964667116326216,0.5776519048197453,0.6067657255839334,0.7301395925499583,0.25,0.06,0.605,0.085,found,13.0,variable_expense_ratio,138,62,24,success,,
population_detail.v1,C004014,200,0.16561700753862685,0.6314760931818211,0.6495350276763799,0.8369792409988172,0.945,0.04,0.015,0.0,insufficient_group_size,,,3,197,0,success,,
population_detail.v1,C004015,200,0.23993177616909692,1.0724167899900359,1.1220119343458679,1.3853536106716564,0.0,0.0,0.495,0.505,insufficient_group_size,,,200,0,0,success,,
population_detail.v1,C004016,200,1.446411079985956,8.414966811038019,9.920340412627096,10.228730496316102,0.48,0.37,0.115,0.035,found,13.0,cash_balance_ratio,30,170,24,success,,
population_detail.v1,C004017,200,0.18388905536762584,0.6591033516793163,0.7102180572408917,0.8700828820977771,0.04,0.025,0.665,0.27,insufficient_group_size,,,187,13,0,success,,
population_detail.v1,C004018,200,0.3250057881522357,0.9360675197685241,0.9644724556439601,1.1425222969046558,0.235,0.15,0.575,0.04,found,13.0,variable_expense_ratio,123,77,24,success,,
population_detail.v1,C004019,200,0.3346843813698188,0.8596258928022391,0.9019698197073194,1.0711139784732844,0.335,0.175,0.485,0.005,found,13.0,variable_expense_ratio,98,102,24,success,,
population_detail.v1,C004020,200,0.5221523741918078,1.8765443671416484,1.9997061448833717,2.685886713933171,0.58,0.125,0.295,0.0,found,13.0,variable_expense_ratio,59,141,24,success,,
population_detail.v1,C004021,200,1.0288432618566337,3.8726983864562583,4.093326598057551,4.201372761229019,0.33,0.035,0.41,0.225,found,13.0,variable_expense_ratio,127,73,24,success,,
population_detail.v1,C004022,200,0.3895013478237528,1.1638218686435224,1.2188981770420206,1.5459005680922642,0.4,0.6,0.0,0.0,insufficient_group_size,,,0,200,0,success,,
population_detail.v1,C004023,200,0.17296493433542853,0.6263725261174605,0.6585433945944006,0.822400432834822,0.845,0.03,0.125,0.0,found,13.0,variable_expense_ratio,25,175,24,success,,
population_detail.v1,C004024,200,0.3163020463638884,0.982199392725833,1.0334910861666189,1.3199780976701951,0.34,0.66,0.0,0.0,insufficient_group_size,,,0,200,0,success,,
population_detail.v1,C004025,200,0.3585435074706936,0.7798179051099662,0.7959297436329915,1.1122632855627994,0.0,0.0,0.09,0.91,insufficient_group_size,,,200,0,0,success,,
population_detail.v1,C004026,200,0.3555547647836782,0.8333083571191842,0.8449576944872204,1.1462990973388598,0.0,0.0,0.34,0.66,insufficient_group_size,,,200,0,0,success,,
population_detail.v1,C004027,200,0.23686358190250964,0.6086295327795499,0.6229096219358621,0.7809920019893241,0.275,0.05,0.64,0.035,found,13.0,variable_expense_ratio,135,65,24,success,,
population_detail.v1,C004028,200,0.2347539813249259,0.5097287821025297,0.5300436354543963,0.6231393873171127,0.97,0.02,0.01,0.0,insufficient_group_size,,,2,198,0,success,,
population_detail.v1,C004029,200,0.237379671479913,0.8043432778725795,0.8366031864588637,1.118628611342864,0.0,0.0,0.055,0.945,insufficient_group_size,,,200,0,0,success,,
population_detail.v1,C004030,200,0.3146148580756139,0.6497775173448369,0.6709449666523073,0.7953049891275609,0.135,0.07,0.7,0.095,found,13.0,variable_expense_ratio,159,41,24,success,,
population_detail.v1,C004031,200,0.40452332182817685,1.069860673329687,1.1164316887492551,1.4327163041951456,0.345,0.175,0.45,0.03,found,13.0,variable_expense_ratio,96,104,24,success,,
population_detail.v1,C004032,200,0.2852237039940009,0.6555451540195613,0.6887090926144459,0.8345596645410837,0.955,0.005,0.04,0.0,insufficient_group_size,,,8,192,0,success,,
population_detail.v1,C004033,200,0.27280620319341947,0.7431442446294807,0.7897401231519383,0.9873612436893013,0.045,0.01,0.61,0.335,insufficient_group_size,,,189,11,0,success,,
population_detail.v1,C004034,200,0.15177504352749602,0.5642638918061373,0.5871435917518973,0.7509147899052317,0.18,0.04,0.73,0.05,found,13.0,variable_expense_ratio,156,44,24,success,,
population_detail.v1,C004035,200,0.2765009545348364,0.9049310574456483,0.9402075051729342,1.3160603623741143,0.33,0.045,0.625,0.0,found,13.0,variable_expense_ratio,125,75,24,success,,
population_detail.v1,C004036,200,0.293628086238204,0.7177496930793364,0.7567375396767877,0.8854111874650115,0.025,0.01,0.575,0.39,insufficient_group_size,,,193,7,0,success,,
population_detail.v1,C004037,200,0.15517854110770796,0.5694873536881196,0.597119055237412,0.7096937226465794,0.995,0.005,0.0,0.0,insufficient_group_size,,,0,200,0,success,,
population_detail.v1,C004038,200,0.3059973607783514,0.6563193959157926,0.6819391480359418,0.8303732394107164,0.02,0.015,0.625,0.34,insufficient_group_size,,,193,7,0,success,,
population_detail.v1,C004039,200,0.4577959159696687,1.1121462379244889,1.139256634134592,1.44961239252804,0.305,0.01,0.685,0.0,found,13.0,savings_rate,137,63,3,success,,
population_detail.v1,C004040,200,1.1616953145307094,6.2970302982902675,7.2261489952760805,7.478798977811008,0.7,0.185,0.105,0.01,found,13.0,cash_balance_ratio,23,177,24,success,,
population_detail.v1,C004041,200,0.18264318863473833,0.6090449506045761,0.6307219468654532,0.8104512915569666,1.0,0.0,0.0,0.0,insufficient_group_size,,,0,200,0,success,,
population_detail.v1,C004042,200,0.32415496071752065,0.7548542044902953,0.7692065237074258,1.0159654429298934,0.0,0.0,0.04,0.96,insufficient_group_size,,,200,0,0,success,,
population_detail.v1,C004043,200,0.1990666946369219,0.5308599617665781,0.5415832105112666,0.6958943304118711,0.94,0.035,0.025,0.0,insufficient_group_size,,,5,195,0,success,,
population_detail.v1,C004044,200,0.20637590552271456,1.4699855201906507,1.628174196447959,2.065306468845139,0.72,0.28,0.0,0.0,insufficient_group_size,,,0,200,0,success,,
population_detail.v1,C004045,200,0.17443450551781736,0.7011559279224089,0.7532850518403971,0.9356622691078852,1.0,0.0,0.0,0.0,insufficient_group_size,,,0,200,0,success,,
population_detail.v1,C004046,200,0.1749212948976535,0.725978038277548,0.7511782332845582,1.0059927143100322,0.985,0.01,0.005,0.0,insufficient_group_size,,,1,199,0,success,,
population_detail.v1,C004047,200,0.20920849707823042,0.5556318896632836,0.5791168931322925,0.7064957619165607,0.86,0.07,0.07,0.0,insufficient_group_size,,,14,186,0,success,,
population_detail.v1,C004048,200,0.21840448338842675,0.58531496766428,0.6144843800342186,0.7452961517215176,0.22,0.105,0.635,0.04,found,13.0,cash_balance_ratio,135,65,24,success,,
population_detail.v1,C004049,200,0.18633664818813717,0.582574592504657,0.6044081287223868,0.7657247902013312,1.0,0.0,0.0,0.0,insufficient_group_size,,,0,200,0,success,,
population_detail.v1,C004050,200,0.37228361730498033,0.7910009464759062,0.8153763382336428,0.9431214108289325,0.93,0.02,0.05,0.0,insufficient_group_size,,,10,190,0,success,,
population_detail.v1,C004051,200,0.19323200189177633,0.533508934543824,0.5567026710351002,0.6738377189912984,0.135,0.025,0.74,0.1,found,13.0,variable_expense_ratio,168,32,24,success,,
population_detail.v1,C004052,200,0.2062632498542992,0.5569676038766057,0.5704682694973287,0.7106819465463245,1.0,0.0,0.0,0.0,insufficient_group_size,,,0,200,0,success,,
population_detail.v1,C004053,200,0.20645303417937846,0.6962294219909408,0.7268842168564424,0.8694460686578993,0.025,0.02,0.795,0.16,insufficient_group_size,,,191,9,0,success,,
population_detail.v1,C004054,200,0.2707991379522613,0.8661919416873007,0.9053207666146001,1.0671624613622526,0.135,0.08,0.71,0.075,found,13.0,variable_expense_ratio,157,43,5,success,,
population_detail.v1,C004055,200,0.21831944246424798,0.7489940879330284,0.7831250197050651,0.9582979012856117,0.015,0.005,0.515,0.465,insufficient_group_size,,,196,4,0,success,,
population_detail.v1,C004056,200,0.1998302094595594,0.5468559785025593,0.5666229646377714,0.6930128062933107,0.945,0.045,0.01,0.0,insufficient_group_size,,,2,198,0,success,,
population_detail.v1,C004057,200,0.24554736578010367,0.6696299247521305,0.6824225953022272,0.8583706889722458,0.065,0.015,0.79,0.13,insufficient_group_size,,,184,16,0,success,,
population_detail.v1,C004058,200,0.2296800541443965,0.5605227949532174,0.5835240359728454,0.6808016317471496,0.98,0.02,0.0,0.0,insufficient_group_size,,,0,200,0,success,,
population_detail.v1,C004059,200,0.28064957301383986,1.4692105185289193,1.575760975218208,1.9277107087715206,0.575,0.085,0.34,0.0,found,13.0,variable_expense_ratio,68,132,24,success,,
population_detail.v1,C004060,200,0.4707383016506212,1.1924349086705488,1.2344633865710235,1.4680149304487793,0.005,0.0,0.17,0.825,insufficient_group_size,,,199,1,0,success,,
population_detail.v1,C004061,200,0.22022427830460303,0.6532612592441687,0.6844078869329698,0.8677494240756415,0.005,0.005,0.595,0.395,insufficient_group_size,,,198,2,0,success,,
population_detail.v1,C004062,200,0.2180987011610323,0.6846979735056594,0.7098134324773251,0.8436679029931489,0.605,0.125,0.265,0.005,found,13.0,variable_expense_ratio,54,146,24,success,,
population_detail.v1,C004063,200,0.16422969648669056,0.5322440126480606,0.5577345344735698,0.6962112981622794,0.975,0.02,0.005,0.0,insufficient_group_size,,,1,199,0,success,,
population_detail.v1,C004064,200,0.13521504585304056,0.6544965947682706,0.6907458002735158,0.9073251759775667,0.995,0.005,0.0,0.0,insufficient_group_size,,,0,200,0,success,,
population_detail.v1,C004065,200,0.16865051570785036,0.517091824235513,0.5405293815442269,0.6869024216939907,0.96,0.015,0.025,0.0,insufficient_group_size,,,5,195,0,success,,
population_detail.v1,C004066,200,0.2714385157137404,1.090093945846369,1.161721682518005,1.4094470429278236,0.54,0.095,0.365,0.0,found,13.0,variable_expense_ratio,73,127,24,success,,
population_detail.v1,C004067,200,0.28084130560558507,0.6583416138725127,0.6919247679915521,0.8155540088368814,0.48,0.025,0.485,0.01,found,13.0,variable_expense_ratio,99,101,24,success,,
population_detail.v1,C004068,200,0.3620113727291182,0.9515430660781786,1.0144622133658938,1.306944361940097,0.0,0.0,0.285,0.715,insufficient_group_size,,,200,0,0,success,,
population_detail.v1,C004069,200,0.21838208035390627,1.028777342594117,1.1144124261875574,1.3863369074957606,0.975,0.015,0.01,0.0,insufficient_group_size,,,2,198,0,success,,
population_detail.v1,C004070,200,0.3691863902437752,0.9887303151637622,1.017930557543282,1.3273418138755613,0.405,0.185,0.395,0.015,found,13.0,variable_expense_ratio,82,118,24,success,,
population_detail.v1,C004071,200,0.2659203111863127,1.1319607646384184,1.144436311977298,1.7393599990945,0.85,0.15,0.0,0.0,insufficient_group_size,,,0,200,0,success,,
population_detail.v1,C004072,200,0.4541714900387817,1.5832284734750943,1.6770654487495293,1.9698186726145432,0.585,0.33,0.025,0.06,insufficient_group_size,,,17,183,0,success,,
population_detail.v1,C004073,200,0.22491993257566745,0.7405597251807683,0.7750200199216759,0.9651366732869217,0.625,0.045,0.33,0.0,found,13.0,variable_expense_ratio,66,134,24,success,,
population_detail.v1,C004074,200,0.20462201217502612,0.5047135710874803,0.5249788146528682,0.6176111159407709,0.875,0.085,0.04,0.0,insufficient_group_size,,,8,192,0,success,,
population_detail.v1,C004075,200,0.3572391884679639,1.0412930500905957,1.0992874299217559,1.3774321940022491,0.01,0.005,0.305,0.68,insufficient_group_size,,,197,3,0,success,,
population_detail.v1,C004076,200,0.27049842133328067,0.6922273115310655,0.7195676581362935,0.8656403807147698,0.4,0.16,0.435,0.005,found,13.0,variable_expense_ratio,88,112,5,success,,
population_detail.v1,C004077,200,0.48434317499088536,1.1362796974836749,1.2187688790537257,1.4028301492190187,0.41,0.24,0.315,0.035,found,13.0,cash_balance_ratio,70,130,24,success,,
population_detail.v1,C004078,200,0.13204453663097274,0.5096091541293704,0.5265973023528797,0.6882904640569835,0.995,0.0,0.005,0.0,insufficient_group_size,,,1,199,0,success,,
population_detail.v1,C004079,200,0.21059839798835525,0.522953867016938,0.5497831448998622,0.7001265039027632,0.995,0.0,0.005,0.0,insufficient_group_size,,,1,199,0,success,,
population_detail.v1,C004080,200,0.265845771802391,0.7803294651445275,0.7901798921402239,1.0907579600611494,0.0,0.0,0.07,0.93,insufficient_group_size,,,200,0,0,success,,
population_detail.v1,C004081,200,0.17255466079621104,0.5373794989880498,0.5642394670776695,0.7220737626683031,0.995,0.005,0.0,0.0,insufficient_group_size,,,0,200,0,success,,
population_detail.v1,C004082,200,0.1317467014445668,0.8232398511570312,0.897956642890394,1.1017236085421174,0.62,0.025,0.355,0.0,found,13.0,variable_expense_ratio,71,129,24,success,,
population_detail.v1,C004083,200,0.2549872311031251,0.7793177543824646,0.804849366363505,1.0461512807207394,0.025,0.015,0.51,0.45,insufficient_group_size,,,192,8,0,success,,
population_detail.v1,C004084,200,0.29840654010233075,0.8802539507778403,0.901910653832267,1.1348475247264007,0.035,0.02,0.535,0.41,insufficient_group_size,,,189,11,0,success,,
population_detail.v1,C004085,200,0.2658058096196155,1.0392244869187237,1.0982421657445691,1.3265434284212339,0.36,0.215,0.42,0.005,found,13.0,variable_expense_ratio,85,115,24,success,,
population_detail.v1,C004086,200,0.35164584647801295,0.987246055720669,1.0197361444572253,1.1909195161435642,0.055,0.005,0.56,0.38,insufficient_group_size,,,188,12,0,success,,
population_detail.v1,C004087,200,0.18604099560083906,0.4987780583299219,0.5137565258108294,0.6829007601812723,1.0,0.0,0.0,0.0,insufficient_group_size,,,0,200,0,success,,
population_detail.v1,C004088,200,0.37410095542617544,0.8831206734863105,0.9302789982580766,1.1880863194308684,0.0,0.0,0.06,0.94,insufficient_group_size,,,200,0,0,success,,
population_detail.v1,C004089,200,0.19403655464902614,0.62313861828515,0.6444782785527317,0.8026839194199015,0.045,0.005,0.675,0.275,insufficient_group_size,,,190,10,0,success,,
population_detail.v1,C004090,200,0.28992458401553634,0.7232614880365077,0.7404445652079317,0.8953019357765492,0.055,0.05,0.745,0.15,found,13.0,cash_balance_ratio,179,21,24,success,,
population_detail.v1,C004091,200,0.35109000458384165,0.9189058400040796,0.9832232170596427,1.1379165196861853,0.42,0.21,0.33,0.04,found,13.0,cash_balance_ratio,74,126,24,success,,
population_detail.v1,C004092,200,0.26238169624982743,0.8331782460254987,0.8796281341507308,1.0658968302016294,0.7,0.025,0.275,0.0,found,13.0,variable_expense_ratio,55,145,24,success,,
population_detail.v1,C004093,200,0.2357560303587151,0.7010002187113977,0.7205510162243298,1.0004275866273311,0.0,0.0,0.085,0.915,insufficient_group_size,,,200,0,0,success,,
population_detail.v1,C004094,200,0.5092861118180166,1.4077262034904794,1.4796005395614544,1.930707498767764,0.9,0.005,0.095,0.0,insufficient_group_size,,,19,181,0,success,,
population_detail.v1,C004095,200,0.17439178855018375,0.7778677048456493,0.8250109611154592,0.9636379518318303,0.84,0.02,0.14,0.0,found,13.0,variable_expense_ratio,28,172,24,success,,
population_detail.v1,C004096,200,0.32677373824445827,0.8186842380396513,0.862645417374676,1.0242537983318258,0.235,0.03,0.685,0.05,found,13.0,variable_expense_ratio,147,53,24,success,,
population_detail.v1,C004097,200,0.23526922254463406,0.7441554157903767,0.7804075949565011,0.930813911281538,0.075,0.06,0.765,0.1,found,13.0,cash_balance_ratio,173,27,24,success,,
population_detail.v1,C004098,200,0.23770885906780076,0.7570739577712895,0.8043267769111442,1.0006720332276011,0.795,0.06,0.145,0.0,found,13.0,variable_expense_ratio,29,171,24,success,,
population_detail.v1,C004099,200,0.2964066369802327,0.6718555683474128,0.6959337902761138,0.9110022876638347,0.94,0.02,0.04,0.0,insufficient_group_size,,,8,192,0,success,,
population_detail.v1,C004100,200,0.34218214478351866,1.3373316596535472,1.4007185181687039,1.6861962686267618,0.59,0.41,0.0,0.0,insufficient_group_size,,,0,200,0,success,,
population_detail.v1,C004101,200,0.33688353946297006,0.7065473380190239,0.7319820651556117,0.8912004713343035,0.03,0.02,0.755,0.195,insufficient_group_size,,,190,10,0,success,,
population_detail.v1,C004102,200,0.33727006070819043,1.210909256026377,1.2146576660306452,1.8307818120198796,0.79,0.21,0.0,0.0,insufficient_group_size,,,0,200,0,success,,
population_detail.v1,C004103,200,0.282080210465131,0.8615592039038851,0.9110582393256255,1.081791161040851,0.0,0.0,0.245,0.755,insufficient_group_size,,,200,0,0,success,,
population_detail.v1,C004104,200,0.2892315164533178,0.6791664148254993,0.711246791630693,0.8486426105231156,0.01,0.005,0.6,0.385,insufficient_group_size,,,197,3,0,success,,
population_detail.v1,C004105,200,0.2732719958018242,0.5914073940198825,0.6104097885094486,0.7340905793047773,0.15,0.03,0.71,0.11,found,13.0,variable_expense_ratio,164,36,24,success,,
population_detail.v1,C004106,200,0.17696893267180516,1.3165973169228837,1.4353923435713665,1.9362140578719693,0.975,0.025,0.0,0.0,insufficient_group_size,,,0,200,0,success,,
population_detail.v1,C004107,200,0.21522013617845417,0.7145546561098665,0.7414095750964912,0.9305237061515162,0.72,0.05,0.23,0.0,found,13.0,variable_expense_ratio,46,154,24,success,,
population_detail.v1,C004108,200,0.22491993257566745,0.7060028288760879,0.7362420035718289,0.9236536967334524,0.725,0.04,0.235,0.0,found,13.0,variable_expense_ratio,47,153,24,success,,
population_detail.v1,C004109,200,0.19404594396158964,0.5491316958513464,0.5774452986522672,0.7081054951810599,0.1,0.05,0.735,0.115,found,13.0,variable_expense_ratio,170,30,6,success,,
population_detail.v1,C004110,200,0.13542748726817286,0.4295154170228291,0.43849929168374535,0.6183242936634356,1.0,0.0,0.0,0.0,insufficient_group_size,,,0,200,0,success,,
population_detail.v1,C004111,200,0.5061796996067626,1.3354526617282056,1.368433470990157,1.642715810659633,0.525,0.475,0.0,0.0,insufficient_group_size,,,0,200,0,success,,
population_detail.v1,C004112,200,0.16527830241694486,0.6589934905634689,0.697592502521885,0.870543962586025,0.995,0.005,0.0,0.0,insufficient_group_size,,,0,200,0,success,,
population_detail.v1,C004113,200,0.37199841589399757,1.2111779290876765,1.2553195654825817,1.5479802685669988,0.67,0.33,0.0,0.0,insufficient_group_size,,,0,200,0,success,,
population_detail.v1,C004114,200,1.3210209482377444,2.340408526376077,2.362371486686351,2.4448787541237773,0.065,0.01,0.565,0.36,insufficient_group_size,,,185,15,0,success,,
population_detail.v1,C004115,200,0.24899243603317597,1.112859310468072,1.1461698548377397,1.6303531481564664,0.865,0.135,0.0,0.0,insufficient_group_size,,,0,200,0,success,,
population_detail.v1,C004116,200,0.15663969836458375,0.5746309787398247,0.5992426385176963,0.7625927205609712,1.0,0.0,0.0,0.0,insufficient_group_size,,,0,200,0,success,,
population_detail.v1,C004117,200,0.36931059975390806,0.7917002869482215,0.8237241138236602,0.9991517305462053,0.43,0.16,0.355,0.055,found,13.0,cash_balance_ratio,82,118,24,success,,
population_detail.v1,C004118,200,0.21362524320484305,0.6281731781852559,0.6488765111562649,0.7650309830423067,0.25,0.125,0.575,0.05,found,13.0,variable_expense_ratio,125,75,24,success,,
population_detail.v1,C004119,200,0.29626399369206513,1.1273520266552441,1.212083897139765,1.4518396425980218,0.6,0.06,0.34,0.0,found,13.0,variable_expense_ratio,68,132,24,success,,
population_detail.v1,C004120,200,0.16505084655326577,0.5656633689220856,0.5874619306011883,0.7549058754458529,0.955,0.035,0.01,0.0,insufficient_group_size,,,2,198,0,success,,
population_detail.v1,C004121,200,0.2146084365474677,0.6670166384871191,0.6879116884533427,0.9082572803939125,0.995,0.005,0.0,0.0,insufficient_group_size,,,0,200,0,success,,
population_detail.v1,C004122,200,0.33040581725069884,1.5547744785328355,1.5733857849156663,2.0628413300205297,0.92,0.045,0.035,0.0,insufficient_group_size,,,7,193,0,success,,
population_detail.v1,C004123,200,0.1976112721584837,0.8241117795096349,0.855809212099385,1.1185306885634205,0.005,0.01,0.435,0.55,insufficient_group_size,,,197,3,0,success,,
population_detail.v1,C004124,200,0.29862538624705476,1.045989160869859,1.0848892837542015,1.547261152501297,0.375,0.625,0.0,0.0,insufficient_group_size,,,0,200,0,success,,
population_detail.v1,C004125,200,0.18396885443713212,0.6875735555743128,0.7097598694714067,0.9632617370660973,0.0,0.0,0.05,0.95,insufficient_group_size,,,200,0,0,success,,
population_detail.v1,C004126,200,0.37735631264535546,0.7196252424397778,0.7597404885840986,0.8726703104687683,0.02,0.005,0.705,0.27,insufficient_group_size,,,195,5,0,success,,
population_detail.v1,C004127,200,0.27219251935136785,0.7605701579384632,0.785293311000564,0.9397791988353962,0.66,0.13,0.195,0.015,found,13.0,variable_expense_ratio,42,158,24,success,,
population_detail.v1,C004128,200,0.24215157219704078,0.5269245237450615,0.5464688011526573,0.7024632037265032,1.0,0.0,0.0,0.0,insufficient_group_size,,,0,200,0,success,,
population_detail.v1,C004129,200,0.1971966512193669,0.6465690874898857,0.6711806952393122,0.8508873461190469,0.995,0.005,0.0,0.0,insufficient_group_size,,,0,200,0,success,,
population_detail.v1,C004130,200,0.32773215659444965,0.886637902891474,0.9555141057543615,1.1900024661721151,0.0,0.0,0.06,0.94,insufficient_group_size,,,200,0,0,success,,
population_detail.v1,C004131,200,0.19351789431151004,0.5602589682632065,0.5817521392189827,0.7183220222460378,0.1,0.02,0.755,0.125,found,13.0,variable_expense_ratio,176,24,24,success,,
population_detail.v1,C004132,200,0.19268736124047905,0.6490126896757825,0.6877113833288888,0.7975222706328708,0.885,0.075,0.04,0.0,insufficient_group_size,,,8,192,0,success,,
population_detail.v1,C004133,200,0.21471393758620363,0.8855474904567889,0.9285987201032768,1.2945810357890186,0.29,0.71,0.0,0.0,insufficient_group_size,,,0,200,0,success,,
population_detail.v1,C004134,200,0.3666706474466249,0.9990790069547509,1.0307144575787222,1.5381568763687155,0.285,0.715,0.0,0.0,insufficient_group_size,,,0,200,0,success,,
population_detail.v1,C004135,200,0.1907988052423891,0.5965744097697834,0.6077166081110174,0.7611756784823,0.09,0.01,0.765,0.135,found,13.0,variable_expense_ratio,180,20,24,success,,
population_detail.v1,C004136,200,0.35866044439456507,0.7080264493631039,0.730782700935287,0.9335165178898809,0.175,0.09,0.685,0.05,found,13.0,variable_expense_ratio,147,53,24,success,,
population_detail.v1,C004137,200,0.23281531675224945,0.6683814270461477,0.6987880482614803,0.8436038681766486,0.18,0.07,0.64,0.11,found,13.0,variable_expense_ratio,150,50,24,success,,
population_detail.v1,C004138,200,0.13222472229663218,0.5887665090409857,0.6050630308353603,0.8144041093453421,0.955,0.025,0.02,0.0,insufficient_group_size,,,4,196,0,success,,
population_detail.v1,C004139,200,0.277493909888279,0.700318883900977,0.7366426851228512,0.8709069448762093,0.915,0.055,0.03,0.0,insufficient_group_size,,,6,194,0,success,,
population_detail.v1,C004140,200,0.21306357101492993,0.8119417464133608,0.8332920592307986,1.1289515726737909,0.385,0.06,0.555,0.0,found,13.0,variable_expense_ratio,111,89,24,success,,
population_detail.v1,C004141,200,0.27141765993132466,1.0615681344670653,1.0911371782877857,1.4833669289256277,0.39,0.61,0.0,0.0,insufficient_group_size,,,0,200,0,success,,
population_detail.v1,C004142,200,0.3081420958524346,0.7370375874442877,0.7912710136895591,0.9307065221494041,0.54,0.17,0.275,0.015,found,13.0,variable_expense_ratio,58,142,24,success,,
population_detail.v1,C004143,200,0.2018069466170374,0.5232081135318805,0.5391883435866999,0.6477121047569693,0.925,0.03,0.045,0.0,insufficient_group_size,,,9,191,0,success,,
population_detail.v1,C004144,200,0.36366715361980906,1.3947245566897748,1.4973586854025709,1.711377900196878,0.61,0.39,0.0,0.0,insufficient_group_size,,,0,200,0,success,,
population_detail.v1,C004145,200,0.3432794972636199,0.9540694687950955,1.0182212964971304,1.2747779757842652,0.46,0.09,0.45,0.0,found,13.0,variable_expense_ratio,90,110,24,success,,
population_detail.v1,C004146,200,0.23472265567084222,0.5952143494697306,0.6347177600046698,0.736378146073715,0.975,0.025,0.0,0.0,insufficient_group_size,,,0,200,0,success,,
population_detail.v1,C004147,200,0.25237067820688863,0.749354829171612,0.7913275943292675,0.9571129191903998,0.025,0.015,0.525,0.435,insufficient_group_size,,,192,8,0,success,,
population_detail.v1,C004148,200,0.35509425393412214,0.7791983737371655,0.8204818847945854,1.0028546421472728,0.025,0.02,0.665,0.29,insufficient_group_size,,,191,9,0,success,,
population_detail.v1,C004149,200,0.2970642448415411,0.7096850135083618,0.742026546895018,0.9133718300828957,0.01,0.005,0.59,0.395,insufficient_group_size,,,197,3,0,success,,
population_detail.v1,C004150,200,0.10964301550847838,1.1666063291524633,1.2029274252644855,1.8570366853879978,0.98,0.015,0.005,0.0,insufficient_group_size,,,1,199,0,success,,
population_detail.v1,C004151,200,0.22041777320736058,1.2474078826464887,1.3027504511726737,1.8248660587180043,0.96,0.04,0.0,0.0,insufficient_group_size,,,0,200,0,success,,
population_detail.v1,C004152,200,0.2323564067486414,0.651345801451892,0.6918795624070935,0.840450123637815,0.99,0.01,0.0,0.0,insufficient_group_size,,,0,200,0,success,,
population_detail.v1,C004153,200,0.14432473515929928,0.6555530196800187,0.6920541436696497,0.8489167191794708,0.825,0.025,0.15,0.0,found,13.0,variable_expense_ratio,30,170,24,success,,
population_detail.v1,C004154,200,0.21471393758620363,0.8709062254999798,0.90871620946405,1.3036182596786765,0.285,0.715,0.0,0.0,insufficient_group_size,,,0,200,0,success,,
population_detail.v1,C004155,200,0.1455295182055333,0.5441259940647742,0.5646721038671745,0.6870809144884857,0.24,0.095,0.635,0.03,found,13.0,variable_expense_ratio,133,67,24,success,,
population_detail.v1,C004156,200,0.19084542920712239,0.5589360057408386,0.585374874507016,0.7593870904629874,1.0,0.0,0.0,0.0,insufficient_group_size,,,0,200,0,success,,
population_detail.v1,C004157,200,0.19372676095622982,0.5424252652367059,0.5650930133255441,0.696078221521882,0.13,0.05,0.72,0.1,found,13.0,cash_balance_ratio,164,36,24,success,,
population_detail.v1,C004158,200,0.3198159974978471,0.6743528937486952,0.7021092920067291,0.8668135371119615,0.015,0.01,0.58,0.395,insufficient_group_size,,,195,5,0,success,,
population_detail.v1,C004159,200,0.9479703610906244,4.854212505411905,5.291420836372542,5.415178617128463,0.41,0.28,0.135,0.175,found,13.0,cash_balance_ratio,62,138,24,success,,
population_detail.v1,C004160,200,0.27334829103662106,0.7931556675118918,0.8163696135399457,0.9918470189205165,0.18,0.11,0.665,0.045,found,13.0,variable_expense_ratio,142,58,24,success,,
population_detail.v1,C004161,200,0.23858335180085366,1.0351269098340747,1.1118772324925543,1.3478482255071265,0.44,0.17,0.375,0.015,found,13.0,variable_expense_ratio,78,122,24,success,,
population_detail.v1,C004162,200,0.13485358076363274,0.6178802523037362,0.6481759578565771,0.795047871898676,0.94,0.035,0.025,0.0,insufficient_group_size,,,5,195,0,success,,
population_detail.v1,C004163,200,0.3532377539332611,0.775430019178724,0.792069294523005,0.9308888713026438,0.05,0.04,0.76,0.15,insufficient_group_size,,,182,18,0,success,,
population_detail.v1,C004164,200,0.2723900420721379,0.7680610525722464,0.8165032139403909,0.9930407624154448,0.065,0.05,0.765,0.12,found,13.0,cash_balance_ratio,177,23,24,success,,
population_detail.v1,C004165,200,0.18365677447100728,0.563952662480159,0.6005152353620897,0.6977037669300461,1.0,0.0,0.0,0.0,insufficient_group_size,,,0,200,0,success,,
population_detail.v1,C004166,200,0.1146414720959724,0.49561957687255337,0.5153785132351802,0.6770784320499171,1.0,0.0,0.0,0.0,insufficient_group_size,,,0,200,0,success,,
population_detail.v1,C004167,200,0.2623233724466844,0.9010066328191977,0.9356304807821542,1.2941098868602525,0.285,0.715,0.0,0.0,insufficient_group_size,,,0,200,0,success,,
population_detail.v1,C004168,200,0.15419239797115836,0.5282742952885923,0.5318150485284763,0.7231136250956379,1.0,0.0,0.0,0.0,insufficient_group_size,,,0,200,0,success,,
population_detail.v1,C004169,200,0.18698079919592528,0.6544863128869466,0.678751055720674,0.8891216881948797,0.835,0.045,0.12,0.0,found,13.0,variable_expense_ratio,24,176,24,success,,
population_detail.v1,C004170,200,0.17698248559432583,0.6309750603976108,0.6656270200665363,0.769197869155393,0.325,0.14,0.53,0.005,found,13.0,cash_balance_ratio,107,93,24,success,,
population_detail.v1,C004171,200,0.13311696450585173,1.06286430863751,1.1209516382626061,1.4384508136306986,0.26,0.03,0.71,0.0,found,13.0,savings_rate,142,58,3,success,,
population_detail.v1,C004172,200,0.22425820248791958,1.291952316395316,1.3829365469538242,1.6966377139349955,0.62,0.1,0.28,0.0,found,13.0,variable_expense_ratio,56,144,24,success,,
population_detail.v1,C004173,200,0.19353366826634566,1.1837351146746693,1.23658646392228,1.7953303939113276,0.96,0.04,0.0,0.0,insufficient_group_size,,,0,200,0,success,,
population_detail.v1,C004174,200,0.20528847652711363,0.5411325527080977,0.5686205624497138,0.6563907927996697,0.51,0.085,0.385,0.02,found,13.0,variable_expense_ratio,81,119,24,success,,
population_detail.v1,C004175,200,0.2243725511142268,0.5297784281650021,0.5478740072756125,0.6547854695622128,0.59,0.11,0.295,0.005,found,13.0,variable_expense_ratio,60,140,24,success,,
population_detail.v1,C004176,200,0.71281629713168,5.43713997653668,5.969925597485972,6.046025780273782,0.315,0.03,0.285,0.37,found,13.0,savings_rate,131,69,24,success,,
population_detail.v1,C004177,200,0.18100929945587246,1.1303995790686678,1.2015587221764337,1.55745510917351,0.49,0.1,0.41,0.0,found,13.0,variable_expense_ratio,82,118,24,success,,
population_detail.v1,C004178,200,0.20748232730509233,0.8847915847138285,0.9447324768933587,1.2993663594023173,0.26,0.04,0.695,0.005,found,13.0,savings_rate,140,60,2,success,,
population_detail.v1,C004179,200,0.25422658957438893,1.0457206406234538,1.081631578834795,1.5414982046322947,0.32,0.68,0.0,0.0,insufficient_group_size,,,0,200,0,success,,
population_detail.v1,C004180,200,0.16886795336872068,0.5028056920212456,0.5203621073966356,0.6555981138990498,1.0,0.0,0.0,0.0,insufficient_group_size,,,0,200,0,success,,
population_detail.v1,C004181,200,0.25220825471348185,0.7619199484070862,0.8008900662489111,0.9799554144141848,0.015,0.01,0.475,0.5,insufficient_group_size,,,195,5,0,success,,
population_detail.v1,C004182,200,0.17171747955705516,0.5061158898625991,0.5078565408883413,0.668234091282741,0.97,0.015,0.015,0.0,insufficient_group_size,,,3,197,0,success,,
population_detail.v1,C004183,200,0.25829988299586615,0.553675892832493,0.5735994161542477,0.6871069175584595,0.415,0.1,0.445,0.04,found,13.0,variable_expense_ratio,97,103,24,success,,
population_detail.v1,C004184,200,0.2737175734412714,0.6873963356897397,0.6970538066638564,0.997049470435777,0.0,0.0,0.085,0.915,insufficient_group_size,,,200,0,0,success,,
population_detail.v1,C004185,200,0.29342977543163024,0.7013982613651578,0.7305655857037687,0.8781907619254471,0.94,0.045,0.015,0.0,insufficient_group_size,,,3,197,0,success,,
population_detail.v1,C004186,200,0.1167376376025374,0.5114060398348228,0.5280927481049602,0.6669413569681144,1.0,0.0,0.0,0.0,insufficient_group_size,,,0,200,0,success,,
population_detail.v1,C004187,200,0.1748876982972146,0.5763412974947246,0.6153141175470689,0.7285782960799693,0.125,0.06,0.72,0.095,found,13.0,variable_expense_ratio,163,37,5,success,,
population_detail.v1,C004188,200,0.4006617514441211,0.9694236648432143,1.0096455165370746,1.2619854644108468,0.03,0.02,0.535,0.415,insufficient_group_size,,,190,10,0,success,,
population_detail.v1,C004189,200,0.2351618191751429,0.6377704639421655,0.6578914269125526,0.8090226229407208,0.57,0.175,0.24,0.015,found,13.0,variable_expense_ratio,51,149,24,success,,
population_detail.v1,C004190,200,0.16487446054369215,0.5979551187095616,0.6214100500914675,0.7606894491624233,1.0,0.0,0.0,0.0,insufficient_group_size,,,0,200,0,success,,
population_detail.v1,C004191,200,0.31385467787414395,1.3261280612667685,1.3909275918509363,1.8745762857466068,0.56,0.115,0.325,0.0,found,13.0,variable_expense_ratio,65,135,24,success,,
population_detail.v1,C004192,200,0.34315583927142035,0.7033166279310001,0.7412528325090254,0.898157235529027,0.995,0.0,0.005,0.0,insufficient_group_size,,,1,199,0,success,,
population_detail.v1,C004193,200,0.2836839271415317,0.5486165303420624,0.5701615328949237,0.6810930357231441,0.475,0.125,0.365,0.035,found,13.0,variable_expense_ratio,80,120,24,success,,
population_detail.v1,C004194,200,0.5958135125695858,1.4123010288173565,1.4841025683089555,1.9372930455762924,0.975,0.025,0.0,0.0,insufficient_group_size,,,0,200,0,success,,
population_detail.v1,C004195,200,0.24357531761597995,0.8283940074231666,0.8774371893465871,1.0703778495514038,0.985,0.01,0.005,0.0,insufficient_group_size,,,1,199,0,success,,
population_detail.v1,C004196,200,0.23691365972733625,0.5078658077247379,0.5265906709157668,0.6228684390660655,0.94,0.035,0.025,0.0,insufficient_group_size,,,5,195,0,success,,
population_detail.v1,C004197,200,0.1700229492570774,0.55664851547592,0.5828280743797387,0.7286486739468571,1.0,0.0,0.0,0.0,insufficient_group_size,,,0,200,0,success,,
population_detail.v1,C004198,200,0.3101628516472816,1.2999839718252164,1.3677242511178171,1.9299527272697707,0.975,0.01,0.015,0.0,insufficient_group_size,,,3,197,0,success,,
population_detail.v1,C004199,200,0.1790299215834962,0.8859615129932427,0.959694265003403,1.2732040202654262,0.34,0.065,0.595,0.0,found,13.0,variable_expense_ratio,119,81,24,success,,
population_detail.v1,C004200,200,0.25732214775908346,1.2328181710736121,1.2484485702339696,1.7179889752150688,0.38,0.62,0.0,0.0,insufficient_group_size,,,0,200,0,success,,
population_detail.v1,C004201,200,0.23674049701312247,0.7725777175215006,0.8093633146800736,0.9514459264829368,0.23,0.13,0.615,0.025,found,13.0,variable_expense_ratio,128,72,5,success,,
population_detail.v1,C004202,200,0.4239291080247642,1.8045938234582075,1.9028447815482519,2.3233152852911587,0.92,0.055,0.025,0.0,insufficient_group_size,,,5,195,0,success,,
population_detail.v1,C004203,200,0.20798126893190055,0.678134212991008,0.6899149895876615,0.9610144488012177,0.0,0.0,0.045,0.955,insufficient_group_size,,,200,0,0,success,,
population_detail.v1,C004204,200,0.4335839145998561,1.1363690401171411,1.1704772604986067,1.504923899226571,0.0,0.005,0.4,0.595,insufficient_group_size,,,199,1,0,success,,
population_detail.v1,C004205,200,0.4221164004158382,0.9943903202099065,1.0162569576933196,1.2486517782887518,0.0,0.0,0.16,0.84,insufficient_group_size,,,200,0,0,success,,
population_detail.v1,C004206,200,0.09485633718449443,0.5099591502078579,0.5498617371834935,0.70037891846715,1.0,0.0,0.0,0.0,insufficient_group_size,,,0,200,0,success,,
population_detail.v1,C004207,200,0.14562378874626086,0.5229758291117367,0.5238476327429806,0.7553427497817804,1.0,0.0,0.0,0.0,insufficient_group_size,,,0,200,0,success,,
population_detail.v1,C004208,200,0.20798126893190055,0.7135222869825597,0.7399724205230875,0.9993819974887522,0.0,0.0,0.05,0.95,insufficient_group_size,,,200,0,0,success,,
population_detail.v1,C004209,200,0.3511375239699826,1.4310197150291435,1.526121535728902,1.9861327283349821,0.665,0.335,0.0,0.0,insufficient_group_size,,,0,200,0,success,,
population_detail.v1,C004210,200,0.28007252360486906,0.5263472939103173,0.5449654394901889,0.6437357698739553,0.985,0.015,0.0,0.0,insufficient_group_size,,,0,200,0,success,,
population_detail.v1,C004211,200,0.2928920658147594,0.6345260736651805,0.6598842801314273,0.7612856609042356,0.97,0.015,0.015,0.0,insufficient_group_size,,,3,197,0,success,,
population_detail.v1,C004212,200,0.13529076934999018,0.5338284935378133,0.5602941405069266,0.6478702411050783,0.63,0.045,0.325,0.0,found,13.0,variable_expense_ratio,65,135,24,success,,
population_detail.v1,C004213,200,0.34115786150030625,1.3890853373582623,1.460596683778501,1.7493003050593412,0.61,0.39,0.0,0.0,insufficient_group_size,,,0,200,0,success,,
population_detail.v1,C004214,200,0.23988260961728505,1.009518796298694,1.0466718092009173,1.4178986152692394,0.0,0.005,0.38,0.615,insufficient_group_size,,,199,1,0,success,,
population_detail.v1,C004215,200,0.1960843713931462,0.6007691094683801,0.6279609815252848,0.7448405537188655,0.415,0.035,0.535,0.015,found,13.0,variable_expense_ratio,110,90,24,success,,
population_detail.v1,C004216,200,0.4358710033710916,1.3461188178806864,1.4225660764563488,1.6622636174108951,0.525,0.155,0.315,0.005,found,13.0,variable_expense_ratio,64,136,24,success,,
population_detail.v1,C004217,200,0.2304347261392947,1.4133002055453119,1.5215879601061162,1.8411934535050205,0.44,0.56,0.0,0.0,insufficient_group_size,,,0,200,0,success,,
population_detail.v1,C004218,200,0.4301774285306779,0.8184025281886196,0.8532701811572769,0.991985475811446,0.105,0.04,0.71,0.145,found,13.0,variable_expense_ratio,171,29,24,success,,
population_detail.v1,C004219,200,0.31548059825664004,1.0774417113089805,1.0999362571949947,1.4143766178265125,0.0,0.0,0.135,0.865,insufficient_group_size,,,200,0,0,success,,
population_detail.v1,C004220,200,0.40410440553153104,1.032881417473863,1.0932199631797959,1.3366832695022324,0.465,0.255,0.26,0.02,found,13.0,variable_expense_ratio,56,144,9,success,,
population_detail.v1,C004221,200,0.2063693366765927,0.8093609852376086,0.8433426651311964,1.0162929349902747,0.15,0.09,0.735,0.025,found,13.0,cash_balance_ratio,152,48,24,success,,
population_detail.v1,C004222,200,0.3867773481650989,0.9462386145753657,1.0121976842176128,1.190742935920924,0.405,0.235,0.325,0.035,found,13.0,variable_expense_ratio,72,128,24,success,,
population_detail.v1,C004223,200,0.2265777025279206,0.5203561566208749,0.5436586475620304,0.6540586911506642,0.355,0.07,0.54,0.035,found,13.0,variable_expense_ratio,115,85,24,success,,
population_detail.v1,C004224,200,0.4031722015632776,0.9424104685327873,0.964501648287095,1.228563131190314,0.015,0.01,0.395,0.58,insufficient_group_size,,,195,5,0,success,,
population_detail.v1,C004225,200,0.22157134384436716,0.6208966536367738,0.6386330502734529,0.795837465043841,0.955,0.04,0.005,0.0,insufficient_group_size,,,1,199,0,success,,
population_detail.v1,C004226,200,0.456272057002486,1.4064605584517256,1.4669129137139123,1.8201674383976945,0.48,0.2,0.31,0.01,found,13.0,variable_expense_ratio,64,136,24,success,,
population_detail.v1,C004227,200,0.25095330070050487,0.8500512721936323,0.9125164609501697,1.1254411636067212,0.015,0.005,0.78,0.2,insufficient_group_size,,,196,4,0,success,,
population_detail.v1,C004228,200,0.2998035196410296,0.654567433234518,0.6815720185156966,0.8519942007401798,0.185,0.08,0.62,0.115,found,13.0,cash_balance_ratio,147,53,24,success,,
population_detail.v1,C004229,200,0.43743119339098546,0.9433160256247239,0.987899710985229,1.1463540202246336,0.32,0.165,0.475,0.04,found,13.0,variable_expense_ratio,103,97,24,success,,
population_detail.v1,C004230,200,0.3705162939555862,0.7718256221211004,0.7835976479509306,1.015152807124983,0.0,0.0,0.11,0.89,insufficient_group_size,,,200,0,0,success,,
population_detail.v1,C004231,200,0.31832986826577186,0.5848145254812961,0.5999300765050672,0.7317894684990661,0.94,0.025,0.035,0.0,insufficient_group_size,,,7,193,0,success,,
population_detail.v1,C004232,200,0.20182807161426364,0.5250393934128589,0.5523035260347983,0.6295643965612736,0.625,0.07,0.305,0.0,found,13.0,variable_expense_ratio,61,139,24,success,,
population_detail.v1,C004233,200,0.15679873892448612,0.5679098038940446,0.5792017539419321,0.8048348587470815,0.97,0.015,0.015,0.0,insufficient_group_size,,,3,197,0,success,,
population_detail.v1,C004234,200,0.21416558351924486,0.652360561173424,0.6911596622871206,0.8329853066629153,0.99,0.005,0.005,0.0,insufficient_group_size,,,1,199,0,success,,
population_detail.v1,C004235,200,1.3845560746764776,4.725897293545875,5.144953337796927,5.3194363696865885,0.595,0.115,0.19,0.1,found,13.0,cash_balance_ratio,58,142,24,success,,
population_detail.v1,C004236,200,1.383695289386372,2.38834925374885,2.423046063856675,2.8586578490861583,0.295,0.705,0.0,0.0,insufficient_group_size,,,0,200,0,success,,
population_detail.v1,C004237,200,0.15824798992106653,0.49777675225289875,0.5209059928259292,0.7620287245700653,1.0,0.0,0.0,0.0,insufficient_group_size,,,0,200,0,success,,
population_detail.v1,C004238,200,0.17177535460144175,0.618168160702297,0.6459850412591457,0.7915525968806557,0.33,0.14,0.505,0.025,found,13.0,variable_expense_ratio,106,94,24,success,,
population_detail.v1,C004239,200,0.23725746066400843,0.5305145357692496,0.5472343593890145,0.6571633446765357,0.99,0.005,0.005,0.0,insufficient_group_size,,,1,199,0,success,,
population_detail.v1,C004240,200,0.23939546299934164,0.538287920939739,0.559360019331941,0.6474338589677594,0.41,0.07,0.485,0.035,found,13.0,variable_expense_ratio,104,96,24,success,,
population_detail.v1,C004241,200,0.228042994857758,0.8044145132613665,0.8284461082602211,1.034952267355982,0.015,0.01,0.51,0.465,insufficient_group_size,,,195,5,0,success,,
population_detail.v1,C004242,200,0.14650757635881417,0.6404481483651945,0.6599086159290817,0.8107857761353139,0.055,0.035,0.775,0.135,insufficient_group_size,,,182,18,0,success,,
population_detail.v1,C004243,200,0.20398706260233743,1.5039010682418614,1.600601507211035,2.1028750387655486,0.67,0.33,0.0,0.0,insufficient_group_size,,,0,200,0,success,,
population_detail.v1,C004244,200,0.2000044355138771,0.5317524972985204,0.5740577361432186,0.6773032219900369,0.145,0.055,0.705,0.095,found,13.0,variable_expense_ratio,160,40,24,success,,
population_detail.v1,C004245,200,0.3911453664822999,1.2536508757487825,1.35668167903443,1.5995635081142348,0.015,0.005,0.36,0.62,insufficient_group_size,,,196,4,0,success,,
population_detail.v1,C004246,200,0.44551504987044865,1.6421792059673856,1.8391699242919612,2.08538476543312,0.845,0.105,0.045,0.005,insufficient_group_size,,,10,190,0,success,,
population_detail.v1,C004247,200,0.2047882334282481,0.5942821503312526,0.6215817663173071,0.7722050187065612,1.0,0.0,0.0,0.0,insufficient_group_size,,,0,200,0,success,,
population_detail.v1,C004248,200,0.6406855476911459,16.635748824228955,19.443246183736115,20.027725845299194,0.275,0.675,0.05,0.0,insufficient_group_size,,,10,190,0,success,,
population_detail.v1,C004249,200,0.3085881174359176,0.8522294360089789,0.8716249140692014,1.0969897621821545,0.02,0.015,0.58,0.385,insufficient_group_size,,,193,7,0,success,,
population_detail.v1,C004250,200,0.3268846528022222,0.993078814346047,1.053605012287608,1.1770089468993006,0.135,0.11,0.72,0.035,found,13.0,variable_expense_ratio,151,49,24,success,,
population_detail.v1,C004251,200,0.2813259994665113,0.7359003556999012,0.7748063592738011,0.9714290832447553,0.0,0.01,0.525,0.465,insufficient_group_size,,,198,2,0,success,,
population_detail.v1,C004252,200,0.7711219939014545,2.8911642901462153,2.9918952045930247,3.165828279607537,0.265,0.48,0.105,0.15,found,13.0,cash_balance_ratio,51,149,24,success,,
population_detail.v1,C004253,200,0.20728380101892227,0.5077255514735675,0.5267944420266198,0.6405975997340175,0.98,0.01,0.01,0.0,insufficient_group_size,,,2,198,0,success,,
population_detail.v1,C004254,200,0.19668345798645917,0.549228713832028,0.5767607669879944,0.7019125525344706,1.0,0.0,0.0,0.0,insufficient_group_size,,,0,200,0,success,,
population_detail.v1,C004255,200,0.23207079925212254,0.63422515933872,0.6551147722446049,0.7589127518585115,0.065,0.04,0.695,0.2,found,13.0,variable_expense_ratio,179,21,10,success,,
population_detail.v1,C004256,200,0.1800236614339004,0.9515758857791952,1.031342047519494,1.2597205862086733,0.375,0.025,0.595,0.005,found,13.0,savings_rate,120,80,3,success,,
population_detail.v1,C004257,200,0.19027466798148693,0.6889760728274326,0.7258650133365566,0.8361856193946442,0.975,0.01,0.015,0.0,insufficient_group_size,,,3,197,0,success,,
population_detail.v1,C004258,200,0.4813868599103868,1.3700491974017797,1.41716159504019,2.021000698550331,0.85,0.15,0.0,0.0,insufficient_group_size,,,0,200,0,success,,
population_detail.v1,C004259,200,0.1764066068424026,0.6035649102591573,0.6359147340885891,0.746651466521773,0.995,0.0,0.005,0.0,insufficient_group_size,,,1,199,0,success,,
population_detail.v1,C004260,200,0.25219427472760797,0.606115487773454,0.6336561077732401,0.746324579405161,0.795,0.1,0.105,0.0,found,13.0,variable_expense_ratio,21,179,24,success,,
population_detail.v1,C004261,200,0.262167488206258,0.6697198237373749,0.6891197313895778,0.8774337185279134,0.025,0.005,0.78,0.19,insufficient_group_size,,,194,6,0,success,,
population_detail.v1,C004262,200,0.175229588514473,0.8992395073825804,0.9430828105426399,1.1720196035773909,0.745,0.075,0.18,0.0,found,13.0,variable_expense_ratio,36,164,24,success,,
population_detail.v1,C004263,200,0.26331651948755425,1.296015035035846,1.3448677823712325,1.600662378119034,0.505,0.495,0.0,0.0,insufficient_group_size,,,0,200,0,success,,
population_detail.v1,C004264,200,0.3572567048566986,1.3538155874938227,1.4243267274885623,1.6693545699802748,0.62,0.38,0.0,0.0,insufficient_group_size,,,0,200,0,success,,
population_detail.v1,C004265,200,0.24333967419339003,0.5373484484895958,0.5537612343883263,0.6695082649883144,0.325,0.09,0.545,0.04,found,13.0,variable_expense_ratio,117,83,24,success,,
population_detail.v1,C004266,200,0.21881821633700044,0.695768725404294,0.7147261334291566,0.9424202818326421,0.0,0.0,0.07,0.93,insufficient_group_size,,,200,0,0,success,,
population_detail.v1,C004267,200,0.21001422843344683,0.6428226720572526,0.6709448737299373,0.8143099019346204,0.24,0.055,0.675,0.03,found,13.0,variable_expense_ratio,141,59,24,success,,
population_detail.v1,C004268,200,0.18916521858554358,0.47316214302485343,0.47911724536832656,0.6504915372556321,1.0,0.0,0.0,0.0,insufficient_group_size,,,0,200,0,success,,
population_detail.v1,C004269,200,0.35336810229954785,1.230464613583953,1.334881460749255,1.5945753954098818,0.95,0.035,0.015,0.0,insufficient_group_size,,,3,197,0,success,,
population_detail.v1,C004270,200,0.1411268079395354,0.49102630275880954,0.5163485235776316,0.6388324283829243,0.99,0.0,0.01,0.0,insufficient_group_size,,,2,198,0,success,,
population_detail.v1,C004271,200,0.22952132676141382,0.5425413590068882,0.5706402021861534,0.6939504053451705,1.0,0.0,0.0,0.0,insufficient_group_size,,,0,200,0,success,,
population_detail.v1,C004272,200,0.3107343365251373,1.221267544907255,1.2720091422333326,1.5757226186270459,0.02,0.01,0.395,0.575,insufficient_group_size,,,194,6,0,success,,
population_detail.v1,C004273,200,0.1696560817617197,0.6322811291668454,0.6567971065052192,0.7811865921952309,0.11,0.02,0.72,0.15,found,13.0,variable_expense_ratio,174,26,24,success,,
population_detail.v1,C004274,200,0.21370907866002253,0.748889124060155,0.7729543922824884,1.0327674477504787,0.0,0.01,0.57,0.42,insufficient_group_size,,,198,2,0,success,,
population_detail.v1,C004275,200,0.26444192172249664,0.6999934448941235,0.7334979604529208,0.8415692788126127,0.67,0.065,0.265,0.0,found,13.0,variable_expense_ratio,53,147,24,success,,
population_detail.v1,C004276,200,0.13761302108968332,0.6466305734309854,0.6839588968414436,0.8140451425439124,1.0,0.0,0.0,0.0,insufficient_group_size,,,0,200,0,success,,
population_detail.v1,C004277,200,0.35620710247297627,1.2138697147133006,1.2649407640664951,1.6253873660911402,0.45,0.55,0.0,0.0,insufficient_group_size,,,0,200,0,success,,
population_detail.v1,C004278,200,0.22681426927586792,1.2132576526768848,1.3098202046517688,1.621027095964408,0.525,0.475,0.0,0.0,insufficient_group_size,,,0,200,0,success,,
population_detail.v1,C004279,200,0.3455734146233961,1.2761745683501038,1.2777237988414996,1.6666776415687092,0.5,0.5,0.0,0.0,insufficient_group_size,,,0,200,0,success,,
population_detail.v1,C004280,200,0.2556827129868385,0.537209872006763,0.5584659168535717,0.668170596514389,0.785,0.065,0.15,0.0,found,13.0,variable_expense_ratio,30,170,24,success,,
population_detail.v1,C004281,200,0.7711219939014545,2.94322498871571,3.039660986704761,3.2946069234622053,0.29,0.495,0.075,0.14,found,13.0,cash_balance_ratio,43,157,24,success,,
population_detail.v1,C004282,200,0.30012997867520913,0.963067329777592,1.0246322624151862,1.3728819160349521,0.315,0.685,0.0,0.0,insufficient_group_size,,,0,200,0,success,,
population_detail.v1,C004283,200,0.26235851551031747,0.5267551451276533,0.5400358183498839,0.6894016913606646,0.995,0.005,0.0,0.0,insufficient_group_size,,,0,200,0,success,,
population_detail.v1,C004284,200,0.22277231055225682,0.5334342411630338,0.5624697810703267,0.6598437549565254,0.41,0.1,0.475,0.015,found,13.0,variable_expense_ratio,98,102,24,success,,
population_detail.v1,C004285,200,0.6561417241076852,1.5164015550964853,1.5639972200798813,2.133620119103188,0.29,0.71,0.0,0.0,insufficient_group_size,,,0,200,0,success,,
population_detail.v1,C004286,200,0.1388846556277547,0.5840657420408233,0.6185985109114049,0.7753747840556376,0.87,0.06,0.065,0.005,insufficient_group_size,,,14,186,0,success,,
population_detail.v1,C004287,200,0.30247792107915594,0.626594293551083,0.6527315921583167,0.7735906659295978,0.575,0.17,0.235,0.02,found,13.0,variable_expense_ratio,51,149,24,success,,
population_detail.v1,C004288,200,0.16756885182777975,0.6045583846315258,0.6227148716000492,0.7611957851136262,0.315,0.135,0.53,0.02,found,13.0,cash_balance_ratio,110,90,24,success,,
population_detail.v1,C004289,200,0.16817452612039874,0.6708587606523508,0.7048474904251927,0.8514913319717974,0.015,0.01,0.56,0.415,insufficient_group_size,,,195,5,0,success,,
population_detail.v1,C004290,200,0.15391190709043095,0.6018743670857105,0.6319398356106063,0.8018379982676813,1.0,0.0,0.0,0.0,insufficient_group_size,,,0,200,0,success,,
population_detail.v1,C004291,200,0.1965082833884547,0.7405236328288334,0.7722659014251536,0.9830507503740795,0.66,0.065,0.275,0.0,found,13.0,variable_expense_ratio,55,145,24,success,,
population_detail.v1,C004292,200,0.17161428758749472,0.5465327732396024,0.5805578102393992,0.6917724409904804,0.96,0.02,0.02,0.0,insufficient_group_size,,,4,196,0,success,,
population_detail.v1,C004293,200,0.23120034136904874,0.5446050242943448,0.5681751301786532,0.6940796646045092,1.0,0.0,0.0,0.0,insufficient_group_size,,,0,200,0,success,,
population_detail.v1,C004294,200,0.2737684969686933,0.5982266852520606,0.6213626016382516,0.7480720576119696,0.145,0.06,0.675,0.12,found,13.0,cash_balance_ratio,159,41,24,success,,
population_detail.v1,C004295,200,0.4170864342105746,1.3304655810730492,1.4142764001456345,1.908799822363348,0.875,0.005,0.12,0.0,found,13.0,cash_balance_ratio,24,176,24,success,,
population_detail.v1,C004296,200,0.3846584881155703,1.5096342601201846,1.6169960632295535,2.246312123639888,0.29,0.71,0.0,0.0,insufficient_group_size,,,0,200,0,success,,
population_detail.v1,C004297,200,0.22900013448657472,0.5388185664246091,0.5596626756974721,0.6627220643705677,0.71,0.065,0.225,0.0,found,13.0,variable_expense_ratio,45,155,24,success,,
population_detail.v1,C004298,200,0.19972453448589123,0.4997049703927733,0.5119889693950168,0.6377138526927196,0.995,0.005,0.0,0.0,insufficient_group_size,,,0,200,0,success,,
population_detail.v1,C004299,200,0.21416558351924486,0.6584246609585861,0.693440760962347,0.8156322192003855,0.985,0.01,0.005,0.0,insufficient_group_size,,,1,199,0,success,,
population_detail.v1,C004300,200,0.22344620246905775,0.7371388285166484,0.7638580208516212,0.9670701807767634,0.66,0.05,0.29,0.0,found,13.0,variable_expense_ratio,58,142,24,success,,
population_detail.v1,C004301,200,0.2969655307129334,0.560362613914089,0.5759536513929956,0.674837011194563,0.955,0.035,0.01,0.0,insufficient_group_size,,,2,198,0,success,,
population_detail.v1,C004302,200,0.22266699398071396,0.6827295682425043,0.7282870113129365,0.8569957424370448,0.635,0.16,0.195,0.01,found,13.0,variable_expense_ratio,41,159,24,success,,
population_detail.v1,C004303,200,2.0700478724952225,6.8084270365216275,7.534411475824951,7.802935570394994,0.42,0.43,0.125,0.025,found,13.0,cash_balance_ratio,30,170,24,success,,
population_detail.v1,C004304,200,0.23010325497436196,0.5981192655351392,0.6259874151178515,0.76117728911203,0.23,0.105,0.625,0.04,found,13.0,variable_expense_ratio,133,67,24,success,,
population_detail.v1,C004305,200,0.25732214775908346,1.150656164257296,1.1698660187047087,1.6711656100381405,0.37,0.63,0.0,0.0,insufficient_group_size,,,0,200,0,success,,
population_detail.v1,C004306,200,0.3849990532550715,1.1710697217749475,1.222885932217027,1.5514814082189772,0.0,0.0,0.165,0.835,insufficient_group_size,,,200,0,0,success,,
population_detail.v1,C004307,200,0.27604329378357373,0.608662909918295,0.6342303275385701,0.7634312212616283,0.505,0.2,0.265,0.03,found,13.0,cash_balance_ratio,59,141,24,success,,
population_detail.v1,C004308,200,0.20803141163996205,0.7968783370617288,0.829051484763178,1.0985057449714497,0.005,0.01,0.485,0.5,insufficient_group_size,,,197,3,0,success,,
population_detail.v1,C004309,200,0.29051723826611364,0.6566377890086053,0.6682493594937571,0.9169415352631624,0.975,0.01,0.015,0.0,insufficient_group_size,,,3,197,0,success,,
population_detail.v1,C004310,200,0.27624594201142355,0.6020943934533646,0.6283533091654926,0.7531739363154968,0.06,0.015,0.75,0.175,insufficient_group_size,,,185,15,0,success,,
population_detail.v1,C004311,200,0.14815580052459731,0.6562851023404331,0.6814198871397539,0.7976799161047624,0.72,0.13,0.145,0.005,found,13.0,cash_balance_ratio,30,170,24,success,,
population_detail.v1,C004312,200,0.30823487097838886,0.6269953874661555,0.644019682219743,0.7729660157158343,0.225,0.115,0.625,0.035,found,13.0,variable_expense_ratio,132,68,24,success,,
population_detail.v1,C004313,200,0.12604731683605522,0.4697478277343333,0.4814628929579433,0.6412450056255817,1.0,0.0,0.0,0.0,insufficient_group_size,,,0,200,0,success,,
population_detail.v1,C004314,200,0.10607163704668321,0.5521643764327293,0.5748216089677411,0.7702934412358836,1.0,0.0,0.0,0.0,insufficient_group_size,,,0,200,0,success,,
population_detail.v1,C004315,200,0.15134292214656142,0.4707468659683744,0.48599013903526544,0.6484087903083663,1.0,0.0,0.0,0.0,insufficient_group_size,,,0,200,0,success,,
population_detail.v1,C004316,200,0.5472928744052435,1.1376146544501893,1.1594304266275328,1.5332823342551614,0.295,0.705,0.0,0.0,insufficient_group_size,,,0,200,0,success,,
population_detail.v1,C004317,200,0.12081309597315104,0.5285786493623099,0.5330971930564765,0.774361219652723,1.0,0.0,0.0,0.0,insufficient_group_size,,,0,200,0,success,,
population_detail.v1,C004318,200,0.39224023162665006,1.6798955853842756,1.8166306266846037,2.090899907921579,0.64,0.36,0.0,0.0,insufficient_group_size,,,0,200,0,success,,
population_detail.v1,C004319,200,0.22680712491811708,0.6911389584475139,0.7186183634649042,0.9173906792824231,0.995,0.005,0.0,0.0,insufficient_group_size,,,0,200,0,success,,
population_detail.v1,C004320,200,0.2352268781226375,0.7073887786779578,0.7300201821955496,0.9583161686675231,0.795,0.05,0.155,0.0,found,13.0,variable_expense_ratio,31,169,24,success,,
population_detail.v1,C004321,200,0.17532712942133147,0.5243641830698406,0.5393419421011117,0.6581173904788944,0.98,0.02,0.0,0.0,insufficient_group_size,,,0,200,0,success,,
population_detail.v1,C004322,200,0.22432082397605652,0.7698979414230495,0.8275312945469167,1.0130921066008354,0.99,0.005,0.005,0.0,insufficient_group_size,,,1,199,0,success,,
population_detail.v1,C004323,200,0.3536687668358102,1.303407569731682,1.3691036214166563,1.701285597022391,0.0,0.0,0.16,0.84,insufficient_group_size,,,200,0,0,success,,
population_detail.v1,C004324,200,0.44590550150614955,1.5195174535501996,1.5924763842816878,1.8712427027610297,0.63,0.37,0.0,0.0,insufficient_group_size,,,0,200,0,success,,
population_detail.v1,C004325,200,0.21069200450603418,1.5602963645419643,1.7129647084149595,2.1407266474007387,0.705,0.295,0.0,0.0,insufficient_group_size,,,0,200,0,success,,
population_detail.v1,C004326,200,0.21500853166739103,0.9676542063605392,0.9748823265735784,1.4241163297388952,0.305,0.695,0.0,0.0,insufficient_group_size,,,0,200,0,success,,
population_detail.v1,C004327,200,0.22766723056344715,0.601543818668991,0.6244926578550023,0.7686299999978233,0.1,0.045,0.765,0.09,found,13.0,variable_expense_ratio,171,29,24,success,,
population_detail.v1,C004328,200,0.11488960927023041,0.44310527218754986,0.4618188488174197,0.6103521642615093,1.0,0.0,0.0,0.0,insufficient_group_size,,,0,200,0,success,,
population_detail.v1,C004329,200,0.37092643543559645,0.9876479447701378,1.002380793183702,1.3019293190438475,0.0,0.005,0.335,0.66,insufficient_group_size,,,199,1,0,success,,
population_detail.v1,C004330,200,0.2540988879354227,0.4773028003473348,0.4888369742743151,0.6079482326719814,0.985,0.015,0.0,0.0,insufficient_group_size,,,0,200,0,success,,
population_detail.v1,C004331,200,0.23519617985671898,0.5538755032615922,0.5833207883033837,0.6832106195300784,0.56,0.125,0.31,0.005,found,13.0,variable_expense_ratio,63,137,24,success,,
population_detail.v1,C004332,200,0.38242670913889887,0.7789127367065212,0.8020659716388208,0.9505949174521976,0.31,0.11,0.545,0.035,found,13.0,variable_expense_ratio,116,84,24,success,,
population_detail.v1,C004333,200,0.2213432904042173,0.7623382124463085,0.8407124733282585,0.9621038791978209,0.995,0.0,0.005,0.0,insufficient_group_size,,,1,199,0,success,,
population_detail.v1,C004334,200,0.16626029195217049,0.5157073429012616,0.5488723727074187,0.6504565799369793,0.95,0.0,0.05,0.0,insufficient_group_size,,,10,190,0,success,,
population_detail.v1,C004335,200,0.3127214880895601,0.8367060518234422,0.844567332167236,1.1420632187582032,0.0,0.005,0.395,0.6,insufficient_group_size,,,199,1,0,success,,
population_detail.v1,C004336,200,0.6436115347951256,2.889015138133203,2.950277868353769,3.0021270640636204,0.1,0.005,0.745,0.15,found,13.0,variable_expense_ratio,179,21,24,success,,
population_detail.v1,C004337,200,0.2422858945040986,2.015801261745661,2.1433000547401435,2.7208031040185,0.63,0.105,0.265,0.0,found,13.0,variable_expense_ratio,53,147,24,success,,
population_detail.v1,C004338,200,0.3449123481547995,1.0648262411989406,1.1123169737655554,1.670516010124354,0.305,0.695,0.0,0.0,insufficient_group_size,,,0,200,0,success,,
population_detail.v1,C004339,200,0.2213994504829749,0.6058199146793519,0.644850644361449,0.7714455182206122,0.99,0.005,0.005,0.0,insufficient_group_size,,,1,199,0,success,,
population_detail.v1,C004340,200,0.12388092879307135,0.47243914778478,0.4886345265378481,0.6644310350470537,1.0,0.0,0.0,0.0,insufficient_group_size,,,0,200,0,success,,
population_detail.v1,C004341,200,0.20526007869722301,0.616299568846848,0.6292942157540364,0.7543130164674853,0.35,0.115,0.51,0.025,found,13.0,cash_balance_ratio,107,93,24,success,,
population_detail.v1,C004342,200,0.16315694028982985,0.5343437107023665,0.5549860683327288,0.7148124346065561,1.0,0.0,0.0,0.0,insufficient_group_size,,,0,200,0,success,,
population_detail.v1,C004343,200,0.2596053508755883,0.6750594791555862,0.7050724500909629,0.8360189157400478,0.56,0.225,0.205,0.01,found,13.0,cash_balance_ratio,43,157,24,success,,
population_detail.v1,C004344,200,0.2753687502172552,0.9088799230647094,0.9641164584588691,1.1516242448302698,0.33,0.06,0.58,0.03,found,13.0,variable_expense_ratio,122,78,24,success,,
population_detail.v1,C004345,200,1.7841672427048945,7.53546901503883,8.74354657778333,8.994963316234138,0.435,0.43,0.11,0.025,found,13.0,cash_balance_ratio,27,173,24,success,,
population_detail.v1,C004346,200,0.24765844659432487,0.5763707285160362,0.5913546161263767,0.7109939541129684,0.335,0.12,0.5,0.045,found,13.0,variable_expense_ratio,109,91,24,success,,
population_detail.v1,C004347,200,0.3331207311146185,1.3457995584172278,1.3913660430938122,1.8035217255123492,0.81,0.19,0.0,0.0,insufficient_group_size,,,0,200,0,success,,
population_detail.v1,C004348,200,0.1914425935577186,0.6581312076375327,0.6974491694377449,0.8366956092679663,0.98,0.01,0.01,0.0,insufficient_group_size,,,2,198,0,success,,
population_detail.v1,C004349,200,0.32021294724298566,0.6223305042331455,0.6434587373798805,0.7602922084404578,0.88,0.075,0.045,0.0,insufficient_group_size,,,9,191,0,success,,
population_detail.v1,C004350,200,0.3433559538341989,0.913183767856784,0.913534637749978,1.3233706403834031,0.29,0.71,0.0,0.0,insufficient_group_size,,,0,200,0,success,,
population_detail.v1,C004351,200,0.42079670180927176,1.6901626274557395,1.7476681217164836,2.2516586592818015,0.305,0.695,0.0,0.0,insufficient_group_size,,,0,200,0,success,,
population_detail.v1,C004352,200,0.2823754957077336,0.5894414061651362,0.6105747288949519,0.7169481108105219,0.965,0.02,0.015,0.0,insufficient_group_size,,,3,197,0,success,,
population_detail.v1,C004353,200,0.28803392495816893,1.2450660509355551,1.334858596249605,1.6745940257871705,0.55,0.45,0.0,0.0,insufficient_group_size,,,0,200,0,success,,
population_detail.v1,C004354,200,0.39212009000630577,1.2799265009344762,1.3274619858605767,1.6938473066719308,0.0,0.0,0.03,0.97,insufficient_group_size,,,200,0,0,success,,
population_detail.v1,C004355,200,0.24218196618584575,0.4961416767081839,0.5109064337862662,0.6341638902769269,1.0,0.0,0.0,0.0,insufficient_group_size,,,0,200,0,success,,
population_detail.v1,C004356,200,0.1759301174492961,0.6962060752875108,0.7274606539832406,0.8900779294947547,0.015,0.01,0.57,0.405,insufficient_group_size,,,195,5,0,success,,
population_detail.v1,C004357,200,0.31397445925570827,1.2198483158576379,1.2815135446569261,1.6615934883323014,0.57,0.43,0.0,0.0,insufficient_group_size,,,0,200,0,success,,
population_detail.v1,C004358,200,0.20386459723024003,0.4989759966888023,0.5237674305752626,0.6404027703067421,0.99,0.01,0.0,0.0,insufficient_group_size,,,0,200,0,success,,
population_detail.v1,C004359,200,0.1929390581010261,0.5789093648870391,0.6083445040018971,0.7283157231348902,0.225,0.06,0.66,0.055,found,13.0,variable_expense_ratio,143,57,24,success,,
population_detail.v1,C004360,200,0.14788172108109127,0.6750558132207609,0.6958753620043605,0.8709144316546732,0.24,0.065,0.665,0.03,found,13.0,variable_expense_ratio,139,61,24,success,,
population_detail.v1,C004361,200,0.21760176497230446,0.5535909936095367,0.570578276571386,0.7554757570847475,0.99,0.01,0.0,0.0,insufficient_group_size,,,0,200,0,success,,
population_detail.v1,C004362,200,0.29506721072336256,1.048518403597151,1.1169858946749032,1.4433228520463195,0.0,0.005,0.35,0.645,insufficient_group_size,,,199,1,0,success,,
population_detail.v1,C004363,200,0.35990103665760803,0.86398664179532,0.9050630744654907,1.1308030072892266,0.0,0.0,0.275,0.725,insufficient_group_size,,,200,0,0,success,,
population_detail.v1,C004364,200,0.30709097172036687,0.6096029603293881,0.6278056858024141,0.7553489271201423,0.12,0.07,0.735,0.075,found,13.0,cash_balance_ratio,162,38,24,success,,
population_detail.v1,C004365,200,0.3323031137238701,0.6121126909617249,0.6309173950081555,0.7483772890319162,0.395,0.11,0.485,0.01,found,13.0,variable_expense_ratio,99,101,24,success,,
population_detail.v1,C004366,200,0.1315897128878933,0.9432610596120818,0.9845053379644841,1.314546601197832,0.325,0.065,0.61,0.0,found,13.0,variable_expense_ratio,122,78,24,success,,
population_detail.v1,C004367,200,0.17215903746739897,0.5279422219393175,0.5561194739104081,0.7024756966476435,1.0,0.0,0.0,0.0,insufficient_group_size,,,0,200,0,success,,
population_detail.v1,C004368,200,0.28733240048048986,0.8395217249136874,0.8693373945400911,1.115455178317986,0.01,0.01,0.36,0.62,insufficient_group_size,,,196,4,0,success,,
population_detail.v1,C004369,200,0.42015400050331664,0.8401400070433226,0.8520344949255414,1.0237721417945385,0.135,0.04,0.68,0.145,found,13.0,cash_balance_ratio,165,35,24,success,,
population_detail.v1,C004370,200,0.17452080154266686,0.7554298687548276,0.7763169571312025,1.0020745310716301,0.0,0.0,0.635,0.365,insufficient_group_size,,,200,0,0,success,,
population_detail.v1,C004371,200,0.36109321065851985,2.141057031810545,2.324556526015396,2.7007928415852134,0.0,0.0,0.03,0.97,insufficient_group_size,,,200,0,0,success,,
population_detail.v1,C004372,200,0.16998674038918773,0.60647184319363,0.6156218746525974,0.8038307284406281,1.0,0.0,0.0,0.0,insufficient_group_size,,,0,200,0,success,,
population_detail.v1,C004373,200,0.1323247424626488,0.4689257164661762,0.48909086897162835,0.6366762270351343,1.0,0.0,0.0,0.0,insufficient_group_size,,,0,200,0,success,,
population_detail.v1,C004374,200,0.23095725111433027,0.6300223908775311,0.6449742189046586,0.8186434309654832,0.06,0.015,0.71,0.215,insufficient_group_size,,,185,15,0,success,,
population_detail.v1,C004375,200,0.24186889342072113,0.8365292425376535,0.8713659217436092,1.0287474646299084,0.615,0.145,0.235,0.005,found,13.0,variable_expense_ratio,48,152,24,success,,
population_detail.v1,C004376,200,0.16892088638982813,0.5153199349599905,0.5341098586651225,0.6372724737824854,0.915,0.05,0.035,0.0,insufficient_group_size,,,7,193,0,success,,
population_detail.v1,C004377,200,0.08471762530980126,0.46715003554098117,0.473560370756235,0.670424431750788,1.0,0.0,0.0,0.0,insufficient_group_size,,,0,200,0,success,,
population_detail.v1,C004378,200,0.22022427830460303,0.692499137789614,0.712333280318359,0.8906741962427474,0.005,0.005,0.64,0.35,insufficient_group_size,,,198,2,0,success,,
population_detail.v1,C004379,200,0.2827332429520247,1.1294363106090657,1.1815786265192374,1.5435974620296724,0.41,0.59,0.0,0.0,insufficient_group_size,,,0,200,0,success,,
population_detail.v1,C004380,200,0.11689990589624637,0.4332956114309671,0.4520966030069782,0.6010764008921962,1.0,0.0,0.0,0.0,insufficient_group_size,,,0,200,0,success,,
population_detail.v1,C004381,200,0.1665641762836341,0.5974614237454543,0.6111442775633924,0.7435980876202715,0.04,0.02,0.695,0.245,insufficient_group_size,,,188,12,0,success,,
population_detail.v1,C004382,200,0.1925213361373988,0.5536540735062281,0.5723845558981491,0.7567294990595094,0.96,0.02,0.02,0.0,insufficient_group_size,,,4,196,0,success,,
population_detail.v1,C004383,200,0.2981669151443171,1.1065021063333298,1.131936265383351,1.7650406497116293,0.305,0.695,0.0,0.0,insufficient_group_size,,,0,200,0,success,,
population_detail.v1,C004384,200,0.3595866413842445,1.1092678498674682,1.1215818213869149,1.6768778678613503,0.29,0.71,0.0,0.0,insufficient_group_size,,,0,200,0,success,,
population_detail.v1,C004385,200,0.12292986188304024,0.4926161169505312,0.5047842064265391,0.7312806348703516,1.0,0.0,0.0,0.0,insufficient_group_size,,,0,200,0,success,,
population_detail.v1,C004386,200,0.2670210883631339,0.6591905303271537,0.678841599414663,0.857722404351882,0.135,0.02,0.78,0.065,found,13.0,variable_expense_ratio,169,31,24,success,,
population_detail.v1,C004387,200,0.2980188693436781,0.710744471585186,0.7343292146439167,0.8789997436287537,0.255,0.155,0.545,0.045,found,13.0,cash_balance_ratio,118,82,24,success,,
population_detail.v1,C004388,200,0.24722404277328808,0.6193917451289284,0.6238984415689555,0.8247685074906476,0.99,0.0,0.01,0.0,insufficient_group_size,,,2,198,0,success,,
population_detail.v1,C004389,200,0.19814655924771363,0.5493010440257255,0.5677975563851828,0.7304354395831513,0.96,0.025,0.015,0.0,insufficient_group_size,,,3,197,0,success,,
population_detail.v1,C004390,200,0.30966413232327705,0.7023653445745077,0.7188333312778377,0.914990859747815,0.985,0.01,0.005,0.0,insufficient_group_size,,,1,199,0,success,,
population_detail.v1,C004391,200,0.265845771802391,0.7579709114013713,0.7825060148569618,1.0514858239973977,0.0,0.0,0.07,0.93,insufficient_group_size,,,200,0,0,success,,
population_detail.v1,C004392,200,0.2128965931550772,0.7167673391423267,0.7480542091905167,0.9428096693976239,0.1,0.02,0.67,0.21,found,13.0,loan_balance_ratio,176,24,24,success,,
population_detail.v1,C004393,200,0.568739500248589,2.8944407168120363,3.084547656143847,3.4451676281202976,0.0,0.0,0.025,0.975,insufficient_group_size,,,200,0,0,success,,
population_detail.v1,C004394,200,0.16035944255553206,0.5001741906036833,0.5203429825508968,0.6570716702616893,1.0,0.0,0.0,0.0,insufficient_group_size,,,0,200,0,success,,
population_detail.v1,C004395,200,0.16405879928355124,0.5448749061598511,0.5714934311687903,0.7574843781133117,0.965,0.02,0.015,0.0,insufficient_group_size,,,3,197,0,success,,
population_detail.v1,C004396,200,0.15177504352749602,0.5647503504772655,0.5831935666084753,0.7384515059456007,0.18,0.035,0.73,0.055,found,13.0,variable_expense_ratio,157,43,24,success,,
population_detail.v1,C004397,200,0.28181666656684096,0.7790459875331363,0.7920165256142715,1.0549689658497605,0.0,0.0,0.085,0.915,insufficient_group_size,,,200,0,0,success,,
population_detail.v1,C004398,200,0.19144617484912047,0.5573076222518306,0.5859886485862649,0.7518116451950944,0.995,0.0,0.005,0.0,insufficient_group_size,,,1,199,0,success,,
population_detail.v1,C004399,200,0.37033137057276155,0.8523830074456461,0.8910243375052402,1.0721789044630963,0.355,0.165,0.45,0.03,found,13.0,variable_expense_ratio,96,104,24,success,,
population_detail.v1,C004400,200,0.3537539221439704,1.425946677425208,1.4811448932878366,2.0569809068382345,0.555,0.12,0.325,0.0,found,13.0,variable_expense_ratio,65,135,24,success,,
population_detail.v1,C004401,200,0.1743219084551943,0.6816106327719078,0.7188489747995566,0.8641039785102933,0.015,0.02,0.52,0.445,insufficient_group_size,,,193,7,0,success,,
population_detail.v1,C004402,200,1.6234146840293706,7.6650520192885025,9.04869131867407,9.36744080996494,0.505,0.335,0.13,0.03,found,13.0,cash_balance_ratio,32,168,24,success,,
population_detail.v1,C004403,200,0.18668273853699546,0.736262750077533,0.7708940245567184,0.9110054573256602,0.225,0.135,0.6,0.04,found,13.0,variable_expense_ratio,128,72,24,success,,
population_detail.v1,C004404,200,0.4439908842797847,1.2711305968840763,1.3327069470085902,1.7465656110053476,0.865,0.135,0.0,0.0,insufficient_group_size,,,0,200,0,success,,
population_detail.v1,C004405,200,0.20328953200365704,0.7055745579546816,0.7404706499686353,0.8787288958474261,0.86,0.075,0.065,0.0,insufficient_group_size,,,13,187,0,success,,
population_detail.v1,C004406,200,0.2612888432759727,0.8573796584795346,0.8972370544799468,1.1726119148080427,0.0,0.0,0.045,0.955,insufficient_group_size,,,200,0,0,success,,
population_detail.v1,C004407,200,0.25921381198139226,0.6620602269317603,0.6847170510364244,0.8405537216037349,0.04,0.005,0.715,0.24,insufficient_group_size,,,191,9,0,success,,
population_detail.v1,C004408,200,0.5428225100985258,1.3899767569272072,1.409974967554271,1.5499902977882825,0.43,0.195,0.365,0.01,found,13.0,variable_expense_ratio,75,125,24,success,,
population_detail.v1,C004409,200,0.26075132074102,0.7486749100967459,0.7812520599960231,0.9496658969270778,0.46,0.185,0.35,0.005,found,13.0,variable_expense_ratio,71,129,24,success,,
population_detail.v1,C004410,200,0.1176464303591886,0.5194936022810043,0.5503702461229913,0.7249089389913821,1.0,0.0,0.0,0.0,insufficient_group_size,,,0,200,0,success,,
population_detail.v1,C004411,200,0.11599807645239243,0.5905759820565595,0.6066274205917415,0.7242671765510797,0.73,0.095,0.175,0.0,found,13.0,variable_expense_ratio,35,165,24,success,,
population_detail.v1,C004412,200,0.2631688107250085,0.5794889253715092,0.6155245550208293,0.7178530495543852,0.64,0.135,0.205,0.02,found,13.0,variable_expense_ratio,45,155,24,success,,
population_detail.v1,C004413,200,0.3774327707858682,1.1907941471639314,1.175769336063317,1.8124658802687288,0.98,0.015,0.005,0.0,insufficient_group_size,,,1,199,0,success,,
population_detail.v1,C004414,200,0.2554823912618904,0.7384864242562591,0.7783681699513563,0.980081892760782,0.04,0.02,0.63,0.31,insufficient_group_size,,,188,12,0,success,,
population_detail.v1,C004415,200,0.19163601193691945,0.5094218377675759,0.5341480546473382,0.6343669024112687,0.995,0.005,0.0,0.0,insufficient_group_size,,,0,200,0,success,,
population_detail.v1,C004416,200,0.20339462093696326,1.0288114215104296,1.095790762547547,1.3858821236442842,0.41,0.59,0.0,0.0,insufficient_group_size,,,0,200,0,success,,
population_detail.v1,C004417,200,0.2433022612699382,0.5938718889575036,0.6168305568431618,0.7347882236113773,0.995,0.0,0.005,0.0,insufficient_group_size,,,1,199,0,success,,
population_detail.v1,C004418,200,0.13215053742309243,0.513713279053593,0.5362391434909287,0.6926681083844167,1.0,0.0,0.0,0.0,insufficient_group_size,,,0,200,0,success,,
population_detail.v1,C004419,200,0.17419079390816758,0.5840284044004977,0.6165348669536319,0.7377450076309281,0.115,0.06,0.745,0.08,found,13.0,variable_expense_ratio,165,35,24,success,,
population_detail.v1,C004420,200,0.14813216198153334,0.4966607683666247,0.5315219397870243,0.6931524318650447,1.0,0.0,0.0,0.0,insufficient_group_size,,,0,200,0,success,,
population_detail.v1,C004421,200,0.15604182303690373,0.6685786795234534,0.7030672327058377,0.8729042260000434,0.285,0.08,0.515,0.12,found,13.0,cash_balance_ratio,127,73,24,success,,
population_detail.v1,C004422,200,0.3456720814367346,1.3769931726642488,1.5515300532444494,2.0099557545183666,0.74,0.26,0.0,0.0,insufficient_group_size,,,0,200,0,success,,
population_detail.v1,C004423,200,0.27922384869943473,0.9934125070869393,1.0585025087552729,1.2859873145771474,0.365,0.03,0.605,0.0,found,13.0,variable_expense_ratio,121,79,24,success,,
population_detail.v1,C004424,200,0.21978036873466683,0.7905574380093177,0.8298415255072831,0.9965048430494732,0.015,0.005,0.535,0.445,insufficient_group_size,,,196,4,0,success,,
population_detail.v1,C004425,200,0.22984877322886943,0.68976910277939,0.7045950713352334,0.8796206061531241,0.055,0.015,0.6,0.33,insufficient_group_size,,,186,14,0,success,,
population_detail.v1,C004426,200,0.2730657515097894,1.1335962440413974,1.163786507261537,1.6546914507963806,0.34,0.66,0.0,0.0,insufficient_group_size,,,0,200,0,success,,
population_detail.v1,C004427,200,0.2955411003791137,0.6347416306168566,0.6600924693350352,0.7862415743198459,0.135,0.08,0.73,0.055,found,13.0,variable_expense_ratio,157,43,6,success,,
population_detail.v1,C004428,200,0.3232941096539387,0.8922684797369179,0.9169665956127011,1.0811793758337798,0.215,0.12,0.55,0.115,found,13.0,variable_expense_ratio,133,67,24,success,,
population_detail.v1,C004429,200,0.2305473205676461,0.5266125041440829,0.5523102656206361,0.6701586197152349,0.18,0.03,0.735,0.055,found,13.0,variable_expense_ratio,158,42,24,success,,
population_detail.v1,C004430,200,0.9710995916360876,5.395523885787464,5.910513726449286,6.166481876805053,0.78,0.135,0.08,0.005,insufficient_group_size,,,17,183,0,success,,
population_detail.v1,C004431,200,0.3768780798487573,1.4232627959897297,1.465988416667284,2.0085522238146836,0.32,0.68,0.0,0.0,insufficient_group_size,,,0,200,0,success,,
population_detail.v1,C004432,200,0.2262430238709713,0.7376962910722377,0.7612246301833367,0.9986764811674587,0.575,0.065,0.36,0.0,found,13.0,variable_expense_ratio,72,128,24,success,,
population_detail.v1,C004433,200,0.20890210183829175,0.672012025308853,0.6972536938463111,0.8863936655746918,0.01,0.015,0.74,0.235,insufficient_group_size,,,195,5,0,success,,
population_detail.v1,C004434,200,0.47113145445000126,1.0174195373625072,1.0650314682583906,1.2382017506177825,0.335,0.215,0.43,0.02,found,13.0,variable_expense_ratio,90,110,5,success,,
population_detail.v1,C004435,200,0.30585300752347594,0.7754682243887788,0.8166615464001101,0.9389802878983049,0.615,0.06,0.32,0.005,found,13.0,variable_expense_ratio,65,135,24,success,,
population_detail.v1,C004436,200,0.22984832600510002,0.7506747977732919,0.7887332517601368,0.9943593440879346,0.235,0.1,0.525,0.14,found,13.0,variable_expense_ratio,133,67,24,success,,
population_detail.v1,C004437,200,0.23056657738525366,0.5810413335033914,0.6097640543091066,0.748893943989871,0.06,0.03,0.805,0.105,insufficient_group_size,,,182,18,0,success,,
population_detail.v1,C004438,200,0.23187163743092945,0.576167810879574,0.5983376984958932,0.7417865577069597,1.0,0.0,0.0,0.0,insufficient_group_size,,,0,200,0,success,,
population_detail.v1,C004439,200,0.11741346254793882,0.4324555003688535,0.44577091125075197,0.6249914580472498,1.0,0.0,0.0,0.0,insufficient_group_size,,,0,200,0,success,,
population_detail.v1,C004440,200,0.2099740680382214,0.6440092116888946,0.682893922455794,0.8555014516454491,0.77,0.04,0.19,0.0,found,13.0,variable_expense_ratio,38,162,24,success,,
population_detail.v1,C004441,200,0.32254283164165715,0.771846945228427,0.8214794150682645,1.085040349148138,0.0,0.0,0.125,0.875,insufficient_group_size,,,200,0,0,success,,
population_detail.v1,C004442,200,0.267888364569031,0.7691126145306157,0.7907849070939527,0.9650538914849344,0.215,0.11,0.545,0.13,found,13.0,variable_expense_ratio,135,65,24,success,,
population_detail.v1,C004443,200,0.41440715542031686,1.538610029851522,1.6298857941253397,1.963931172153836,0.47,0.09,0.44,0.0,found,13.0,variable_expense_ratio,88,112,24,success,,
population_detail.v1,C004444,200,0.2018444784318767,0.8532563182474284,0.8912280241388406,1.1752467979613892,0.0,0.0,0.155,0.845,insufficient_group_size,,,200,0,0,success,,
population_detail.v1,C004445,200,0.3923637432448147,0.9683505944388662,0.9833145176690932,1.1841196209224365,0.0,0.0,0.21,0.79,insufficient_group_size,,,200,0,0,success,,
population_detail.v1,C004446,200,0.1366109020868617,0.5420052807846606,0.5642230721583291,0.6739764150460834,0.8,0.09,0.11,0.0,found,13.0,variable_expense_ratio,22,178,24,success,,
population_detail.v1,C004447,200,0.17615725572491633,0.5432020595915857,0.5818116461627725,0.6733890782934123,1.0,0.0,0.0,0.0,insufficient_group_size,,,0,200,0,success,,
population_detail.v1,C004448,200,0.3161960164551871,1.2396677879281235,1.320076841694265,1.5798734863120791,0.71,0.07,0.22,0.0,found,13.0,variable_expense_ratio,44,156,24,success,,
population_detail.v1,C004449,200,0.24271982316165705,0.512214753503517,0.5307266838110178,0.6619208089994355,1.0,0.0,0.0,0.0,insufficient_group_size,,,0,200,0,success,,
population_detail.v1,C004450,200,0.21129849595504135,0.6304854971025547,0.6543226389454868,0.7818447886479465,0.82,0.095,0.085,0.0,insufficient_group_size,,,17,183,0,success,,
population_detail.v1,C004451,200,0.304653959762795,0.9883104320914136,1.0613729467959612,1.2933908502002094,0.01,0.01,0.39,0.59,insufficient_group_size,,,196,4,0,success,,
population_detail.v1,C004452,200,0.21903123368639785,0.705680776203144,0.7417659422953218,0.9188327069091977,0.05,0.01,0.615,0.325,insufficient_group_size,,,188,12,0,success,,
population_detail.v1,C004453,200,0.1762488787785115,0.5650446933936227,0.5781516997987033,0.7468034863392853,1.0,0.0,0.0,0.0,insufficient_group_size,,,0,200,0,success,,
population_detail.v1,C004454,200,0.14494271814899415,0.49735211603419244,0.49943618137113277,0.7111652321211356,1.0,0.0,0.0,0.0,insufficient_group_size,,,0,200,0,success,,
population_detail.v1,C004455,200,0.13212360463545067,0.4737850282593649,0.49365786603670453,0.617312320436618,0.96,0.015,0.025,0.0,insufficient_group_size,,,5,195,0,success,,
population_detail.v1,C004456,200,0.3241444562423405,0.7023582543206388,0.7347918874292507,0.8460313771469911,0.35,0.065,0.535,0.05,found,13.0,variable_expense_ratio,117,83,24,success,,
population_detail.v1,C004457,200,0.1053817774364949,0.5545153206783318,0.5764979581372727,0.7706074477140552,1.0,0.0,0.0,0.0,insufficient_group_size,,,0,200,0,success,,
population_detail.v1,C004458,200,0.18633664818813717,0.5842699212240522,0.6170067749692977,0.7778358213545481,1.0,0.0,0.0,0.0,insufficient_group_size,,,0,200,0,success,,
population_detail.v1,C004459,200,0.11017244755335948,0.5136204850479553,0.5222280973411708,0.7452233750496177,1.0,0.0,0.0,0.0,insufficient_group_size,,,0,200,0,success,,
population_detail.v1,C004460,200,0.4080125236678773,1.5407855338543204,1.622800635365767,1.906301208368455,0.58,0.42,0.0,0.0,insufficient_group_size,,,0,200,0,success,,
population_detail.v1,C004461,200,0.17228185822355233,0.9168986736774446,0.9660211943430989,1.3199038324384569,0.0,0.005,0.395,0.6,insufficient_group_size,,,199,1,0,success,,
population_detail.v1,C004462,200,0.6126545524336153,1.1748066827298416,1.1859505549668334,1.5719876139316156,0.495,0.505,0.0,0.0,insufficient_group_size,,,0,200,0,success,,
population_detail.v1,C004463,200,0.2693529168059281,0.6546679790895,0.6805375492726975,0.8304526487091302,0.08,0.025,0.725,0.17,found,13.0,variable_expense_ratio,179,21,9,success,,
population_detail.v1,C004464,200,0.161753578358532,1.1263329383872396,1.1642816639190792,1.7666924764148766,0.97,0.03,0.0,0.0,insufficient_group_size,,,0,200,0,success,,
population_detail.v1,C004465,200,1.2757592766786692,5.537557721969483,6.114209642496216,6.190149937803652,0.57,0.08,0.19,0.16,found,13.0,cash_balance_ratio,70,130,24,success,,
population_detail.v1,C004466,200,0.21070309664587228,0.6167798022669297,0.6374539588453957,0.7835567720983738,0.11,0.025,0.79,0.075,found,13.0,variable_expense_ratio,173,27,24,success,,
population_detail.v1,C004467,200,0.2963441926625787,0.8297485525173403,0.8770022871148113,1.019465389665971,0.585,0.175,0.235,0.005,found,13.0,variable_expense_ratio,48,152,24,success,,
population_detail.v1,C004468,200,0.27838330683496,0.5336091606923884,0.5438289248892976,0.6751110546932182,0.695,0.065,0.225,0.015,found,13.0,variable_expense_ratio,48,152,24,success,,
population_detail.v1,C004469,200,0.23680701201005316,0.6097014578499598,0.635515732194894,0.7553694137976866,0.33,0.14,0.465,0.065,found,13.0,variable_expense_ratio,106,94,24,success,,
population_detail.v1,C004470,200,0.2394145444427476,0.6544571558560236,0.6677259575696393,0.8094939906514024,0.88,0.08,0.04,0.0,insufficient_group_size,,,8,192,0,success,,
population_detail.v1,C004471,200,1.2730605848199796,1.5326975726922698,1.5487521705612344,1.6140061321168735,0.98,0.015,0.005,0.0,insufficient_group_size,,,1,199,0,success,,
population_detail.v1,C004472,200,0.3817563482311894,0.981480558511048,1.0480767350021176,1.2257775572273741,0.315,0.11,0.55,0.025,found,13.0,variable_expense_ratio,115,85,24,success,,
population_detail.v1,C004473,200,0.23167751665734296,0.8040406034259752,0.8291110230089509,1.0877597685015237,0.0,0.01,0.38,0.61,insufficient_group_size,,,198,2,0,success,,
population_detail.v1,C004474,200,0.20504195711155707,0.4999129533542513,0.513242735627695,0.6171905939064207,0.535,0.085,0.365,0.015,found,13.0,variable_expense_ratio,76,124,24,success,,
population_detail.v1,C004475,200,0.1581589603509058,0.6573084715168201,0.6887204814590858,0.8354778116859586,0.125,0.03,0.73,0.115,found,13.0,variable_expense_ratio,169,31,24,success,,
population_detail.v1,C004476,200,0.16055763104084378,0.4676680459403694,0.49145668439467133,0.5929393350119864,0.965,0.005,0.03,0.0,insufficient_group_size,,,6,194,0,success,,
population_detail.v1,C004477,200,0.21473480101282824,0.9613960074720042,1.0296862079817464,1.3002268005001518,0.555,0.09,0.355,0.0,found,13.0,variable_expense_ratio,71,129,24,success,,
population_detail.v1,C004478,200,0.37268017158455174,0.825454678464233,0.8457898784528564,1.0855163938369372,0.025,0.015,0.525,0.435,insufficient_group_size,,,192,8,0,success,,
population_detail.v1,C004479,200,0.21750245372771784,0.6833206054027238,0.695299834755678,0.8733600860782144,0.125,0.035,0.61,0.23,found,13.0,cash_balance_ratio,168,32,24,success,,
population_detail.v1,C004480,200,0.2871386277230903,1.5021030182826451,1.5754764305638527,1.9946045307901545,0.45,0.12,0.43,0.0,found,13.0,variable_expense_ratio,86,114,24,success,,
population_detail.v1,C004481,200,0.23623765688639334,0.46448155655756634,0.4787555794230445,0.5890655802943761,0.975,0.02,0.005,0.0,insufficient_group_size,,,1,199,0,success,,
population_detail.v1,C004482,200,0.22478287713487216,0.7188220011200589,0.7538726534579175,0.894593650536956,0.025,0.0,0.705,0.27,insufficient_group_size,,,195,5,0,success,,
population_detail.v1,C004483,200,0.2946892411382369,0.9027022019714529,0.9344779162279915,1.2536985171669466,0.315,0.685,0.0,0.0,insufficient_group_size,,,0,200,0,success,,
population_detail.v1,C004484,200,0.3858990142597574,1.5612065522929022,1.6527296568450138,1.9357522775487603,0.56,0.35,0.03,0.06,insufficient_group_size,,,18,182,0,success,,
population_detail.v1,C004485,200,0.23127464348869742,0.5078511590738684,0.5409861432491629,0.6416910215091832,0.385,0.1,0.475,0.04,found,13.0,variable_expense_ratio,103,97,24,success,,
population_detail.v1,C004486,200,0.37966911697595646,0.8291688597823651,0.869874889923911,1.1222005535364947,0.0,0.005,0.365,0.63,insufficient_group_size,,,199,1,0,success,,
population_detail.v1,C004487,200,0.3764768863703089,0.7948633097285527,0.8450283800624326,1.0201813366255004,0.045,0.015,0.795,0.145,insufficient_group_size,,,188,12,0,success,,
population_detail.v1,C004488,200,0.43921249895242503,1.0080339304090538,1.052988941779307,1.2391312691533305,0.015,0.01,0.34,0.635,insufficient_group_size,,,195,5,0,success,,
population_detail.v1,C004489,200,0.2465663973675506,0.5483430104635957,0.5664746372782618,0.7025974104141813,0.99,0.0,0.01,0.0,insufficient_group_size,,,2,198,0,success,,
population_detail.v1,C004490,200,0.2260293966852228,0.6880158305490173,0.708704900929968,0.8654093361467794,0.2,0.07,0.635,0.095,found,13.0,variable_expense_ratio,146,54,24,success,,
population_detail.v1,C004491,200,0.27192380409599093,0.7088945216660512,0.7355137386217074,0.9239810544583632,0.06,0.03,0.78,0.13,insufficient_group_size,,,182,18,0,success,,
population_detail.v1,C004492,200,0.17003255118200342,0.5693898635773939,0.5958939404447112,0.7345523844785611,0.17,0.05,0.67,0.11,found,13.0,variable_expense_ratio,156,44,24,success,,
population_detail.v1,C004493,200,0.13812909138190144,0.4804736769156457,0.5030047879229702,0.6269844536744063,0.95,0.02,0.03,0.0,insufficient_group_size,,,6,194,0,success,,
population_detail.v1,C004494,200,0.26908398268257744,0.7252579670176309,0.7624472080496809,0.8993555660756597,0.225,0.015,0.695,0.065,found,13.0,variable_expense_ratio,152,48,24,success,,
population_detail.v1,C004495,200,0.2783074322621001,0.8831684235342991,0.9270450522656275,1.258621357610545,0.335,0.665,0.0,0.0,insufficient_group_size,,,0,200,0,success,,
population_detail.v1,C004496,200,0.29901081296842563,0.8107260667393307,0.8203471691839022,1.1263659804200497,0.0,0.0,0.105,0.895,insufficient_group_size,,,200,0,0,success,,
population_detail.v1,C004497,200,0.5354632953420183,1.2702590242054403,1.3210137634019405,1.6347338804544422,0.54,0.46,0.0,0.0,insufficient_group_size,,,0,200,0,success,,
population_detail.v1,C004498,200,0.17538239704748812,0.6649256697227909,0.6798195799078492,0.865640559244012,0.01,0.01,0.585,0.395,insufficient_group_size,,,196,4,0,success,,
population_detail.v1,C004499,200,0.1562990573251786,0.5954757504240265,0.6056185746145535,0.8294763644967809,1.0,0.0,0.0,0.0,insufficient_group_size,,,0,200,0,success,,
population_detail.v1,C004500,200,0.19007219535569228,0.5734408229197012,0.6089107901488409,0.7218238468032461,0.835,0.075,0.09,0.0,insufficient_group_size,,,18,182,0,success,,
population_detail.v1,C004501,200,0.4611378863660337,1.0051875778128383,1.0426150848034283,1.2089980791748216,0.0,0.0,0.245,0.755,insufficient_group_size,,,200,0,0,success,,
population_detail.v1,C004502,200,0.3544509846423119,0.7090189454136541,0.7236812846510783,0.8619090752352192,0.065,0.01,0.785,0.14,insufficient_group_size,,,185,15,0,success,,
population_detail.v1,C004503,200,0.3033813342242472,0.6562314125580144,0.7132665745077228,0.8023874045762268,0.98,0.01,0.01,0.0,insufficient_group_size,,,2,198,0,success,,
population_detail.v1,C004504,200,0.19654942790041507,0.7824828625305122,0.8118563644348544,1.0088605160777695,0.06,0.045,0.775,0.12,found,13.0,cash_balance_ratio,179,21,24,success,,
population_detail.v1,C004505,200,0.2480269747134536,0.8932000777474949,0.9052535092649445,1.310166880967893,0.305,0.695,0.0,0.0,insufficient_group_size,,,0,200,0,success,,
population_detail.v1,C004506,200,0.3383048464434783,0.8505664052642871,0.8952988791931602,1.1248600929965362,0.0,0.0,0.02,0.98,insufficient_group_size,,,200,0,0,success,,
population_detail.v1,C004507,200,0.1834356844296445,0.5922980689491674,0.6198377510192643,0.7365465901987779,0.135,0.045,0.71,0.11,found,13.0,cash_balance_ratio,164,36,24,success,,
population_detail.v1,C004508,200,1.1045942265460613,4.2631090166969985,4.6407898793237194,4.755927525919331,0.46,0.225,0.15,0.165,found,13.0,cash_balance_ratio,63,137,24,success,,
population_detail.v1,C004509,200,0.19713394706491452,0.5602583647498652,0.5862942536545948,0.7189479561513941,1.0,0.0,0.0,0.0,insufficient_group_size,,,0,200,0,success,,
population_detail.v1,C004510,200,0.5623079284938443,2.2548931570743536,2.343498951778156,2.4506484042758774,0.15,0.155,0.45,0.245,found,13.0,cash_balance_ratio,139,61,24,success,,
population_detail.v1,C004511,200,1.0776174279408564,2.8701008267071693,2.9992223662058235,3.116302227559431,0.265,0.105,0.535,0.095,found,13.0,cash_balance_ratio,126,74,24,success,,
population_detail.v1,C004512,200,0.23951849516648432,0.5895014913667147,0.6203414230220382,0.7204898818358658,0.455,0.145,0.395,0.005,found,13.0,variable_expense_ratio,80,120,24,success,,
population_detail.v1,C004513,200,0.23507845326882648,0.6227584585822062,0.6453909015271309,0.7916104684281017,0.02,0.02,0.78,0.18,insufficient_group_size,,,192,8,0,success,,
population_detail.v1,C004514,200,0.28636754435040096,0.7037374712832632,0.7315148475729976,0.9165871179287838,0.085,0.025,0.795,0.095,found,13.0,variable_expense_ratio,178,22,5,success,,
population_detail.v1,C004515,200,0.5237379506400653,0.9915649507134288,1.031084564399024,1.227823648297823,0.17,0.08,0.575,0.175,found,13.0,cash_balance_ratio,150,50,24,success,,
population_detail.v1,C004516,200,0.3029732295212479,0.9760555740932338,1.0062093700716965,1.373857469962568,0.0,0.005,0.35,0.645,insufficient_group_size,,,199,1,0,success,,
population_detail.v1,C004517,200,0.15240546794720966,0.5175651247037016,0.5502955597094539,0.7105009424185768,0.97,0.02,0.01,0.0,insufficient_group_size,,,2,198,0,success,,
population_detail.v1,C004518,200,0.24071691005041512,0.5610567556902184,0.5831859166869996,0.7072949489737083,0.64,0.075,0.26,0.025,found,13.0,cash_balance_ratio,57,143,24,success,,
population_detail.v1,C004519,200,0.1723334194377975,0.5230447702768825,0.5325073853033767,0.6816090621317912,1.0,0.0,0.0,0.0,insufficient_group_size,,,0,200,0,success,,
population_detail.v1,C004520,200,0.4581943360599993,1.2930606494347183,1.3316440905520786,1.7295974139606212,0.645,0.355,0.0,0.0,insufficient_group_size,,,0,200,0,success,,
population_detail.v1,C004521,200,0.12747602356556015,0.5116696828080388,0.5409602206516199,0.6939832131451809,0.98,0.01,0.01,0.0,insufficient_group_size,,,2,198,0,success,,
population_detail.v1,C004522,200,0.2819241741224623,0.7964875770349644,0.8386717760534658,1.0238715436281125,0.995,0.005,0.0,0.0,insufficient_group_size,,,0,200,0,success,,
population_detail.v1,C004523,200,0.13178008058030075,0.5646861608177867,0.5940565979295154,0.7283793584204099,0.895,0.025,0.08,0.0,insufficient_group_size,,,16,184,0,success,,
population_detail.v1,C004524,200,0.31994389509460097,0.7084039711928191,0.7324317881308888,0.8837297655591765,0.98,0.01,0.01,0.0,insufficient_group_size,,,2,198,0,success,,
population_detail.v1,C004525,200,0.578941554045667,1.269479270845438,1.3100208454437705,1.5238401872588236,0.315,0.17,0.51,0.005,found,13.0,variable_expense_ratio,103,97,24,success,,
population_detail.v1,C004526,200,0.1895114136088527,0.6805242115324784,0.6942047069819866,0.9430150622000725,0.0,0.0,0.095,0.905,insufficient_group_size,,,200,0,0,success,,
population_detail.v1,C004527,200,0.1985392658590363,0.751735653793159,0.8081918092507112,1.0092475553554645,0.99,0.005,0.005,0.0,insufficient_group_size,,,1,199,0,success,,
population_detail.v1,C004528,200,0.30200856680467897,0.7353342745539564,0.7547956205492696,0.9368959342822907,0.06,0.025,0.8,0.115,insufficient_group_size,,,183,17,0,success,,
population_detail.v1,C004529,200,0.22784149462859682,0.6856925533011542,0.6806973336628619,0.9668538924005093,0.0,0.0,0.09,0.91,insufficient_group_size,,,200,0,0,success,,
population_detail.v1,C004530,200,0.13685380110153245,0.49219691804895277,0.5163815543246086,0.6143856936107656,0.99,0.01,0.0,0.0,insufficient_group_size,,,0,200,0,success,,
population_detail.v1,C004531,200,0.12845985599767426,0.4548255261936752,0.4687904194608532,0.6422870849832232,1.0,0.0,0.0,0.0,insufficient_group_size,,,0,200,0,success,,
population_detail.v1,C004532,200,0.21246753285333883,0.5032965740114022,0.525903585179218,0.6726385044366123,1.0,0.0,0.0,0.0,insufficient_group_size,,,0,200,0,success,,
population_detail.v1,C004533,200,0.2622419592065128,0.6881156832719797,0.7132991061205216,0.8343542073458502,0.61,0.095,0.295,0.0,found,13.0,variable_expense_ratio,59,141,24,success,,
population_detail.v1,C004534,200,0.15942811034191984,0.5253072556706982,0.5408050743780088,0.6845668409577577,1.0,0.0,0.0,0.0,insufficient_group_size,,,0,200,0,success,,
population_detail.v1,C004535,200,0.20833644606921067,0.6624343298653775,0.68642961486748,0.8267609497220229,0.05,0.005,0.805,0.14,insufficient_group_size,,,189,11,0,success,,
population_detail.v1,C004536,200,0.38013553164789265,0.9653198462933337,1.028135013165108,1.2769632091541545,0.0,0.0,0.305,0.695,insufficient_group_size,,,200,0,0,success,,
population_detail.v1,C004537,200,0.29166052309130164,1.0812788542588743,1.105645669005055,1.3882551711669826,0.515,0.485,0.0,0.0,insufficient_group_size,,,0,200,0,success,,
population_detail.v1,C004538,200,0.18056266933908066,1.0367393295884804,1.1658841323827498,1.4101745260027116,0.205,0.035,0.745,0.015,found,13.0,savings_rate,152,48,2,success,,
population_detail.v1,C004539,200,0.2496052079877824,0.7263218777664677,0.7305506426993609,1.0294665666818144,0.0,0.0,0.07,0.93,insufficient_group_size,,,200,0,0,success,,
population_detail.v1,C004540,200,0.19654942790041507,0.8388212345638627,0.8691665064517964,1.066569019824166,0.065,0.045,0.76,0.13,found,13.0,cash_balance_ratio,178,22,24,success,,
population_detail.v1,C004541,200,0.1692484080903048,0.6866622001903437,0.7319977692602101,0.9089972855033733,0.22,0.075,0.555,0.15,found,13.0,cash_balance_ratio,141,59,24,success,,
population_detail.v1,C004542,200,0.24890418727290042,1.2703009399879108,1.3593230373765206,1.7453592559404276,0.81,0.19,0.0,0.0,insufficient_group_size,,,0,200,0,success,,
population_detail.v1,C004543,200,0.28444359604548747,0.5456100911753677,0.563727181134176,0.6813959882976846,0.305,0.045,0.57,0.08,found,13.0,variable_expense_ratio,130,70,24,success,,
population_detail.v1,C004544,200,0.37615890651801326,1.416674621549387,1.486536415876455,1.841291773517241,0.0,0.0,0.15,0.85,insufficient_group_size,,,200,0,0,success,,
population_detail.v1,C004545,200,0.23520463095361804,0.6270252598519334,0.6467393164553039,0.8697342903988698,1.0,0.0,0.0,0.0,insufficient_group_size,,,0,200,0,success,,
population_detail.v1,C004546,200,0.1601864493561833,0.5240994489480417,0.544456097059637,0.6437195235672579,0.41,0.08,0.49,0.02,found,13.0,variable_expense_ratio,102,98,24,success,,
population_detail.v1,C004547,200,0.8830177184582525,1.5459200637951835,1.56739439319418,1.6553497274216358,0.055,0.01,0.625,0.31,insufficient_group_size,,,187,13,0,success,,
population_detail.v1,C004548,200,0.1490794269658475,0.5373719706739557,0.5798428130384836,0.7019688931302548,0.99,0.005,0.005,0.0,insufficient_group_size,,,1,199,0,success,,
population_detail.v1,C004549,200,0.2601204591502367,0.5379108189127304,0.562282143120028,0.6762435795592093,0.905,0.045,0.05,0.0,insufficient_group_size,,,10,190,0,success,,
population_detail.v1,C004550,200,0.30110254793997526,0.7102847007229233,0.7450496098230164,0.8672097571804274,0.645,0.165,0.18,0.01,found,13.0,variable_expense_ratio,38,162,24,success,,
population_detail.v1,C004551,200,0.1476861193252579,0.5348455742177285,0.5697311431731226,0.6901149399264278,1.0,0.0,0.0,0.0,insufficient_group_size,,,0,200,0,success,,
population_detail.v1,C004552,200,0.2500778960316125,0.5471250916539008,0.5560688150607319,0.6802843494820628,0.99,0.005,0.005,0.0,insufficient_group_size,,,1,199,0,success,,
population_detail.v1,C004553,200,0.1494802666526603,1.7325421008575779,1.803389834245451,2.4991693734389497,0.55,0.11,0.34,0.0,found,13.0,variable_expense_ratio,68,132,24,success,,
population_detail.v1,C004554,200,0.12187894203009694,0.678624446032212,0.7147131699485991,0.959266795704065,0.985,0.01,0.005,0.0,insufficient_group_size,,,1,199,0,success,,
population_detail.v1,C004555,200,0.3511375239699826,1.4493312594220231,1.5220799458107186,1.954108432763336,0.655,0.345,0.0,0.0,insufficient_group_size,,,0,200,0,success,,
population_detail.v1,C004556,200,0.22588630631845932,0.6592706311201871,0.6996985466224926,0.9120900533674736,1.0,0.0,0.0,0.0,insufficient_group_size,,,0,200,0,success,,
population_detail.v1,C004557,200,0.3849990532550715,1.1071694871755868,1.1502200823688862,1.4626046498117002,0.0,0.0,0.18,0.82,insufficient_group_size,,,200,0,0,success,,
population_detail.v1,C004558,200,0.23995713534960242,1.2113209546540515,1.263930229848472,1.8456256970453577,0.955,0.045,0.0,0.0,insufficient_group_size,,,0,200,0,success,,
population_detail.v1,C004559,200,0.18704096135691453,0.5313206252701582,0.5509745554471673,0.6559332450979913,0.335,0.085,0.52,0.06,found,13.0,variable_expense_ratio,116,84,24,success,,
population_detail.v1,C004560,200,0.28055602852255535,0.6406312305888432,0.671705729737125,0.7969140547692988,0.05,0.01,0.67,0.27,insufficient_group_size,,,188,12,0,success,,
population_detail.v1,C004561,200,0.17893110558400138,0.5007839509979939,0.5036445635415226,0.6434057218849368,0.955,0.005,0.04,0.0,insufficient_group_size,,,8,192,0,success,,
population_detail.v1,C004562,200,0.38978891363348245,1.2770332098657102,1.3250632127808877,1.5903416820017253,0.54,0.46,0.0,0.0,insufficient_group_size,,,0,200,0,success,,
population_detail.v1,C004563,200,0.17340412174210454,0.5818052475416065,0.6041459664803528,0.7555693613165775,1.0,0.0,0.0,0.0,insufficient_group_size,,,0,200,0,success,,
population_detail.v1,C004564,200,0.14607421103774673,0.5944442415202977,0.6101794255882792,0.8297444989057865,1.0,0.0,0.0,0.0,insufficient_group_size,,,0,200,0,success,,
population_detail.v1,C004565,200,0.21293117947714107,0.46091589187749243,0.47416376066063715,0.596027654459832,0.955,0.015,0.03,0.0,insufficient_group_size,,,6,194,0,success,,
population_detail.v1,C004566,200,0.13430754493081265,0.6922062378983432,0.7364987315293886,0.9311761207502888,0.92,0.05,0.03,0.0,insufficient_group_size,,,6,194,0,success,,
population_detail.v1,C004567,200,0.17158015463221626,0.6566477626418825,0.6857842185888369,0.8372926518471085,0.14,0.1,0.725,0.035,found,13.0,cash_balance_ratio,152,48,24,success,,
population_detail.v1,C004568,200,0.3338384917264029,1.5079758888760173,1.6336645510831924,1.9987835519706996,0.0,0.0,0.03,0.97,insufficient_group_size,,,200,0,0,success,,
population_detail.v1,C004569,200,0.1684086667294165,0.6094656019992678,0.6397061858068751,0.7742994290043715,0.27,0.025,0.665,0.04,found,13.0,variable_expense_ratio,141,59,24,success,,
population_detail.v1,C004570,200,0.24973017180240512,0.6522535830282139,0.6752412040777996,0.8562931166372233,0.005,0.015,0.635,0.345,insufficient_group_size,,,196,4,0,success,,
population_detail.v1,C004571,200,0.31232858316866746,0.7042254954464378,0.7192444299769232,0.8925489186806963,1.0,0.0,0.0,0.0,insufficient_group_size,,,0,200,0,success,,
population_detail.v1,C004572,200,0.2083730475834767,0.45856260933622667,0.47981202975504067,0.5937961106714569,0.995,0.005,0.0,0.0,insufficient_group_size,,,0,200,0,success,,
population_detail.v1,C004573,200,0.13992072020558596,0.5916725538783376,0.6164561475222361,0.7891558807443946,1.0,0.0,0.0,0.0,insufficient_group_size,,,0,200,0,success,,
population_detail.v1,C004574,200,0.4992379278774688,2.2131720383747364,2.3862752810466414,3.188792779930911,0.565,0.125,0.31,0.0,found,13.0,variable_expense_ratio,62,138,24,success,,
population_detail.v1,C004575,200,0.17362954586105925,0.7455457973866655,0.8046098302909742,0.9561691541882498,0.445,0.19,0.31,0.055,found,13.0,cash_balance_ratio,73,127,24,success,,
population_detail.v1,C004576,200,0.27979513917607163,1.356919509214746,1.3554052493579336,1.9691558634346202,0.945,0.015,0.04,0.0,insufficient_group_size,,,8,192,0,success,,
population_detail.v1,C004577,200,0.13094466880265596,0.843087327508656,0.9092923888653619,1.089143895036685,0.685,0.065,0.25,0.0,found,13.0,variable_expense_ratio,50,150,24,success,,
population_detail.v1,C004578,200,0.3765476329350645,1.3137460540545305,1.3855447210744436,1.8835345500999183,0.365,0.635,0.0,0.0,insufficient_group_size,,,0,200,0,success,,
population_detail.v1,C004579,200,0.18412179513783505,0.5755089746044214,0.6000185651566268,0.750356367828599,1.0,0.0,0.0,0.0,insufficient_group_size,,,0,200,0,success,,
population_detail.v1,C004580,200,0.33445607425457186,0.8033821146223494,0.8462294017878731,1.0540354869531388,0.0,0.0,0.12,0.88,insufficient_group_size,,,200,0,0,success,,
population_detail.v1,C004581,200,0.09485633718449443,0.49753769940774784,0.5361899075644685,0.6900068123587331,1.0,0.0,0.0,0.0,insufficient_group_size,,,0,200,0,success,,
population_detail.v1,C004582,200,0.22344620246905775,0.6792917412428392,0.7054165647115276,0.920163062734485,0.73,0.05,0.22,0.0,found,13.0,variable_expense_ratio,44,156,24,success,,
population_detail.v1,C004583,200,0.26342814271808773,1.5129234551966124,1.6937774733178497,1.847679193183912,0.755,0.005,0.24,0.0,found,13.0,cash_balance_ratio,48,152,24,success,,
population_detail.v1,C004584,200,0.2414444481291971,0.6529452691103523,0.667227792320298,0.9193732956517696,0.0,0.0,0.115,0.885,insufficient_group_size,,,200,0,0,success,,
population_detail.v1,C004585,200,0.31597407382442777,0.815429600581995,0.8382773342491907,1.063357932892386,0.285,0.16,0.475,0.08,found,13.0,cash_balance_ratio,111,89,24,success,,
population_detail.v1,C004586,200,0.736519720078131,1.4242825959437055,1.486784043753759,1.6444444477559899,0.88,0.12,0.0,0.0,insufficient_group_size,,,0,200,0,success,,
population_detail.v1,C004587,200,0.2859604142901924,0.80521245522361,0.8265184214642136,1.0661520546745422,0.01,0.01,0.365,0.615,insufficient_group_size,,,196,4,0,success,,
population_detail.v1,C004588,200,0.3914300428134625,0.8922586174318693,0.9119313253319445,1.174255647101806,0.0,0.01,0.375,0.615,insufficient_group_size,,,198,2,0,success,,
population_detail.v1,C004589,200,0.2304347261392947,1.447187138380938,1.5499222277884315,1.8674412572220203,0.465,0.535,0.0,0.0,insufficient_group_size,,,0,200,0,success,,
population_detail.v1,C004590,200,0.2547057459031689,0.8865227002223044,0.9115203418111227,1.1785955195585691,0.005,0.01,0.355,0.63,insufficient_group_size,,,197,3,0,success,,
population_detail.v1,C004591,200,0.2313101406546838,0.5310590430188065,0.5538081742469196,0.6798785497757648,1.0,0.0,0.0,0.0,insufficient_group_size,,,0,200,0,success,,
population_detail.v1,C004592,200,0.3289552022471119,0.9091912684492419,0.9177835740933743,1.2656235078982336,0.005,0.005,0.335,0.655,insufficient_group_size,,,198,2,0,success,,
population_detail.v1,C004593,200,0.20142365563957504,0.6933040900481271,0.7406753361995329,0.9236977875932626,0.01,0.01,0.75,0.23,insufficient_group_size,,,196,4,0,success,,
population_detail.v1,C004594,200,0.20160113062695614,0.5460397467809073,0.5630993656996799,0.7485574697047681,0.99,0.005,0.005,0.0,insufficient_group_size,,,1,199,0,success,,
population_detail.v1,C004595,200,0.20345125621592255,0.5930688414770624,0.615816603922366,0.7842689229209522,0.14,0.03,0.78,0.05,found,13.0,variable_expense_ratio,166,34,24,success,,
population_detail.v1,C004596,200,0.1261274688024764,0.4944007538238509,0.5234587320190746,0.6781842976510009,0.995,0.005,0.0,0.0,insufficient_group_size,,,0,200,0,success,,
population_detail.v1,C004597,200,0.20960213514587753,0.560420725813895,0.5872134627558869,0.6926157343284215,0.97,0.02,0.01,0.0,insufficient_group_size,,,2,198,0,success,,
population_detail.v1,C004598,200,0.2474565624411956,0.9434434683841989,0.9611043271627651,1.2214892467530678,0.365,0.165,0.46,0.01,found,13.0,variable_expense_ratio,94,106,24,success,,
population_detail.v1,C004599,200,0.2723900420721379,0.6929824054289199,0.7203507240369711,0.8800438038186762,0.08,0.05,0.765,0.105,found,13.0,cash_balance_ratio,174,26,24,success,,
population_detail.v1,C004600,200,0.21982510820190831,1.6196718826497465,1.6840897702159965,1.751381950455413,0.32,0.125,0.51,0.045,found,13.0,variable_expense_ratio,111,89,24,success,,
population_detail.v1,C004601,200,0.14149621620470487,1.4461421670846506,1.5474511231988506,2.0715302857757636,0.69,0.31,0.0,0.0,insufficient_group_size,,,0,200,0,success,,
population_detail.v1,C004602,200,0.51106650768718,1.4234558542684965,1.511305168566181,1.8283544386463573,0.505,0.175,0.315,0.005,found,13.0,variable_expense_ratio,64,136,24,success,,
population_detail.v1,C004603,200,0.2545666847825931,0.8495905470966385,0.8604881663358732,1.2043724063477097,0.0,0.0,0.08,0.92,insufficient_group_size,,,200,0,0,success,,
population_detail.v1,C004604,200,0.3432065470743075,1.0106581123719756,1.0514693122327015,1.3562265883486289,0.0,0.0,0.065,0.935,insufficient_group_size,,,200,0,0,success,,
population_detail.v1,C004605,200,0.29460164549756895,0.9141987982202988,0.9555285073199318,1.1812030564447336,0.0,0.0,0.155,0.845,insufficient_group_size,,,200,0,0,success,,
population_detail.v1,C004606,200,0.17148777242837074,0.6019541240089353,0.6286710334280328,0.7840552442591072,0.995,0.005,0.0,0.0,insufficient_group_size,,,0,200,0,success,,
population_detail.v1,C004607,200,0.1876492187623088,0.5008058031976735,0.5204900640729488,0.6333113034476949,0.155,0.055,0.69,0.1,found,13.0,variable_expense_ratio,158,42,24,success,,
population_detail.v1,C004608,200,0.20136313400786401,0.5042137407486434,0.517578279092028,0.6507254766558271,0.79,0.085,0.125,0.0,found,13.0,variable_expense_ratio,25,175,24,success,,
population_detail.v1,C004609,200,0.2873575966790892,0.6307722088424783,0.6550271676506201,0.7852890466952926,0.095,0.02,0.71,0.175,found,13.0,variable_expense_ratio,177,23,24,success,,
population_detail.v1,C004610,200,0.5230165648935972,15.145274377019156,17.451392724102405,18.094349012753906,0.275,0.68,0.045,0.0,insufficient_group_size,,,9,191,0,success,,
population_detail.v1,C004611,200,0.11962879853040033,0.5076233415376585,0.5348801694697711,0.7247037076988128,1.0,0.0,0.0,0.0,insufficient_group_size,,,0,200,0,success,,
population_detail.v1,C004612,200,0.21698913047163904,0.6317133550783225,0.6700859715902079,0.7913822704399652,0.455,0.17,0.365,0.01,found,13.0,variable_expense_ratio,75,125,5,success,,
population_detail.v1,C004613,200,0.3702465248491651,1.0836176894266354,1.1135393612583084,1.4319824423426006,0.0,0.0,0.14,0.86,insufficient_group_size,,,200,0,0,success,,
population_detail.v1,C004614,200,0.1859934723253127,0.5988557330506525,0.6170712415927332,0.7751592451836512,0.19,0.08,0.67,0.06,found,13.0,variable_expense_ratio,146,54,24,success,,
population_detail.v1,C004615,200,0.11172745031276393,0.4520910442232969,0.4501231890398007,0.6927279768046604,1.0,0.0,0.0,0.0,insufficient_group_size,,,0,200,0,success,,
population_detail.v1,C004616,200,0.2387081535641474,0.6590312932552206,0.6649215407959599,0.862648079532529,0.13,0.04,0.63,0.2,found,13.0,variable_expense_ratio,166,34,24,success,,
population_detail.v1,C004617,200,0.26235851551031747,0.583210894356026,0.5871151345986307,0.7474566589632771,1.0,0.0,0.0,0.0,insufficient_group_size,,,0,200,0,success,,
population_detail.v1,C004618,200,0.25476873261444766,0.56413056502211,0.5877313722480868,0.7433045758747717,0.995,0.0,0.005,0.0,insufficient_group_size,,,1,199,0,success,,
population_detail.v1,C004619,200,0.2622807598496379,0.8787421347705117,0.928266739909122,1.1001343911908819,0.0,0.0,0.26,0.74,insufficient_group_size,,,200,0,0,success,,
population_detail.v1,C004620,200,0.2351618191751429,0.6613156016102585,0.6871979877375938,0.8301023714934849,0.45,0.185,0.34,0.025,found,13.0,variable_expense_ratio,73,127,24,success,,
population_detail.v1,C004621,200,0.19434059338671994,0.5689464832269179,0.5893495270204743,0.7336311549944938,0.11,0.035,0.73,0.125,found,13.0,variable_expense_ratio,171,29,24,success,,
population_detail.v1,C004622,200,0.13311696450585173,1.0406282047566462,1.1052242543753252,1.4120566453442167,0.275,0.03,0.695,0.0,found,13.0,savings_rate,139,61,3,success,,
population_detail.v1,C004623,200,0.36661106753172457,1.3259211669752822,1.4236588823461953,1.752721697346794,0.48,0.095,0.425,0.0,found,13.0,variable_expense_ratio,85,115,24,success,,
population_detail.v1,C004624,200,0.2603913515968388,0.7596924296292008,0.7807179438261,1.0110382875788515,0.02,0.015,0.49,0.475,insufficient_group_size,,,193,7,0,success,,
population_detail.v1,C004625,200,0.19432293722608715,0.6887214637880167,0.7213074060858644,0.8825819292870399,0.915,0.01,0.075,0.0,insufficient_group_size,,,15,185,0,success,,
population_detail.v1,C004626,200,0.3420296153968908,1.169534987021021,1.2431638101816893,1.5581428106698811,0.01,0.005,0.285,0.7,insufficient_group_size,,,197,3,0,success,,
population_detail.v1,C004627,200,0.2505815829447009,1.1117889264052785,1.1937037246427034,1.4504595547058095,0.475,0.05,0.475,0.0,found,13.0,variable_expense_ratio,95,105,24,success,,
population_detail.v1,C004628,200,0.221469428611028,0.6410725428972112,0.6601691590940899,0.8775217083827234,1.0,0.0,0.0,0.0,insufficient_group_size,,,0,200,0,success,,
population_detail.v1,C004629,200,0.23995713534960242,1.1515576365544293,1.2060749651810267,1.7588034429465025,0.955,0.045,0.0,0.0,insufficient_group_size,,,0,200,0,success,,
population_detail.v1,C004630,200,0.12543526571107158,0.4503690454004956,0.4696328688284924,0.6368338315397073,1.0,0.0,0.0,0.0,insufficient_group_size,,,0,200,0,success,,
population_detail.v1,C004631,200,0.17835153088242484,0.5077102193096575,0.5232081627462446,0.6576188014035924,1.0,0.0,0.0,0.0,insufficient_group_size,,,0,200,0,success,,
population_detail.v1,C004632,200,0.30806016625215094,0.8965262111574706,0.8816947976844669,1.3159037323641132,0.335,0.03,0.635,0.0,found,13.0,variable_expense_ratio,127,73,24,success,,
population_detail.v1,C004633,200,0.18716041927134394,0.7293235897590332,0.7486821088430635,0.993482648167921,0.0,0.0,0.115,0.885,insufficient_group_size,,,200,0,0,success,,
population_detail.v1,C004634,200,0.21656548336476236,0.5023670879968772,0.5324826108555465,0.6336393644408251,0.985,0.01,0.005,0.0,insufficient_group_size,,,1,199,0,success,,
population_detail.v1,C004635,200,0.23936400068995622,1.0984790362600825,1.1422971625523688,1.480219362888736,0.6,0.085,0.315,0.0,found,13.0,variable_expense_ratio,63,137,24,success,,
population_detail.v1,C004636,200,0.22019793685755534,0.6215624764801057,0.6493492259729715,0.7917180449674545,1.0,0.0,0.0,0.0,insufficient_group_size,,,0,200,0,success,,
population_detail.v1,C004637,200,0.24666476525441106,0.5457407106060537,0.5709316049843365,0.7056865801200778,0.15,0.035,0.705,0.11,found,13.0,variable_expense_ratio,163,37,24,success,,
population_detail.v1,C004638,200,0.2531383713233505,0.9810015390000584,1.0387003069777716,1.3512746915411584,0.405,0.595,0.0,0.0,insufficient_group_size,,,0,200,0,success,,
population_detail.v1,C004639,200,0.17258051206754768,0.6396326113287256,0.6734721851908122,0.8117014303308773,0.175,0.105,0.675,0.045,found,13.0,variable_expense_ratio,144,56,24,success,,
population_detail.v1,C004640,200,0.19298990003009958,0.6418225773473716,0.6758268200429188,0.8586923871434268,0.91,0.05,0.04,0.0,insufficient_group_size,,,8,192,0,success,,
population_detail.v1,C004641,200,0.13319411133561104,0.4784524059711616,0.49637137078950966,0.6380920026811425,1.0,0.0,0.0,0.0,insufficient_group_size,,,0,200,0,success,,
population_detail.v1,C004642,200,0.49981911782271454,1.1112002755638617,1.1322948457916575,1.3603331131199645,0.0,0.0,0.265,0.735,insufficient_group_size,,,200,0,0,success,,
population_detail.v1,C004643,200,0.1812973460072769,0.6496196818873097,0.6937031825296136,0.8031606236354907,1.0,0.0,0.0,0.0,insufficient_group_size,,,0,200,0,success,,
population_detail.v1,C004644,200,0.12270645818953656,0.4432881697255278,0.45631129362705236,0.6366602724190114,1.0,0.0,0.0,0.0,insufficient_group_size,,,0,200,0,success,,
population_detail.v1,C004645,200,0.2943222085518783,0.5363559880390572,0.5701747702551057,0.6524688781977701,0.495,0.095,0.395,0.015,found,13.0,variable_expense_ratio,82,118,24,success,,
population_detail.v1,C004646,200,0.18963479167180738,0.5968891674357645,0.6138513739056779,0.7518646352775663,1.0,0.0,0.0,0.0,insufficient_group_size,,,0,200,0,success,,
population_detail.v1,C004647,200,0.43465960012010246,1.2836678126139205,1.3382400043694247,1.6927742623414126,0.475,0.23,0.285,0.01,found,13.0,variable_expense_ratio,59,141,24,success,,
population_detail.v1,C004648,200,0.276834780353202,0.840936343069268,0.858457773554658,1.1826622799005126,0.365,0.045,0.59,0.0,found,13.0,variable_expense_ratio,118,82,24,success,,
population_detail.v1,C004649,200,0.24227963385678714,1.2400763167601805,1.3530280008749536,1.6960096201786494,0.465,0.535,0.0,0.0,insufficient_group_size,,,0,200,0,success,,
population_detail.v1,C004650,200,0.15329202445656115,0.5848677746099071,0.5969495724814828,0.7292436999215666,0.7,0.09,0.21,0.0,found,13.0,variable_expense_ratio,42,158,24,success,,
population_detail.v1,C004651,200,0.547547021498989,13.374124539084805,14.888079014204374,15.277756969614817,0.245,0.695,0.06,0.0,insufficient_group_size,,,12,188,0,success,,
population_detail.v1,C004652,200,0.18349304350850598,0.5585236962036646,0.5840294862177142,0.733894313211158,1.0,0.0,0.0,0.0,insufficient_group_size,,,0,200,0,success,,
population_detail.v1,C004653,200,0.17424562178886538,0.5849269763438396,0.6076250597461772,0.787449839244555,0.995,0.005,0.0,0.0,insufficient_group_size,,,0,200,0,success,,
population_detail.v1,C004654,200,0.2082249286274182,0.6235999179170806,0.6457036730717653,0.7743729839143736,0.48,0.085,0.42,0.015,found,13.0,cash_balance_ratio,87,113,24,success,,
population_detail.v1,C004655,200,0.2084967134203911,0.5157888117524009,0.5360424409189186,0.6363741213936034,0.855,0.07,0.075,0.0,insufficient_group_size,,,15,185,0,success,,
population_detail.v1,C004656,200,0.13597644112537677,0.5913774106411485,0.6075154162646738,0.8159193643025713,0.985,0.005,0.01,0.0,insufficient_group_size,,,2,198,0,success,,
population_detail.v1,C004657,200,0.19875349248848692,0.6793415675705688,0.7055238056335777,0.8641073541226566,0.035,0.025,0.8,0.14,insufficient_group_size,,,188,12,0,success,,
population_detail.v1,C004658,200,0.26553010255615767,1.2405173924042407,1.2610130539183033,1.9238282210018665,0.93,0.07,0.0,0.0,insufficient_group_size,,,0,200,0,success,,
population_detail.v1,C004659,200,0.2954081414164934,0.7472130128519325,0.768731044454939,0.9262958328972772,0.75,0.12,0.125,0.005,found,13.0,variable_expense_ratio,26,174,24,success,,
population_detail.v1,C004660,200,0.17080588326401705,0.6377301439421401,0.667962889210665,0.8067035956983859,0.055,0.03,0.77,0.145,insufficient_group_size,,,183,17,0,success,,
population_detail.v1,C004661,200,0.2852136628918846,0.9326068043780237,0.9575005427164499,1.2112857203228924,0.0,0.0,0.185,0.815,insufficient_group_size,,,200,0,0,success,,
population_detail.v1,C004662,200,0.29383675933842746,0.7678392957033597,0.7936372720607496,1.0209417698619185,0.0,0.0,0.12,0.88,insufficient_group_size,,,200,0,0,success,,
population_detail.v1,C004663,200,0.202033848523386,0.6932500241229456,0.7391783017090229,0.9071184695603588,0.04,0.025,0.69,0.245,insufficient_group_size,,,187,13,0,success,,
population_detail.v1,C004664,200,0.19759195430346496,0.5323059747690809,0.5564246116895759,0.7031082166697832,1.0,0.0,0.0,0.0,insufficient_group_size,,,0,200,0,success,,
population_detail.v1,C004665,200,0.10852322381476096,0.4481712564371443,0.4625217714553245,0.6443189667980164,1.0,0.0,0.0,0.0,insufficient_group_size,,,0,200,0,success,,
population_detail.v1,C004666,200,0.20803141163996205,0.7901100056111708,0.8243586429072443,1.0908403974621819,0.005,0.01,0.435,0.55,insufficient_group_size,,,197,3,0,success,,
population_detail.v1,C004667,200,0.2615260147178278,0.5848453954581015,0.6171016426925164,0.7515811004815092,0.1,0.015,0.77,0.115,found,13.0,variable_expense_ratio,177,23,24,success,,
population_detail.v1,C004668,200,0.4277863981865339,1.159939843789839,1.2130327096367584,1.5243973014521812,0.545,0.455,0.0,0.0,insufficient_group_size,,,0,200,0,success,,
population_detail.v1,C004669,200,0.37059695714696067,1.196781706891963,1.274400176605901,1.6290370827240623,0.335,0.665,0.0,0.0,insufficient_group_size,,,0,200,0,success,,
population_detail.v1,C004670,200,0.261557865673624,0.8340392342252337,0.8865242886715557,1.045908159289444,0.015,0.005,0.425,0.555,insufficient_group_size,,,196,4,0,success,,
population_detail.v1,C004671,200,0.32342557895121005,0.6341478782854024,0.6605357166095397,0.7583129255785815,0.38,0.185,0.39,0.045,found,13.0,variable_expense_ratio,87,113,24,success,,
population_detail.v1,C004672,200,0.27766886162765053,0.7366694737000836,0.7734850870453933,0.9912761302577896,0.065,0.01,0.58,0.345,insufficient_group_size,,,185,15,0,success,,
population_detail.v1,C004673,200,1.283947238813907,7.930242068871775,9.382179699065745,9.723461397400449,0.61,0.24,0.125,0.025,found,13.0,cash_balance_ratio,30,170,24,success,,
population_detail.v1,C004674,200,0.3520390995538742,1.279947196766031,1.360692616975471,1.6409166038833933,0.105,0.04,0.815,0.04,found,13.0,savings_rate,171,29,2,success,,
population_detail.v1,C004675,200,0.2694999796861549,0.5785991687456921,0.6169301891783632,0.7098091964632902,0.84,0.035,0.125,0.0,found,13.0,variable_expense_ratio,25,175,24,success,,
population_detail.v1,C004676,200,0.18434580377399654,1.3015367537639322,1.3718617596937301,1.641337304255281,0.71,0.08,0.21,0.0,found,13.0,variable_expense_ratio,42,158,24,success,,
population_detail.v1,C004677,200,0.21209570857335214,1.049257817504869,1.1083385516788138,1.3267290520421755,0.02,0.015,0.5,0.465,insufficient_group_size,,,193,7,0,success,,
population_detail.v1,C004678,200,0.17688557825788326,0.5892512093837908,0.6133573197128546,0.8407062546510004,1.0,0.0,0.0,0.0,insufficient_group_size,,,0,200,0,success,,
population_detail.v1,C004679,200,0.21465823709124204,0.6331102568311565,0.6600966048357584,0.818787515684393,0.04,0.015,0.75,0.195,insufficient_group_size,,,189,11,0,success,,
population_detail.v1,C004680,200,0.2566273444129037,0.7872400775512614,0.8154282601459191,0.9626906038768118,0.02,0.0,0.76,0.22,insufficient_group_size,,,196,4,0,success,,
population_detail.v1,C004681,200,0.2717027672540739,0.6251434097530829,0.64382828036663,0.7860897021635899,0.035,0.015,0.66,0.29,insufficient_group_size,,,190,10,0,success,,
population_detail.v1,C004682,200,0.3261939228409721,1.2096179470793325,1.231543844773514,1.7952994509183196,0.265,0.735,0.0,0.0,insufficient_group_size,,,0,200,0,success,,
population_detail.v1,C004683,200,0.24175706840903283,0.6731565257807847,0.7106434731121597,0.851714048198841,1.0,0.0,0.0,0.0,insufficient_group_size,,,0,200,0,success,,
population_detail.v1,C004684,200,0.23733350292748662,1.563468560807928,1.71758650941267,2.148836513994416,0.7,0.3,0.0,0.0,insufficient_group_size,,,0,200,0,success,,
population_detail.v1,C004685,200,0.33092985999949437,1.465742324028114,1.5656629764109766,1.8900607515011285,0.59,0.41,0.0,0.0,insufficient_group_size,,,0,200,0,success,,
population_detail.v1,C004686,200,0.19177217659703258,0.5233032009814212,0.5587813484736303,0.6517058378623621,0.985,0.0,0.015,0.0,insufficient_group_size,,,3,197,0,success,,
population_detail.v1,C004687,200,0.23686358190250964,0.682093963463754,0.7159268729944306,0.8509437755770392,0.285,0.055,0.625,0.035,found,13.0,variable_expense_ratio,132,68,24,success,,
population_detail.v1,C004688,200,0.15589081752301126,0.5056587212507679,0.5294451708844576,0.6365184435134102,0.99,0.005,0.005,0.0,insufficient_group_size,,,1,199,0,success,,
population_detail.v1,C004689,200,0.22934638536863985,0.4999408901365248,0.512929772600822,0.6453309418080938,0.99,0.005,0.005,0.0,insufficient_group_size,,,1,199,0,success,,
population_detail.v1,C004690,200,0.5613990176053354,2.60330839751757,2.6950330727994563,2.8523346115054005,0.225,0.125,0.435,0.215,found,13.0,cash_balance_ratio,130,70,24,success,,
population_detail.v1,C004691,200,0.2724386911567188,1.4159967353107517,1.5450165806392846,1.8919344590525962,0.72,0.28,0.0,0.0,insufficient_group_size,,,0,200,0,success,,
population_detail.v1,C004692,200,0.2717151352871041,1.0524823927657279,1.1743559465427311,1.439783629540673,0.305,0.045,0.65,0.0,found,13.0,savings_rate,130,70,3,success,,
population_detail.v1,C004693,200,0.13145221209456126,1.135908072690251,1.1884318145793906,1.701995111617372,0.89,0.11,0.0,0.0,insufficient_group_size,,,0,200,0,success,,
population_detail.v1,C004694,200,0.3152724975993022,0.664429727505285,0.6758660578774155,0.8433974668682509,0.08,0.05,0.78,0.09,found,13.0,variable_expense_ratio,174,26,24,success,,
population_detail.v1,C004695,200,0.1452317509925322,0.7007210245386197,0.7297183629175497,0.864339989529533,0.485,0.085,0.41,0.02,found,13.0,variable_expense_ratio,86,114,24,success,,
population_detail.v1,C004696,200,0.2607678178548343,0.5102818482030012,0.5264518912808305,0.6514125798865287,0.945,0.045,0.01,0.0,insufficient_group_size,,,2,198,0,success,,
population_detail.v1,C004697,200,0.12204567673181033,0.4161892752836552,0.43539352341477666,0.6021206995002601,1.0,0.0,0.0,0.0,insufficient_group_size,,,0,200,0,success,,
population_detail.v1,C004698,200,0.2576338626451783,0.9771644983346749,1.0317377310204203,1.3366107402000822,0.39,0.61,0.0,0.0,insufficient_group_size,,,0,200,0,success,,
population_detail.v1,C004699,200,0.16395251513529122,0.5152716221548495,0.538647356835064,0.7021393478200691,0.965,0.03,0.005,0.0,insufficient_group_size,,,1,199,0,success,,
population_detail.v1,C004700,200,0.19920798150501617,0.6694454241126195,0.6909167331133657,0.9424872234852354,0.93,0.04,0.03,0.0,insufficient_group_size,,,6,194,0,success,,
population_detail.v1,C004701,200,0.2651703863538962,0.7962958937110811,0.8348158318696716,0.9688921021622952,0.58,0.15,0.27,0.0,found,13.0,variable_expense_ratio,54,146,24,success,,
population_detail.v1,C004702,200,0.3663152643556364,0.728589847394578,0.7716479553794526,0.8823660381769004,0.15,0.065,0.71,0.075,found,13.0,variable_expense_ratio,157,43,24,success,,
population_detail.v1,C004703,200,0.32542263325985127,1.2750983528179474,1.2562266701426297,1.9015079619700832,0.815,0.185,0.0,0.0,insufficient_group_size,,,0,200,0,success,,
population_detail.v1,C004704,200,0.38931267606863074,0.8696174155789927,0.8854237462422573,1.1360551356139597,0.0,0.0,0.195,0.805,insufficient_group_size,,,200,0,0,success,,
population_detail.v1,C004705,200,0.535579537891042,1.0593683215838343,1.0974529797861328,1.3060280022971416,0.015,0.005,0.355,0.625,insufficient_group_size,,,196,4,0,success,,
population_detail.v1,C004706,200,0.1664781004738754,0.5460984038848611,0.5673096707778175,0.747125847628977,1.0,0.0,0.0,0.0,insufficient_group_size,,,0,200,0,success,,
population_detail.v1,C004707,200,0.41240394391980395,0.7637377479937548,0.7981882519220425,0.9627308150776166,0.145,0.055,0.565,0.235,found,13.0,cash_balance_ratio,160,40,24,success,,
population_detail.v1,C004708,200,0.2548248447922022,0.6537145956950855,0.6775317731544687,0.8498204723178245,0.01,0.02,0.7,0.27,insufficient_group_size,,,194,6,0,success,,
population_detail.v1,C004709,200,0.2151231305657243,0.5930763242057483,0.6110379767276386,0.7393074151105219,0.03,0.01,0.69,0.27,insufficient_group_size,,,192,8,0,success,,
population_detail.v1,C004710,200,0.27843283962660814,1.3896464054733655,1.4449199090661062,2.0209278411766434,0.865,0.135,0.0,0.0,insufficient_group_size,,,0,200,0,success,,
population_detail.v1,C004711,200,0.1445949192905262,1.1170705174147588,1.1993026307265382,1.4887459941022476,0.01,0.005,0.28,0.705,insufficient_group_size,,,197,3,0,success,,
population_detail.v1,C004712,200,0.30804992739842485,0.864894045952937,0.9148338345978815,1.0941950359770882,0.125,0.035,0.765,0.075,found,13.0,variable_expense_ratio,168,32,24,success,,
population_detail.v1,C004713,200,0.2351320228987565,0.7272885030101404,0.7582709138546964,0.9181232265260072,0.315,0.17,0.5,0.015,found,13.0,cash_balance_ratio,103,97,24,success,,
population_detail.v1,C004714,200,0.23091277187142495,0.7563228840621412,0.792805188831581,0.9452216499147558,0.84,0.03,0.13,0.0,found,13.0,variable_expense_ratio,26,174,24,success,,
population_detail.v1,C004715,200,0.9789789158492777,6.33644111702509,7.23853407387934,7.48891875757102,0.445,0.41,0.125,0.02,found,13.0,cash_balance_ratio,29,171,24,success,,
population_detail.v1,C004716,200,0.25492790661330517,0.7644035048051896,0.7945495752311519,1.0040341710542477,0.02,0.005,0.77,0.205,insufficient_group_size,,,195,5,0,success,,
population_detail.v1,C004717,200,0.5821677308330823,1.8223931477979876,1.8869538614496615,1.990463104693615,0.22,0.095,0.545,0.14,found,13.0,cash_balance_ratio,137,63,24,success,,
population_detail.v1,C004718,200,0.1861885711328801,0.5775926134498484,0.6107498476142953,0.7580806911275582,1.0,0.0,0.0,0.0,insufficient_group_size,,,0,200,0,success,,
population_detail.v1,C004719,200,0.2432821667377976,0.7717853784461414,0.8203231278076009,0.9648523921271196,0.82,0.015,0.165,0.0,found,13.0,variable_expense_ratio,33,167,24,success,,
population_detail.v1,C004720,200,0.2505558186741807,0.644903566342752,0.6573658335449659,0.8458138750036412,0.095,0.015,0.685,0.205,found,13.0,cash_balance_ratio,178,22,24,success,,
population_detail.v1,C004721,200,0.4399748502560234,1.3535634911270538,1.373313444043833,1.7547438875866228,0.685,0.315,0.0,0.0,insufficient_group_size,,,0,200,0,success,,
population_detail.v1,C004722,200,0.22766723056344715,0.6833562786920904,0.7164257170919439,0.8205226947720978,0.08,0.035,0.76,0.125,found,13.0,variable_expense_ratio,177,23,24,success,,
population_detail.v1,C004723,200,0.1710666897792709,0.7791305556756847,0.8176256892837808,1.106072694202695,0.0,0.0,0.125,0.875,insufficient_group_size,,,200,0,0,success,,
population_detail.v1,C004724,200,3.205852902688804,17.490898497806374,19.66730935792267,20.128375574049034,0.415,0.4,0.11,0.075,found,13.0,cash_balance_ratio,37,163,24,success,,
population_detail.v1,C004725,200,0.31992795704293003,0.6619854918291699,0.6803112831174267,0.7881083673400592,0.09,0.025,0.74,0.145,found,13.0,variable_expense_ratio,177,23,24,success,,
population_detail.v1,C004726,200,0.24724171580695353,0.5293765437834758,0.5524781427514485,0.6349129518781389,0.805,0.055,0.135,0.005,found,13.0,variable_expense_ratio,28,172,24,success,,
population_detail.v1,C004727,200,0.2358434280842093,0.6601756616293875,0.6982132314315128,0.8104212047760074,1.0,0.0,0.0,0.0,insufficient_group_size,,,0,200,0,success,,
population_detail.v1,C004728,200,0.3509448474863433,1.1073012042172505,1.1347144533262181,1.7479199664247902,0.285,0.715,0.0,0.0,insufficient_group_size,,,0,200,0,success,,
population_detail.v1,C004729,200,0.24588754666625393,0.5980020468546684,0.6065332288384037,0.812491832166882,1.0,0.0,0.0,0.0,insufficient_group_size,,,0,200,0,success,,
population_detail.v1,C004730,200,0.3051825663525951,0.7087107352885806,0.7347208492582193,0.9028126673887952,0.015,0.01,0.57,0.405,insufficient_group_size,,,195,5,0,success,,
population_detail.v1,C004731,200,0.4715777204891861,1.5304234286986411,1.5719952067056293,2.2359295999568984,0.29,0.71,0.0,0.0,insufficient_group_size,,,0,200,0,success,,
population_detail.v1,C004732,200,0.23520463095361804,0.5637531956135853,0.5798637919052783,0.7831305559880063,0.995,0.005,0.0,0.0,insufficient_group_size,,,0,200,0,success,,
population_detail.v1,C004733,200,0.14606822167367275,1.434133949906226,1.5468554879630894,2.0358776564571444,0.725,0.275,0.0,0.0,insufficient_group_size,,,0,200,0,success,,
population_detail.v1,C004734,200,0.2615078187377921,0.6122789121283125,0.6270958312088715,0.7658625037813066,0.995,0.0,0.005,0.0,insufficient_group_size,,,1,199,0,success,,
population_detail.v1,C004735,200,0.267888364569031,0.8034820906093258,0.8218657798507539,0.9871103060507369,0.25,0.12,0.52,0.11,found,13.0,variable_expense_ratio,126,74,24,success,,
population_detail.v1,C004736,200,0.20986511763291799,0.5591667871907362,0.580151068301227,0.7177631974845542,0.145,0.035,0.72,0.1,found,13.0,variable_expense_ratio,164,36,24,success,,
population_detail.v1,C004737,200,0.12543526571107158,0.44654236588756246,0.46638778611119663,0.6229764291854808,1.0,0.0,0.0,0.0,insufficient_group_size,,,0,200,0,success,,
population_detail.v1,C004738,200,0.2611822646005173,2.056397610111259,2.1204818288712124,2.3447651638708153,0.585,0.06,0.355,0.0,found,13.0,variable_expense_ratio,71,129,24,success,,
population_detail.v1,C004739,200,0.16742763082706283,0.70373766004804,0.7443560486207521,0.9040236689700029,0.805,0.035,0.16,0.0,found,13.0,variable_expense_ratio,32,168,24,success,,
population_detail.v1,C004740,200,0.28414500846729784,0.682722807300862,0.7224875611109525,0.8544410675001071,0.19,0.1,0.655,0.055,found,13.0,variable_expense_ratio,142,58,5,success,,
population_detail.v1,C004741,200,0.22719283208685864,0.7209260246774705,0.7551518687468788,0.9419580690426413,0.825,0.04,0.135,0.0,found,13.0,variable_expense_ratio,27,173,24,success,,
population_detail.v1,C004742,200,0.38814504437279773,0.8308025192532372,0.8583613154900676,1.0149245516990761,0.31,0.185,0.47,0.035,found,13.0,variable_expense_ratio,101,99,24,success,,
population_detail.v1,C004743,200,0.25932999084359826,0.5535906906437702,0.5756555010265167,0.6632969302504446,0.61,0.085,0.295,0.01,found,13.0,variable_expense_ratio,61,139,24,success,,
population_detail.v1,C004744,200,0.1902242370313617,0.5244984222938357,0.5492698101120164,0.6659898793845076,0.195,0.07,0.66,0.075,found,13.0,variable_expense_ratio,147,53,24,success,,
population_detail.v1,C004745,200,0.31916619963093695,1.253699077342418,1.3443144622907175,1.6597632767941608,0.435,0.095,0.47,0.0,found,13.0,variable_expense_ratio,94,106,24,success,,
population_detail.v1,C004746,200,0.24632368354834508,1.0561448846486456,1.1187024655997884,1.5885210989825536,0.455,0.545,0.0,0.0,insufficient_group_size,,,0,200,0,success,,
population_detail.v1,C004747,200,0.3246636514696863,0.7601434716484219,0.7812848346499119,0.9820341265616276,0.0,0.0,0.155,0.845,insufficient_group_size,,,200,0,0,success,,
population_detail.v1,C004748,200,0.1471445425606072,0.6695373969471703,0.6968285867456434,0.9006958034001089,0.975,0.005,0.02,0.0,insufficient_group_size,,,4,196,0,success,,
population_detail.v1,C004749,200,0.9395716611561434,7.920802797280325,9.41817059787309,9.728669860025454,0.545,0.31,0.12,0.025,found,13.0,cash_balance_ratio,29,171,24,success,,
population_detail.v1,C004750,200,0.21203809707304203,0.5864760521090517,0.610818492758116,0.7185553236431981,0.44,0.105,0.425,0.03,found,13.0,cash_balance_ratio,91,109,24,success,,
population_detail.v1,C004751,200,0.3746757572971141,1.5048639908803187,1.589532157152517,1.8906228077258636,0.615,0.385,0.0,0.0,insufficient_group_size,,,0,200,0,success,,
population_detail.v1,C004752,200,0.21759366838016603,0.5865667014593712,0.6023732719685311,0.7277357349034042,0.06,0.015,0.69,0.235,insufficient_group_size,,,185,15,0,success,,
population_detail.v1,C004753,200,0.23980142079257766,0.5488856977272941,0.5713460734970126,0.7021819643087757,0.875,0.075,0.05,0.0,insufficient_group_size,,,10,190,0,success,,
population_detail.v1,C004754,200,0.28677392135832563,1.5222216054380124,1.6803754234877357,1.99584547222317,0.85,0.0,0.15,0.0,found,13.0,cash_balance_ratio,30,170,24,success,,
population_detail.v1,C004755,200,0.5709919608401552,17.05638506808392,19.903492857763986,20.462715725484646,0.275,0.675,0.05,0.0,insufficient_group_size,,,10,190,0,success,,
population_detail.v1,C004756,200,0.36718225847394637,0.9800715065141438,1.0456212375300848,1.1595898044611574,0.81,0.015,0.175,0.0,found,13.0,variable_expense_ratio,35,165,24,success,,
population_detail.v1,C004757,200,0.32801773229803943,1.1865863278540718,1.2596774545532796,1.5681282706353086,0.375,0.625,0.0,0.0,insufficient_group_size,,,0,200,0,success,,
population_detail.v1,C004758,200,0.4197138219361802,1.277735485738116,1.3528177338686618,1.6804561476796123,0.0,0.005,0.325,0.67,insufficient_group_size,,,199,1,0,success,,
population_detail.v1,C004759,200,0.17560257828191392,0.9930991879956962,1.0138488371217877,1.4933457946735742,0.27,0.73,0.0,0.0,insufficient_group_size,,,0,200,0,success,,
population_detail.v1,C004760,200,1.0236230342884238,4.841553839992147,5.3420816086756915,5.489112623920686,0.54,0.295,0.08,0.085,found,13.0,cash_balance_ratio,33,167,24,success,,
population_detail.v1,C004761,200,0.33867505870834114,1.9212890644911145,2.0511073276201017,2.5922896101630757,0.615,0.1,0.285,0.0,found,13.0,variable_expense_ratio,57,143,24,success,,
population_detail.v1,C004762,200,0.276834780353202,0.9202293305701397,0.9746684668776343,1.2789606749738947,0.31,0.03,0.66,0.0,found,13.0,variable_expense_ratio,132,68,24,success,,
population_detail.v1,C004763,200,0.40698952889758305,0.9985276276931444,1.0552860011475382,1.2485779759521014,0.0,0.0,0.31,0.69,insufficient_group_size,,,200,0,0,success,,
population_detail.v1,C004764,200,0.43110854773997725,2.3018484112369806,2.4623956522795902,3.205428399324003,0.59,0.115,0.295,0.0,found,13.0,variable_expense_ratio,59,141,24,success,,
population_detail.v1,C004765,200,0.1539098349749354,0.5272116028211454,0.5465251724358918,0.697732473171925,1.0,0.0,0.0,0.0,insufficient_group_size,,,0,200,0,success,,
population_detail.v1,C004766,200,0.22193174358186674,0.5104700904223839,0.531547893124185,0.6117387447887049,0.71,0.05,0.24,0.0,found,13.0,variable_expense_ratio,48,152,24,success,,
population_detail.v1,C004767,200,0.08914695815375032,0.4713045149952795,0.4943959046451383,0.6406069229104814,1.0,0.0,0.0,0.0,insufficient_group_size,,,0,200,0,success,,
population_detail.v1,C004768,200,0.27397050392581246,0.5834114898631042,0.5996690943623999,0.8003259864580515,0.995,0.005,0.0,0.0,insufficient_group_size,,,0,200,0,success,,
population_detail.v1,C004769,200,0.17928716160260683,0.5590249525173955,0.5914189912879189,0.7300183763717856,0.73,0.065,0.205,0.0,found,13.0,variable_expense_ratio,41,159,24,success,,
population_detail.v1,C004770,200,0.23839033212585448,0.8805368449716536,0.9462185878913124,1.265986184337788,0.285,0.07,0.645,0.0,found,13.0,variable_expense_ratio,129,71,24,success,,
population_detail.v1,C004771,200,0.21387197725924817,0.6940043685413552,0.7217783654321547,0.8939856142020849,0.195,0.075,0.64,0.09,found,13.0,variable_expense_ratio,146,54,3,success,,
population_detail.v1,C004772,200,0.17928716160260683,0.5877146034434404,0.6142484640703656,0.7645695002784837,0.855,0.05,0.095,0.0,insufficient_group_size,,,19,181,0,success,,
population_detail.v1,C004773,200,0.23095725111433027,0.5969926661559213,0.6237619630096782,0.7750608998076726,0.055,0.015,0.71,0.22,insufficient_group_size,,,186,14,0,success,,
population_detail.v1,C004774,200,0.24299015851452865,0.6062465396878362,0.6241212978266781,0.7981153326534907,0.075,0.02,0.79,0.115,insufficient_group_size,,,181,19,0,success,,
population_detail.v1,C004775,200,0.18178178909728282,0.8465626227587759,0.8758281082809046,1.1333820627419817,0.42,0.035,0.545,0.0,found,13.0,variable_expense_ratio,109,91,24,success,,
population_detail.v1,C004776,200,0.32739096048051014,0.8012793785751573,0.8306778483414464,1.0338946334184362,0.025,0.015,0.485,0.475,insufficient_group_size,,,192,8,0,success,,
population_detail.v1,C004777,200,0.20070288425688437,0.9358575329109002,1.0627481188712895,1.3437064921271833,0.215,0.035,0.745,0.005,found,13.0,savings_rate,150,50,2,success,,
population_detail.v1,C004778,200,0.13782066830505693,0.6403858150442602,0.6861053812976861,0.9226828954319118,1.0,0.0,0.0,0.0,insufficient_group_size,,,0,200,0,success,,
population_detail.v1,C004779,200,0.5039664005594926,1.4619777615716925,1.543319814053591,1.7995659709036593,0.95,0.05,0.0,0.0,insufficient_group_size,,,0,200,0,success,,
population_detail.v1,C004780,200,0.2685647729074638,0.7377318346483926,0.7818423593617232,0.9382732675100267,0.36,0.17,0.45,0.02,found,13.0,cash_balance_ratio,94,106,24,success,,
population_detail.v1,C004781,200,0.5145215076234396,3.441819141692614,3.5582906556421245,3.6528405100477825,0.255,0.025,0.42,0.3,found,13.0,variable_expense_ratio,144,56,24,success,,
population_detail.v1,C004782,200,0.47324963212477733,1.3457812667145825,1.4182870340810665,1.7847095963229198,0.44,0.56,0.0,0.0,insufficient_group_size,,,0,200,0,success,,
population_detail.v1,C004783,200,0.35164584647801295,0.9299262957869431,0.960105593322917,1.1157978505687285,0.05,0.005,0.575,0.37,insufficient_group_size,,,189,11,0,success,,
population_detail.v1,C004784,200,0.2391412571055338,0.8859275661716295,0.9063021177365431,1.1901340177212434,0.005,0.01,0.34,0.645,insufficient_group_size,,,197,3,0,success,,
population_detail.v1,C004785,200,0.3572567048566986,1.2530275196451033,1.3019021329357823,1.5859331438839361,0.605,0.395,0.0,0.0,insufficient_group_size,,,0,200,0,success,,
population_detail.v1,C004786,200,0.20568523995454016,0.5821099819802227,0.6136116180072312,0.7396174082668814,0.9,0.07,0.03,0.0,insufficient_group_size,,,6,194,0,success,,
population_detail.v1,C004787,200,0.21604466835487104,0.5872041932449672,0.6131915948111778,0.7624448798735637,0.205,0.07,0.61,0.115,found,13.0,cash_balance_ratio,145,55,24,success,,
population_detail.v1,C004788,200,0.5757129678131697,10.113462847479576,10.480486665443252,10.779098698245239,0.435,0.56,0.005,0.0,insufficient_group_size,,,1,199,0,success,,
population_detail.v1,C004789,200,0.15419239797115836,0.5106981579126232,0.5243160357036563,0.6856723275014537,1.0,0.0,0.0,0.0,insufficient_group_size,,,0,200,0,success,,
population_detail.v1,C004790,200,0.3246322699880824,0.9233947047750073,0.9651591606958743,1.268636370272428,0.395,0.605,0.0,0.0,insufficient_group_size,,,0,200,0,success,,
population_detail.v1,C004791,200,0.25988002471384797,0.9702613665930503,1.034628701443172,1.2830193626935897,0.01,0.005,0.3,0.685,insufficient_group_size,,,197,3,0,success,,
population_detail.v1,C004792,200,0.1684086667294165,0.6341957951425521,0.6625770238582754,0.7922323828706639,0.31,0.035,0.605,0.05,found,13.0,variable_expense_ratio,131,69,24,success,,
population_detail.v1,C004793,200,1.8523157747199455,10.513167932266365,12.374859086037269,12.716359266723174,0.455,0.375,0.12,0.05,found,13.0,cash_balance_ratio,34,166,24,success,,
population_detail.v1,C004794,200,0.2122338352814019,0.6143516642487699,0.6380745372645122,0.7513985402778968,0.44,0.125,0.375,0.06,found,13.0,variable_expense_ratio,87,113,24,success,,
population_detail.v1,C004795,200,0.4596118448496934,1.2000396554603008,1.248129731969883,1.6173491826908883,0.465,0.225,0.295,0.015,found,13.0,variable_expense_ratio,62,138,24,success,,
population_detail.v1,C004796,200,0.857742055804689,1.2859640995550585,1.311653014850017,1.3853199007715755,0.485,0.065,0.405,0.045,found,13.0,cash_balance_ratio,90,110,24,success,,
population_detail.v1,C004797,200,0.1710666897792709,0.7216750089554778,0.7482370462140189,1.0454016327748112,0.0,0.0,0.125,0.875,insufficient_group_size,,,200,0,0,success,,
population_detail.v1,C004798,200,0.3338384917264029,1.4048123229871692,1.4834831111982418,1.8697116523713053,0.0,0.0,0.03,0.97,insufficient_group_size,,,200,0,0,success,,
population_detail.v1,C004799,200,0.32359114799343675,0.8956576875314091,0.9560246717571608,1.1288314361588805,0.95,0.04,0.01,0.0,insufficient_group_size,,,2,198,0,success,,
population_detail.v1,C004800,200,0.23705530012081957,0.790009446901428,0.831280557101786,1.0292975141459773,0.04,0.025,0.695,0.24,insufficient_group_size,,,187,13,0,success,,
population_detail.v1,C004801,200,0.20913748509558164,0.5553326544223333,0.5831396359183951,0.6875492625089277,1.0,0.0,0.0,0.0,insufficient_group_size,,,0,200,0,success,,
population_detail.v1,C004802,200,0.19618739363941048,0.5507903923164776,0.5707638943731907,0.682370658664495,0.58,0.125,0.285,0.01,found,13.0,variable_expense_ratio,59,141,24,success,,
population_detail.v1,C004803,200,0.10865877958441783,0.4516492495367862,0.4675035289741699,0.6438961186763464,1.0,0.0,0.0,0.0,insufficient_group_size,,,0,200,0,success,,
population_detail.v1,C004804,200,0.27292601336599004,0.6959522793955147,0.7190942861825973,0.8482548924487715,0.44,0.175,0.37,0.015,found,13.0,cash_balance_ratio,77,123,24,success,,
population_detail.v1,C004805,200,0.1604859160421253,0.7241180339777858,0.7502976185563133,1.0199982586050194,0.0,0.0,0.105,0.895,insufficient_group_size,,,200,0,0,success,,
population_detail.v1,C004806,200,0.2223844961813365,0.733133221697323,0.7830813809391782,0.9792427023513055,0.835,0.075,0.09,0.0,insufficient_group_size,,,18,182,0,success,,
population_detail.v1,C004807,200,0.33826752741160776,0.9686006620977449,1.0302643345442348,1.2597570086496708,0.66,0.05,0.29,0.0,found,13.0,variable_expense_ratio,58,142,24,success,,
population_detail.v1,C004808,200,0.17335173650385027,0.48198406113549297,0.4938557089542118,0.7032662579612118,1.0,0.0,0.0,0.0,insufficient_group_size,,,0,200,0,success,,
population_detail.v1,C004809,200,0.2362085404205964,0.6730324475439686,0.6922505702229323,0.8324673475325213,0.735,0.085,0.175,0.005,found,13.0,variable_expense_ratio,36,164,24,success,,
population_detail.v1,C004810,200,0.15371650422623434,0.6341699293836194,0.6472387771991508,0.8942504663674902,0.0,0.0,0.09,0.91,insufficient_group_size,,,200,0,0,success,,
population_detail.v1,C004811,200,0.21522013617845417,0.7420273655942069,0.7621851844689316,0.988858785901766,0.645,0.055,0.3,0.0,found,13.0,variable_expense_ratio,60,140,24,success,,
population_detail.v1,C004812,200,0.25694146886463765,0.9245271073567494,0.9916195567109218,1.1468410403744926,0.995,0.0,0.005,0.0,insufficient_group_size,,,1,199,0,success,,
population_detail.v1,C004813,200,0.28840750444021396,1.5177572465593396,1.6287123881838628,1.9530229172880582,0.66,0.095,0.245,0.0,found,13.0,variable_expense_ratio,49,151,24,success,,
population_detail.v1,C004814,200,0.39007618184949694,1.0185539040928029,1.0131992038470543,1.4250180717318446,0.27,0.73,0.0,0.0,insufficient_group_size,,,0,200,0,success,,
population_detail.v1,C004815,200,0.23806199342472187,0.7651045244053057,0.8204678930928211,0.9717972861302457,0.985,0.01,0.005,0.0,insufficient_group_size,,,1,199,0,success,,
population_detail.v1,C004816,200,0.3034835391571835,1.101632568381038,1.1211950210634103,1.4789754942618476,0.37,0.63,0.0,0.0,insufficient_group_size,,,0,200,0,success,,
population_detail.v1,C004817,200,0.24936843778280335,0.7327380320827112,0.760544275138715,1.0115474909759008,0.005,0.01,0.58,0.405,insufficient_group_size,,,197,3,0,success,,
population_detail.v1,C004818,200,0.12878660740312067,0.5370198406948117,0.5573580172249746,0.7437369569691926,1.0,0.0,0.0,0.0,insufficient_group_size,,,0,200,0,success,,
population_detail.v1,C004819,200,0.34628317708874523,1.4354137313799686,1.5035205674644567,1.9993500339550703,0.485,0.135,0.38,0.0,found,13.0,variable_expense_ratio,76,124,24,success,,
population_detail.v1,C004820,200,0.19099472132927792,0.7457495895264933,0.7909021090336255,0.9760069762963478,0.095,0.065,0.77,0.07,found,13.0,variable_expense_ratio,168,32,24,success,,
population_detail.v1,C004821,200,0.3276555574459244,0.6442055657601142,0.6861179922533598,0.8053238668159532,0.33,0.165,0.46,0.045,found,13.0,variable_expense_ratio,101,99,24,success,,
population_detail.v1,C004822,200,0.17238100096838255,0.8370478609762957,0.8698673627479812,1.06987931162191,0.04,0.005,0.555,0.4,insufficient_group_size,,,191,9,0,success,,
population_detail.v1,C004823,200,0.17919467852476592,0.5409683481088087,0.571402799781221,0.6972202302567626,0.165,0.035,0.725,0.075,found,13.0,variable_expense_ratio,160,40,24,success,,
population_detail.v1,C004824,200,0.28840750444021396,1.4629237371257886,1.551852848076102,1.8594348968691028,0.705,0.085,0.21,0.0,found,13.0,variable_expense_ratio,42,158,24,success,,
population_detail.v1,C004825,200,0.4383419282935185,1.3872981290470523,1.4645371812393717,1.9590536861634462,0.955,0.045,0.0,0.0,insufficient_group_size,,,0,200,0,success,,
population_detail.v1,C004826,200,0.9372571452275947,1.500569295073889,1.5278387102132993,1.738178122295571,0.03,0.02,0.535,0.415,insufficient_group_size,,,190,10,0,success,,
population_detail.v1,C004827,200,0.22904080316087894,0.6243916472420283,0.648793436018241,0.8096840496571581,0.18,0.09,0.705,0.025,found,13.0,cash_balance_ratio,146,54,24,success,,
population_detail.v1,C004828,200,0.1648287940905246,1.1614972671507702,1.1974831412363427,1.8951920951230419,0.915,0.085,0.0,0.0,insufficient_group_size,,,0,200,0,success,,
population_detail.v1,C004829,200,0.22952949246546697,0.7410638407334548,0.7755492044216976,0.9257065129058892,0.415,0.21,0.37,0.005,found,13.0,variable_expense_ratio,75,125,5,success,,
population_detail.v1,C004830,200,0.18879833834135074,0.4998510792143837,0.5136141576559305,0.6520893868049016,1.0,0.0,0.0,0.0,insufficient_group_size,,,0,200,0,success,,
population_detail.v1,C004831,200,0.15654399053727433,0.4841655322362676,0.4822252986445113,0.6868613273362899,1.0,0.0,0.0,0.0,insufficient_group_size,,,0,200,0,success,,
population_detail.v1,C004832,200,0.21949122799680826,0.5778314980298368,0.6108766962436825,0.7519062792359648,0.095,0.045,0.775,0.085,found,13.0,variable_expense_ratio,172,28,5,success,,
population_detail.v1,C004833,200,0.2439215016059706,0.6942994005474341,0.7130002085998008,0.8800376183879068,0.2,0.085,0.62,0.095,found,13.0,variable_expense_ratio,143,57,3,success,,
population_detail.v1,C004834,200,0.14650757635881417,0.6014191747087194,0.6257517805570694,0.7608036342339148,0.06,0.035,0.79,0.115,insufficient_group_size,,,181,19,0,success,,
population_detail.v1,C004835,200,0.2398371638520564,0.5480590695830269,0.5681662809525374,0.6981226325093829,0.995,0.005,0.0,0.0,insufficient_group_size,,,0,200,0,success,,
population_detail.v1,C004836,200,0.11813052679612045,0.6245330431581197,0.6474752282269837,0.8378277246402379,0.865,0.04,0.095,0.0,insufficient_group_size,,,19,181,0,success,,
population_detail.v1,C004837,200,0.15679873892448612,0.593480785441389,0.6286335093881359,0.8100253612406919,0.965,0.02,0.015,0.0,insufficient_group_size,,,3,197,0,success,,
population_detail.v1,C004838,200,0.24402226523112286,0.76470003942193,0.7882499116053616,1.064567197137419,0.0,0.0,0.14,0.86,insufficient_group_size,,,200,0,0,success,,
population_detail.v1,C004839,200,0.19824565017326873,0.6087045885176863,0.6262244115236923,0.828941273056553,1.0,0.0,0.0,0.0,insufficient_group_size,,,0,200,0,success,,
population_detail.v1,C004840,200,0.268957515502315,0.5963002794173399,0.6168560484190949,0.7277046460579544,0.99,0.005,0.005,0.0,insufficient_group_size,,,1,199,0,success,,
population_detail.v1,C004841,200,0.3289552022471119,0.8956483113276409,0.9065918371083608,1.222438334757342,0.005,0.005,0.34,0.65,insufficient_group_size,,,198,2,0,success,,
population_detail.v1,C004842,200,0.21040261596611207,0.5848690305627993,0.6147217526156947,0.7205786868293645,1.0,0.0,0.0,0.0,insufficient_group_size,,,0,200,0,success,,
population_detail.v1,C004843,200,0.9516156024583238,1.3362004744481666,1.3581266814510111,1.462068507163412,0.19,0.115,0.605,0.09,found,13.0,variable_expense_ratio,139,61,24,success,,
population_detail.v1,C004844,200,0.39197284773708707,0.8697823083359666,0.8906556980592977,1.086906386377231,0.425,0.225,0.315,0.035,found,13.0,cash_balance_ratio,70,130,24,success,,
population_detail.v1,C004845,200,0.26362061565244893,0.5383775453565881,0.5547679774257506,0.6875584619159829,0.955,0.035,0.01,0.0,insufficient_group_size,,,2,198,0,success,,
population_detail.v1,C004846,200,0.29852090159499406,1.2215185964654083,1.3096699684776576,1.7882832054807185,0.37,0.63,0.0,0.0,insufficient_group_size,,,0,200,0,success,,
population_detail.v1,C004847,200,0.35253576671994646,0.7976739125445284,0.8075124485062704,1.0503406133603344,0.515,0.055,0.43,0.0,found,13.0,variable_expense_ratio,86,114,24,success,,
population_detail.v1,C004848,200,0.28334034343119757,2.0629265702602133,2.133703519994011,3.026793500903013,0.53,0.13,0.34,0.0,found,13.0,variable_expense_ratio,68,132,24,success,,
population_detail.v1,C004849,200,0.2753165322788264,0.8300497808018393,0.8620249712255494,1.042983502042147,0.01,0.01,0.59,0.39,insufficient_group_size,,,196,4,0,success,,
population_detail.v1,C004850,200,0.1932745184832264,0.8197982344495471,0.8489011824084783,1.0958614495287922,0.655,0.075,0.27,0.0,found,13.0,variable_expense_ratio,54,146,24,success,,
population_detail.v1,C004851,200,0.2967433392452434,1.6907620773739407,1.7760235088682501,2.03153663605687,0.49,0.49,0.005,0.015,insufficient_group_size,,,4,196,0,success,,
population_detail.v1,C004852,200,0.15786335573585575,0.6470147740096227,0.6521053621289474,0.9108113179060799,0.0,0.0,0.125,0.875,insufficient_group_size,,,200,0,0,success,,
population_detail.v1,C004853,200,0.30856767800274193,1.007331965425604,1.0643814550660358,1.2623667145262292,0.375,0.16,0.46,0.005,found,13.0,variable_expense_ratio,93,107,24,success,,
population_detail.v1,C004854,200,0.1968488053144035,0.5990370392697956,0.6267900798179137,0.8489774284170167,1.0,0.0,0.0,0.0,insufficient_group_size,,,0,200,0,success,,
population_detail.v1,C004855,200,0.22373392311037232,0.6250916003049081,0.6466310211772448,0.7748157941240341,0.16,0.075,0.665,0.1,found,13.0,variable_expense_ratio,153,47,24,success,,
population_detail.v1,C004856,200,0.341816001020702,0.9085469365133625,0.9468060797129776,1.2155461386339672,0.405,0.2,0.385,0.01,found,13.0,variable_expense_ratio,79,121,24,success,,
population_detail.v1,C004857,200,0.7028198481621964,1.701844528336743,1.7754756048120899,1.8561653709476607,0.525,0.13,0.315,0.03,found,13.0,cash_balance_ratio,69,131,24,success,,
population_detail.v1,C004858,200,0.1722654556430838,0.6543688306321065,0.6798874027460936,0.8227900893584049,0.97,0.02,0.01,0.0,insufficient_group_size,,,2,198,0,success,,
population_detail.v1,C004859,200,0.20254296482806772,0.5342941420050118,0.5595083625373991,0.7474937936093821,1.0,0.0,0.0,0.0,insufficient_group_size,,,0,200,0,success,,
population_detail.v1,C004860,200,0.37313261497929623,0.8319537991564289,0.8799517741855769,1.0895139147908697,0.015,0.015,0.405,0.565,insufficient_group_size,,,194,6,0,success,,
population_detail.v1,C004861,200,0.3930648963267457,1.0252981751471413,1.0547290518451875,1.3169155037785778,0.0,0.0,0.475,0.525,insufficient_group_size,,,200,0,0,success,,
population_detail.v1,C004862,200,0.36660658432958443,1.3183743693495615,1.3822848807917083,1.6157861373633933,0.545,0.455,0.0,0.0,insufficient_group_size,,,0,200,0,success,,
population_detail.v1,C004863,200,0.4369559522567131,1.1801508208271927,1.2301053091363863,1.4730671280763759,0.505,0.495,0.0,0.0,insufficient_group_size,,,0,200,0,success,,
population_detail.v1,C004864,200,0.10545257521260935,0.515629687408592,0.5344190352955829,0.640066638640264,0.26,0.07,0.62,0.05,found,13.0,variable_expense_ratio,134,66,24,success,,
population_detail.v1,C004865,200,0.44822554343794174,0.9364357320712108,0.9661088416620607,1.1608936420504334,0.02,0.01,0.35,0.62,insufficient_group_size,,,194,6,0,success,,
population_detail.v1,C004866,200,0.32755566018405474,0.7393280139005483,0.7798769791997656,0.9307898254259617,0.07,0.045,0.795,0.09,found,13.0,variable_expense_ratio,177,23,6,success,,
population_detail.v1,C004867,200,0.19796271484455566,0.8556500439692977,0.9066040239739686,1.0543437451128366,0.21,0.09,0.665,0.035,found,13.0,variable_expense_ratio,140,60,24,success,,
population_detail.v1,C004868,200,0.2828661032808975,0.7031022051506625,0.7341248446378719,0.9630881673050743,0.0,0.0,0.105,0.895,insufficient_group_size,,,200,0,0,success,,
population_detail.v1,C004869,200,0.42537101396135196,0.9452582936292316,0.9773895477585286,1.2767117628984535,0.0,0.0,0.095,0.905,insufficient_group_size,,,200,0,0,success,,
population_detail.v1,C004870,200,0.1936438825312624,0.5607232314514065,0.5893102723664966,0.7533791045026077,1.0,0.0,0.0,0.0,insufficient_group_size,,,0,200,0,success,,
population_detail.v1,C004871,200,0.2724244567704121,0.6368941779733681,0.6489749250128518,0.8089350328380098,0.195,0.08,0.685,0.04,found,13.0,variable_expense_ratio,145,55,5,success,,
population_detail.v1,C004872,200,0.2280755225135546,0.8387548144844607,0.8710824061473406,1.1709482300679201,0.0,0.0,0.085,0.915,insufficient_group_size,,,200,0,0,success,,
population_detail.v1,C004873,200,0.21576757537284685,0.6225734050212597,0.6558924889915252,0.8162484498166587,0.965,0.02,0.015,0.0,insufficient_group_size,,,3,197,0,success,,
population_detail.v1,C004874,200,0.13448144577280458,0.6310321892519672,0.6570731473497828,0.8167000933236811,0.99,0.005,0.005,0.0,insufficient_group_size,,,1,199,0,success,,
population_detail.v1,C004875,200,0.23676022153190882,0.6343054479122685,0.6656932982203009,0.795186455391863,1.0,0.0,0.0,0.0,insufficient_group_size,,,0,200,0,success,,
population_detail.v1,C004876,200,0.15848912891732478,0.6772924523200227,0.6875944456298121,0.9517334321825577,0.985,0.01,0.005,0.0,insufficient_group_size,,,1,199,0,success,,
population_detail.v1,C004877,200,0.25158532226848707,0.6790368189350926,0.7065345110311171,0.8520254651069615,0.08,0.025,0.82,0.075,found,13.0,variable_expense_ratio,179,21,4,success,,
population_detail.v1,C004878,200,0.27166754960842765,1.1125040952330756,1.1767690310465007,1.4803325673460879,0.01,0.005,0.255,0.73,insufficient_group_size,,,197,3,0,success,,
population_detail.v1,C004879,200,0.29724089105961105,0.5816248199421402,0.6082186321578913,0.7024181377392794,0.9,0.045,0.055,0.0,insufficient_group_size,,,11,189,0,success,,
population_detail.v1,C004880,200,0.36140221046875914,1.1349030087318102,1.2048739167798883,1.5096631206822364,0.46,0.54,0.0,0.0,insufficient_group_size,,,0,200,0,success,,
population_detail.v1,C004881,200,0.18865798030005868,1.1283926111186637,1.1539359266553386,1.7682053511622993,0.955,0.045,0.0,0.0,insufficient_group_size,,,0,200,0,success,,
population_detail.v1,C004882,200,0.23702562226195695,0.6298496388267005,0.653122900261353,0.8038973936440836,0.98,0.015,0.005,0.0,insufficient_group_size,,,1,199,0,success,,
population_detail.v1,C004883,200,0.2130972606918048,0.6122612576771557,0.6309111917421376,0.7803986236675786,0.14,0.03,0.65,0.18,found,13.0,variable_expense_ratio,166,34,10,success,,
population_detail.v1,C004884,200,0.2746173185288217,0.6465686733133781,0.6827013038702552,0.8544516639934666,0.835,0.03,0.135,0.0,found,13.0,variable_expense_ratio,27,173,24,success,,
population_detail.v1,C004885,200,0.2630050848145067,0.5811868159449249,0.5963952218210026,0.7094258090316637,0.975,0.015,0.01,0.0,insufficient_group_size,,,2,198,0,success,,
population_detail.v1,C004886,200,0.25300443466729466,0.6016841981449018,0.6218602965848705,0.7453832979675367,0.98,0.01,0.01,0.0,insufficient_group_size,,,2,198,0,success,,
population_detail.v1,C004887,200,0.2388882879800737,0.5798428829611156,0.608298123106273,0.7317903676151962,0.265,0.075,0.56,0.1,found,13.0,cash_balance_ratio,132,68,24,success,,
population_detail.v1,C004888,200,0.27511993103191545,0.6928337246254782,0.7196362960078628,0.889311231150163,0.13,0.065,0.74,0.065,found,13.0,variable_expense_ratio,161,39,5,success,,
population_detail.v1,C004889,200,0.26819436885601694,0.5415745345140878,0.5542412661175316,0.6721767203206551,0.88,0.065,0.055,0.0,insufficient_group_size,,,11,189,0,success,,
population_detail.v1,C004890,200,0.1342990583537914,0.5036944577666577,0.5246736373323317,0.6823305250444124,0.97,0.01,0.02,0.0,insufficient_group_size,,,4,196,0,success,,
population_detail.v1,C004891,200,0.23516945639002385,0.778013032592792,0.8031252399669282,1.0534573280994968,0.955,0.015,0.03,0.0,insufficient_group_size,,,6,194,0,success,,
population_detail.v1,C004892,200,0.27766886162765053,0.7202661232312536,0.735396167749785,0.9631097481397667,0.065,0.01,0.575,0.35,insufficient_group_size,,,185,15,0,success,,
population_detail.v1,C004893,200,0.22709309255691243,0.6704827627461936,0.6842804059558001,0.8709494629568585,0.99,0.005,0.005,0.0,insufficient_group_size,,,1,199,0,success,,
population_detail.v1,C004894,200,1.0236230342884238,5.016534910316766,5.552372334436049,5.726308056051479,0.65,0.23,0.09,0.03,found,13.0,cash_balance_ratio,24,176,24,success,,
population_detail.v1,C004895,200,0.3447517605904267,0.960980020787265,0.9694080247867563,1.2703793657012503,0.47,0.23,0.285,0.015,found,13.0,variable_expense_ratio,60,140,11,success,,
population_detail.v1,C004896,200,0.33759256092812945,0.8800255209713729,0.8894533792787167,1.2161141125291182,0.0,0.005,0.35,0.645,insufficient_group_size,,,199,1,0,success,,
population_detail.v1,C004897,200,0.20664858975843925,16.88940880960406,19.56884381086698,20.181072618984082,0.27,0.68,0.05,0.0,insufficient_group_size,,,10,190,0,success,,
population_detail.v1,C004898,200,0.2414328167327394,0.5349187655836812,0.5385983483937773,0.7001936798187187,1.0,0.0,0.0,0.0,insufficient_group_size,,,0,200,0,success,,
population_detail.v1,C004899,200,0.31585175172154417,0.6787534885560308,0.7147157720369481,0.8426149344260206,0.995,0.0,0.005,0.0,insufficient_group_size,,,1,199,0,success,,
population_detail.v1,C004900,200,0.15589081752301126,0.5102433922433226,0.5340311913282357,0.6511361930834288,0.99,0.005,0.005,0.0,insufficient_group_size,,,1,199,0,success,,
population_detail.v1,C004901,200,0.4263574325882759,1.3886471609156246,1.4603075276448363,1.807824000636195,0.0,0.0,0.145,0.855,insufficient_group_size,,,200,0,0,success,,
population_detail.v1,C004902,200,0.36266790419411044,0.7785552161002495,0.8206649510674731,0.9786520643664569,0.25,0.14,0.6,0.01,found,13.0,cash_balance_ratio,122,78,24,success,,
population_detail.v1,C004903,200,0.26091857763561355,0.6405327974819612,0.6639839956631679,0.8297104148651039,0.98,0.005,0.015,0.0,insufficient_group_size,,,3,197,0,success,,
population_detail.v1,C004904,200,0.22307660927005005,0.8603508891833438,0.8737104313467634,1.123974504680428,0.49,0.06,0.45,0.0,found,13.0,variable_expense_ratio,90,110,24,success,,
population_detail.v1,C004905,200,0.2753687502172552,0.8242659206404923,0.8900407504126651,1.0483812610772596,0.29,0.065,0.615,0.03,found,13.0,variable_expense_ratio,129,71,24,success,,
population_detail.v1,C004906,200,0.18433512721914722,0.6004504335902153,0.625662107419756,0.8464720949488408,1.0,0.0,0.0,0.0,insufficient_group_size,,,0,200,0,success,,
population_detail.v1,C004907,200,0.24080466024005975,0.8836198961832882,0.9144128699767324,1.1743060422579534,0.0,0.01,0.355,0.635,insufficient_group_size,,,198,2,0,success,,
population_detail.v1,C004908,200,0.20605656748485612,0.6023901662459749,0.6291379943552402,0.7838844003106842,0.12,0.05,0.75,0.08,found,13.0,variable_expense_ratio,166,34,24,success,,
population_detail.v1,C004909,200,0.24791179355185272,0.8968059465723431,0.9182608052730228,1.2044380261110386,0.0,0.0,0.32,0.68,insufficient_group_size,,,200,0,0,success,,
population_detail.v1,C004910,200,0.2601981426791219,0.7751118829902731,0.8040644053756838,1.0689943403907813,0.0,0.0,0.165,0.835,insufficient_group_size,,,200,0,0,success,,
population_detail.v1,C004911,200,0.2966856092193124,1.294942199722754,1.3820251786968625,1.6148847533584063,0.56,0.44,0.0,0.0,insufficient_group_size,,,0,200,0,success,,
population_detail.v1,C004912,200,0.16837815008295554,0.775333365255767,0.8333861039146709,1.0611967449724105,0.97,0.01,0.02,0.0,insufficient_group_size,,,4,196,0,success,,
population_detail.v1,C004913,200,0.177809851024816,0.5282113097416564,0.5489111423312708,0.6418950556995364,0.99,0.005,0.005,0.0,insufficient_group_size,,,1,199,0,success,,
population_detail.v1,C004914,200,0.2128438394214827,0.7893116065557207,0.8134851793843487,1.0880800963924868,0.54,0.07,0.39,0.0,found,13.0,variable_expense_ratio,78,122,24,success,,
population_detail.v1,C004915,200,0.2596381489562721,1.2098796617156011,1.2566566311050562,1.9297125068122976,0.3,0.7,0.0,0.0,insufficient_group_size,,,0,200,0,success,,
population_detail.v1,C004916,200,0.13658867688112342,0.5152380390580147,0.538606080421602,0.6664557334887548,1.0,0.0,0.0,0.0,insufficient_group_size,,,0,200,0,success,,
population_detail.v1,C004917,200,0.16008055453189002,0.577843006461545,0.5974273667435307,0.7987540789929403,0.955,0.02,0.025,0.0,insufficient_group_size,,,5,195,0,success,,
population_detail.v1,C004918,200,0.18350344659266277,0.552699012439845,0.5700939639709701,0.71189732522644,0.835,0.04,0.125,0.0,found,13.0,variable_expense_ratio,25,175,24,success,,
population_detail.v1,C004919,200,0.317339101634684,0.9330899078584369,0.9701765139955076,1.235409165788082,0.56,0.155,0.285,0.0,found,13.0,variable_expense_ratio,57,143,24,success,,
population_detail.v1,C004920,200,0.23070726573781267,0.5499457827241787,0.5714211067119161,0.679661184432742,0.865,0.09,0.045,0.0,insufficient_group_size,,,9,191,0,success,,
population_detail.v1,C004921,200,0.1749579673509685,0.539740108772094,0.5623589939629379,0.6999610918227764,1.0,0.0,0.0,0.0,insufficient_group_size,,,0,200,0,success,,
population_detail.v1,C004922,200,0.12051021964664366,0.478095613075618,0.48584476405398935,0.6249358583484789,1.0,0.0,0.0,0.0,insufficient_group_size,,,0,200,0,success,,
population_detail.v1,C004923,200,0.2659203111863127,1.1837980953940035,1.166682116513563,1.8216237063047256,0.85,0.15,0.0,0.0,insufficient_group_size,,,0,200,0,success,,
population_detail.v1,C004924,200,1.1416565169374049,1.8452565582853253,1.866027245938421,2.165045127724958,0.0,0.0,0.04,0.96,insufficient_group_size,,,200,0,0,success,,
population_detail.v1,C004925,200,0.26633004169142754,1.0924390133834634,1.1424965944692733,1.286690923240478,0.1,0.085,0.765,0.05,found,13.0,variable_expense_ratio,163,37,24,success,,
population_detail.v1,C004926,200,0.4402788788227164,0.9400258481146413,0.9647951551402771,1.193979475397416,0.015,0.01,0.335,0.64,insufficient_group_size,,,195,5,0,success,,
population_detail.v1,C004927,200,0.2709452615799744,1.2551927705218324,1.2783246374667443,1.869044960987908,0.925,0.055,0.02,0.0,insufficient_group_size,,,4,196,0,success,,
population_detail.v1,C004928,200,0.3387792322334671,0.97489009123457,1.030972240371266,1.2752720265029274,0.0,0.0,0.3,0.7,insufficient_group_size,,,200,0,0,success,,
population_detail.v1,C004929,200,0.21815055644578593,0.5673030415004561,0.5846946256000418,0.7441395399746654,0.905,0.05,0.045,0.0,insufficient_group_size,,,9,191,0,success,,
population_detail.v1,C004930,200,0.22447275339799735,1.0786644864513781,1.0985849280101243,1.449832448093044,0.345,0.075,0.58,0.0,found,13.0,variable_expense_ratio,116,84,24,success,,
population_detail.v1,C004931,200,0.20086133238853038,0.474007874674771,0.49198111859871746,0.5887793450251839,0.975,0.015,0.01,0.0,insufficient_group_size,,,2,198,0,success,,
population_detail.v1,C004932,200,0.16752181962424867,0.5041189285040558,0.5229362691431019,0.6745599236746647,0.975,0.015,0.01,0.0,insufficient_group_size,,,2,198,0,success,,
population_detail.v1,C004933,200,0.23249363955000493,0.9019738962095343,0.9385436400751775,1.1102580742031738,0.015,0.015,0.38,0.59,insufficient_group_size,,,194,6,0,success,,
population_detail.v1,C004934,200,0.25812271635772094,0.8768131842523833,0.8821750483811884,1.2470056083225702,0.0,0.005,0.345,0.65,insufficient_group_size,,,199,1,0,success,,
population_detail.v1,C004935,200,0.2731104087625667,0.6018074379238204,0.6254192901104814,0.7458968313106761,0.985,0.01,0.005,0.0,insufficient_group_size,,,1,199,0,success,,
population_detail.v1,C004936,200,0.15194098493423933,0.5727683475977847,0.5980621017159815,0.7291698943296725,0.99,0.01,0.0,0.0,insufficient_group_size,,,0,200,0,success,,
population_detail.v1,C004937,200,0.10496737356699412,0.7681935456447262,0.785178640297193,1.13046749719779,0.41,0.05,0.54,0.0,found,13.0,variable_expense_ratio,108,92,24,success,,
population_detail.v1,C004938,200,0.2996489108551556,0.6811955373955064,0.7036391375075295,0.8630964489576771,0.885,0.025,0.09,0.0,insufficient_group_size,,,18,182,0,success,,
population_detail.v1,C004939,200,0.12905246572305412,0.5733318042360795,0.6197316287301424,0.773734418024837,0.97,0.02,0.01,0.0,insufficient_group_size,,,2,198,0,success,,
population_detail.v1,C004940,200,0.16068638987730371,0.4624887356638899,0.4892134581235406,0.5893804859655227,0.995,0.0,0.005,0.0,insufficient_group_size,,,1,199,0,success,,
population_detail.v1,C004941,200,0.3008546589856244,1.2270869934177477,1.3283026341847752,1.7483761692260686,0.4,0.6,0.0,0.0,insufficient_group_size,,,0,200,0,success,,
population_detail.v1,C004942,200,0.2939930417265875,0.7239314821287735,0.738126632455852,1.0173326766101922,0.0,0.0,0.06,0.94,insufficient_group_size,,,200,0,0,success,,
population_detail.v1,C004943,200,0.4666089987906901,0.9338244778092906,0.9722677170148595,1.1403139174680232,0.015,0.015,0.415,0.555,insufficient_group_size,,,194,6,0,success,,
population_detail.v1,C004944,200,0.23559910261112862,0.6946376758861463,0.7255528361099262,0.8579874198797613,0.37,0.11,0.5,0.02,found,13.0,variable_expense_ratio,104,96,24,success,,
population_detail.v1,C004945,200,0.19813071131925725,1.2761803716865898,1.3644408654229507,1.7674853525526284,0.555,0.105,0.34,0.0,found,13.0,variable_expense_ratio,68,132,24,success,,
population_detail.v1,C004946,200,0.23934138724461948,0.894020209774461,0.9405643116317453,1.2208608975025723,0.0,0.0,0.045,0.955,insufficient_group_size,,,200,0,0,success,,
population_detail.v1,C004947,200,0.2730627233106355,0.8037988891469579,0.8101174257879784,1.0288061592053221,0.015,0.015,0.69,0.28,insufficient_group_size,,,194,6,0,success,,
population_detail.v1,C004948,200,0.21457921703402796,0.6152987998694113,0.6385059613360862,0.7996079838496718,0.06,0.02,0.8,0.12,insufficient_group_size,,,184,16,0,success,,
population_detail.v1,C004949,200,0.27451925920446346,0.7684868978746816,0.8053245502857316,0.9447089076908088,0.71,0.125,0.165,0.0,found,13.0,variable_expense_ratio,33,167,24,success,,
population_detail.v1,C004950,200,0.14583147476948852,0.48923753114362895,0.5089901614510679,0.6483920339246152,0.995,0.005,0.0,0.0,insufficient_group_size,,,0,200,0,success,,
population_detail.v1,C004951,200,0.2306900279634506,0.757664441770519,0.7913041619677852,0.9901029840506836,0.65,0.035,0.315,0.0,found,13.0,variable_expense_ratio,63,137,24,success,,
population_detail.v1,C004952,200,0.2644481167213472,0.8004983389671045,0.8286346076951032,1.034466967554263,0.11,0.02,0.655,0.215,found,13.0,variable_expense_ratio,174,26,24,success,,
population_detail.v1,C004953,200,0.29632241544065463,1.210494007414835,1.2862846155571996,1.6562644909528184,0.415,0.585,0.0,0.0,insufficient_group_size,,,0,200,0,success,,
population_detail.v1,C004954,200,0.4093086887235845,2.126618874828215,2.1901865430925236,3.064488413950868,0.51,0.14,0.35,0.0,found,13.0,variable_expense_ratio,70,130,24,success,,
population_detail.v1,C004955,200,0.33312396526380544,1.2442899798246194,1.3334040746509876,1.6985858127772715,0.57,0.43,0.0,0.0,insufficient_group_size,,,0,200,0,success,,
population_detail.v1,C004956,200,0.34998628022342076,0.8237997561774165,0.869024183515451,1.11100915787762,0.0,0.0,0.035,0.965,insufficient_group_size,,,200,0,0,success,,
population_detail.v1,C004957,200,0.20198759105646175,0.7689087673131959,0.7955354260711692,0.9928387875958592,0.035,0.015,0.595,0.355,insufficient_group_size,,,190,10,0,success,,
population_detail.v1,C004958,200,0.3093630164569576,0.7686113113903336,0.7957265510647359,0.9938284699154571,0.015,0.015,0.395,0.575,insufficient_group_size,,,194,6,0,success,,
population_detail.v1,C004959,200,0.16690334720087371,0.8409879048700724,0.8621295577614754,1.1547718977721673,0.0,0.0,0.125,0.875,insufficient_group_size,,,200,0,0,success,,
population_detail.v1,C004960,200,0.1317467014445668,0.8328841739871343,0.9027366479783852,1.1145515870942129,0.62,0.025,0.355,0.0,found,13.0,variable_expense_ratio,71,129,24,success,,
population_detail.v1,C004961,200,0.14737718126606997,0.7230763181666074,0.761236271988243,1.015680468797865,0.52,0.04,0.44,0.0,found,13.0,variable_expense_ratio,88,112,24,success,,
population_detail.v1,C004962,200,0.2760915888184996,1.3793385421780926,1.4149172485712707,1.741855843652613,0.85,0.15,0.0,0.0,insufficient_group_size,,,0,200,0,success,,
population_detail.v1,C004963,200,0.3474243044046552,1.138305529750399,1.2055304128682065,1.673081557195067,0.355,0.645,0.0,0.0,insufficient_group_size,,,0,200,0,success,,
population_detail.v1,C004964,200,0.2886918087641724,0.8275142854294322,0.864224629566027,1.0204847444788963,0.055,0.02,0.835,0.09,insufficient_group_size,,,185,15,0,success,,
population_detail.v1,C004965,200,0.22533044800081822,0.8521298589957905,0.8532432277153201,1.1353473304164827,0.465,0.08,0.455,0.0,found,13.0,variable_expense_ratio,91,109,24,success,,
population_detail.v1,C004966,200,0.34087750946700596,0.6318925821799412,0.6541330384424322,0.7706128573109985,0.445,0.18,0.33,0.045,found,13.0,cash_balance_ratio,75,125,24,success,,
population_detail.v1,C004967,200,0.2122338352814019,0.6237795602873107,0.6700086291085572,0.7613687606199854,0.43,0.125,0.385,0.06,found,13.0,variable_expense_ratio,89,111,24,success,,
population_detail.v1,C004968,200,0.1880025166734649,0.6642119263356883,0.6948901444375801,0.8147385778895363,0.345,0.045,0.6,0.01,found,13.0,variable_expense_ratio,122,78,24,success,,
population_detail.v1,C004969,200,0.2046142157230705,0.558575587581899,0.5863660877123655,0.7020468985930566,0.59,0.145,0.26,0.005,found,13.0,variable_expense_ratio,53,147,24,success,,
population_detail.v1,C004970,200,0.16487446054369215,0.5785170644308145,0.61648611202665,0.7223713568737816,1.0,0.0,0.0,0.0,insufficient_group_size,,,0,200,0,success,,
population_detail.v1,C004971,200,0.16545164526606715,0.5049383101271671,0.5271655921297362,0.6861340907304588,1.0,0.0,0.0,0.0,insufficient_group_size,,,0,200,0,success,,
population_detail.v1,C004972,200,0.227646929217663,0.5868346588707826,0.6014038902984218,0.7348233272757425,0.555,0.09,0.35,0.005,found,13.0,cash_balance_ratio,71,129,24,success,,
population_detail.v1,C004973,200,0.32145120018853407,1.3713621551781066,1.4472629351080273,1.7818239698975966,0.465,0.09,0.445,0.0,found,13.0,variable_expense_ratio,89,111,24,success,,
population_detail.v1,C004974,200,0.1834356844296445,0.5919071765859966,0.6038149943605156,0.7522381069855061,0.175,0.055,0.665,0.105,found,13.0,cash_balance_ratio,154,46,24,success,,
population_detail.v1,C004975,200,0.18195701367011147,0.6400868063817711,0.6707745494002118,0.9116659596075115,1.0,0.0,0.0,0.0,insufficient_group_size,,,0,200,0,success,,
population_detail.v1,C004976,200,0.15954637882882444,0.5262169453670744,0.5443980610379795,0.6793469619286999,1.0,0.0,0.0,0.0,insufficient_group_size,,,0,200,0,success,,
population_detail.v1,C004977,200,0.3033166323784224,0.6690693990965029,0.7015468642649347,0.8529314536791012,0.165,0.05,0.715,0.07,found,13.0,variable_expense_ratio,157,43,24,success,,
population_detail.v1,C004978,200,0.22243718390222875,1.7234481721988295,1.7425509362681937,2.4740234825037946,0.51,0.15,0.34,0.0,found,13.0,variable_expense_ratio,68,132,24,success,,
population_detail.v1,C004979,200,0.2370092300914982,0.7109369007160383,0.7578669041639834,0.899390625262912,0.025,0.0,0.555,0.42,insufficient_group_size,,,195,5,0,success,,
population_detail.v1,C004980,200,0.11571582277709315,0.5582075966085888,0.5667276833613291,0.8118903183920495,1.0,0.0,0.0,0.0,insufficient_group_size,,,0,200,0,success,,
population_detail.v1,C004981,200,0.18129614852618953,0.5461135693813477,0.5530908114512166,0.7374781346174871,0.995,0.005,0.0,0.0,insufficient_group_size,,,0,200,0,success,,
population_detail.v1,C004982,200,0.1482355846212815,0.5880328189874585,0.6197459337204585,0.8019670265137766,0.95,0.025,0.025,0.0,insufficient_group_size,,,5,195,0,success,,
population_detail.v1,C004983,200,0.39665546331951174,1.0789767565321238,1.1528568017233183,1.389279138160587,0.0,0.0,0.23,0.77,insufficient_group_size,,,200,0,0,success,,
population_detail.v1,C004984,200,0.3917639073367756,0.7671239748932135,0.7943977338291708,0.9370994066313235,0.015,0.0,0.67,0.315,insufficient_group_size,,,197,3,0,success,,
population_detail.v1,C004985,200,0.20457995571489607,0.7125493091730521,0.7390146072660322,0.8988198490670886,0.995,0.0,0.005,0.0,insufficient_group_size,,,1,199,0,success,,
population_detail.v1,C004986,200,0.19721581002293423,0.4921714615377465,0.5139936417619817,0.6373583541071373,1.0,0.0,0.0,0.0,insufficient_group_size,,,0,200,0,success,,
population_detail.v1,C004987,200,0.42923658184343794,1.3386020345296146,1.4296354427251257,1.6327706681702951,0.88,0.12,0.0,0.0,insufficient_group_size,,,0,200,0,success,,
population_detail.v1,C004988,200,0.16873910770099046,0.8031680907497359,0.8433450322904634,1.113175359545467,0.495,0.03,0.475,0.0,found,13.0,variable_expense_ratio,95,105,24,success,,
population_detail.v1,C004989,200,0.2802211542721798,1.3092449747978867,1.3896900003869306,1.7694195179188588,0.44,0.56,0.0,0.0,insufficient_group_size,,,0,200,0,success,,
population_detail.v1,C004990,200,0.31145962136044864,1.087666236891051,1.1444409388822971,1.4840828947910063,0.49,0.51,0.0,0.0,insufficient_group_size,,,0,200,0,success,,
population_detail.v1,C004991,200,0.15751808775744439,0.5820756738143325,0.6036145422290415,0.7535191949981266,0.275,0.04,0.66,0.025,found,13.0,variable_expense_ratio,137,63,24,success,,
population_detail.v1,C004992,200,0.2665772821797927,0.7341416606775714,0.7753680304629835,1.016298750312745,0.99,0.01,0.0,0.0,insufficient_group_size,,,0,200,0,success,,
population_detail.v1,C004993,200,0.17714466621564803,1.0920419779519477,1.150659601299371,1.373518667051245,0.655,0.125,0.22,0.0,found,13.0,variable_expense_ratio,44,156,24,success,,
population_detail.v1,C004994,200,0.2283114817466461,0.6028805932095002,0.6315204692853617,0.7537446762717672,0.77,0.11,0.12,0.0,found,13.0,variable_expense_ratio,24,176,24,success,,
population_detail.v1,C004995,200,0.1649293615496758,0.5598185527691097,0.5841526158810915,0.7243521427240315,0.98,0.015,0.005,0.0,insufficient_group_size,,,1,199,0,success,,
population_detail.v1,C004996,200,0.13565553120214133,0.42758970602571894,0.43821564352810494,0.5926593854277936,1.0,0.0,0.0,0.0,insufficient_group_size,,,0,200,0,success,,
population_detail.v1,C004997,200,0.16946110438152415,0.4924142562786904,0.5100258307521613,0.638435076307139,1.0,0.0,0.0,0.0,insufficient_group_size,,,0,200,0,success,,
population_detail.v1,C004998,200,0.18426687270576708,1.1133445266182378,1.1808936428137682,1.4701369423190984,0.0,0.0,0.16,0.84,insufficient_group_size,,,200,0,0,success,,
population_detail.v1,C004999,200,0.21668611744189725,0.6018907977780126,0.6265053154039788,0.7652822272737207,0.035,0.01,0.66,0.295,insufficient_group_size,,,191,9,0,success,,
population_detail.v1,C005000,200,0.36109321065851985,2.0177242475230175,2.1883994345630873,2.569122243146365,0.0,0.0,0.03,0.97,insufficient_group_size,,,200,0,0,success,,
