target_customer_id,matched_customer_id,month,savings_rate,fixed_expense_ratio,variable_expense_ratio,dsr,cash_balance,cash_balance_ratio,loan_balance,loan_balance_ratio,monthly_status,final_outcome
C002608,C000022,13,0.165682,0.324312,0.269657,0.240349,34892630,6.815955021603718,58617138,11.450319912919666,healthy,healthy
C002608,C000022,14,0.115644,0.341115,0.290458,0.252784,35470327,6.928802828378828,57733192,11.277649174785953,healthy,healthy
C002608,C000022,15,0.157593,0.339609,0.253274,0.249524,36268377,7.0846945712767075,56848683,11.104868459769525,healthy,healthy
C002608,C000022,16,0.142515,0.340454,0.271114,0.245917,37001123,7.227829777142818,55963611,10.93197776787038,healthy,healthy
C002608,C000022,17,0.133575,0.339208,0.280946,0.246271,37687350,7.361877923316095,55077975,10.758976903747698,healthy,healthy
C002608,C000022,18,0.11471,0.347512,0.286712,0.251066,38265777,7.474868328891174,54191774,10.585865672060656,healthy,healthy
C002608,C000022,19,0.120931,0.34744,0.281767,0.249862,38878897,7.594635693599586,53305009,10.412644268150075,healthy,healthy
C002608,C000022,20,0.136556,0.341014,0.275744,0.246686,39580598,7.731706543650566,52417679,10.239312496675137,healthy,healthy
C002608,C000022,21,-0.057395,0.513665,0.289739,0.253991,39293970,7.675716394557987,51529784,10.065870357635836,watch,healthy
C002608,C000022,22,0.016682,0.484842,0.257076,0.241401,39381679,7.69284954270388,50641323,9.892317655691356,watch,healthy
C002608,C000022,23,0.018167,0.490481,0.248257,0.243095,39476594,7.711390316812209,49752296,9.718654390841692,watch,healthy
C002608,C000022,24,0.002174,0.492181,0.264649,0.240996,39488056,7.713629313312548,48862702,9.544880367746027,watch,healthy
C002608,C000022,25,-0.022234,0.499221,0.277591,0.245422,39372851,7.691125073928362,47972541,9.370995586404357,watch,healthy
C002608,C000022,26,0.008239,0.486628,0.264365,0.240768,39416397,7.699631385357759,47081813,9.197000046816683,watch,healthy
C002608,C000022,27,0.1532,0.344134,0.260059,0.242607,40220441,7.856694001141962,46190518,9.022893748983007,healthy,healthy
C002608,C000022,28,0.141918,0.336411,0.279397,0.242275,40966767,8.002481935369145,45298655,8.848676497562504,healthy,healthy
C002608,C000022,29,0.14874,0.344163,0.262353,0.244744,41741571,8.153832785521702,44406224,8.674348292555177,healthy,healthy
C002608,C000022,30,0.14726,0.340123,0.271022,0.241595,42519156,8.305726878499897,43513224,8.499908938620202,healthy,healthy
C002608,C000022,31,0.153673,0.341471,0.263438,0.241417,43331724,8.464454579449768,42619655,8.325358435757579,healthy,healthy
C002608,C000022,32,0.125586,0.34614,0.284224,0.24405,43989034,8.592854055076865,41725517,8.15069678396731,healthy,healthy
C002608,C000022,33,0.12159,0.351571,0.276148,0.250691,44608963,8.713951495441428,40830809,7.975923787908572,healthy,healthy
C002608,C000022,34,0.113805,0.35205,0.287294,0.246851,45198604,8.829132452993022,39935531,7.801039447581364,healthy,healthy
C002608,C000022,35,0.130045,0.343874,0.282028,0.244053,45880543,8.962342977722095,39039683,7.626043762985687,healthy,healthy
C002608,C000022,36,0.165459,0.348374,0.241988,0.244179,46748290,9.131849389882243,38143264,7.45093653878072,healthy,healthy
C002608,C000044,13,0.118151,0.407404,0.248047,0.226398,20728424,4.705877474122138,72391689,16.434747696146864,healthy,healthy
C002608,C000044,14,0.123153,0.409373,0.239986,0.227488,21264392,4.827555790720172,71698662,16.27741300691731,healthy,healthy
C002608,C000044,15,0.151872,0.397332,0.22696,0.223836,21936632,4.98017130423938,71005120,16.119961399638452,healthy,healthy
C002608,C000044,16,0.154155,0.401939,0.218421,0.225485,22614488,5.1340617920593195,70311060,15.962392193234281,healthy,healthy
C002608,C000044,17,0.125353,0.419039,0.223269,0.232339,23149835,5.255599125922177,69616484,15.804705841755467,healthy,healthy
C002608,C000044,18,0.113005,0.416746,0.238101,0.232149,23633200,5.365335228641759,68921390,15.646901891151337,healthy,healthy
C002608,C000044,19,0.094834,0.409188,0.266717,0.229261,24044256,5.458655356163405,68225778,15.488980341421891,healthy,healthy
C002608,C000044,20,0.132214,0.400983,0.242011,0.224792,24629169,5.591445427951844,67529648,15.33094119256713,healthy,healthy
C002608,C000044,21,0.145539,0.402179,0.225935,0.226347,25269083,5.736722120380336,66832999,15.172784217561711,healthy,healthy
C002608,C000044,22,0.108907,0.410464,0.249395,0.231235,25738157,5.843213803988139,66135831,15.014509416405637,healthy,healthy
C002608,C000044,23,0.100695,0.415686,0.254249,0.22937,26175711,5.942549648928016,65438143,14.85611656207357,healthy,healthy
C002608,C000044,24,0.112476,0.401292,0.262781,0.22345,26677784,6.0565329416793094,64739936,14.697605881590848,healthy,healthy
C002608,C000044,25,0.139685,0.395191,0.244795,0.220329,27310614,6.200201386610226,64041209,14.538977147932131,healthy,healthy
C002608,C000044,26,0.16967,0.391774,0.218286,0.22027,28080066,6.374886487330775,63341961,14.380230134072082,healthy,healthy
C002608,C000044,27,0.155724,0.391261,0.232417,0.220597,28785757,6.535096225446453,62642192,14.221364840010702,healthy,healthy
C002608,C000044,28,-1.784766,0.516276,0.256376,0.223651,20802295,4.722648062898732,70661846,16.042029503607584,watch,healthy
C002608,C000044,29,0.120173,0.404812,0.247085,0.227931,21330140,4.842482252672542,69961033,15.882927195092861,healthy,healthy
C002608,C000044,30,0.086391,0.413209,0.271589,0.228811,21708424,4.928362305802525,69259698,15.72370637935147,healthy,healthy
C002608,C000044,31,0.108047,0.411816,0.247865,0.232271,22174835,5.034249420934036,68557841,15.564367056383407,healthy,healthy
C002608,C000044,32,0.146802,0.394371,0.237172,0.221656,22839384,5.18511888257523,67855461,15.404908999163334,healthy,healthy
C002608,C000044,33,0.132735,0.402634,0.240904,0.223727,23435137,5.32036990903246,67152557,15.245331980665915,healthy,healthy
C002608,C000044,34,0.138469,0.404541,0.228968,0.228022,24045372,5.4589087164411145,66449130,15.085636227916488,healthy,healthy
C002608,C000044,35,0.095168,0.416478,0.254751,0.233602,24455064,5.551919181401115,65745178,14.925821286864373,healthy,healthy
C002608,C000044,36,0.118252,0.405981,0.252797,0.22297,24988805,5.673091912570423,65040702,14.765887384534912,healthy,healthy
C002608,C000087,13,0.193617,0.331869,0.246522,0.227992,33703120,6.735224146294444,116737251,23.32874676609273,healthy,recovered
C002608,C000087,14,0.179945,0.338807,0.24795,0.233299,34596038,6.913664684566893,115926883,23.166803001806684,healthy,recovered
C002608,C000087,15,0.193174,0.339414,0.236324,0.231088,35565500,7.10740175909634,115115069,23.004570269196176,healthy,recovered
C002608,C000087,16,0.202051,0.331754,0.237306,0.228888,36591082,7.312353842179596,114301805,22.842047768902077,healthy,recovered
C002608,C000087,17,0.142635,0.354235,0.263052,0.240079,37282562,7.450539054488714,113487089,22.679235101244828,healthy,recovered
C002608,C000087,18,0.145131,0.349181,0.265709,0.239979,37987694,7.591452479498769,112670919,22.51613186654486,healthy,recovered
C002608,C000087,19,0.19367,0.333825,0.242031,0.230474,38969209,7.787598222918079,111853292,22.352737465282832,healthy,recovered
C002608,C000087,20,0.171083,0.349165,0.238597,0.241155,39799332,7.9534898220932995,111034205,22.189051297939397,healthy,recovered
C002608,C000087,21,-2.0,1.0,1.0,1.0,38782434,7.75027314767507,110678291,22.117925521844953,stress,recovered
C002608,C000087,22,-2.0,1.0,1.0,1.0,37772786,7.548505311674786,110324914,22.047306739276895,stress,recovered
C002608,C000087,23,-2.0,1.0,1.0,1.0,36808542,7.355811001126696,109987429,21.97986381052098,stress,recovered
C002608,C000087,24,-2.0,1.0,1.0,1.0,35811134,7.156489204055468,109638336,21.910101141578092,stress,recovered
C002608,C000087,25,-2.0,1.0,1.0,1.0,34843200,6.963057484712589,109299559,21.842400019824105,stress,recovered
C002608,C000087,26,0.179647,0.347871,0.237636,0.234847,35747922,7.1438569317692355,108471660,21.676952864323574,watch,recovered
C002608,C000087,27,0.168197,0.348951,0.244117,0.238735,36582669,7.310672590095434,107642283,21.511210345625567,watch,recovered
C002608,C000087,28,0.144983,0.350067,0.268664,0.236285,37310968,7.456215703330116,106811426,21.345172064050512,watch,recovered
C002608,C000087,29,0.131774,0.346655,0.281871,0.2397,37964645,7.5868463723683925,105979085,21.17883722023929,watch,recovered
C002608,C000087,30,0.170947,0.344367,0.249544,0.235142,38830623,7.759903226919537,105145259,21.01220561435212,healthy,recovered
C002608,C000087,31,0.169785,0.34338,0.248312,0.238523,39680037,7.929649935325185,104309944,20.845276447029867,healthy,recovered
C002608,C000087,32,0.138904,0.3587,0.2544,0.247995,40349610,8.063457257534726,103473138,20.678049318592972,healthy,recovered
C002608,C000087,33,0.142069,0.350405,0.265388,0.242137,41052260,8.203874680206388,102634838,20.51052362952209,healthy,recovered
C002608,C000087,34,0.115557,0.365402,0.27065,0.24839,41610395,8.315412256813303,101795042,20.342698980137655,healthy,recovered
C002608,C000087,35,0.163602,0.346157,0.251279,0.238962,42433225,8.479846424459963,100953747,20.174574770920326,healthy,recovered
C002608,C000087,36,0.104571,0.35797,0.293207,0.244252,42948687,8.58285623805874,100110950,20.006150402350755,healthy,recovered
C002608,C000141,13,0.182551,0.385388,0.232201,0.199861,27674360,7.11416247640447,32818123,8.436453785837378,healthy,healthy
C002608,C000141,14,0.186958,0.378042,0.239371,0.195629,28393411,7.299006701991661,32291444,8.301062037702634,healthy,healthy
C002608,C000141,15,0.199223,0.387548,0.213395,0.199834,29143629,7.491862932261239,31764681,8.165648695946647,healthy,healthy
C002608,C000141,16,0.180744,0.391196,0.231306,0.196754,29835027,7.669598486321426,31237834,8.030213760569413,healthy,healthy
C002608,C000141,17,0.173641,0.392278,0.236827,0.197254,30497672,7.8399425952430795,30710903,7.894757231570937,healthy,healthy
C002608,C000141,18,0.186521,0.395969,0.218889,0.198621,31204686,8.021692506319347,30183888,7.759279108951216,healthy,healthy
C002608,C000141,19,0.199962,0.371552,0.238714,0.189771,31998122,8.22565865471911,29656789,7.623779392710251,healthy,healthy
C002608,C000141,20,0.179114,0.393921,0.228673,0.198292,32678405,8.400536909968224,29129606,7.488258082848041,healthy,healthy
C002608,C000141,21,0.166387,0.401385,0.233738,0.19849,33309819,8.562852561924636,28602339,7.352715179364587,healthy,healthy
C002608,C000141,22,0.21344,0.390036,0.203687,0.192838,34143663,8.777206270410579,28074988,7.21715068225989,healthy,healthy
C002608,C000141,23,0.215395,0.383556,0.212204,0.188845,35003072,8.998131894695451,27547553,7.0815645915339465,healthy,healthy
C002608,C000141,24,-2.016969,0.521317,0.23595,0.194538,27189769,6.989590160780791,34643998,8.905825847616043,watch,healthy
C002608,C000141,25,0.187026,0.38154,0.242017,0.189417,27933974,7.180900647662966,34116395,8.770196569647613,healthy,healthy
C002608,C000141,26,0.170332,0.38734,0.249235,0.193093,28598951,7.351844236641068,33588708,8.634545698057936,healthy,healthy
C002608,C000141,27,0.203483,0.391217,0.212762,0.192538,29395773,7.556680813630511,33060936,8.498872975780097,healthy,healthy
C002608,C000141,28,0.176698,0.406663,0.218702,0.197937,30068939,7.729729523613011,32533080,8.363178659881015,healthy,healthy
C002608,C000141,29,0.181927,0.395536,0.230701,0.191836,30784180,7.9135943242366205,32005140,8.227462750360687,healthy,healthy
C002608,C000141,30,0.156026,0.404346,0.243673,0.195954,31384799,8.067993600404726,31477116,8.091725247219115,healthy,healthy
C002608,C000141,31,0.192351,0.394449,0.219619,0.193582,32134440,8.26070150306171,30949007,7.955965893389378,healthy,healthy
C002608,C000141,32,0.170309,0.404614,0.229991,0.195086,32793171,8.430039452060148,30420814,7.820184945938399,healthy,healthy
C002608,C000141,33,0.162304,0.396911,0.251568,0.189217,33440514,8.596449922978467,29892537,7.684382404866175,healthy,healthy
C002608,C000141,34,0.159592,0.410087,0.234586,0.195735,34055942,8.754656103158556,29364176,7.548558270172705,healthy,healthy
C002608,C000141,35,0.172188,0.395544,0.241069,0.191199,34735804,8.929426133234529,28835731,7.412712541857992,healthy,healthy
C002608,C000141,36,0.175455,0.398293,0.234253,0.191999,35425786,9.106797680536598,28307202,7.276845219922035,healthy,healthy
C002608,C000144,13,0.106608,0.393868,0.241119,0.258405,11115016,4.405126823081801,38768668,15.364881103360812,healthy,stress
C002608,C000144,14,0.090979,0.397567,0.248639,0.262815,11338632,4.493750792644262,38316492,15.185673747622067,healthy,stress
C002608,C000144,15,0.10101,0.401524,0.234173,0.263292,11586810,4.592109226379201,37863663,15.006207593532023,healthy,stress
C002608,C000144,16,0.043685,0.412687,0.278917,0.26471,11693722,4.6344808180088775,37410181,14.826482641090678,watch,stress
C002608,C000144,17,0.073322,0.414905,0.245247,0.266527,11872198,4.7052148065948005,36956045,14.646498493975903,healthy,stress
C002608,C000144,18,0.076294,0.396653,0.268212,0.25884,12063699,4.781110890932149,36501254,14.466254755865567,healthy,stress
C002608,C000144,19,0.102016,0.39059,0.251867,0.255527,12323459,4.884059527584021,36045807,14.28575103043754,healthy,stress
C002608,C000144,20,0.094987,0.394389,0.254707,0.255917,12565301,4.979906864299302,35589703,14.10498692136969,healthy,stress
C002608,C000144,21,0.094989,0.397518,0.251687,0.255805,12807602,5.075936112872543,35132941,13.923962032339887,healthy,stress
C002608,C000144,22,0.092619,0.409248,0.236344,0.261789,13038790,5.167561033608116,34675520,13.742675967025999,healthy,stress
C002608,C000144,23,0.036018,0.415114,0.279008,0.26986,13126131,5.202176204819277,34217440,13.561128725428027,watch,stress
C002608,C000144,24,0.083421,0.407169,0.248439,0.26097,13335617,5.285200142675967,33758699,13.379319514901711,healthy,stress
C002608,C000144,25,0.083675,0.411502,0.239732,0.265091,13542772,5.367300253646164,33299297,13.197248335447052,healthy,stress
C002608,C000144,26,0.066213,0.419291,0.248543,0.265953,13706400,5.432149651236525,32839232,13.014914394419785,healthy,stress
C002608,C000144,27,0.07425,0.410351,0.250878,0.264522,13891148,5.505369372225745,32378503,12.83231729549778,healthy,stress
C002608,C000144,28,-0.092526,0.412367,0.28277,0.397389,13660945,5.41413482878884,31686413,12.558026712111605,watch,stress
C002608,C000144,29,-0.030354,0.399371,0.243604,0.387379,13583361,5.383386572606215,30993325,12.283340599239061,watch,stress
C002608,C000144,30,-0.039299,0.410392,0.238843,0.390064,13483461,5.3437939917565,30299237,12.00825816423589,stress,stress
C002608,C000144,31,0.080447,0.399085,0.262283,0.258185,13689729,5.42554256499683,29835845,11.824605659480026,watch,stress
C002608,C000144,32,0.036486,0.412465,0.284137,0.266912,13780352,5.46145846544071,29371784,11.64068801521877,watch,stress
C002608,C000144,33,0.023235,0.428909,0.277504,0.270352,13837409,5.4840714172479395,28907054,11.456505231452125,watch,stress
C002608,C000144,34,0.047533,0.41089,0.278992,0.262585,13957761,5.531769578313253,28441653,11.272056515535828,watch,stress
C002608,C000144,35,0.008208,0.426415,0.291176,0.274201,13977692,5.539668674698795,27975581,11.08734186746988,watch,stress
C002608,C000144,36,0.027551,0.426487,0.271641,0.274321,14044658,5.566208782498415,27508837,10.90236089093215,watch,stress
C002608,C000153,13,0.233765,0.332232,0.224773,0.20923,24503538,6.859990361938691,63794137,17.859754169711998,healthy,healthy
C002608,C000153,14,0.215145,0.328872,0.250696,0.205287,25301800,7.083471135462167,63260958,17.710485815028356,healthy,healthy
C002608,C000153,15,0.256403,0.318941,0.222461,0.202195,26266339,7.353502681262369,62728525,17.561426309891665,healthy,healthy
C002608,C000153,16,0.22596,0.320411,0.250834,0.202795,27112658,7.590437453013518,62196836,17.41257509438357,healthy,healthy
C002608,C000153,17,0.223893,0.339288,0.226881,0.209938,27921570,7.816899791785027,61665890,17.263931888544892,healthy,healthy
C002608,C000153,18,0.206008,0.3395,0.244305,0.210187,28663945,8.024734486715376,61135687,17.11549669237563,healthy,healthy
C002608,C000153,19,0.224681,0.328922,0.244008,0.20239,29503624,8.25981032952315,60606225,16.967268945957425,healthy,healthy
C002608,C000153,20,0.207102,0.345767,0.234966,0.212166,30240913,8.466221152073079,60077504,16.819248649290284,healthy,healthy
C002608,C000153,21,0.25173,0.321174,0.225395,0.201701,31182256,8.729758764775312,59549522,16.671435242455846,healthy,healthy
C002608,C000153,22,0.18576,0.346126,0.256956,0.211157,31844870,8.915263635691733,59022278,16.523828445494935,healthy,healthy
C002608,C000153,23,0.235426,0.330227,0.228727,0.20562,32706048,9.15635832087204,58495772,16.376428258407547,healthy,healthy
C002608,C000153,24,0.224378,0.333523,0.234871,0.207228,33519311,9.384038762027979,57970001,16.22923384131615,healthy,healthy
C002608,C000153,25,0.264447,0.321845,0.213917,0.199792,34512087,9.661975515143551,57444966,16.082245474179924,healthy,healthy
C002608,C000153,26,0.234943,0.326826,0.238745,0.199487,35394214,9.908935065148366,56920665,15.93546259708051,healthy,healthy
C002608,C000153,27,0.19857,0.341614,0.251694,0.208122,36107842,10.108721773582454,56397097,15.788884930058732,healthy,healthy
C002608,C000153,28,0.234819,0.333386,0.229149,0.202646,36973334,10.351024202657596,55874261,15.642512193155408,healthy,healthy
C002608,C000153,29,0.198376,0.334747,0.263066,0.203811,37699311,10.55426812698351,55352156,15.496344106411364,healthy,healthy
C002608,C000153,30,0.227333,0.329819,0.240308,0.20254,38535306,10.788312600178726,54830781,15.350380389867418,healthy,healthy
C002608,C000153,31,0.270478,0.320135,0.214455,0.194932,39567341,11.077240270671998,54310135,15.204620763564394,healthy,healthy
C002608,C000153,32,0.188074,0.335876,0.269954,0.206096,40245130,11.266993522117895,53790217,15.059064947543115,healthy,healthy
C002608,C000153,33,0.232505,0.331152,0.233226,0.203118,41094140,11.50468166401763,53271026,14.9137126618444,healthy,healthy
C002608,C000153,34,0.238061,0.333853,0.228415,0.199672,41977204,11.751903535772437,52752561,14.768563626509073,healthy,healthy
C002608,C000153,35,0.207894,0.332659,0.260955,0.198492,42751867,11.968777552649122,52234821,14.623617561577953,healthy,healthy
C002608,C000153,36,0.267592,0.317136,0.221547,0.193726,43772077,12.254394705859955,51717805,14.478874187091865,healthy,healthy
C002608,C000154,13,0.167687,0.298315,0.266838,0.267161,31168280,7.401129979277909,99381569,23.598861076503933,healthy,stress
C002608,C000154,14,0.209727,0.297861,0.226085,0.266327,32044026,7.609082101590487,98603109,23.41401020749003,healthy,stress
C002608,C000154,15,0.203438,0.292902,0.246588,0.257071,32925726,7.818448043590794,97823207,23.228816925310237,healthy,stress
C002608,C000154,16,0.193158,0.301334,0.238196,0.267312,33732292,8.009972882396987,97041860,23.043280517593196,healthy,stress
C002608,C000154,17,0.190265,0.303362,0.237827,0.268546,34524593,8.198110395397764,96259065,22.857400271967553,healthy,stress
C002608,C000154,18,0.173549,0.300143,0.259298,0.26701,35252792,8.371026432143461,95474820,22.671175713519066,healthy,stress
C002608,C000154,19,0.208527,0.289464,0.245052,0.256958,36163665,8.587319710682245,94689122,22.48460612987638,healthy,stress
C002608,C000154,20,0.18057,0.304846,0.248838,0.265747,36927744,8.768755708864907,93901968,22.297690808668133,healthy,stress
C002608,C000154,21,0.192152,0.289922,0.258769,0.259157,37763055,8.967106252562557,93113356,22.110429274980092,healthy,stress
C002608,C000154,22,0.148523,0.304429,0.277226,0.269822,38384335,9.114633611580308,92323284,21.922821053898016,healthy,stress
C002608,C000154,23,0.196048,0.296388,0.249794,0.257771,39244341,9.31884815883665,91531748,21.73486519559343,healthy,stress
C002608,C000154,24,0.186162,0.288626,0.268443,0.256769,40065688,9.513882851321764,90738745,21.54656098769497,healthy,stress
C002608,C000154,25,0.180526,0.301277,0.251335,0.266862,40833461,9.696196016102759,89944273,21.357907955288407,healthy,stress
C002608,C000154,26,-0.006912,0.478733,0.266641,0.261537,40803412,9.68906066712786,89148329,21.168905386002375,watch,stress
C002608,C000154,27,0.002827,0.484046,0.248628,0.2645,40815586,9.691951470097024,88350911,20.979552804922644,watch,stress
C002608,C000154,28,0.019825,0.483449,0.234362,0.262364,40901826,9.712429772056995,87552015,20.78984926222073,watch,stress
C002608,C000154,29,-0.021866,0.491415,0.260308,0.270142,40809278,9.6904535905891,86751639,20.599794282982398,watch,stress
C002608,C000154,30,-0.032888,0.50182,0.259315,0.271753,40670647,9.657534672697022,85949780,20.40938715483629,watch,stress
C002608,C000154,31,-0.054153,0.50251,0.278885,0.272758,40442797,9.60343006808687,85146436,20.218627402868165,stress,stress
C002608,C000154,32,0.003096,0.47951,0.254652,0.262743,40456343,9.606646662223579,84341603,20.02751407724955,watch,stress
C002608,C000154,33,0.186624,0.292968,0.259492,0.260916,41280250,9.802289244933851,83535279,19.836046703066202,watch,stress
C002608,C000154,34,0.154237,0.302952,0.277086,0.265724,41950092,9.961347996574284,82727461,19.64422456794677,watch,stress
C002608,C000154,35,0.191647,0.293659,0.252345,0.262349,42794674,10.161900005224055,81918147,19.452047196977013,watch,stress
C002608,C000154,36,0.18481,0.298374,0.252474,0.264342,43604479,10.354193967639343,81107333,19.25951364032845,healthy,stress
C002608,C000176,13,0.011165,0.32733,0.344952,0.316553,11229355,1.683552130220567,38441280,5.763278374617712,watch,stress
C002608,C000176,14,0.020474,0.331133,0.329665,0.318728,11364428,1.7038028424729879,36969366,5.542602837135686,watch,stress
C002608,C000176,15,0.042714,0.321348,0.321933,0.314005,11650828,1.746741135019191,35495576,5.321646041843546,watch,stress
C002608,C000176,16,5.3e-05,0.322803,0.359286,0.317857,11651180,1.7467939083396389,34019908,5.10040768889288,watch,stress
C002608,C000176,17,-0.004425,0.326637,0.360181,0.317606,11621774,1.7423852371433621,32542359,4.878887328511071,watch,stress
C002608,C000176,18,0.055549,0.318131,0.317652,0.308668,12002119,1.7994081592051139,31062927,4.657084660849708,watch,stress
C002608,C000176,19,0.0508,0.319738,0.316164,0.313298,12345247,1.8508513520989465,29581609,4.434999236136171,watch,stress
C002608,C000176,20,0.010179,0.320648,0.356602,0.31257,12414251,1.8611967219971943,28098403,4.212630754522051,watch,stress
C002608,C000176,21,0.026286,0.321715,0.338683,0.313316,12592243,1.8878820312391071,26613307,3.9899789161589356,watch,stress
C002608,C000176,22,0.03561,0.329729,0.319627,0.315034,12832358,1.9238810819190357,25126318,3.7670432712742072,watch,stress
C002608,C000176,23,-0.036313,0.338995,0.373318,0.324,12593975,1.8881416999635834,23637434,3.5438235200194543,watch,stress
C002608,C000176,24,0.031199,0.323307,0.331409,0.314085,12805521,1.919857566007505,22146652,3.320319212622059,watch,stress
C002608,C000176,25,0.026117,0.325282,0.332724,0.315877,12981827,1.946290103038409,20653970,3.09653004923361,watch,stress
C002608,C000176,26,-0.095732,0.458256,0.315421,0.322055,12347156,1.8511375574078524,19159385,2.87245558008149,watch,stress
C002608,C000176,27,-0.087666,0.434283,0.343925,0.309458,11741529,1.7603394104110668,17662896,2.6480956552414927,watch,stress
C002608,C000176,28,-0.131268,0.448861,0.36582,0.316588,10853974,1.6272734319164945,16164499,2.423449675016795,stress,stress
C002608,C000176,29,-0.135738,0.452327,0.366966,0.316445,9934619,1.4894398636769182,14664193,2.1985174894831916,stress,stress
C002608,C000176,30,-0.113408,0.442373,0.357213,0.313822,9159097,1.3731703437327258,13161974,1.973298498943859,stress,stress
C002608,C000176,31,-0.084824,0.437802,0.335951,0.311071,8573163,1.285324654121109,11657841,1.7477925534745908,stress,stress
C002608,C000176,32,-0.093419,0.4414,0.339378,0.312641,7930279,1.1889407809881714,10151790,1.5219990533785646,stress,stress
C002608,C000176,33,-0.053083,0.434014,0.329051,0.290018,7558656,1.1332254978495622,8730539,1.3089191259358832,stress,stress
C002608,C000176,34,0.096682,0.321663,0.331138,0.250518,8232530,1.2342555221207918,7508263,1.1256703673457884,watch,stress
C002608,C000176,35,0.122666,0.330042,0.329013,0.218279,9076411,1.3607737108504796,6457106,0.9680764889310209,watch,stress
C002608,C000176,36,0.132545,0.334781,0.345667,0.187007,9991731,1.4980023349195815,5553111,0.832545756492805,watch,stress
C002608,C000197,13,0.136683,0.319182,0.29234,0.251794,24365608,5.783757664108595,93960005,22.30364614904877,healthy,stress
C002608,C000197,14,0.139659,0.329259,0.277323,0.253759,24965297,5.926108138179737,93197266,22.122591872177676,healthy,stress
C002608,C000197,15,0.135511,0.327903,0.283089,0.253497,25548254,6.06448687334595,92433901,21.9413889992897,healthy,stress
C002608,C000197,16,0.129162,0.33337,0.274718,0.26275,26084768,6.191841255777185,91669909,21.760037293011013,healthy,stress
C002608,C000197,17,0.1382,0.332576,0.270205,0.259019,26667575,6.330184384869065,90905289,21.578536515967784,healthy,stress
C002608,C000197,18,0.104309,0.326604,0.31191,0.257177,27110975,6.435435940597358,90140041,21.396886668160015,healthy,stress
C002608,C000197,19,-2.0,1.0,1.0,1.0,26261347,6.233756489108142,89842671,21.32629881266402,stress,stress
C002608,C000197,20,-2.0,1.0,1.0,1.0,25423659,6.034911281135831,89549480,21.25670294239895,stress,stress
C002608,C000197,21,-2.0,1.0,1.0,1.0,24608507,5.841415529771307,89264177,21.18897947689613,stress,stress
C002608,C000197,22,-2.0,1.0,1.0,1.0,23759579,5.6399022399623115,88967052,21.118449777988214,stress,stress
C002608,C000197,23,-2.0,1.0,1.0,1.0,22944235,5.446360912822642,88681682,21.050710408438864,stress,stress
C002608,C000197,24,-2.0,1.0,1.0,1.0,22100963,5.2461902093898285,88386537,20.980650709712144,stress,stress
C002608,C000197,25,-2.0,1.0,1.0,1.0,21259221,5.046382687915211,88091927,20.910718005983878,stress,stress
C002608,C000197,26,-2.0,1.0,1.0,1.0,20439953,4.851909905870991,87805183,20.842652484793636,stress,stress
C002608,C000197,27,0.065428,0.34061,0.333198,0.260764,20716281,4.917502941259552,87034260,20.659655540506936,watch,stress
C002608,C000197,28,0.120575,0.340454,0.279459,0.259512,21228397,5.039065877013613,86262705,20.476508575960377,watch,stress
C002608,C000197,29,0.110379,0.332812,0.300393,0.256416,21703258,5.151785450772506,85490515,20.29321087903248,watch,stress
C002608,C000197,30,0.081685,0.351073,0.300632,0.26661,22041515,5.232078810010181,84717691,20.109762687097064,watch,stress
C002608,C000197,31,0.069158,0.347401,0.31967,0.263771,22331220,5.300847195107758,83944233,19.926164000154134,healthy,stress
C002608,C000197,32,0.063704,0.353029,0.314589,0.268679,22593417,5.363085900920322,83170139,19.742414343456037,healthy,stress
C002608,C000197,33,0.067116,0.347503,0.319817,0.265565,22873126,5.429481497224349,82395410,19.558513954376593,healthy,stress
C002608,C000197,34,0.044011,0.34528,0.346576,0.264132,23057692,5.473292635326622,81620044,19.37446235816815,watch,stress
C002608,C000197,35,0.096399,0.342529,0.297716,0.263357,23463472,5.569614187612204,80844042,19.190259792204532,healthy,stress
C002608,C000197,36,0.04751,0.348803,0.335014,0.268673,23659664,5.616185033849113,80067402,19.00590578173809,watch,stress
C002608,C000242,13,0.249791,0.373024,0.199322,0.177863,17083139,6.070399070797886,13851624,4.922098067494604,healthy,healthy
C002608,C000242,14,0.244656,0.360329,0.219719,0.175296,17780275,6.31812249719041,13501975,4.797852226920139,healthy,healthy
C002608,C000242,15,0.252658,0.371195,0.200012,0.176136,18498105,6.573199422162504,13151680,4.673376833814391,healthy,healthy
C002608,C000242,16,0.098095,0.3845,0.242025,0.275381,18765985,6.668389100305691,12625266,4.486318526997652,healthy,healthy
C002608,C000242,17,0.094264,0.387369,0.241634,0.276733,19022621,6.759583285164416,12097879,4.298914470006084,healthy,healthy
C002608,C000242,18,0.116354,0.378268,0.233118,0.27226,19345197,6.874208884748994,11569517,4.111163952150735,healthy,healthy
C002608,C000242,19,0.116377,0.384686,0.222784,0.276152,19663876,6.987449706911877,11040178,3.923066262742653,healthy,healthy
C002608,C000242,20,0.157494,0.358774,0.220411,0.263321,20116999,7.148464461762092,10509861,3.734621046437364,healthy,healthy
C002608,C000242,21,0.119784,0.384472,0.220095,0.275649,20446823,7.265665598106346,9978563,3.54582723720144,healthy,healthy
C002608,C000242,22,0.218885,0.379312,0.22037,0.181433,21058399,7.482985751160318,9623710,3.4197321839755754,healthy,healthy
C002608,C000242,23,0.228357,0.378563,0.211651,0.181429,21697635,7.7101347324113965,9268201,3.2934040247736696,healthy,healthy
C002608,C000242,24,0.243719,0.367198,0.212505,0.176578,22399909,7.959683918719927,8912035,3.1668424042512466,healthy,healthy
C002608,C000242,25,0.17742,0.380851,0.255913,0.185816,22886627,8.132636471230365,8555210,3.040046611719356,healthy,healthy
C002608,C000242,26,0.224456,0.376847,0.215812,0.182885,23513403,8.35535786031456,8197726,2.9130166471779964,healthy,healthy
C002608,C000242,27,0.179758,0.379891,0.25512,0.185231,24009921,8.531792788686591,7839581,2.7857517999382178,healthy,healthy
C002608,C000242,28,0.216734,0.37004,0.234975,0.178251,24633166,8.753259456427188,7480774,2.6582517146555436,healthy,healthy
C002608,C000242,29,0.181726,0.383654,0.248506,0.186115,25134586,8.931436283418964,7121304,2.530516035985498,healthy,healthy
C002608,C000242,30,0.207176,0.375651,0.23593,0.181243,25722678,9.14041152680624,6761169,2.4025440532391307,healthy,healthy
C002608,C000242,31,0.218379,0.373896,0.226074,0.181652,26342318,9.360597177712037,6400369,2.274335766416441,healthy,healthy
C002608,C000242,32,0.185198,0.38055,0.249927,0.184326,26861144,9.544959130647372,6038902,2.1458904648284776,healthy,healthy
C002608,C000242,33,0.184785,0.383993,0.243199,0.188023,27369571,9.725625856380187,5676766,2.0172074377862894,healthy,healthy
C002608,C000242,34,0.214774,0.379183,0.219251,0.186792,27965507,9.937388421834639,5313961,1.8882866852898759,healthy,healthy
C002608,C000242,35,0.224305,0.373332,0.220961,0.181402,28607565,10.165540185196065,4950485,1.7591274966502861,healthy,healthy
C002608,C000242,36,0.161761,0.388252,0.260684,0.189303,29052091,10.323500043588924,4586337,1.6297295165230443,healthy,healthy
C002608,C000245,13,0.088171,0.429021,0.203348,0.27946,27685346,3.1998188814577753,266982532,30.857325998851692,healthy,stress
C002608,C000245,14,0.077436,0.426766,0.218372,0.277427,28343665,3.275906121480797,265331558,30.66650960891039,healthy,stress
C002608,C000245,15,0.086362,0.436107,0.197981,0.27955,29073328,3.3602391633904456,263678232,30.47542137934645,healthy,stress
C002608,C000245,16,0.093065,0.41848,0.219927,0.268528,29893069,3.454983246766,262022550,30.28406084784759,healthy,stress
C002608,C000245,17,0.077091,0.433406,0.214156,0.275347,30556232,3.5316303469642127,260364508,30.092427552101533,healthy,stress
C002608,C000245,18,0.093263,0.425582,0.211219,0.269936,31375763,3.626350158944889,258704104,29.90052126095213,healthy,stress
C002608,C000245,19,0.063366,0.430663,0.231558,0.274414,31924269,3.689745424273806,257041334,29.708341512087095,healthy,stress
C002608,C000245,20,-1.611101,0.422306,0.221649,0.269259,17690982,2.0446895709784387,272575805,31.50378570192161,stress,stress
C002608,C000245,21,0.101795,0.419225,0.206992,0.271988,18582535,2.147733546777778,270908294,31.311057997422683,stress,stress
C002608,C000245,22,0.063325,0.437707,0.222275,0.276693,19128503,2.210835474962881,269238407,31.11805567942742,stress,stress
C002608,C000245,23,0.066442,0.433666,0.223325,0.276567,19702423,2.2771680413843463,267566140,30.92477828562354,healthy,stress
C002608,C000245,24,0.100929,0.434028,0.191381,0.273662,20584748,2.3791454627458934,265891491,30.731225584854894,healthy,stress
C002608,C000245,25,0.093455,0.431963,0.203231,0.271351,21409866,2.4745110094084017,264214455,30.537396999231134,healthy,stress
C002608,C000245,26,0.103654,0.428399,0.197616,0.270331,22329788,2.580833819499646,262535030,30.343292297596115,healthy,stress
C002608,C000245,27,0.09561,0.431355,0.201776,0.271259,23176624,2.678709490704845,260853212,30.14891101763756,healthy,stress
C002608,C000245,28,0.058699,0.439297,0.219958,0.282047,23677364,2.7365840539016055,259168997,29.954252697043177,healthy,stress
C002608,C000245,29,0.089693,0.437748,0.195623,0.276936,24457730,2.8267772507374938,257482383,29.759317104656827,healthy,stress
C002608,C000245,30,0.107174,0.430918,0.189878,0.27203,25408352,2.9366483076037926,255793366,29.564103778166228,healthy,stress
C002608,C000245,31,0.100518,0.427136,0.204395,0.267952,26314800,3.0414138187684223,254101942,29.368612255259098,healthy,stress
C002608,C000245,32,0.094092,0.424571,0.213951,0.267385,27166310,3.139829701876768,252408108,29.172842189201223,healthy,stress
C002608,C000245,33,0.096003,0.434596,0.195247,0.274154,28014870,3.2379046296761103,250711860,28.97679311768032,healthy,stress
C002608,C000245,34,0.05502,0.446358,0.219452,0.27917,28493129,3.2931808822621216,249013196,28.780464809540245,healthy,stress
C002608,C000245,35,0.044692,0.447685,0.225547,0.282077,28878153,3.3376812134125573,247312111,28.583856686890645,watch,stress
C002608,C000245,36,0.038196,0.448981,0.229305,0.283519,29206005,3.375573715096434,245608603,28.38696851857538,watch,stress
C002608,C000274,13,-3.762926,0.393194,0.297783,0.164661,-1130077,-0.2935179293902853,99069054,25.731471038464072,stress,stress
C002608,C000274,14,0.091329,0.402512,0.33838,0.16778,-785628,-0.20405326701723075,98626106,25.616422966706512,stress,stress
C002608,C000274,15,0.087766,0.396229,0.348056,0.16795,-454611,-0.11807733402064371,98182699,25.501255677648192,stress,stress
C002608,C000274,16,0.150711,0.384974,0.300605,0.16371,129132,0.0335398006136098,97738834,25.385969431021795,stress,stress
C002608,C000274,17,0.136039,0.399236,0.299123,0.165603,650564,0.16897273213759909,97294510,25.27056396709464,stress,stress
C002608,C000274,18,0.141226,0.397057,0.296941,0.164777,1195152,0.3104200336319191,96849726,25.15503902613404,stress,stress
C002608,C000274,19,0.086848,0.396189,0.350842,0.166122,1527682,0.3967889421754534,96404483,25.039394867872684,stress,stress
C002608,C000274,20,0.138447,0.387456,0.310949,0.163149,2067997,0.5371264059221822,95958779,24.923630972845206,stress,stress
C002608,C000274,21,0.090408,0.393876,0.350531,0.165185,2416843,0.6277331128953207,95512614,24.807747341051606,stress,stress
C002608,C000274,22,0.129294,0.399599,0.305207,0.1659,2914099,0.7568867471139586,95065987,24.6917437127592,watch,stress
C002608,C000274,23,0.071835,0.399189,0.362781,0.166194,3190167,0.8285906290006949,94618898,24.575620087967994,watch,stress
C002608,C000274,24,0.117631,0.391211,0.32687,0.164289,3647946,0.9474907961559909,94171347,24.459376466677984,watch,stress
C002608,C000274,25,0.110018,0.386302,0.341312,0.162368,4081615,1.0601288083629075,93723334,24.34301284888917,watch,stress
C002608,C000274,26,0.076698,0.399107,0.358301,0.165894,4377822,1.1370634467202125,93274857,24.22652871513619,watch,stress
C002608,C000274,27,0.063373,0.40071,0.368021,0.167895,4619902,1.1999395342317718,92825916,24.109924065419044,watch,stress
C002608,C000274,28,0.103597,0.403876,0.323314,0.169212,5012960,1.3020295425146469,92376511,23.99319889973773,watch,stress
C002608,C000274,29,0.098224,0.392102,0.34523,0.164443,5396835,1.4017344255842925,91926641,23.87635295835957,watch,stress
C002608,C000274,30,0.118511,0.402657,0.310731,0.168101,5850388,1.5195369624280226,91476306,23.75938624128456,watch,stress
C002608,C000274,31,0.123658,0.387161,0.327471,0.161711,6342847,1.6474446589740195,91025505,23.642298488780025,watch,stress
C002608,C000274,32,0.143067,0.378825,0.317245,0.160863,6916195,1.7963618723851953,90574238,23.525089700845957,watch,stress
C002608,C000274,33,0.070776,0.39138,0.372813,0.165031,7192958,1.8682462684854995,90122504,23.40775961774968,watch,stress
C002608,C000274,34,0.080798,0.399641,0.35047,0.169091,7501641,1.9484213317758607,89670303,23.290308239491193,watch,stress
C002608,C000274,35,0.111354,0.389164,0.336925,0.162556,7944622,2.0634779747119065,89217635,23.172735566070497,watch,stress
C002608,C000274,36,0.121205,0.392658,0.319947,0.16619,8416735,2.1861011501222865,88764498,23.055041078022224,healthy,stress
C002608,C000304,13,0.230178,0.348501,0.202935,0.218386,21327089,7.873809260686349,21791290,8.045188961526902,healthy,healthy
C002608,C000304,14,0.215103,0.357738,0.204936,0.222223,21899764,8.085236789232956,21377148,7.892290686715972,healthy,healthy
C002608,C000304,15,0.241492,0.350662,0.187487,0.220359,22546989,8.324187646461889,20963738,7.739662661088079,healthy,healthy
C002608,C000304,16,0.248717,0.350016,0.182942,0.218325,23218598,8.57214090270611,20551060,7.587304884643225,healthy,healthy
C002608,C000304,17,0.243992,0.350812,0.189794,0.215402,23885206,8.818247825392445,20139112,7.435216618995662,healthy,healthy
C002608,C000304,18,0.253769,0.349995,0.183344,0.212892,24585456,9.076775134712326,19727893,7.283397494952518,healthy,healthy
C002608,C000304,19,0.26147,0.340548,0.186138,0.211844,25309245,9.343992875069807,19317402,7.131847143320919,healthy,healthy
C002608,C000304,20,0.248253,0.346759,0.190482,0.214505,25986722,9.594112555092806,18907637,6.98056482571512,healthy,healthy
C002608,C000304,21,0.256517,0.347405,0.186136,0.209942,26700702,9.857708882559008,18498597,6.829550172942247,healthy,healthy
C002608,C000304,22,0.249397,0.34372,0.19615,0.210733,27391032,10.112573798578705,18090281,6.678802815809429,healthy,healthy
C002608,C000304,23,0.269813,0.348113,0.169587,0.212487,28130400,10.38554319470469,17682687,6.528322015930918,healthy,healthy
C002608,C000304,24,0.236152,0.356418,0.192767,0.214663,28769835,10.621618039452935,17275814,6.378107404113842,healthy,healthy
C002608,C000304,25,0.239056,0.358558,0.188332,0.214054,29417826,10.860851698422586,16869661,6.228158611165328,healthy,healthy
C002608,C000304,26,0.257479,0.355214,0.172497,0.21481,30112067,11.117160527768595,16464227,6.078475267892501,healthy,healthy
C002608,C000304,27,0.28254,0.343108,0.169012,0.205341,30907599,11.410865272413883,16059509,5.929056266716746,healthy,healthy
C002608,C000304,28,0.259153,0.353391,0.177194,0.210261,31618947,11.673489884238343,15655507,5.779901607638059,healthy,healthy
C002608,C000304,29,0.269641,0.356441,0.164682,0.209236,32361392,11.947595286834558,15252220,5.631010921463568,healthy,healthy
C002608,C000304,30,0.29573,0.336667,0.165424,0.20218,33202600,12.258163285147099,14849647,5.482383839000403,healthy,healthy
C002608,C000304,31,0.276595,0.348303,0.16875,0.206352,33972106,12.542259416079629,14447786,5.334019621862814,healthy,healthy
C002608,C000304,32,0.245782,0.355818,0.189782,0.208617,34647270,12.791525152987372,14046636,5.18591790085793,healthy,healthy
C002608,C000304,33,0.289,0.344826,0.161486,0.204689,35454956,13.089717067811131,13646196,5.038078306792878,healthy,healthy
C002608,C000304,34,0.291282,0.343325,0.164937,0.200457,36284736,13.396065929971003,13246464,4.890500101281911,healthy,healthy
C002608,C000304,35,0.260086,0.358836,0.170258,0.21082,36987983,13.655699710331271,12847440,4.74318328432503,healthy,healthy
C002608,C000304,36,0.281358,0.348399,0.170148,0.200095,37788101,13.951097573492147,12449122,4.596127117536489,healthy,healthy
C002608,C000427,13,0.022831,0.331141,0.434566,0.211462,8932720,2.776164740639202,12998242,4.039672253322122,watch,stress
C002608,C000427,14,0.077953,0.329266,0.384323,0.208458,9185944,2.854863226686411,12524231,3.8923562482447065,healthy,stress
C002608,C000427,15,0.056131,0.338561,0.391593,0.213715,9363836,2.910149578216716,12050113,3.7450069890602276,healthy,stress
C002608,C000427,16,0.047421,0.331532,0.413628,0.207419,9518722,2.9582859859423185,11575888,3.5976244757686855,watch,stress
C002608,C000427,17,0.034398,0.324211,0.434547,0.206844,9631410,2.993307844043003,11101555,3.4502083975840323,watch,stress
C002608,C000427,18,0.005977,0.34799,0.429243,0.21679,9650095,2.9991148813372255,10627115,3.3027590652923156,watch,stress
C002608,C000427,19,0.046241,0.332075,0.414791,0.206893,9801612,3.046204250869398,10152568,3.1552764788935357,watch,stress
C002608,C000427,20,0.015111,0.338241,0.436586,0.210063,9850389,3.061363461899651,9677913,3.0077603276016447,watch,stress
C002608,C000427,21,0.024278,0.337579,0.427874,0.210269,9928700,3.0857014280515283,9203151,2.86021092220269,watch,stress
C002608,C000427,22,0.002864,0.330423,0.461397,0.205316,9938162,3.088642085631294,8728282,2.712628262696672,watch,stress
C002608,C000427,23,0.018117,0.33623,0.438083,0.20757,9997385,3.107047767711878,8253305,2.565012038297543,watch,stress
C002608,C000427,24,-0.000598,0.343447,0.443488,0.213663,9995485,3.1064572742219654,7778221,2.417362559791351,watch,stress
C002608,C000427,25,-0.006082,0.356162,0.433121,0.216799,9976441,3.1005386647367543,7303030,2.269679827178095,watch,stress
C002608,C000427,26,-0.001152,0.34806,0.439873,0.213218,9972772,3.099398390729128,6827731,2.1219635296717283,stress,stress
C002608,C000427,27,-0.072814,0.345819,0.514044,0.21295,9740550,3.027227033247788,6352325,1.974213978058298,stress,stress
C002608,C000427,28,-0.033829,0.337391,0.488535,0.207902,9630017,2.992874919079083,5876811,1.8264308615517568,stress,stress
C002608,C000427,29,-0.100655,0.358512,0.524513,0.217629,9315763,2.8952091605637786,5401190,1.6786144909381524,stress,stress
C002608,C000427,30,-0.09173,0.352942,0.526557,0.212231,9022021,2.8039182454511544,4925461,1.5307645554314369,stress,stress
C002608,C000427,31,-0.026731,0.347862,0.469926,0.208943,8935055,2.7768904260597003,4449625,1.382881365817658,stress,stress
C002608,C000427,32,-0.07876,0.356322,0.51114,0.211298,8681618,2.698125742584412,3973681,1.2349646113107682,stress,stress
C002608,C000427,33,-0.027345,0.351851,0.464045,0.211449,8593669,2.6707924205084397,3497629,1.0870142919107675,stress,stress
C002608,C000427,34,-0.078529,0.3576,0.509938,0.21099,8340494,2.59210916297755,3021469,0.9390304076176561,stress,stress
C002608,C000427,35,-0.049258,0.353425,0.507286,0.188548,8182622,2.5430447481146423,2598463,0.8075660448839281,stress,stress
C002608,C000427,36,-0.032528,0.356516,0.516219,0.159793,8076832,2.5101666921683887,2234678,0.6945067426586897,stress,stress
C002608,C000475,13,0.137453,0.409684,0.230415,0.222449,36091229,4.8955870636290255,156510598,21.229846700139884,healthy,stress
C002608,C000475,14,0.113263,0.401529,0.261581,0.223627,36925247,5.0087172574396535,155357911,21.073490717759416,healthy,stress
C002608,C000475,15,0.151656,0.397691,0.230722,0.219931,38061076,5.162786540003976,154204886,20.917088887441007,healthy,stress
C002608,C000475,16,0.11101,0.418971,0.242765,0.227255,38865927,5.271960382317545,153051523,20.760641209184655,healthy,stress
C002608,C000475,17,0.138068,0.407685,0.232862,0.221385,39893803,5.411386403210731,151897823,20.604147818635145,healthy,stress
C002608,C000475,18,0.154478,0.398641,0.229101,0.21778,41063223,5.570012129808987,150743785,20.44760858014769,healthy,stress
C002608,C000475,19,0.154945,0.397205,0.233436,0.214414,42254946,5.731663142087598,149589409,20.291023493722292,healthy,stress
C002608,C000475,20,0.150262,0.393058,0.240488,0.216192,43401478,5.887184230805212,148434695,20.13439255935895,healthy,stress
C002608,C000475,21,0.1023,0.410329,0.267213,0.220158,44168213,5.991187836424505,147279643,19.977715777057664,healthy,stress
C002608,C000475,22,0.151762,0.396311,0.237362,0.214565,45335658,6.1495456645688,146124252,19.82099301117365,healthy,stress
C002608,C000475,23,0.135438,0.407844,0.237007,0.219712,46353418,6.287599502798556,144968523,19.66422439735169,healthy,stress
C002608,C000475,24,0.129844,0.409145,0.241342,0.21967,47329613,6.420015265464309,143812455,19.507409799947,healthy,stress
C002608,C000475,25,0.121592,0.402554,0.259284,0.216569,48257130,6.545828111197436,142656049,19.350549354604365,healthy,stress
C002608,C000475,26,0.122865,0.403076,0.25901,0.215049,49201257,6.6738940168395775,141499305,19.193643061323787,healthy,stress
C002608,C000475,27,-2.0,1.0,1.0,1.0,47738759,6.475513787410889,140987431,19.124210021717182,stress,stress
C002608,C000475,28,-2.0,1.0,1.0,1.0,46236069,6.271681722710496,140461489,19.052868731249653,stress,stress
C002608,C000475,29,-2.0,1.0,1.0,1.0,44686977,6.061555468612271,139919307,18.97932456944423,stress,stress
C002608,C000475,30,-2.0,1.0,1.0,1.0,43159417,5.854349918063766,139384661,18.906802626752256,stress,stress
C002608,C000475,31,-2.0,1.0,1.0,1.0,41651391,5.6497940527809245,138856852,18.835208087467738,stress,stress
C002608,C000475,32,-2.0,1.0,1.0,1.0,40136569,5.444316345526881,138326664,18.763290849235386,stress,stress
C002608,C000475,33,-2.0,1.0,1.0,1.0,38606973,5.2368346221924185,137791305,18.69067219181041,stress,stress
C002608,C000475,34,0.098391,0.419984,0.257721,0.223904,39334839,5.335565850592965,136631848,18.533397894223203,watch,stress
C002608,C000475,35,0.121407,0.418003,0.238449,0.222141,40240364,5.458395596174437,135472051,18.376077477408476,watch,stress
C002608,C000475,36,0.111887,0.414661,0.256753,0.216699,41096086,5.5744698244381174,134311914,18.21871094136623,watch,stress
C002608,C000497,13,0.07275,0.369248,0.333736,0.224265,6670269,2.7499414578801815,26344724,10.8610985140196,healthy,stress
C002608,C000497,14,0.063144,0.367652,0.342923,0.226282,6825759,2.814045079081334,25954674,10.70029320532123,healthy,stress
C002608,C000497,15,0.048542,0.38356,0.336765,0.231133,6942817,2.86230439923417,25564516,10.539443371630323,watch,stress
C002608,C000497,16,0.021412,0.379577,0.366596,0.232415,6994180,2.883479743602006,25174250,10.378549012946879,watch,stress
C002608,C000497,17,0.063991,0.381208,0.324234,0.230567,7148957,2.947289417398718,24783875,10.217609717002446,healthy,stress
C002608,C000497,18,0.019912,0.376125,0.372092,0.231871,7196862,2.967039137468441,24393393,10.056626308333925,watch,stress
C002608,C000497,19,0.043396,0.381891,0.341731,0.232982,7300795,3.009887434222569,24002802,9.895597962404416,watch,stress
C002608,C000497,20,0.036798,0.375791,0.361302,0.226109,7391629,3.047335426557674,23612103,9.73452509148237,watch,stress
C002608,C000497,21,0.015416,0.391453,0.354562,0.238569,7427705,3.0622084231391438,23221296,9.573407695567784,watch,stress
C002608,C000497,22,-0.014679,0.399945,0.375772,0.238962,7393401,3.0480659662500558,22830380,9.412245362392213,watch,stress
C002608,C000497,23,-0.011664,0.378354,0.406843,0.226468,7364630,3.036204590691638,22439356,9.251038504224102,watch,stress
C002608,C000497,24,-0.021946,0.384086,0.40888,0.22898,7311077,3.0141263784195607,22048224,9.089787121063456,stress,stress
C002608,C000497,25,-0.040742,0.392243,0.414573,0.233926,7213733,2.9739945184786962,21656984,8.928491212910268,stress,stress
C002608,C000497,26,-0.028266,0.404284,0.385119,0.238863,7147574,2.9467192501331625,21265635,8.767150367496097,stress,stress
C002608,C000497,27,-0.066703,0.390527,0.444868,0.231308,6986308,2.8802343663681294,20874177,8.605764584820935,stress,stress
C002608,C000497,28,-0.051795,0.384036,0.4385,0.229259,6859931,2.8281331165350982,20482611,8.444334277153237,stress,stress
C002608,C000497,29,-0.037792,0.390794,0.411965,0.235033,6769962,2.791041736408746,20090937,8.282859444493,stress,stress
C002608,C000497,30,-0.061341,0.405361,0.41768,0.2383,6625891,2.731645808631582,19699154,8.121339674571777,stress,stress
C002608,C000497,31,-0.036907,0.394131,0.410487,0.232289,6536940,2.694974117786745,19307262,7.959774967389565,stress,stress
C002608,C000497,32,-0.078125,0.398919,0.443323,0.235884,6351467,2.6185094516664713,18915262,7.798165735214817,stress,stress
C002608,C000497,33,-0.084974,0.402802,0.447231,0.234941,6148869,2.5349846883497884,18523154,7.63651197804753,stress,stress
C002608,C000497,34,-0.039801,0.391041,0.420763,0.227997,6051056,2.4946594745061437,18130936,7.474812871350806,stress,stress
C002608,C000497,35,-0.159725,0.393181,0.532008,0.234536,5669365,2.337300317776521,17738610,7.313069239661544,stress,stress
C002608,C000497,36,-0.170568,0.401523,0.53464,0.234405,5261421,2.1691178774441333,17346175,7.151280670711295,stress,stress
C002608,C000507,13,0.065639,0.376635,0.301939,0.255787,17171418,2.899032193764292,107020611,18.06817565592573,healthy,stress
C002608,C000507,14,0.083713,0.37987,0.283584,0.252833,17664452,2.9822705983398716,105978252,17.892195297258795,healthy,stress
C002608,C000507,15,0.079381,0.362557,0.310504,0.247559,18142210,3.0629299721218413,104935288,17.71611279708687,healthy,stress
C002608,C000507,16,0.070348,0.382052,0.286801,0.260799,18544344,3.130821826609759,103891720,17.539928324238893,healthy,stress
C002608,C000507,17,0.0964,0.371045,0.28489,0.247664,19124961,3.228846775699394,102847546,17.363641541057003,healthy,stress
C002608,C000507,18,0.071612,0.368826,0.311964,0.247598,19556647,3.301727862840673,101802767,17.187252616370127,healthy,stress
C002608,C000507,19,0.043882,0.378679,0.327031,0.250407,19818358,3.345912251949496,100757382,17.010761381349333,watch,stress
C002608,C000507,20,0.067739,0.373116,0.306709,0.252436,20219333,3.4136084337030725,99711391,16.834167835994624,healthy,stress
C002608,C000507,21,0.061353,0.37335,0.315682,0.249615,20586823,3.4756513786064254,98664793,16.65747181147706,healthy,stress
C002608,C000507,22,0.049022,0.389261,0.306217,0.2555,20873859,3.5241113604651937,97617588,16.480673307796646,watch,stress
C002608,C000507,23,0.025088,0.389673,0.328533,0.256707,21020147,3.5488090075413634,96569776,16.30377232495338,watch,stress
C002608,C000507,24,-2.0,1.0,1.0,1.0,19874577,3.35540364578204,96168826,16.236080363923147,stress,stress
C002608,C000507,25,-2.0,1.0,1.0,1.0,18721021,3.160650016156929,95765081,16.167916526022786,stress,stress
C002608,C000507,26,-2.0,1.0,1.0,1.0,17558273,2.9643445109717987,95358119,16.099209565442205,stress,stress
C002608,C000507,27,-2.0,1.0,1.0,1.0,16405601,2.769740126124218,94954684,16.031098064511337,stress,stress
C002608,C000507,28,-2.0,1.0,1.0,1.0,15237499,2.5725307108272135,94545848,15.962074718508706,stress,stress
C002608,C000507,29,-2.0,1.0,1.0,1.0,14042547,2.370788238656131,94127615,15.891464887014614,stress,stress
C002608,C000507,30,0.042806,0.400388,0.295404,0.261402,14288668,2.412340584686113,93075542,15.71384452408418,watch,stress
C002608,C000507,31,0.044068,0.384408,0.319078,0.252446,14551183,2.4566607122577575,92022859,15.536121175504093,watch,stress
C002608,C000507,32,0.023518,0.404362,0.309997,0.262123,14686189,2.479453631302145,90969565,15.35829467244542,watch,stress
C002608,C000507,33,0.063569,0.389303,0.291268,0.25586,15060253,2.542606457616678,89915661,15.180365183737091,watch,stress
C002608,C000507,34,0.022735,0.410457,0.301884,0.264923,15189534,2.564432831014731,88861146,15.002332540550178,watch,stress
C002608,C000507,35,0.006056,0.412456,0.316615,0.264873,15223995,2.5702508449043995,87806019,14.824196574055744,watch,stress
C002608,C000507,36,0.048236,0.397909,0.298989,0.254866,15509438,2.6184418822715325,86750280,14.645957284253788,watch,stress
C002608,C000530,13,0.094897,0.311777,0.391237,0.202088,17317711,4.114111930830705,31694549,7.52957028692755,healthy,stress
C002608,C000530,14,0.099051,0.324688,0.366108,0.210153,17725612,4.211015636562818,31088751,7.385652838514571,healthy,stress
C002608,C000530,15,0.130004,0.304635,0.363905,0.201456,18285184,4.343951325428327,30481766,7.241453398395996,healthy,stress
C002608,C000530,16,0.140159,0.312519,0.341141,0.206181,18875795,4.484260847950088,29873590,7.0969710163049164,healthy,stress
C002608,C000530,17,0.134147,0.304308,0.360251,0.201294,19455935,4.622082809267731,29264221,6.952205217107877,healthy,stress
C002608,C000530,18,0.129023,0.315415,0.348594,0.206967,19999684,4.751259479803304,28653657,6.807155525671421,healthy,stress
C002608,C000530,19,0.069937,0.322794,0.399239,0.20803,20293492,4.8210584848896865,28041895,6.6618212292953665,healthy,stress
C002608,C000530,20,0.098515,0.311687,0.387477,0.202321,20719872,4.922352186180094,27428934,6.516202090412986,healthy,stress
C002608,C000530,21,0.047379,0.31843,0.423166,0.211024,20916862,4.969150455839077,26814771,6.370297396324098,watch,stress
C002608,C000530,22,-2.0,1.0,1.0,1.0,20074610,4.7690594044313,26519983,6.300265575844722,stress,stress
C002608,C000530,23,-2.0,1.0,1.0,1.0,19216496,4.565200069591213,26219643,6.228914784894018,stress,stress
C002608,C000530,24,-2.0,1.0,1.0,1.0,18368520,4.363749186234972,25922851,6.158406880692643,stress,stress
C002608,C000530,25,-2.0,1.0,1.0,1.0,17516762,4.161399825515157,25624736,6.087584675710726,stress,stress
C002608,C000530,26,-2.0,1.0,1.0,1.0,16665016,3.959053315596073,25326625,6.016763420995719,stress,stress
C002608,C000530,27,-2.0,1.0,1.0,1.0,15806178,3.755021982445244,25026032,5.945352525662948,stress,stress
C002608,C000530,28,-2.0,1.0,1.0,1.0,14942044,3.549732495905339,24723585,5.873501181617308,stress,stress
C002608,C000530,29,0.021846,0.325495,0.43644,0.21622,15032091,3.5711246670205354,24099719,5.725291377571056,watch,stress
C002608,C000530,30,0.059554,0.335196,0.388267,0.216983,15277181,3.629349896274407,23474629,5.576790791850289,watch,stress
C002608,C000530,31,0.068573,0.324504,0.395216,0.211707,15566993,3.698199584717522,22848313,5.427998949321553,watch,stress
C002608,C000530,32,0.053763,0.333818,0.3945,0.217919,15788166,3.750742930548713,22220769,5.278915374851391,watch,stress
C002608,C000530,33,0.095719,0.325192,0.368605,0.210484,16196654,3.8477860879498946,21591994,5.129539355739624,healthy,stress
C002608,C000530,34,0.10377,0.318176,0.368455,0.209599,16642239,3.9536422582427933,20961986,4.979870416852793,healthy,stress
C002608,C000530,35,-0.011697,0.336695,0.456355,0.218646,16593998,3.942181801739321,20330742,4.829907845490718,watch,stress
C002608,C000530,36,0.029021,0.324828,0.431355,0.214795,16716077,3.971183710271221,19698260,4.6796511665199425,watch,stress
C002608,C000610,13,0.159762,0.354643,0.234992,0.250603,39441142,5.8214178284319615,141525621,20.88884173965614,healthy,healthy
C002608,C000610,14,0.194306,0.348202,0.217258,0.240234,40768425,6.017321611328883,140376917,20.719295788243496,healthy,healthy
C002608,C000610,15,0.181775,0.344156,0.230325,0.243744,41993125,6.198084389812341,139227368,20.549625116860398,healthy,healthy
C002608,C000610,16,0.197372,0.351371,0.209366,0.241891,43334076,6.396005536681103,138076974,20.37982972550684,healthy,healthy
C002608,C000610,17,0.049096,0.344545,0.244776,0.361583,43669036,6.4454448281654,136350115,20.124949484722023,watch,healthy
C002608,C000610,18,0.081907,0.338049,0.221872,0.358172,44233590,6.528771642604815,134621987,19.869881942585124,watch,healthy
C002608,C000610,19,0.084633,0.340897,0.216066,0.358404,44816984,6.614879195793823,132892588,19.614626803900947,watch,healthy
C002608,C000610,20,0.046625,0.35193,0.238428,0.363017,45134531,6.66174837030112,131161918,19.35918406866949,watch,healthy
C002608,C000610,21,0.058803,0.357449,0.213798,0.36995,45527799,6.719793782539735,129429976,19.103553589293153,watch,healthy
C002608,C000610,22,0.179466,0.347872,0.230004,0.242659,46748613,6.89998299675669,128274499,18.93300795934808,healthy,healthy
C002608,C000610,23,0.167197,0.362324,0.218025,0.252454,47842640,7.061458754293983,127118173,18.762337019042157,healthy,healthy
C002608,C000610,24,0.209631,0.346115,0.206063,0.238191,49297532,7.276197319096266,125960997,18.591540620777785,healthy,healthy
C002608,C000610,25,0.156551,0.367644,0.223238,0.252568,50322943,7.427545519837265,124802970,18.42061861695737,healthy,healthy
C002608,C000610,26,0.157973,0.346605,0.251064,0.244358,51393221,7.585515982015528,123644092,18.249571007580908,healthy,healthy
C002608,C000610,27,0.136398,0.36747,0.244049,0.252083,52289666,7.7178291109104435,122484362,18.078397645050803,healthy,healthy
C002608,C000610,28,0.187377,0.346007,0.225724,0.240892,53579314,7.908178058200095,121323780,17.90709852936705,healthy,healthy
C002608,C000610,29,0.161921,0.348846,0.247472,0.241761,54690571,8.072196922353921,120162344,17.73567336533446,healthy,healthy
C002608,C000610,30,0.168443,0.359235,0.226247,0.246075,55827157,8.239954286071894,119000054,17.56412215295303,healthy,healthy
C002608,C000610,31,0.142767,0.356034,0.250745,0.250454,56774346,8.37975710748854,117836910,17.39244489222276,healthy,healthy
C002608,C000610,32,0.160319,0.348899,0.251765,0.239018,57889688,8.54437890783091,116672911,17.220641435546046,healthy,healthy
C002608,C000610,33,0.1657,0.352397,0.239329,0.242574,59026401,8.712155016443848,115508056,17.0487116353253,healthy,healthy
C002608,C000610,34,0.17295,0.354397,0.22574,0.246913,60192855,8.884320825224075,114342345,16.876655491560516,healthy,healthy
C002608,C000610,35,0.152864,0.350006,0.257468,0.239662,61255814,9.041211020581304,113175777,16.7044728566541,healthy,healthy
C002608,C000610,36,0.154283,0.34716,0.255664,0.242893,62315150,9.19756646984035,112008352,16.532163730606044,healthy,healthy
C002608,C000629,13,0.130437,0.366759,0.306855,0.195948,44492201,5.051314188763953,69118691,7.8472230348211225,healthy,healthy
C002608,C000629,14,0.135082,0.362904,0.30803,0.193984,45724213,5.191187684712771,67880225,7.70661679962719,healthy,healthy
C002608,C000629,15,0.153928,0.375332,0.274174,0.196566,47112253,5.348775441420332,66639462,7.565749780106323,healthy,healthy
C002608,C000629,16,0.181286,0.365193,0.258325,0.195197,48761503,5.536019042289144,65396397,7.424621408595643,healthy,healthy
C002608,C000629,17,0.102014,0.379835,0.316567,0.201584,49661841,5.638236734645685,64151026,7.283231230964845,healthy,healthy
C002608,C000629,18,0.153166,0.373018,0.276823,0.196993,51047690,5.795575741479362,62903345,7.141578793083626,healthy,healthy
C002608,C000629,19,0.1376,0.365783,0.301945,0.194673,52309876,5.938874969374588,61653349,6.999663527289107,healthy,healthy
C002608,C000629,20,0.15551,0.382107,0.264174,0.198208,53713509,6.09823303953878,60401035,6.857485092983558,healthy,healthy
C002608,C000629,21,0.071384,0.390454,0.331457,0.206704,54332486,6.168507092796306,59146398,6.715042922504102,healthy,healthy
C002608,C000629,22,0.096722,0.385958,0.312807,0.204513,55181724,6.264923270522319,57889433,6.5723364481878574,healthy,healthy
C002608,C000629,23,0.054434,0.401358,0.336756,0.207453,55653763,6.3185150741363945,56630137,6.429365329437098,healthy,healthy
C002608,C000629,24,0.104992,0.385249,0.310061,0.199697,56601348,6.426096840108365,55368505,6.286128998588942,healthy,healthy
C002608,C000629,25,0.121621,0.387113,0.289662,0.201604,57690650,6.549768102144805,54104533,6.142627001513087,healthy,healthy
C002608,C000629,26,0.110602,0.387228,0.300634,0.201537,58683427,6.66248063228865,52838216,5.998858770546653,healthy,healthy
C002608,C000629,27,0.135751,0.379527,0.285757,0.198965,59919985,6.802870247327689,51569550,5.8548238515593365,healthy,healthy
C002608,C000629,28,-0.887748,0.445881,0.336553,0.204464,52036338,5.907819495617151,68108765,7.732563534532485,watch,healthy
C002608,C000629,29,0.122686,0.386463,0.290501,0.200351,53150277,6.034287859727021,66835388,7.587993763579916,healthy,healthy
C002608,C000629,30,0.121694,0.389064,0.28946,0.199781,54260416,6.16032480004832,65559648,7.4431557151504,healthy,healthy
C002608,C000629,31,0.078515,0.390436,0.328366,0.202683,54967717,6.240626504543158,64281542,7.298049048646211,healthy,healthy
C002608,C000629,32,0.104828,0.40154,0.286769,0.206863,55894694,6.34586859119016,63001066,7.152673309937045,healthy,healthy
C002608,C000629,33,0.098562,0.393949,0.304991,0.202498,56786702,6.447140557189122,61718214,7.007027817827446,healthy,healthy
C002608,C000629,34,0.06415,0.393491,0.338645,0.203713,57364880,6.5127825948808775,60432982,6.861112118187109,healthy,healthy
C002608,C000629,35,0.041424,0.412907,0.335445,0.210224,57727339,6.553933498823462,59145366,6.714925756885732,watch,healthy
C002608,C000629,36,0.058781,0.397979,0.339754,0.203486,58259686,6.614372225027318,57855362,6.568468279793011,healthy,healthy
C002608,C000631,13,0.23528,0.348876,0.181458,0.234386,43397137,6.771462270480656,68321881,10.660588956358323,healthy,healthy
C002608,C000631,14,0.227211,0.34449,0.19609,0.232209,44842720,6.997023480736259,67287714,10.499222946847691,healthy,healthy
C002608,C000631,15,0.221684,0.350375,0.198699,0.229242,46268929,7.219561673366799,66255333,10.338135615435458,healthy,healthy
C002608,C000631,16,0.263284,0.338934,0.170335,0.227447,47973188,7.485485333667872,65224736,10.177326650052084,healthy,healthy
C002608,C000631,17,0.231111,0.346837,0.195241,0.226811,49470789,7.719163160565395,64195919,10.016795426558492,healthy,healthy
C002608,C000631,18,0.228218,0.34531,0.199597,0.226876,50946667,7.949451444164206,63168880,9.85654163288514,healthy,healthy
C002608,C000631,19,0.258024,0.334197,0.18792,0.219859,52665584,8.217662262117193,62143615,9.69656464489295,healthy,healthy
C002608,C000631,20,0.272572,0.328572,0.185193,0.213663,54530843,8.508707520314166,61120121,9.536863994477617,healthy,healthy
C002608,C000631,21,0.235191,0.342532,0.198657,0.22362,56065973,8.748241176077748,60098395,9.37743921353483,healthy,healthy
C002608,C000631,22,0.271075,0.33316,0.182931,0.212834,57921781,9.037811749667801,59078435,9.21828998999505,healthy,healthy
C002608,C000631,23,0.252176,0.34215,0.18638,0.219295,59594447,9.298805803494805,58060237,9.0594156997192,healthy,healthy
C002608,C000631,24,0.256374,0.336487,0.190465,0.216674,61312558,9.566890857423541,57043798,8.90081587460297,healthy,healthy
C002608,C000631,25,0.275981,0.332225,0.177378,0.214416,63178314,9.858013664900977,56029115,8.74249004654205,healthy,healthy
C002608,C000631,26,0.255307,0.339746,0.188527,0.216419,64885369,10.124373598417682,55016185,8.584437747432135,healthy,healthy
C002608,C000631,27,0.304466,0.327642,0.159992,0.2079,67000876,10.454466245622445,54005005,8.426658509168915,healthy,healthy
C002608,C000631,28,0.278512,0.332639,0.178754,0.210095,68912527,10.752750268847908,52995572,8.26915186364808,healthy,healthy
C002608,C000631,29,0.31482,0.320647,0.160015,0.204518,71128475,11.098515204340014,51987884,8.111917498800093,healthy,healthy
C002608,C000631,30,0.27257,0.329936,0.187241,0.210253,72991472,11.389207511888289,50981936,7.954954634451104,healthy,healthy
C002608,C000631,31,0.246525,0.341727,0.199968,0.21178,74661414,11.649776527003064,49977726,7.798262958531575,healthy,healthy
C002608,C000631,32,0.280677,0.324752,0.188459,0.206112,76611609,11.954074754385669,48975251,7.6418420029371985,healthy,healthy
C002608,C000631,33,0.28999,0.32086,0.18919,0.19996,78684923,12.27758382655924,47974508,7.485691299563665,healthy,healthy
C002608,C000631,34,0.273493,0.327042,0.193049,0.206416,80575864,12.572636369707535,46975494,7.3298103803066645,healthy,healthy
C002608,C000631,35,0.278826,0.335759,0.177852,0.207563,82489711,12.871263045286907,45978206,7.17419877706189,healthy,healthy
C002608,C000631,36,0.304838,0.322114,0.171392,0.201657,84639662,13.206730154093696,44982641,7.018856021725033,healthy,healthy
C002608,C000636,13,0.01721,0.395621,0.422771,0.164399,24725972,3.5110523868182737,83861665,11.908235561409052,watch,stress
C002608,C000636,14,0.008326,0.38487,0.444756,0.162049,24785202,3.5194629614509414,83054678,11.79364457050761,watch,stress
C002608,C000636,15,0.062768,0.386307,0.38876,0.162165,25231714,3.5828670218997276,82247163,11.678978604367165,healthy,stress
C002608,C000636,16,-0.055014,0.409584,0.475329,0.1701,24858377,3.5298537059848845,131059223,18.61022077225916,watch,stress
C002608,C000636,17,0.011519,0.411658,0.406485,0.170338,24936489,3.5409454974032015,130250652,18.495404855640714,watch,stress
C002608,C000636,18,0.060546,0.391411,0.385812,0.162231,25367868,3.6022006936629594,129441554,18.380514105781828,healthy,stress
C002608,C000636,19,0.02405,0.388267,0.426114,0.161569,25540036,3.6266483015197397,128631926,18.265548096686818,watch,stress
C002608,C000636,20,-0.053541,0.415422,0.467354,0.170765,25177163,3.575120858523286,127821770,18.15050711235281,watch,stress
C002608,C000636,21,0.028821,0.393858,0.415437,0.161884,25383348,3.604398831351862,127011085,18.03539101078124,watch,stress
C002608,C000636,22,-0.049449,0.404559,0.478824,0.166065,25038272,3.5553985367048524,126199870,17.920199649973554,watch,stress
C002608,C000636,23,-0.017701,0.416442,0.432314,0.168946,24916772,3.538145711821025,125388125,17.804933029929746,watch,stress
C002608,C000636,24,-0.016435,0.394767,0.460259,0.161409,24798620,3.521368298111774,124575849,17.689591008651263,stress,stress
C002608,C000636,25,-0.060402,0.409379,0.482677,0.168347,24382001,3.4622090005786443,123763043,17.57417372813666,stress,stress
C002608,C000636,26,-0.079843,0.406391,0.509423,0.164029,23816429,3.381898591729294,122949705,17.45868090438882,stress,stress
C002608,C000636,27,-0.1074,0.418652,0.518899,0.169848,23081240,3.2775028133464446,122135836,17.343112679406303,stress,stress
C002608,C000636,28,-0.058926,0.414657,0.474424,0.169846,22677600,3.220186515106872,121321435,17.227468911190552,stress,stress
C002608,C000636,29,-0.077983,0.412632,0.497441,0.167909,22136911,3.143409456394018,120506502,17.11174959974156,stress,stress
C002608,C000636,30,-0.072167,0.412704,0.494419,0.165044,21627524,3.071077236566049,119691037,16.995954745059336,stress,stress
C002608,C000636,31,-0.066843,0.418588,0.476875,0.171379,21172864,3.0065161718608557,118875039,16.88008420514532,stress,stress
C002608,C000636,32,-0.112027,0.423571,0.518203,0.170253,20405324,2.897526598105029,118058508,16.764137979999504,stress,stress
C002608,C000636,33,-0.099143,0.423821,0.506426,0.168895,19720149,2.8002327356377332,117241444,16.648116069621892,stress,stress
C002608,C000636,34,-0.146002,0.418583,0.558083,0.169336,18713097,2.6572328030870485,116423845,16.53201819001537,stress,stress
C002608,C000636,35,-0.147395,0.407731,0.575964,0.1637,17660746,2.50780047782515,115605712,16.415844483178496,stress,stress
C002608,C000636,36,-0.130234,0.4106,0.557117,0.162517,16723539,2.374718434607889,114787044,16.299594807112708,stress,stress
C002608,C000643,13,0.003309,0.391116,0.330921,0.274655,6365374,1.9293432071104775,71829201,21.77141217806261,watch,stress
C002608,C000643,14,0.041231,0.384232,0.300817,0.27372,6501609,1.9706360002473293,71196106,21.579521247898004,watch,stress
C002608,C000643,15,0.04525,0.375624,0.316349,0.262777,6657400,2.01785621190794,70562806,21.387568182286607,watch,stress
C002608,C000643,16,0.025233,0.370636,0.339583,0.264548,6743721,2.0440200846011995,69929300,21.195552678128685,watch,stress
C002608,C000643,17,0.033506,0.380028,0.318511,0.267955,6856924,2.078331884516574,69295588,21.003474735424238,watch,stress
C002608,C000643,18,-0.003554,0.391732,0.340631,0.271191,6845057,2.074734999896946,68661670,20.81133435417326,watch,stress
C002608,C000643,19,0.020154,0.388622,0.3209,0.270325,6912594,2.0952054470660553,68027546,20.619131534375754,watch,stress
C002608,C000643,20,-0.019474,0.401087,0.340652,0.277735,6849056,2.0759470957589072,67393216,20.42686627603172,watch,stress
C002608,C000643,21,-0.066811,0.394957,0.394214,0.27764,6630921,2.0098304338812163,66758679,20.23453827604142,watch,stress
C002608,C000643,22,-0.035962,0.402345,0.356882,0.276734,6513085,1.9741143728684512,66123937,20.042148140604333,stress,stress
C002608,C000643,23,-0.038388,0.40489,0.354627,0.278872,6388222,1.9362684299797166,65488988,19.849695263520978,stress,stress
C002608,C000643,24,-0.07426,0.406161,0.389926,0.278172,6145996,1.862849792255438,64853832,19.657179644791352,stress,stress
C002608,C000643,25,-0.014179,0.381448,0.365856,0.266875,6097773,1.8482334134729046,64218471,19.46460189061494,stress,stress
C002608,C000643,26,-0.031802,0.390349,0.369714,0.271739,5991514,1.816026338155044,63582903,19.27196139479226,stress,stress
C002608,C000643,27,-0.042877,0.394658,0.375226,0.272992,5848863,1.7727888570836228,62947129,19.079258460423056,stress,stress
C002608,C000643,28,-0.083868,0.391997,0.421955,0.269916,5566559,1.6872225879625757,62311147,18.88649248130784,stress,stress
C002608,C000643,29,-0.099455,0.402283,0.421692,0.27548,5238446,1.5877716228323822,61674959,18.693664063646096,stress,stress
C002608,C000643,30,-0.085206,0.386471,0.431899,0.266836,4948141,1.4997802526881916,61038565,18.500773207437824,stress,stress
C002608,C000643,31,-0.056835,0.384979,0.406631,0.265225,4753259,1.4407115690746122,60401963,18.307819306483545,stress,stress
C002608,C000643,32,-0.089414,0.392398,0.426983,0.270032,4452029,1.3494088342662742,59765155,18.11480296698274,stress,stress
C002608,C000643,33,-0.10633,0.38514,0.457123,0.264068,4085597,1.2383433901827205,59128140,17.921723885835664,stress,stress
C002608,C000643,34,-0.117447,0.384115,0.469722,0.26361,3680021,1.1154134098599557,58490917,17.728581759942582,stress,stress
C002608,C000643,35,-0.124387,0.408549,0.44038,0.275459,3268821,0.9907787965970386,57853488,17.53537719550297,stress,stress
C002608,C000643,36,-0.122742,0.405196,0.444777,0.272769,2858925,0.8665394253956361,57215852,17.34210988941709,stress,stress
C002608,C000645,13,0.152803,0.337146,0.232292,0.277759,19004664,5.449302999697686,4112078,1.1790768297924583,healthy,recovered
C002608,C000645,14,0.183026,0.33498,0.248246,0.233747,19648622,5.633948319450738,3536387,1.0140060506827113,healthy,recovered
C002608,C000645,15,0.207154,0.347971,0.237006,0.207869,20353469,5.836052648757897,3041293,0.872045255199438,healthy,recovered
C002608,C000645,16,0.192019,0.345441,0.281567,0.180972,20998859,6.021108573081257,2615512,0.7499589252062174,healthy,recovered
C002608,C000645,17,0.278081,0.341503,0.230921,0.149495,21971900,6.3001135184004085,2249341,0.6449648706571709,healthy,recovered
C002608,C000645,18,0.247285,0.347425,0.272248,0.133043,22808063,6.539870745580863,1934433,0.5546697142140579,healthy,recovered
C002608,C000645,19,0.287421,0.347819,0.251673,0.113087,23791373,6.821820172975777,1663612,0.47701584526477636,healthy,recovered
C002608,C000645,20,0.289844,0.352542,0.260197,0.097417,24781314,7.105670940388646,1430707,0.41023382190753155,healthy,recovered
C002608,C000645,21,0.325934,0.345982,0.245006,0.083077,25903920,7.427561411237203,1230408,0.35280108110577646,healthy,recovered
C002608,C000645,22,0.327331,0.342424,0.259744,0.070501,27046453,7.75516565113082,1058151,0.30340896415917196,healthy,recovered
C002608,C000645,23,0.351393,0.343669,0.245033,0.059906,28287819,8.111108774751566,910010,0.2609317493197928,healthy,recovered
C002608,C000645,24,0.305549,0.358123,0.282328,0.053999,29317656,8.40639912312603,782609,0.22440141910903585,healthy,recovered
C002608,C000645,25,0.349749,0.340741,0.264931,0.044579,30545668,8.758513187087633,673044,0.19298529498487998,healthy,recovered
C002608,C000645,26,0.342744,0.368855,0.248115,0.040287,31690864,9.086881002379805,578818,0.1659673995646024,healthy,recovered
C002608,C000645,27,0.353894,0.344752,0.268478,0.032876,32937010,9.444194719468477,497783,0.1427318259927412,healthy,recovered
C002608,C000645,28,-3.964753,0.348987,0.259727,0.028721,19193786,5.503530903011779,7345299,2.106154566814568,stress,recovered
C002608,C000645,29,0.094331,0.348618,0.264103,0.292948,19522445,5.597768952922982,6630833,1.901292133204481,stress,recovered
C002608,C000645,30,0.105259,0.350484,0.249587,0.29467,19887427,5.702422079515257,5915599,1.6962094870874134,stress,recovered
C002608,C000645,31,0.040626,0.36784,0.286127,0.305407,20023489,5.741435821865286,5199596,1.4909063417283297,watch,recovered
C002608,C000645,32,0.060108,0.357524,0.284673,0.297696,20230238,5.800718003643637,4482823,1.2853824103921951,healthy,recovered
C002608,C000645,33,0.107491,0.356538,0.27547,0.2605,20600191,5.906796490095551,3855227,1.1054286492839605,healthy,recovered
C002608,C000645,34,0.171383,0.357688,0.247001,0.223928,21190309,6.076003995557136,3315495,0.9506685753024983,healthy,recovered
C002608,C000645,35,0.172681,0.365988,0.264109,0.197222,21770895,6.24247834266385,2851326,0.817575060780659,healthy,recovered
C002608,C000645,36,0.187713,0.370872,0.270232,0.171184,22396220,6.421780928507302,2452140,0.7031144490467541,healthy,recovered
C002608,C000658,13,0.148477,0.331914,0.315912,0.203697,8546300,3.539955580211738,7032409,2.9128880898027507,healthy,recovered
C002608,C000658,14,0.153508,0.328109,0.318551,0.199833,8926839,3.6975783124512094,6685645,2.769255271294561,healthy,recovered
C002608,C000658,15,-0.187728,0.682486,0.297202,0.20804,8479419,3.512252858664385,6338564,2.62549114848873,stress,recovered
C002608,C000658,16,-0.157155,0.653729,0.301955,0.201471,8092300,3.3519046302783013,5991166,2.4815957213852586,stress,recovered
C002608,C000658,17,-0.195881,0.675505,0.31441,0.205966,7619887,3.1562268474348993,5643451,2.3375689899841468,stress,recovered
C002608,C000658,18,-0.17088,0.658219,0.309969,0.202692,7200731,2.9826086008042836,5295419,2.193410954285394,stress,recovered
C002608,C000658,19,-0.190968,0.678658,0.304852,0.207458,6742643,2.7928643639031643,4947069,2.0491212000798593,stress,recovered
C002608,C000658,20,-0.218055,0.668236,0.344279,0.205539,6214216,2.573985070245728,4598401,1.9046997273675434,stress,recovered
C002608,C000658,21,0.130412,0.344847,0.318742,0.206,6529832,2.7047161024355773,4249415,1.7601465361484459,watch,recovered
C002608,C000658,22,0.165113,0.336673,0.294443,0.203771,6934169,2.8721961838083434,3900110,1.6154612122134258,watch,recovered
C002608,C000658,23,0.130846,0.334726,0.334097,0.200331,7260393,3.0073211465640384,3550486,1.4706437555624834,watch,recovered
C002608,C000658,24,0.147304,0.340769,0.307347,0.204579,7620351,3.156419040476241,3200543,1.3256941661956188,watch,recovered
C002608,C000658,25,0.142624,0.345987,0.304193,0.207197,7964785,3.299086751686314,2850280,1.1806120299036909,healthy,recovered
C002608,C000658,26,0.127061,0.339677,0.327354,0.205908,8273836,3.4270985008666632,2499698,1.0353977608958405,healthy,recovered
C002608,C000658,27,0.150232,0.334491,0.315803,0.199475,8650359,3.5830577691965915,2149740,0.8904419583918634,healthy,recovered
C002608,C000658,28,0.114041,0.348215,0.360185,0.17756,8926500,3.6974378955524707,1848776,0.7657799185333461,healthy,recovered
C002608,C000658,29,0.169021,0.347534,0.332462,0.150983,9340431,3.8688918994222883,1589948,0.6585709950325278,healthy,recovered
C002608,C000658,30,0.198928,0.338359,0.334309,0.128405,9833070,4.072947476347967,1367355,0.5663709397494144,healthy,recovered
C002608,C000658,31,0.189027,0.336033,0.36452,0.110421,10301219,4.266859071414903,1175925,0.4870788839217542,healthy,recovered
C002608,C000658,32,0.199278,0.351204,0.352787,0.09673,10785734,4.467549613280539,1011295,0.4188876330681382,healthy,recovered
C002608,C000658,33,0.265581,0.338687,0.313623,0.082109,11439937,4.738526475834072,869714,0.3602434887013411,healthy,recovered
C002608,C000658,34,0.281163,0.342431,0.306753,0.069653,12142083,5.02936176722606,747954,0.3098093837147877,healthy,recovered
C002608,C000658,35,0.247101,0.343685,0.348308,0.060907,12748977,5.280742809536419,643240,0.2664358877426955,healthy,recovered
C002608,C000658,36,0.26824,0.346583,0.332341,0.052836,13402097,5.551271083590442,553186,0.2291346977750618,healthy,recovered
C002608,C000669,13,0.043146,0.406375,0.226462,0.324017,13438320,2.606200092495468,47343678,9.181735364441064,watch,stress
C002608,C000669,14,0.043754,0.397236,0.236604,0.322406,13658213,2.648845687848094,46209476,8.961770565470022,watch,stress
C002608,C000669,15,0.028177,0.400692,0.248185,0.322946,13799806,2.676305942529982,45073489,8.741459587276792,watch,stress
C002608,C000669,16,0.059114,0.399113,0.216518,0.325256,14095213,2.733596567453619,43935715,8.520802041985494,healthy,stress
C002608,C000669,17,0.047864,0.389173,0.244007,0.318956,14339509,2.7809748303463224,42796150,8.299797153844374,watch,stress
C002608,C000669,18,0.010947,0.403273,0.257395,0.328386,14393861,2.791515745239502,41654792,8.078444534977548,watch,stress
C002608,C000669,19,0.021871,0.402421,0.250638,0.32507,14503735,2.8128244824151944,40511638,7.856743603571198,watch,stress
C002608,C000669,20,0.044948,0.406579,0.220065,0.328407,14727600,2.856240399263915,39366685,7.634693777811508,watch,stress
C002608,C000669,21,0.018166,0.408919,0.242516,0.3304,14817670,2.873708389483754,38219931,7.412294669822597,watch,stress
C002608,C000669,22,0.028593,0.41059,0.232073,0.328744,14960380,2.901385272844176,37071372,7.189545503852706,watch,stress
C002608,C000669,23,0.036764,0.408073,0.228798,0.326365,15145504,2.937287839974824,35921006,6.966445892025956,watch,stress
C002608,C000669,24,0.029161,0.411492,0.228248,0.331099,15290471,2.965402441264925,34768830,6.74299525252853,watch,stress
C002608,C000669,25,0.01337,0.404081,0.251695,0.330854,15357090,2.9783223928631872,33614842,6.519193197484547,watch,stress
C002608,C000669,26,0.025258,0.407381,0.236221,0.33114,15483032,3.002747324852384,32459038,6.295038951142248,watch,stress
C002608,C000669,27,-0.129687,0.401606,0.237774,0.490307,14826903,2.8754990184800877,30722603,5.958278324991631,stress,stress
C002608,C000669,28,-0.108926,0.401404,0.220189,0.487333,14271575,2.7677998503574854,28983436,5.6209878603900245,stress,stress
C002608,C000669,29,-0.149191,0.408146,0.248082,0.492964,13518471,2.621744412292407,27241532,5.28316658764773,stress,stress
C002608,C000669,30,-0.161618,0.405611,0.260633,0.495375,12705330,2.4640455221475186,25496888,4.94481392495093,stress,stress
C002608,C000669,31,0.037983,0.401941,0.232123,0.327953,12898072,2.501425508502045,24331961,4.718890382785655,watch,stress
C002608,C000669,32,0.0379,0.40433,0.231476,0.326294,13091676,2.5389726693605077,23165202,4.49261154631503,watch,stress
C002608,C000669,33,0.027469,0.395008,0.25953,0.317993,13235885,2.5669402656923914,21996607,4.265976639787299,watch,stress
C002608,C000669,34,-0.004241,0.411307,0.265284,0.327651,13214240,2.5627424789897333,20826173,4.038985081388642,watch,stress
C002608,C000669,35,8.4e-05,0.407909,0.260762,0.331245,13214666,2.562825096552003,19653897,3.8116362893052402,watch,stress
C002608,C000669,36,0.024892,0.400625,0.247588,0.326896,13342386,2.58759485019781,18479777,3.583929875661215,watch,stress
C002608,C000697,13,0.140311,0.347743,0.297504,0.214442,17073543,3.203505938390245,82286697,15.439438814194496,healthy,healthy
C002608,C000697,14,0.114429,0.366556,0.297402,0.221613,17672856,3.315954933566845,81474221,15.286994081967592,healthy,healthy
C002608,C000697,15,0.119063,0.36281,0.298337,0.219789,18302751,3.434142024146833,80660275,15.134273533893358,healthy,healthy
C002608,C000697,16,0.112105,0.36372,0.302623,0.221552,18892182,3.5447368613620087,79844857,14.98127679471214,healthy,healthy
C002608,C000697,17,0.122356,0.360281,0.302456,0.214908,19556597,3.669400933608499,79027963,14.828003113904627,healthy,healthy
C002608,C000697,18,0.10302,0.366972,0.310897,0.219111,20106278,3.772537485156135,78209592,14.674452303840988,healthy,healthy
C002608,C000697,19,0.008452,0.362828,0.303501,0.325219,20151936,3.781104287848173,76979814,14.443709269082376,watch,healthy
C002608,C000697,20,0.012682,0.353638,0.309546,0.324135,20220796,3.794024477812116,75747811,14.212548757956208,watch,healthy
C002608,C000697,21,0.010138,0.357634,0.305741,0.326487,20275546,3.804297210901368,74513579,13.980970019943175,watch,healthy
C002608,C000697,22,-0.027854,0.367642,0.327526,0.332686,20127657,3.7765488232513884,73277114,13.748972304523962,watch,healthy
C002608,C000697,23,0.028263,0.354687,0.293892,0.323158,20282423,3.8055875412293094,72038412,13.516554861179257,watch,healthy
C002608,C000697,24,-0.014993,0.363656,0.318815,0.332521,20202492,3.790590101438314,70797469,13.283716939389748,watch,healthy
C002608,C000697,25,0.101764,0.377165,0.293923,0.227149,20732924,3.8901149664245804,69968677,13.128210838887332,watch,healthy
C002608,C000697,26,0.073041,0.369189,0.333375,0.224395,21119014,3.962556966761188,69138385,12.972423293642745,watch,healthy
C002608,C000697,27,0.075184,0.377337,0.322159,0.22532,21515515,4.036952381238293,68306591,12.81635392839633,watch,healthy
C002608,C000697,28,0.075038,0.379419,0.319798,0.225745,21911213,4.111197128963422,67473293,12.660002367888431,healthy,healthy
C002608,C000697,29,0.094167,0.361959,0.32494,0.218934,22424162,4.2074416616647685,66638487,12.503367861599736,healthy,healthy
C002608,C000697,30,0.097811,0.37806,0.299816,0.224313,22945122,4.305189296919137,65802170,12.34644984664076,healthy,healthy
C002608,C000697,31,0.118046,0.367142,0.295567,0.219245,23589558,4.4261047128297335,64964341,12.189248135381675,healthy,healthy
C002608,C000697,32,0.073474,0.371925,0.335831,0.218769,23992269,4.501665308539428,64124995,12.031761789673341,healthy,healthy
C002608,C000697,33,0.061628,0.379683,0.335804,0.222885,24324413,4.563985430168588,63284131,11.87399062188593,healthy,healthy
C002608,C000697,34,0.078076,0.366934,0.334197,0.220793,24749959,4.643830553003268,62441746,11.71593406912996,healthy,healthy
C002608,C000697,35,0.048226,0.38556,0.336368,0.229846,25002915,4.691292643803722,61597837,11.55759156851594,watch,healthy
C002608,C000697,36,0.082326,0.373905,0.319209,0.224559,25445697,4.77437175435578,60752401,11.398962557154391,healthy,healthy
C002608,C000726,13,0.020714,0.424789,0.255183,0.299314,7850124,2.3570826763465336,81558861,24.48890977590353,watch,stress
C002608,C000726,14,0.038777,0.421946,0.247059,0.292218,7978577,2.395652046846253,80881263,24.28545381682224,watch,stress
C002608,C000726,15,-2.634444,0.583751,0.247793,0.302928,-451739,-0.13563940787815668,86694858,26.031047142710445,stress,stress
C002608,C000726,16,0.026615,0.434014,0.235284,0.304086,-366772,-0.11012716835669994,86015320,25.827008678130884,stress,stress
C002608,C000726,17,0.015546,0.428812,0.252386,0.303255,-316936,-0.0951633827835796,85334810,25.622678360281054,stress,stress
C002608,C000726,18,0.047733,0.422044,0.237495,0.292728,-158187,-0.04749731817271028,84653326,25.418055588639824,stress,stress
C002608,C000726,19,0.084516,0.406331,0.22187,0.287284,128629,0.03862221635935665,83970868,25.21314036320719,stress,stress
C002608,C000726,20,0.037355,0.427887,0.234789,0.29997,250210,0.07512819624870463,83287434,25.00793208346203,stress,stress
C002608,C000726,21,-0.00313,0.431661,0.2752,0.296269,239880,0.07202650460069249,82603022,24.802430148883204,stress,stress
C002608,C000726,22,-0.006098,0.438112,0.265561,0.302425,220137,0.06609846024379958,81917631,24.596634259210145,stress,stress
C002608,C000726,23,0.073052,0.411244,0.22658,0.289124,467885,0.14048741497871853,81231259,24.390543813921724,stress,stress
C002608,C000726,24,0.005933,0.436318,0.254926,0.302824,487122,0.14626352748915508,80543906,24.184158813017937,stress,stress
C002608,C000726,25,0.044528,0.415133,0.252113,0.288226,639038,0.19187791165173138,79855569,23.977478355717093,stress,stress
C002608,C000726,26,0.026869,0.421839,0.260704,0.290588,730091,0.21921753697859003,79166247,23.77050214175862,stress,stress
C002608,C000726,27,-0.008078,0.441312,0.264052,0.302714,703774,0.21131557966002898,78475940,23.563230171142518,stress,stress
C002608,C000726,28,-0.002801,0.434152,0.272254,0.296396,694440,0.20851294753587163,77784645,23.35566154308709,stress,stress
C002608,C000726,29,0.041334,0.430909,0.232949,0.294808,833102,0.250147678155103,77092361,23.147795957331773,stress,stress
C002608,C000726,30,0.01136,0.444056,0.240617,0.303967,870115,0.26126122248887584,76399087,22.939633113615997,stress,stress
C002608,C000726,31,-0.001295,0.439247,0.259351,0.302697,865873,0.2599875171673979,75704821,22.73117241141863,stress,stress
C002608,C000726,32,0.042713,0.420882,0.247517,0.288888,1012725,0.30408138182314615,75009562,22.522413550479108,stress,stress
C002608,C000726,33,0.033808,0.429611,0.242095,0.294486,1126914,0.3383678356077404,74313309,22.31335623053686,stress,stress
C002608,C000726,34,0.013294,0.433251,0.259007,0.294448,1171885,0.35187085352669045,73616060,22.10399985107076,stress,stress
C002608,C000726,35,-0.007726,0.439609,0.272712,0.295405,1145796,0.3440373556172046,72917814,21.89434411182024,stress,stress
C002608,C000726,36,0.037835,0.431192,0.238398,0.292575,1274975,0.3828247152879269,72218569,21.684388412264163,stress,stress
C002608,C000735,13,0.175835,0.344771,0.264065,0.215329,30925718,4.872738680264535,157659523,24.841255295484363,healthy,healthy
C002608,C000735,14,0.14573,0.351564,0.286181,0.216525,31879280,5.022984454394352,156667760,24.684990469821944,healthy,healthy
C002608,C000735,15,0.182634,0.345809,0.256765,0.214792,33086289,5.213164014387993,155674085,24.528424384335686,healthy,healthy
C002608,C000735,16,0.161635,0.341823,0.282058,0.214484,34158113,5.382043464922847,154678495,24.371556566337585,healthy,healthy
C002608,C000735,17,0.149606,0.35358,0.280354,0.21646,35143011,5.537226622860043,153680987,24.214386543139636,healthy,healthy
C002608,C000735,18,0.146753,0.353682,0.282615,0.21695,36108797,5.689398443060239,152681556,24.056913526928483,healthy,healthy
C002608,C000735,19,0.139316,0.352751,0.289109,0.218823,37019548,5.832898801751655,151680199,23.899137045016126,healthy,healthy
C002608,C000735,20,0.150806,0.356358,0.271141,0.221695,37994518,5.986517677507346,150676913,23.741056624714556,healthy,healthy
C002608,C000735,21,0.165836,0.36156,0.251888,0.220717,39073481,6.156521967938833,149671693,23.582671478210422,healthy,healthy
C002608,C000735,22,0.13973,0.363098,0.269321,0.22785,39955830,6.295547231694802,148664536,23.42398113281572,healthy,healthy
C002608,C000735,23,0.160152,0.355089,0.263056,0.221702,40997186,6.459626062819291,147655438,23.26498495827977,healthy,healthy
C002608,C000735,24,0.147574,0.349275,0.285479,0.217673,41976396,6.61391300429311,146644395,23.105682324351893,healthy,healthy
C002608,C000735,25,0.17819,0.352941,0.249801,0.219068,43153496,6.799380022408563,145631404,22.946072758344087,healthy,healthy
C002608,C000735,26,0.127048,0.365389,0.282213,0.22535,43970936,6.928178050858394,144616461,22.786155630005666,healthy,healthy
C002608,C000735,27,0.062032,0.467953,0.252895,0.21712,44385981,6.993573648967074,143599562,22.625930309085962,watch,healthy
C002608,C000735,28,-0.003412,0.495875,0.278347,0.229191,44364310,6.9901591083591565,142580703,22.46539616533429,watch,healthy
C002608,C000735,29,-0.006999,0.49828,0.278108,0.230612,44320050,6.983185384612839,141559880,22.304552568499975,watch,healthy
C002608,C000735,30,0.042648,0.479937,0.256652,0.220763,44602318,7.027660284170577,140537090,22.143399045895013,watch,healthy
C002608,C000735,31,0.134842,0.362699,0.277804,0.224655,45481003,7.166108238305974,139512329,21.981934967268717,watch,healthy
C002608,C000735,32,0.131288,0.365052,0.278521,0.225139,46336337,7.300876946548913,138485594,21.82015985993309,watch,healthy
C002608,C000735,33,0.13791,0.366811,0.265387,0.229892,47217931,7.439783250489508,137456880,21.658072936074777,watch,healthy
C002608,C000735,34,0.069041,0.376153,0.322587,0.232219,47655694,7.508758357320937,136426183,21.495673565443102,healthy,healthy
C002608,C000735,35,0.159061,0.361565,0.257933,0.221441,48715369,7.675723578985615,135393500,21.332961275350062,healthy,healthy
C002608,C000735,36,0.10352,0.364149,0.30665,0.225681,49393374,7.782551856631836,134358827,21.16993543554497,healthy,healthy
C002608,C000767,13,0.222097,0.295411,0.227104,0.255388,41148606,6.54856245829427,117109658,18.63732418742159,healthy,healthy
C002608,C000767,14,0.199375,0.300231,0.241194,0.2592,42382522,6.744933047234479,115986742,18.458618605963547,healthy,healthy
C002608,C000767,15,0.213279,0.299343,0.235969,0.25141,43744070,6.961615530183371,114863260,18.279822948881765,healthy,healthy
C002608,C000767,16,0.249662,0.291328,0.207786,0.251223,45339874,7.215578499553362,113739212,18.100937216176245,healthy,healthy
C002608,C000767,17,0.235819,0.290363,0.226486,0.247332,46871677,7.459356080239875,112614598,17.921961407846986,healthy,healthy
C002608,C000767,18,0.256705,0.289802,0.207456,0.246037,48548776,7.726256678287908,111489417,17.74289536474978,healthy,healthy
C002608,C000767,19,0.214018,0.298428,0.238026,0.249528,49928123,7.9457717690581955,110363668,17.563738927740413,healthy,healthy
C002608,C000767,20,0.213233,0.30357,0.227425,0.255772,51269540,8.159250519884353,109237352,17.384492255963092,healthy,healthy
C002608,C000767,21,0.212542,0.299935,0.238078,0.249445,52641215,8.377544656263622,108110468,17.205155190273615,healthy,healthy
C002608,C000767,22,0.216868,0.308948,0.216779,0.257405,53998211,8.593502714761533,106983016,17.025727730671974,healthy,healthy
C002608,C000767,23,0.222334,0.297514,0.23483,0.245323,55458663,8.825925196809667,105854995,16.846209718013963,healthy,healthy
C002608,C000767,24,0.222217,0.297016,0.235613,0.245154,56920089,9.058502685319853,104726405,16.666601152299577,healthy,healthy
C002608,C000767,25,0.19305,0.307859,0.239871,0.25922,58121404,9.249685013819288,103597246,16.48690203352882,healthy,healthy
C002608,C000767,26,0.188778,0.31377,0.238111,0.259341,59296178,9.436643495799945,102467518,16.30711236170169,healthy,healthy
C002608,C000767,27,-2.083978,0.298468,0.238117,0.24757,45703968,7.273521952113825,113969859,18.137643351137857,watch,healthy
C002608,C000767,28,0.21684,0.31355,0.212286,0.257324,47065326,7.490174197662522,112838991,17.95767225490956,healthy,healthy
C002608,C000767,29,0.237596,0.304653,0.205545,0.252205,48588037,7.732504839177612,111707554,17.77761060562489,healthy,healthy
C002608,C000767,30,0.217499,0.301178,0.2316,0.249723,49996510,7.956655164253537,110575546,17.597458084995424,healthy,healthy
C002608,C000767,31,0.219915,0.314473,0.210687,0.254925,51392276,8.178783243833282,109442968,17.417214852165372,healthy,healthy
C002608,C000767,32,0.169123,0.321874,0.249574,0.259429,52447569,8.34672701627361,108309818,17.236880588846315,healthy,healthy
C002608,C000767,33,0.189971,0.316422,0.235099,0.258508,53637768,8.536140297717443,107176097,17.056455454182462,healthy,healthy
C002608,C000767,34,0.215633,0.303945,0.233219,0.247203,55051244,8.761086821283756,106041804,16.8759392890296,healthy,healthy
C002608,C000767,35,0.203414,0.321042,0.216247,0.259296,56323081,8.963492317870193,104906940,16.695332252531944,healthy,healthy
C002608,C000767,36,0.206592,0.309382,0.236531,0.247496,57677055,9.178969442560795,103771504,16.51463418554528,healthy,healthy
C002608,C000778,13,0.230953,0.302483,0.285328,0.181236,16874295,6.449678935901846,40862225,15.61832549784046,healthy,healthy
C002608,C000778,14,0.2097,0.308521,0.300163,0.181616,17440748,6.6661881282727515,40518810,15.487065703474372,healthy,healthy
C002608,C000778,15,0.22885,0.314749,0.271047,0.185355,18046513,6.897723120437258,40175367,15.355795206971678,healthy,healthy
C002608,C000778,16,0.131599,0.301731,0.296916,0.269753,18405576,7.034963880288958,39660160,15.158873217903146,healthy,healthy
C002608,C000778,17,0.099279,0.310856,0.314068,0.275797,18670540,7.136238198983297,39144911,14.961935175629707,healthy,healthy
C002608,C000778,18,0.108686,0.319558,0.294832,0.276924,18959454,7.246666666666667,38629620,14.764981080151358,healthy,healthy
C002608,C000778,19,0.099377,0.321421,0.29671,0.282492,19218435,7.345654168099989,38114287,14.568010931468104,healthy,healthy
C002608,C000778,20,0.142838,0.315331,0.266853,0.274979,19600880,7.491831976455299,37598912,14.371024729579942,healthy,healthy
C002608,C000778,21,0.108021,0.314863,0.30132,0.275795,19889272,7.602060925734817,37083495,14.17402247448687,healthy,healthy
C002608,C000778,22,0.085482,0.314352,0.324339,0.275827,20117481,7.689286779039101,36568036,13.977004166188893,healthy,healthy
C002608,C000778,23,0.208772,0.327563,0.276243,0.187423,20664357,7.8983132668271985,36224369,13.845648052593358,healthy,healthy
C002608,C000778,24,0.200652,0.319777,0.297472,0.1821,21205372,8.105099568092344,35880674,13.714281236861217,healthy,healthy
C002608,C000778,25,0.154845,0.325114,0.332969,0.187071,21611817,8.260450636394909,35536951,13.58290371899247,healthy,healthy
C002608,C000778,26,0.222096,0.31445,0.282978,0.180476,22216139,8.491434086305087,35193199,13.451515116767954,healthy,healthy
C002608,C000778,27,0.194574,0.327151,0.293618,0.184657,22733626,8.689227535068609,34849419,13.320115812406835,healthy,healthy
C002608,C000778,28,0.196319,0.314453,0.310523,0.178705,23273192,8.895460000764439,34505611,13.188705805909109,healthy,healthy
C002608,C000778,29,0.219715,0.315374,0.285207,0.179704,23873750,9.125004777739555,34161775,13.057285097274777,healthy,healthy
C002608,C000778,30,0.213992,0.315319,0.290724,0.179965,24457865,9.348264724993312,33817911,12.92585368650384,healthy,healthy
C002608,C000778,31,0.18525,0.329166,0.299177,0.186407,24946090,9.534873676566143,33474019,12.7944115735963,healthy,healthy
C002608,C000778,32,0.216101,0.311755,0.295567,0.176577,25547376,9.764696709092995,33130099,12.662958758552154,healthy,healthy
C002608,C000778,33,0.176143,0.323938,0.319288,0.180632,26026518,9.947833963994954,32786151,12.531495241371402,healthy,healthy
C002608,C000778,34,0.191732,0.327762,0.294512,0.185994,26533070,10.141447846195009,32442175,12.400021022054046,healthy,healthy
C002608,C000778,35,0.168215,0.328247,0.319762,0.183776,26982891,10.313378052975576,32098171,12.268536100600084,healthy,healthy
C002608,C000778,36,0.178129,0.327371,0.312749,0.181752,27464567,10.4974838512403,31754139,12.137040477009517,healthy,healthy
C002608,C000785,13,0.120393,0.387183,0.249438,0.242985,22522621,6.348030282104978,54607783,15.391275292632125,healthy,recovered
C002608,C000785,14,0.079306,0.394947,0.274493,0.251253,22797270,6.425440463138076,53998694,15.219602758760644,healthy,recovered
C002608,C000785,15,0.092715,0.389537,0.270807,0.246941,23124144,6.517570328948667,53389266,15.04783467729434,healthy,recovered
C002608,C000785,16,0.138076,0.389012,0.228399,0.244513,23616051,6.656214962358757,52779498,14.875970766381903,healthy,recovered
C002608,C000785,17,0.105197,0.392962,0.253616,0.248226,23985423,6.760322945233471,52169391,14.704011307874644,healthy,recovered
C002608,C000785,18,0.15347,0.382885,0.226575,0.23707,24549965,6.919439848702216,51558944,14.531956019921251,healthy,recovered
C002608,C000785,19,0.1026,0.396875,0.252591,0.247935,24911043,7.021210156793885,50948157,14.359804902521724,healthy,recovered
C002608,C000785,20,0.146707,0.3826,0.228828,0.241865,25440597,7.170465646552818,50337030,14.187557955676063,healthy,recovered
C002608,C000785,21,0.102087,0.397652,0.2508,0.249461,25798070,7.271219880664154,49725562,14.015214897532955,healthy,recovered
C002608,C000785,22,-0.098761,0.608084,0.250271,0.240406,25439017,7.1700203214796066,49113754,13.842776009943714,stress,recovered
C002608,C000785,23,-0.082095,0.601855,0.24297,0.237271,25136443,7.084739442554475,48501605,13.670241011057026,stress,recovered
C002608,C000785,24,-0.107879,0.617789,0.245377,0.244714,24750715,6.976021499618091,47889115,13.497609900872893,stress,recovered
C002608,C000785,25,-0.16493,0.636716,0.278906,0.249308,24171545,6.8127816751550885,47276285,13.324882961242626,stress,recovered
C002608,C000785,26,-0.121607,0.628514,0.244523,0.248569,23743003,6.691996550139939,46663113,13.1520596284636,stress,recovered
C002608,C000785,27,-0.119551,0.607181,0.275176,0.237195,23301254,6.567489014845108,46049599,12.979139902535817,stress,recovered
C002608,C000785,28,-0.146742,0.629026,0.271758,0.245959,22778062,6.42002666313413,45435744,12.806124065310586,stress,recovered
C002608,C000785,29,-0.073785,0.599211,0.237463,0.23711,22505023,6.343070262713608,44821547,12.633011834936598,stress,recovered
C002608,C000785,30,0.100603,0.398586,0.259196,0.241615,22870566,6.446099036914067,44207008,12.45980321141385,watch,recovered
C002608,C000785,31,0.098622,0.390397,0.272543,0.238438,23233890,6.548502383052845,43592127,12.286498194742345,watch,recovered
C002608,C000785,32,0.104774,0.387189,0.271687,0.23635,23623504,6.658315600188277,42976903,12.11309650307077,watch,recovered
C002608,C000785,33,0.109093,0.40141,0.243803,0.245695,24013965,6.768367545385107,42361337,11.939598418250435,watch,recovered
C002608,C000785,34,0.068113,0.406246,0.277323,0.248318,24255310,6.836390950318069,41745428,11.766003658430032,healthy,recovered
C002608,C000785,35,0.104611,0.386115,0.271821,0.237453,24643158,6.945706418036229,41129176,11.592312223609557,healthy,recovered
C002608,C000785,36,0.115071,0.40122,0.243857,0.239852,25065755,7.064815937000595,40512581,11.418524113789012,healthy,recovered
C002608,C000793,13,0.138515,0.423671,0.210729,0.227084,43333815,5.982249069644063,176492690,24.364880649245354,healthy,healthy
C002608,C000793,14,0.128995,0.416267,0.23211,0.222629,44258922,6.109960430623271,175375057,24.210591003285185,healthy,healthy
C002608,C000793,15,0.138698,0.409833,0.23368,0.21779,45276020,6.250371182924606,174257093,24.056255662653495,healthy,healthy
C002608,C000793,16,0.008635,0.535869,0.228409,0.227086,45336767,6.258757328576301,173138799,23.901874765400656,watch,healthy
C002608,C000793,17,0.047499,0.527129,0.203166,0.222207,45678360,6.305914367633374,172020174,23.7474481734763,watch,healthy
C002608,C000793,18,-0.018409,0.549316,0.238574,0.230519,45550707,6.288291824118862,170901218,23.592975886880424,watch,healthy
C002608,C000793,19,0.044356,0.527453,0.205649,0.222542,45869412,6.332289166373195,169781930,23.438457767562664,watch,healthy
C002608,C000793,20,0.038673,0.520071,0.223235,0.218021,46153124,6.371455712130748,168662311,23.283893953573386,watch,healthy
C002608,C000793,21,0.036652,0.528237,0.211909,0.223202,46415849,6.407724994833465,167542361,23.12928444491259,watch,healthy
C002608,C000793,22,0.029136,0.526619,0.225362,0.218883,46628884,6.437134554793778,166422079,22.974629103529907,watch,healthy
C002608,C000793,23,0.113577,0.428757,0.23489,0.222776,47445057,6.549807537080674,165301465,22.81992792942534,healthy,healthy
C002608,C000793,24,0.102761,0.436341,0.233892,0.227006,48169956,6.649880110158671,164180519,22.665180922598886,healthy,healthy
C002608,C000793,25,0.142881,0.426944,0.208547,0.221629,49202631,6.792441273028699,163059241,22.51038808305055,healthy,healthy
C002608,C000793,26,0.130846,0.426982,0.217974,0.224198,50137757,6.921535760636125,161937632,22.35554954883069,healthy,healthy
C002608,C000793,27,0.10922,0.428747,0.238838,0.223195,50922072,7.029810734327176,160815691,22.20066518188895,healthy,healthy
C002608,C000793,28,0.12951,0.422307,0.227616,0.220567,51863454,7.159768865031332,159693417,22.04573484417496,healthy,healthy
C002608,C000793,29,0.089445,0.440698,0.240499,0.229358,52488870,7.246107773436707,158570812,21.890758811789446,healthy,healthy
C002608,C000793,30,0.107751,0.431327,0.237036,0.223887,53260927,7.352690525727549,157447874,21.735736808631682,healthy,healthy
C002608,C000793,31,0.107185,0.440387,0.226336,0.226092,54021668,7.457711100064014,156324604,21.580668972752033,healthy,healthy
C002608,C000793,32,0.084683,0.43814,0.248863,0.228314,54617027,7.5399006285847365,155201001,21.425555166100132,healthy,healthy
C002608,C000793,33,0.104476,0.430012,0.24303,0.222482,55371018,7.643989362943112,154077066,21.270395526726343,healthy,healthy
C002608,C000793,34,0.091376,0.448144,0.232169,0.228312,56013815,7.732727724779475,152952797,21.11518977852994,healthy,healthy
C002608,C000793,35,0.106123,0.449054,0.216271,0.228552,56759794,7.835710399596451,151828196,20.959938197611645,healthy,healthy
C002608,C000793,36,0.135123,0.43415,0.209254,0.221474,57740268,7.971065195252227,150703262,20.8046406459211,healthy,healthy
C002608,C000794,13,0.160518,0.321448,0.282647,0.235387,15252779,5.045277609509988,29850227,9.873786404555556,healthy,recovered
C002608,C000794,14,0.111281,0.323117,0.327283,0.238319,15595118,5.158515681835172,29337020,9.704029025513758,healthy,recovered
C002608,C000794,15,0.096441,0.335383,0.324437,0.243739,15885505,5.254569196358182,28823289,9.534098319010296,healthy,recovered
C002608,C000794,16,0.13857,0.319332,0.309451,0.232647,16323081,5.399309534840694,28309033,9.36399395426757,healthy,recovered
C002608,C000794,17,0.092882,0.321646,0.347211,0.238261,16609765,5.49413817991611,27794252,9.193715931285585,healthy,recovered
C002608,C000794,18,0.100381,0.333857,0.325503,0.240259,16917332,5.595874453582971,27278945,9.023263919286737,healthy,recovered
C002608,C000794,19,0.1278,0.323513,0.31434,0.234347,17319199,5.728803054797278,26763112,8.852637918271029,healthy,recovered
C002608,C000794,20,0.120396,0.329314,0.312437,0.237853,17692587,5.852311440781217,26246751,8.681837266683264,healthy,recovered
C002608,C000794,21,0.068837,0.336474,0.347411,0.247277,17898146,5.920305753170668,25729863,8.51086229530104,healthy,recovered
C002608,C000794,22,0.083715,0.327422,0.348716,0.240147,18155819,6.005538209333264,25212448,8.339713004124356,healthy,recovered
C002608,C000794,23,0.08513,0.330184,0.345749,0.238936,18419445,6.092739784540293,24694503,8.168388400820417,healthy,recovered
C002608,C000794,24,0.13738,0.324813,0.301501,0.236306,18850046,6.2351729492726085,24176030,7.99688914694442,healthy,recovered
C002608,C000794,25,0.132466,0.330381,0.298061,0.239092,19260827,6.371050102000785,23657027,7.825214580941168,healthy,recovered
C002608,C000794,26,0.136363,0.331884,0.294168,0.237584,19686811,6.5119560665603915,23137494,7.653364702810661,healthy,recovered
C002608,C000794,27,0.104941,0.338018,0.312857,0.244184,20006103,6.6175707075707715,22617430,7.481339181775301,healthy,recovered
C002608,C000794,28,-2.611761,0.488894,0.341148,0.236603,11796621,3.902057965907414,28273803,9.352340659469093,stress,recovered
C002608,C000794,29,0.104201,0.334195,0.322943,0.238661,12121660,4.0095735857769155,27752676,9.179963521846426,stress,recovered
C002608,C000794,30,0.093783,0.340578,0.322751,0.242887,12409407,4.104753847439638,27231016,9.00741007976371,stress,recovered
C002608,C000794,31,0.113877,0.333458,0.313646,0.239019,12764822,4.222317167644041,26708824,8.83468066399854,healthy,recovered
C002608,C000794,32,0.099829,0.344008,0.310407,0.245756,13068162,4.322655244401644,26186098,8.661774612995723,healthy,recovered
C002608,C000794,33,0.021862,0.352219,0.373756,0.252162,13132971,4.344092609788944,25662838,8.488691926755255,watch,recovered
C002608,C000794,34,0.115358,0.335827,0.309491,0.239323,13493656,4.463399127937939,25139044,8.315432605277136,healthy,recovered
C002608,C000794,35,0.089503,0.334136,0.335359,0.241003,13771833,4.555413847982113,24614715,8.141996317783772,healthy,recovered
C002608,C000794,36,0.080579,0.345684,0.330748,0.242989,14020482,4.637661367094994,24089850,7.9683827334975605,healthy,recovered
C002608,C000818,13,0.077793,0.359959,0.345313,0.216934,19914527,2.878278380091794,193181191,27.920785941623592,healthy,stress
C002608,C000818,14,-2.0,1.0,1.0,1.0,18475165,2.6702450923453322,192677414,27.847974247552852,stress,stress
C002608,C000818,15,-2.0,1.0,1.0,1.0,17046239,2.463720136339546,192177290,27.775690527403988,stress,stress
C002608,C000818,16,-2.0,1.0,1.0,1.0,15609293,2.2560360369301353,191674359,27.70300110706385,stress,stress
C002608,C000818,17,0.105669,0.365323,0.311071,0.217936,16367020,2.3655515299223526,190580425,27.54489307962,watch,stress
C002608,C000818,18,0.058695,0.374446,0.349138,0.217722,16788629,2.426487351775019,189485683,27.386668270646208,watch,stress
C002608,C000818,19,0.066612,0.369152,0.344849,0.219387,17263828,2.4951686218820743,188390133,27.228326680142473,watch,stress
C002608,C000818,20,0.057413,0.377262,0.345531,0.219794,17672948,2.5542993886265295,187293773,27.069868019045604,watch,stress
C002608,C000818,21,0.049792,0.377743,0.353041,0.219424,18028623,2.605705664198083,186196604,26.911292431887198,watch,stress
C002608,C000818,22,0.025984,0.381084,0.371132,0.2218,18212380,2.6322643567691157,185098625,26.752599774135657,watch,stress
C002608,C000818,23,0.081542,0.371108,0.330931,0.21642,18803809,2.717744534332927,183999835,26.593789901259388,healthy,stress
C002608,C000818,24,0.084602,0.374281,0.322961,0.218156,19412999,2.805791737581496,182900234,26.434862813258384,healthy,stress
C002608,C000818,25,0.019177,0.393952,0.3609,0.225971,19546408,2.8250735533338696,181799821,26.275818365601058,watch,stress
C002608,C000818,26,0.017405,0.38437,0.373856,0.22437,19668443,2.8427114667080864,180698596,26.116656558287403,watch,stress
C002608,C000818,27,-2.9e-05,0.391172,0.383261,0.225596,19668241,2.842682271325601,179596557,25.957377102254227,watch,stress
C002608,C000818,28,0.051802,0.393615,0.328034,0.226548,20028494,2.894750212545757,178493705,25.79798014203313,healthy,stress
C002608,C000818,29,0.059899,0.379002,0.340513,0.220586,20456627,2.9566289585337406,177390038,25.638465388560913,healthy,stress
C002608,C000818,30,-0.027256,0.404222,0.394866,0.228167,20268145,2.929387354169426,176285556,25.478832841837583,watch,stress
C002608,C000818,31,-0.007177,0.40117,0.377951,0.228056,20218452,2.9222051455464495,175180259,25.319082501863132,watch,stress
C002608,C000818,32,0.018206,0.396338,0.361795,0.223661,20347078,2.940795666672946,174074146,25.159214224105973,watch,stress
C002608,C000818,33,0.000169,0.389337,0.386623,0.223871,20348271,2.940968092867525,172967216,24.999227864034502,watch,stress
C002608,C000818,34,0.030158,0.390177,0.361685,0.217979,20567215,2.972612418723259,171859469,24.839123421648726,watch,stress
C002608,C000818,35,0.046891,0.391786,0.342286,0.219038,20906238,3.0216119541505306,170750903,24.678900607885442,watch,stress
C002608,C000818,36,0.035655,0.396208,0.343602,0.224534,21157904,3.057985642905688,169641519,24.518559567276256,watch,stress
C002608,C000832,13,0.084118,0.376833,0.269713,0.269336,24017273,5.456861775538472,22622135,5.139878443425737,healthy,recovered
C002608,C000832,14,0.126045,0.358637,0.259695,0.255624,24593409,5.587763169544012,21804238,4.954047567637817,healthy,recovered
C002608,C000832,15,0.06856,0.386603,0.274103,0.270734,24889329,5.654997885850786,20986259,4.7681980609809544,healthy,recovered
C002608,C000832,16,0.122738,0.369289,0.248804,0.259168,25442790,5.780747390182577,20168198,4.58232992345515,healthy,recovered
C002608,C000832,17,0.118331,0.380761,0.237369,0.263539,25967579,5.899982452144984,19350056,4.396443382266124,healthy,recovered
C002608,C000832,18,0.06829,0.38525,0.279292,0.267168,26266357,5.967866522396084,18531832,4.210538210208155,healthy,recovered
C002608,C000832,19,0.109297,0.384834,0.237707,0.268163,26742817,6.076120959174691,17713526,4.024614407281247,healthy,recovered
C002608,C000832,20,0.092789,0.385093,0.253105,0.269013,27146075,6.167743482925831,16895138,3.838671973485395,healthy,recovered
C002608,C000832,21,0.055332,0.389465,0.284623,0.27058,27385180,6.222069506319083,16076669,3.652711136026322,healthy,recovered
C002608,C000832,22,0.086026,0.380364,0.2677,0.26591,27763484,6.3080223385633305,15258118,3.4667316676983067,healthy,recovered
C002608,C000832,23,0.127245,0.364397,0.25304,0.255318,28346324,6.440446919707695,14439485,3.28073356850135,healthy,recovered
C002608,C000832,24,-0.041843,0.550562,0.231587,0.259695,28157873,6.397629774794448,13620770,3.094716838435452,stress,recovered
C002608,C000832,25,-0.115456,0.56923,0.279355,0.266871,27651823,6.282652320796601,12801974,2.9086817047063316,stress,recovered
C002608,C000832,26,-0.068193,0.562991,0.242619,0.262582,27348018,6.2136260873971025,11983096,2.7226279401082696,stress,recovered
C002608,C000832,27,-0.092706,0.557727,0.274486,0.260493,26931651,6.119025123878237,11164136,2.5365555446412658,stress,recovered
C002608,C000832,28,0.109112,0.379202,0.252694,0.258992,27424590,6.231023683696922,10345094,2.350464518305321,watch,recovered
C002608,C000832,29,0.082147,0.399133,0.249603,0.269118,27781782,6.312179748805901,9525970,2.1643548611004344,watch,recovered
C002608,C000832,30,0.100825,0.379739,0.258083,0.261353,28233260,6.414758132317491,8706764,1.9782265730266064,watch,recovered
C002608,C000832,31,0.062172,0.396146,0.272888,0.268794,28503978,6.476266810099112,7887476,1.792079654083837,watch,recovered
C002608,C000832,32,0.060983,0.391051,0.282593,0.265373,28772966,6.537382421987212,7068106,1.6059141042721263,healthy,recovered
C002608,C000832,33,0.062944,0.402903,0.264789,0.269364,29046520,6.599535455187345,6248654,1.419729923591474,healthy,recovered
C002608,C000832,34,0.070433,0.386226,0.278544,0.264796,29357932,6.670290042489741,5429121,1.2335273392475992,healthy,recovered
C002608,C000832,35,0.101272,0.384611,0.27157,0.242547,29811301,6.773298072015579,4669044,1.060833498120592,healthy,recovered
C002608,C000832,36,0.141935,0.380077,0.274936,0.203052,30464040,6.92160410569822,4015378,0.9123168447366242,healthy,recovered
C002608,C000841,13,0.141776,0.346693,0.227275,0.284256,17707770,5.504566993100032,45361185,14.100797656560045,healthy,stress
C002608,C000841,14,0.119525,0.348677,0.249608,0.282189,18090863,5.623653760269906,44728070,13.903990044317707,healthy,stress
C002608,C000841,15,0.122194,0.352585,0.242297,0.282925,18481569,5.745107074357797,44094830,13.707143575072248,healthy,stress
C002608,C000841,16,0.147104,0.34839,0.228677,0.275829,18964118,5.8951103383460595,43461464,13.510257937967644,healthy,stress
C002608,C000841,17,0.10415,0.359237,0.253256,0.283357,19296753,5.998511932208518,42827972,13.313333133003894,healthy,stress
C002608,C000841,18,0.131203,0.341375,0.253694,0.273727,19730619,6.133381792333668,42194354,13.116369160181,healthy,stress
C002608,C000841,19,0.12896,0.35899,0.228889,0.283161,20142940,6.261554259401063,41560611,12.919366330354986,healthy,stress
C002608,C000841,20,0.108948,0.353941,0.257118,0.279993,20495289,6.3710840689395765,40926742,12.722324332669828,healthy,stress
C002608,C000841,21,0.163519,0.344536,0.219468,0.272478,21038819,6.5400436441859044,40292747,12.525243167125524,healthy,stress
C002608,C000841,22,0.168752,0.340686,0.219005,0.271557,21601760,6.715037245732724,39658627,12.3281231445781,healthy,stress
C002608,C000841,23,0.125357,0.360493,0.232373,0.281777,22004852,6.840340822545765,39024381,12.130963954171532,healthy,stress
C002608,C000841,24,0.094891,0.365864,0.253915,0.28533,22306238,6.93402847648426,38390009,11.933765595905818,healthy,stress
C002608,C000841,25,0.101659,0.364507,0.252785,0.281049,22634104,7.035947597963686,37755511,11.73652806978096,healthy,stress
C002608,C000841,26,0.130174,0.353153,0.24099,0.275683,23062193,7.169021642832644,37120887,11.539251375796956,healthy,stress
C002608,C000841,27,0.082739,0.36712,0.265372,0.284769,23325659,7.250921636304668,36486137,11.341935513953809,healthy,stress
C002608,C000841,28,-0.009822,0.355562,0.244604,0.409657,23293040,7.2407818236265085,35533823,11.045902969400368,watch,stress
C002608,C000841,29,-0.048765,0.365094,0.260379,0.423292,23136281,7.192052344009856,34581320,10.749811673058211,watch,stress
C002608,C000841,30,-0.060243,0.364973,0.275182,0.420088,22941108,7.131381641050403,33628628,10.453661624927337,stress,stress
C002608,C000841,31,-0.038735,0.367136,0.256782,0.414817,22813996,7.09186811000573,32675747,10.157452825007745,stress,stress
C002608,C000841,32,-0.032898,0.370108,0.239985,0.422806,22708058,7.058936644433553,31722677,9.861185273299435,stress,stress
C002608,C000841,33,-0.046055,0.359921,0.273398,0.412736,22556102,7.0117002063047815,30769418,9.564858969802408,stress,stress
C002608,C000841,34,-0.045491,0.370528,0.25618,0.418784,22408144,6.965706570563799,29815970,9.268473914516665,stress,stress
C002608,C000841,35,0.065815,0.379198,0.273296,0.281691,22620343,7.031669908204216,29180212,9.070844709800358,watch,stress
C002608,C000841,36,0.076782,0.376617,0.265165,0.281437,22868175,7.108709978582019,28544328,8.873176337224905,watch,stress
C002608,C000847,13,0.008785,0.377701,0.351248,0.262265,6297909,2.04498966504395,7138783,2.3180292786052394,watch,healthy
C002608,C000847,14,0.016963,0.357698,0.374892,0.250448,6351098,2.062260628357968,6589072,2.139533000910377,watch,healthy
C002608,C000847,15,0.017841,0.368812,0.359736,0.25361,6406352,2.0802021163903195,6039272,1.961007824087218,watch,healthy
C002608,C000847,16,-0.002793,0.358859,0.392733,0.251201,6397618,2.0773661053056096,5489385,1.7824543975543763,watch,healthy
C002608,C000847,17,-0.012518,0.370081,0.390046,0.252391,6358651,2.064713157751466,4939410,1.603872396602545,watch,healthy
C002608,C000847,18,-0.042084,0.376457,0.407533,0.258094,6230522,2.0231084789934184,4389348,1.4252621459410308,stress,healthy
C002608,C000847,19,0.004046,0.371339,0.367501,0.257115,6242890,2.027124483698673,3839198,1.2466233208605273,watch,healthy
C002608,C000847,20,-0.06839,0.384055,0.427561,0.256774,6038381,1.960718508094949,3301710,1.0720959650214477,watch,healthy
C002608,C000847,21,-0.049252,0.389177,0.439203,0.220872,5891133,1.9129057121021216,2839471,0.9220026598021677,watch,healthy
C002608,C000847,22,0.074889,0.373676,0.366228,0.185206,6120765,1.9874693596180466,2441945,0.7929222679473058,watch,healthy
C002608,C000847,23,0.107977,0.370613,0.365065,0.156345,6458064,2.0969934840583426,2100073,0.681913247847475,watch,healthy
C002608,C000847,24,0.076249,0.373765,0.415507,0.134478,6696213,2.174322680739424,1806063,0.586445464584876,watch,healthy
C002608,C000847,25,0.127435,0.37544,0.379928,0.117197,7088981,2.3018581057130114,1553214,0.5043430410953181,watch,healthy
C002608,C000847,26,0.149413,0.374793,0.376105,0.099689,7554570,2.4530391871097335,1335764,0.4337350023536013,healthy,healthy
C002608,C000847,27,0.088545,0.381503,0.443892,0.08606,7829437,2.542291060114192,1148757,0.37301208903572486,healthy,healthy
C002608,C000847,28,0.130443,0.38464,0.410463,0.074454,8231962,2.672994673793242,987931,0.32079039007653726,healthy,healthy
C002608,C000847,29,0.164316,0.37853,0.394074,0.06308,8746647,2.8401176833116626,849621,0.27587984586698633,healthy,healthy
C002608,C000847,30,0.114341,0.401444,0.427137,0.057078,9087048,2.950649056021339,730674,0.23725664796304982,healthy,healthy
C002608,C000847,31,0.098194,0.399035,0.454115,0.048656,9381970,3.046412974171648,628380,0.20404083414357327,healthy,healthy
C002608,C000847,32,0.091703,0.396033,0.471133,0.041131,9662170,3.1373965219087325,540407,0.17547518230533435,healthy,healthy
C002608,C000847,33,0.070631,0.398403,0.494573,0.036393,9871931,3.20550787079124,464750,0.1509086502884014,healthy,healthy
C002608,C000847,34,0.17571,0.386018,0.408495,0.029776,10420429,3.3836102760970768,399685,0.1297814392480252,healthy,healthy
C002608,C000847,35,0.14772,0.393733,0.432299,0.026248,10870298,3.529686927192489,343729,0.111612005282371,healthy,healthy
C002608,C000847,36,0.091026,0.404122,0.48206,0.022792,11144853,3.6188374908932572,295607,0.09598634402539746,healthy,healthy
C002608,C000874,13,0.305353,0.327343,0.146974,0.220329,80366792,9.52877367008307,57486685,6.815969591126136,healthy,healthy
C002608,C000874,14,0.27864,0.332352,0.167439,0.221569,82729795,9.808945619322094,56171374,6.660018351654358,healthy,healthy
C002608,C000874,15,0.284735,0.328932,0.168019,0.218314,85180222,10.09948308755973,54856206,6.504084067128781,healthy,healthy
C002608,C000874,16,0.298026,0.330509,0.15199,0.219476,87731182,10.401940357241902,53541180,6.348166618983351,healthy,healthy
C002608,C000874,17,0.314679,0.325164,0.146658,0.213499,90499783,10.730202462213887,52226296,6.192266007218064,healthy,healthy
C002608,C000874,18,0.311569,0.318925,0.157623,0.211882,93261648,11.057665906223496,50911555,6.036382350398981,healthy,healthy
C002608,C000874,19,0.322478,0.319659,0.145547,0.212317,96114045,11.39586337253799,49596957,5.880515648526099,healthy,healthy
C002608,C000874,20,0.305038,0.321692,0.157442,0.215828,98768000,11.710532353297921,48282501,5.724665783033363,healthy,healthy
C002608,C000874,21,0.295184,0.325518,0.165057,0.214241,101354975,12.017259779535902,46968188,5.568832872486829,healthy,healthy
C002608,C000874,22,0.286375,0.338485,0.154708,0.220432,103793988,12.306443934794833,45654018,5.413016916886498,healthy,healthy
C002608,C000874,23,0.280517,0.331063,0.168161,0.220258,106184735,12.589905380729245,44339990,5.2572177976663115,healthy,healthy
C002608,C000874,24,0.322932,0.317715,0.147782,0.211571,109049661,12.929588361176398,43026105,5.101435633392327,healthy,healthy
C002608,C000874,25,0.278353,0.33341,0.166716,0.221521,111407926,13.209198544435653,41712363,4.945670424064547,healthy,healthy
C002608,C000874,26,0.312131,0.329378,0.144541,0.21395,114145660,13.533800870915117,40398763,4.78992205111691,healthy,healthy
C002608,C000874,27,0.314606,0.323213,0.148908,0.213273,116913548,13.861978438288205,39085305,4.634190514549418,healthy,healthy
C002608,C000874,28,0.320712,0.319979,0.150326,0.208984,119792761,14.203355371996855,37771989,4.478475814362072,healthy,healthy
C002608,C000874,29,0.288804,0.33032,0.162431,0.218445,122272947,14.497421247535456,36458816,4.322778069120929,healthy,healthy
C002608,C000874,30,0.275997,0.335343,0.172225,0.216435,124664905,14.78102627696533,35145785,4.16709716025993,healthy,healthy
C002608,C000874,31,0.30128,0.325341,0.160876,0.212503,127324011,15.09630599148672,33832897,4.011433206345134,healthy,healthy
C002608,C000874,32,0.313305,0.320406,0.155335,0.210954,130109252,15.42654103565317,32520151,3.8557860888104827,healthy,healthy
C002608,C000874,33,0.291416,0.339924,0.151054,0.217606,132620426,15.724281036177231,31207548,3.700155926222034,healthy,healthy
C002608,C000874,34,0.29151,0.327346,0.168936,0.212208,135196037,16.029661077739377,29895087,3.54454260001373,healthy,healthy
C002608,C000874,35,0.314294,0.326445,0.149167,0.210094,138000592,16.36218610673767,28582768,3.388946110185571,healthy,healthy
C002608,C000874,36,0.295081,0.330341,0.160638,0.213939,140586096,16.668739122305276,27270592,3.233366575303615,healthy,healthy
C002608,C000910,13,0.272556,0.344485,0.184298,0.198661,29600107,9.020315139010377,26635185,8.116786959109373,healthy,healthy
C002608,C000910,14,0.270721,0.349372,0.1789,0.201007,30480661,9.288654526328001,26177525,7.977319982637988,healthy,healthy
C002608,C000910,15,0.297953,0.337549,0.172147,0.192351,31491427,9.59667462408633,25720757,7.838124833599659,healthy,healthy
C002608,C000910,16,0.281539,0.341057,0.181538,0.195866,32427544,9.88194623972559,25264879,7.6992009025158366,healthy,healthy
C002608,C000910,17,0.293578,0.341731,0.167577,0.197115,33395613,10.176954884670915,24809889,7.560547579907971,healthy,healthy
C002608,C000910,18,0.273513,0.343934,0.186948,0.195606,34302705,10.453381442861234,24355786,7.422164561036788,healthy,healthy
C002608,C000910,19,0.282607,0.337929,0.187292,0.192172,35254845,10.74353589589944,23902568,7.284051236423739,healthy,healthy
C002608,C000910,20,0.2929,0.339913,0.170765,0.196422,36218431,11.037178394676165,23450233,7.146206996590273,healthy,healthy
C002608,C000910,21,0.323029,0.329414,0.160887,0.18667,37334473,11.377280224320613,22998780,7.0086315367971155,healthy,healthy
C002608,C000910,22,0.309761,0.325249,0.178178,0.186812,38401781,11.702530890150532,22548206,6.871323942826443,healthy,healthy
C002608,C000910,23,0.310281,0.335092,0.162468,0.192159,39439105,12.01864425356705,22098511,6.734284214678255,healthy,healthy
C002608,C000910,24,0.28096,0.337484,0.190914,0.190641,40384037,12.306602145913025,21649691,6.597511133395453,healthy,healthy
C002608,C000910,25,0.286314,0.346415,0.172199,0.195071,41323275,12.592824852828707,21201746,6.461004698978037,healthy,healthy
C002608,C000910,26,0.29273,0.33503,0.186932,0.185308,42332185,12.900279354493142,20754674,6.324764301947457,healthy,healthy
C002608,C000910,27,0.295875,0.335668,0.182114,0.186343,43344294,13.208708717097428,20308473,6.188789332825164,healthy,healthy
C002608,C000910,28,0.303837,0.332306,0.17965,0.184207,44393639,13.528485351335434,19863141,6.053079182132608,healthy,healthy
C002608,C000910,29,0.284099,0.34374,0.182923,0.189238,45346873,13.81897318914019,19418677,5.917633545130515,healthy,healthy
C002608,C000910,30,0.30865,0.33796,0.164229,0.189161,46380883,14.134076646600263,18975079,5.782451812340336,healthy,healthy
C002608,C000910,31,0.30656,0.332183,0.176047,0.18521,47427761,14.45310148904752,18532346,5.647533679022795,healthy,healthy
C002608,C000910,32,0.291272,0.342458,0.177358,0.188912,48401036,14.749696606657071,18090476,5.512878535699343,healthy,healthy
C002608,C000910,33,0.319891,0.326656,0.17348,0.179972,49520851,15.090948217585062,17649467,5.37848577289143,healthy,healthy
C002608,C000910,34,0.314726,0.339073,0.161752,0.18445,50593745,15.417901157003605,17209317,5.244354781120508,healthy,healthy
C002608,C000910,35,0.317056,0.330991,0.173002,0.17895,51705628,15.756735576004465,16770025,5.110485255647301,healthy,healthy
C002608,C000910,36,0.285942,0.338456,0.190071,0.185531,52670946,16.050905883205015,16331589,4.976876586993261,healthy,healthy
C002608,C000938,13,0.138681,0.388896,0.241686,0.230737,10888152,3.327700242208452,16387820,5.008540713177821,healthy,recovered
C002608,C000938,14,0.133547,0.395948,0.239416,0.231089,11335767,3.4645029378280703,15845636,4.842835290611939,healthy,recovered
C002608,C000938,15,-2.474021,0.549822,0.23596,0.237529,3259672,0.9962398856959481,21837596,6.674132901382193,stress,recovered
C002608,C000938,16,0.161439,0.389264,0.218953,0.230344,3803688,1.1625052147403327,21294248,6.508071730376913,stress,recovered
C002608,C000938,17,0.105319,0.405441,0.252086,0.237155,4148770,1.267971179486396,20750316,6.34183207390032,stress,recovered
C002608,C000938,18,0.123029,0.405871,0.229196,0.241903,4544390,1.3888828612688056,20205800,6.175413931952414,watch,recovered
C002608,C000938,19,0.170204,0.386308,0.213906,0.229582,5121701,1.5653240015586916,19660699,6.008816998907387,watch,recovered
C002608,C000938,20,0.143236,0.393688,0.232052,0.231023,5605030,1.7130418172510486,19115013,5.842041274765241,watch,recovered
C002608,C000938,21,0.151043,0.400524,0.216515,0.231918,6113279,1.868375828054921,18568741,5.6750864539001675,watch,recovered
C002608,C000938,22,0.085353,0.409655,0.266639,0.238353,6393031,1.9538752588268553,18021882,5.507952230686359,watch,recovered
C002608,C000938,23,0.103042,0.399292,0.261876,0.235789,6734801,2.0583289908999918,17474436,5.340638605123817,healthy,recovered
C002608,C000938,24,0.102387,0.406267,0.251339,0.240007,7068788,2.160404037316911,16926402,5.1731452715867325,healthy,recovered
C002608,C000938,25,0.092754,0.404987,0.26345,0.238809,7373198,2.253439589238915,16377780,5.0054722300751076,healthy,recovered
C002608,C000938,26,0.109326,0.414866,0.235652,0.240156,7730365,2.362599041863095,15828568,4.8376188693373265,healthy,recovered
C002608,C000938,27,0.154141,0.392086,0.221255,0.232518,8251044,2.5217319814485135,15278767,4.669585494999198,healthy,recovered
C002608,C000938,28,0.108078,0.409827,0.242488,0.239606,8605706,2.63012584142605,14728375,4.5013714958091064,healthy,recovered
C002608,C000938,29,0.092172,0.408961,0.259635,0.239231,8908971,2.72281145179899,14177392,4.332976871767052,healthy,recovered
C002608,C000938,30,0.127784,0.396412,0.244455,0.231349,9344198,2.8558280549209574,13625818,4.164401622873036,healthy,recovered
C002608,C000938,31,0.103913,0.406944,0.249159,0.239984,9685751,2.9602154661939655,13073652,3.995645443501249,healthy,recovered
C002608,C000938,32,0.128403,0.40366,0.229666,0.238271,10111294,3.090272389000527,12520893,3.8267080280258865,healthy,recovered
C002608,C000938,33,0.098498,0.417319,0.2389,0.245283,10428735,3.1872905508141107,11967540,3.6575890708211403,healthy,recovered
C002608,C000938,34,0.106476,0.396219,0.264171,0.233135,10790157,3.297750441247259,11413593,3.48828857188701,healthy,recovered
C002608,C000938,35,0.090218,0.412179,0.261003,0.236599,11092234,3.3900729681614314,10859051,3.3188062255976893,healthy,recovered
C002608,C000938,36,0.126216,0.406349,0.231519,0.235916,11516522,3.5197463305801544,10303914,3.149142031953178,healthy,recovered
C002608,C000974,13,0.146684,0.347568,0.294577,0.211171,16558696,3.3022366837189305,18026871,3.5950291441348377,healthy,recovered
C002608,C000974,14,0.099412,0.360203,0.319653,0.220732,17047659,3.3997486831892547,17266889,3.443468873968269,healthy,recovered
C002608,C000974,15,-0.052186,0.505718,0.331838,0.214629,16783376,3.3470437469138807,16506026,3.2917329093799683,watch,recovered
C002608,C000974,16,-0.088827,0.525352,0.342145,0.22133,16346645,3.259948173136981,15744281,3.1398210509438043,watch,recovered
C002608,C000974,17,-0.055477,0.521336,0.314393,0.219748,16071601,3.205097212261995,14981653,2.9877330992336453,stress,recovered
C002608,C000974,18,-0.046417,0.509205,0.322708,0.214504,15835577,3.158027859032847,14218141,2.83546885482336,stress,recovered
C002608,C000974,19,0.080987,0.353076,0.34789,0.218047,16241168,3.23891330307906,13453744,2.683028118286818,watch,recovered
C002608,C000974,20,0.079395,0.353338,0.351297,0.21597,16643072,3.319063462978932,12688461,2.5304106901978867,watch,recovered
C002608,C000974,21,0.091748,0.351887,0.343511,0.212854,17114858,3.41314991979081,11922290,2.377616171704304,watch,recovered
C002608,C000974,22,0.104546,0.364876,0.308052,0.222527,17629680,3.5158188795920857,11155231,2.2246445628060694,watch,recovered
C002608,C000974,23,0.085058,0.370133,0.3212,0.223608,18046993,3.599041996750152,10387283,2.0714956640770517,healthy,recovered
C002608,C000974,24,0.102912,0.35426,0.326628,0.2162,18569806,3.7033045707671604,9618444,1.9181690766649888,healthy,recovered
C002608,C000974,25,0.103351,0.358132,0.319913,0.218604,19089679,3.806980831957958,8848714,1.7646648005698802,healthy,recovered
C002608,C000974,26,0.059889,0.374273,0.339605,0.226233,19381107,3.865099190569218,8078091,1.610982436939463,healthy,recovered
C002608,C000974,27,0.057485,0.367082,0.350295,0.225138,19662527,3.9212216924577836,7306575,1.4571219857737374,healthy,recovered
C002608,C000974,28,0.09123,0.364762,0.323937,0.220071,20119959,4.012445586580057,6534164,1.303083048220441,healthy,recovered
C002608,C000974,29,0.030549,0.370531,0.372292,0.226628,20268871,4.04214253065379,5760858,1.1488656242795732,watch,recovered
C002608,C000974,30,0.068714,0.377623,0.326809,0.226854,20603879,4.1089518800699105,4986655,0.9944693150988715,healthy,recovered
C002608,C000974,31,0.104672,0.366294,0.326879,0.202156,21120273,4.211934337749692,4288523,0.8552435511571901,healthy,recovered
C002608,C000974,32,0.128095,0.37752,0.317563,0.176822,21741618,4.335846767342296,3688129,0.735509298442801,healthy,recovered
C002608,C000974,33,0.148838,0.361874,0.342987,0.146301,22492039,4.48550032426689,3171791,0.6325380086263768,healthy,recovered
C002608,C000974,34,0.146597,0.382507,0.340991,0.129905,23207908,4.628263309500581,2727740,0.5439826355678898,healthy,recovered
C002608,C000974,35,0.213807,0.360833,0.318126,0.107233,24295645,4.845186491352484,2345856,0.4678249868179327,healthy,recovered
C002608,C000974,36,0.20731,0.381264,0.316026,0.0954,25315181,5.048508611619204,2017436,0.4023294567552411,healthy,recovered
C002608,C000984,13,0.267883,0.350104,0.180832,0.201182,48908064,10.338710055876904,103072421,21.788551586836025,healthy,healthy
C002608,C000984,14,0.276409,0.349291,0.176425,0.197875,50234122,10.619026389381252,102407915,21.64808119601478,healthy,healthy
C002608,C000984,15,0.324777,0.336824,0.147904,0.190495,51849462,10.960494248376044,101744691,21.50788180807542,healthy,healthy
C002608,C000984,16,0.320702,0.340815,0.147773,0.19071,53439662,11.296647745084796,101082746,21.36795278884584,healthy,healthy
C002608,C000984,17,0.328706,0.335673,0.145933,0.189688,55075168,11.642378509006406,100422078,21.228293715544638,healthy,healthy
C002608,C000984,18,0.330336,0.335883,0.14482,0.188962,56721920,11.9904865727796,99762684,21.08890395399969,healthy,healthy
C002608,C000984,19,0.280581,0.353696,0.171015,0.194708,58076742,12.276883348479478,99104562,20.9497830814296,healthy,healthy
C002608,C000984,20,0.312645,0.338376,0.160121,0.188858,59630150,12.605259358424988,98447709,20.810930463662256,healthy,healthy
C002608,C000984,21,0.301974,0.344557,0.161101,0.192368,61100322,12.91604005177381,97792123,20.672345677916244,healthy,healthy
C002608,C000984,22,0.297855,0.356089,0.150727,0.195329,62525704,13.217352555512784,97137802,20.534028301410167,healthy,healthy
C002608,C000984,23,0.317605,0.347421,0.144964,0.190011,64085126,13.546999869149154,96484743,20.395977699971905,healthy,healthy
C002608,C000984,24,0.301388,0.346665,0.159834,0.192113,65545906,13.855795181010688,95832944,20.25819345082006,healthy,healthy
C002608,C000984,25,0.298726,0.35076,0.160621,0.189893,67007891,14.164845218669942,95182402,20.120674919782513,healthy,healthy
C002608,C000984,26,0.318675,0.341325,0.152935,0.187065,68588025,14.498870856557245,94533115,19.98342168407786,healthy,healthy
C002608,C000984,27,0.313126,0.342636,0.158491,0.185747,70148645,14.82877141625641,93885080,19.846433109533997,healthy,healthy
C002608,C000984,28,0.301213,0.347945,0.164106,0.186736,71639058,15.143830868834817,93238295,19.709708773369506,healthy,healthy
C002608,C000984,29,0.333383,0.337986,0.146215,0.182416,73324461,15.500109394689062,92592758,19.573248252802987,healthy,healthy
C002608,C000984,30,0.326111,0.342959,0.147945,0.182984,74964814,15.846864769350546,91948466,19.43705091366233,healthy,healthy
C002608,C000984,31,0.294962,0.355714,0.162168,0.187156,76412612,16.15291580709922,91305417,19.301116333166124,healthy,healthy
C002608,C000984,32,0.293148,0.365063,0.150553,0.191236,77818091,16.450021001666393,90663608,19.16544387714226,healthy,healthy
C002608,C000984,33,0.296205,0.349988,0.165745,0.188061,79259418,16.754704130172705,90023037,19.030033122809332,healthy,healthy
C002608,C000984,34,0.289315,0.356365,0.165456,0.188865,80658522,17.050461709005052,89383702,18.89488364738593,healthy,healthy
C002608,C000984,35,0.327589,0.338456,0.155505,0.17845,82331936,17.404205871715014,88745600,18.75999481669995,healthy,healthy
C002608,C000984,36,0.321942,0.340443,0.157704,0.17991,83960011,17.748365791318903,88108729,18.62536620796998,healthy,healthy
C002608,C001024,13,0.201659,0.297835,0.247107,0.253399,29001158,6.3392366027769995,58817247,12.856605417513869,healthy,healthy
C002608,C001024,14,0.196444,0.303025,0.246881,0.253649,29913137,6.538582113661908,57992963,12.676428774088684,healthy,healthy
C002608,C001024,15,0.20069,0.301069,0.244749,0.253492,30846082,6.7425104910176605,57168079,12.496120979281141,healthy,healthy
C002608,C001024,16,0.219089,0.30798,0.212283,0.260648,31837317,6.959180225169437,56342596,12.31568225167688,healthy,healthy
C002608,C001024,17,0.18778,0.308283,0.247027,0.25691,32699888,7.147725856888486,55516513,12.13511237269026,healthy,healthy
C002608,C001024,18,0.196777,0.317564,0.224495,0.261164,33589707,7.342227510051661,54689830,11.954411342321283,healthy,healthy
C002608,C001024,19,0.20949,0.2998,0.238715,0.251996,34572193,7.556984838463028,53862546,11.773578941984312,healthy,healthy
C002608,C001024,20,0.221821,0.30965,0.213371,0.255158,35600365,7.781728470298365,53034662,11.592615390264983,healthy,healthy
C002608,C001024,21,0.169724,0.318286,0.251415,0.260575,36371267,7.950236575235209,52206176,11.411520249992021,healthy,healthy
C002608,C001024,22,0.167126,0.316846,0.25505,0.260978,37129747,8.11602940938598,51377088,11.230293521165429,healthy,healthy
C002608,C001024,23,0.20689,0.309625,0.229668,0.253817,38095883,8.327212862628107,50547398,11.048935203785204,healthy,healthy
C002608,C001024,24,0.196443,0.318992,0.224984,0.259581,38993515,8.523422325375213,49717104,10.867444860680072,healthy,healthy
C002608,C001024,25,0.215129,0.314859,0.211766,0.258246,39982326,8.739562207942265,48886208,10.68582292902131,healthy,healthy
C002608,C001024,26,-3.022672,0.309316,0.211289,0.25698,26010409,5.685501826720171,57269717,12.518337586281216,stress,healthy
C002608,C001024,27,0.188972,0.308308,0.250148,0.252572,26899799,5.87990970664496,56437612,12.336451384587003,healthy,healthy
C002608,C001024,28,0.206402,0.309178,0.229642,0.254779,27863509,6.090562871131089,55604902,12.154432938582245,healthy,healthy
C002608,C001024,29,0.16917,0.324827,0.241507,0.264495,28624914,6.256995068270852,54771588,11.972282466852581,healthy,healthy
C002608,C001024,30,0.177103,0.320268,0.246089,0.25654,29447342,6.436766016753277,53937668,11.789999532226735,healthy,healthy
C002608,C001024,31,0.201203,0.321172,0.218764,0.25886,30373983,6.639316430251728,53103142,11.60758413470471,healthy,healthy
C002608,C001024,32,0.196879,0.314611,0.235312,0.253198,31301657,6.84209264271347,52268010,11.425036274286503,healthy,healthy
C002608,C001024,33,0.182741,0.32097,0.237234,0.259056,32143856,7.02618524783021,51432271,11.242355732386478,healthy,healthy
C002608,C001024,34,0.195832,0.31183,0.23958,0.252759,33069546,7.228527786387623,50595925,11.059542509004636,healthy,healthy
C002608,C001024,35,0.163852,0.326192,0.245404,0.264552,33810080,7.390397882692083,49758971,10.876596385555336,healthy,healthy
C002608,C001024,36,0.180131,0.320584,0.24436,0.254925,34655542,7.57520373274321,48921409,10.693517362038582,healthy,healthy
C002608,C001050,13,0.043397,0.39124,0.331573,0.23379,22088274,4.719630610723907,111030158,23.723960161410165,watch,stress
C002608,C001050,14,0.065237,0.391049,0.307917,0.235797,22389628,4.7840213169902315,110267694,23.56104347385119,healthy,stress
C002608,C001050,15,0.080695,0.382176,0.309507,0.227622,22776157,4.866611477739437,109504476,23.39796567811869,healthy,stress
C002608,C001050,16,0.022727,0.387794,0.354929,0.234549,22881910,4.889207860597414,108740503,23.234726560541347,watch,stress
C002608,C001050,17,0.105636,0.371578,0.29698,0.225805,23392990,4.998410997634232,107975775,23.07132612111916,healthy,stress
C002608,C001050,18,0.044735,0.375196,0.354716,0.225353,23610070,5.044794767274899,107210291,22.907764146180813,watch,stress
C002608,C001050,19,0.01834,0.394057,0.353457,0.234146,23695811,5.0631151597235835,106444051,22.7440406357263,watch,stress
C002608,C001050,20,0.032306,0.392844,0.337227,0.237623,23844777,5.094944921232206,105677053,22.580155162412993,watch,stress
C002608,C001050,21,0.032412,0.394331,0.339348,0.23391,23996754,5.127418047078344,104909297,22.41610772624089,watch,stress
C002608,C001050,22,-0.004507,0.395232,0.372667,0.236608,23975843,5.122949966154463,104140782,22.251898113538672,watch,stress
C002608,C001050,23,0.036621,0.395772,0.330112,0.237495,24145300,5.159158066633543,103371508,22.08752632430634,watch,stress
C002608,C001050,24,0.014587,0.385083,0.373129,0.227202,24215924,5.17424838977295,102601474,21.922992144872573,watch,stress
C002608,C001050,25,0.028504,0.390305,0.348383,0.232808,24350742,5.203055129479121,101830679,21.75829536156606,watch,stress
C002608,C001050,26,-0.025046,0.392329,0.399501,0.233216,24232370,5.177762428263416,101059122,21.593435760715476,watch,stress
C002608,C001050,27,-0.009718,0.394236,0.382231,0.233251,24186403,5.167940598803897,100286802,21.428413128649506,watch,stress
C002608,C001050,28,-0.036742,0.388315,0.415507,0.23292,24012191,5.130716491209277,99513719,21.263227465368153,stress,stress
C002608,C001050,29,0.003074,0.388095,0.380815,0.228016,24027097,5.133901475870526,98739872,21.097878557200097,watch,stress
C002608,C001050,30,-0.017031,0.390952,0.394712,0.231367,23945640,5.116496451346756,97965260,20.93236619047402,watch,stress
C002608,C001050,31,-0.025173,0.397406,0.394241,0.233526,23826237,5.09098345500253,97189883,20.766690365189923,watch,stress
C002608,C001050,32,-0.044835,0.392774,0.419239,0.232822,23612719,5.045360782595417,96413739,20.60085065400517,stress,stress
C002608,C001050,33,-0.09573,0.40586,0.448059,0.241811,23173333,4.951476597007918,95636829,20.434847270591078,stress,stress
C002608,C001050,34,-0.038182,0.393959,0.410905,0.233318,22991526,4.912629655755565,94859151,20.268679787605013,stress,stress
C002608,C001050,35,-0.007575,0.390065,0.386867,0.230643,22955004,4.904825951891476,94080704,20.10234799137566,stress,stress
C002608,C001050,36,-0.069711,0.408591,0.423607,0.237514,22628285,4.83501547265235,93301488,19.93585188190301,stress,stress
C002608,C001052,13,0.155184,0.327097,0.256979,0.260741,13921221,4.280740162797358,104752614,32.21116322395922,healthy,recovered
C002608,C001052,14,0.167261,0.324813,0.247567,0.260359,14462282,4.447115048536425,104163061,32.029877171162724,healthy,recovered
C002608,C001052,15,0.209602,0.319101,0.215685,0.255612,15154100,4.659847329558768,103572486,31.84827685595732,healthy,recovered
C002608,C001052,16,0.17252,0.322728,0.247652,0.2571,15721210,4.834232216755373,102980887,31.666361663348084,healthy,recovered
C002608,C001052,17,0.164844,0.32748,0.247127,0.260549,16256841,4.998937391261209,102388261,31.484130670842617,healthy,recovered
C002608,C001052,18,0.172146,0.318703,0.251684,0.257467,16823876,5.173299216147963,101794608,31.30158387844092,healthy,recovered
C002608,C001052,19,0.151221,0.330676,0.252955,0.265149,17308393,5.322286965243971,101199925,31.1187203636506,healthy,recovered
C002608,C001052,20,0.163458,0.322491,0.257382,0.256669,17850358,5.488939828691112,100604211,30.935539818974192,healthy,recovered
C002608,C001052,21,0.167097,0.337676,0.226832,0.268395,18381103,5.652142570584505,100007464,30.752041629416762,healthy,recovered
C002608,C001052,22,0.197353,0.318256,0.227798,0.256593,19037919,5.854111825347999,99409682,30.56822517998339,healthy,recovered
C002608,C001052,23,0.168115,0.332504,0.23132,0.268061,19574419,6.019084215150646,98810863,30.38408985567914,healthy,recovered
C002608,C001052,24,0.17702,0.330941,0.22521,0.26683,20142928,6.193899291300343,98211005,30.199635041509083,healthy,recovered
C002608,C001052,25,0.135498,0.338044,0.258826,0.267633,20577534,6.327539534436538,97610107,30.014860429975755,healthy,recovered
C002608,C001052,26,-4.405867,0.330458,0.230889,0.262667,6153674,1.8922391534881795,103474471,31.818137491956378,stress,recovered
C002608,C001052,27,0.148324,0.34042,0.243199,0.268056,6630318,2.0388059750447356,102871486,31.632721133214254,stress,recovered
C002608,C001052,28,0.145617,0.332368,0.259206,0.262809,7108433,2.1858251253718413,102267455,31.446983132124075,stress,recovered
C002608,C001052,29,0.144556,0.327366,0.263553,0.264525,7580804,2.3310780102618054,101662377,31.26092318118837,healthy,recovered
C002608,C001052,30,0.143996,0.333379,0.253401,0.269224,8043935,2.473489618578095,101056249,31.07454035791475,healthy,recovered
C002608,C001052,31,0.123152,0.338169,0.269279,0.269399,8440454,2.5954182057768933,100449070,30.887834354805744,healthy,recovered
C002608,C001052,32,0.144849,0.3347,0.255613,0.264838,8915685,2.7415505334158516,99840838,30.700804556866427,healthy,recovered
C002608,C001052,33,0.168825,0.330871,0.235577,0.264728,9470771,2.9122380710971036,99231551,30.51345034910187,healthy,recovered
C002608,C001052,34,0.181504,0.322691,0.23534,0.260465,10078364,3.099071378156487,98621207,30.325771116517142,healthy,recovered
C002608,C001052,35,0.192627,0.321692,0.226811,0.258869,10728295,3.298923512875636,98009805,30.13776655161478,healthy,recovered
C002608,C001052,36,0.166577,0.328708,0.24148,0.263235,11281968,3.4691765566392903,97397342,29.94943573190239,healthy,recovered
C002608,C001065,13,0.015083,0.336057,0.40113,0.24773,8285792,2.3324930404891657,116988730,32.932928866747574,watch,stress
C002608,C001065,14,0.057537,0.340606,0.350954,0.250903,8486217,2.3889137082587695,116376935,32.760705429361494,healthy,stress
C002608,C001065,15,0.007354,0.337083,0.406491,0.249073,8512038,2.3961824524896738,115764758,32.588374457011774,watch,stress
C002608,C001065,16,0.040589,0.339006,0.372248,0.248157,8655170,2.43647484624893,115152198,32.41593566819327,watch,stress
C002608,C001065,17,0.082593,0.329619,0.345619,0.242169,8953809,2.520543259880197,114539256,32.24338934441112,healthy,stress
C002608,C001065,18,0.028952,0.342349,0.376055,0.252644,9054216,2.5488083465148117,113925931,32.070735204160194,watch,stress
C002608,C001065,19,0.036474,0.342035,0.373692,0.247799,9183264,2.5851360218763273,113312223,31.897973247440486,watch,stress
C002608,C001065,20,0.021927,0.350074,0.377156,0.250844,9259948,2.606722962064649,112698133,31.725103755757132,watch,stress
C002608,C001065,21,0.038581,0.336196,0.380362,0.244861,9398259,2.645658219541918,112083659,31.552126166099857,watch,stress
C002608,C001065,22,-0.038052,0.354294,0.431301,0.252457,9265866,2.6083889094856816,111468801,31.379040478468657,watch,stress
C002608,C001065,23,-0.021877,0.346274,0.429531,0.246071,9187726,2.5863920978129022,110853559,31.205846692863535,watch,stress
C002608,C001065,24,-5e-06,0.333689,0.423513,0.242804,9187707,2.586386749215234,110237933,31.03254480928449,stress,stress
C002608,C001065,25,-0.082965,0.357928,0.470445,0.254592,8900932,2.5056581125699644,109621923,30.859134827731523,stress,stress
C002608,C001065,26,0.022863,0.341369,0.38922,0.246548,8982588,2.5286446963164773,109005528,30.68561646669949,watch,stress
C002608,C001065,27,-0.030561,0.349963,0.432638,0.247959,8873992,2.4980743640869254,108388748,30.511989726188396,watch,stress
C002608,C001065,28,-0.062908,0.347573,0.465341,0.249994,8652132,2.43561963363232,107771583,30.338254606198237,watch,stress
C002608,C001065,29,-0.071131,0.361486,0.454498,0.255146,8406185,2.366384288860307,107154033,30.164411106729016,stress,stress
C002608,C001065,30,-0.010241,0.341977,0.425639,0.242625,8368925,2.3558954073280853,106536097,29.990458946275588,stress,stress
C002608,C001065,31,-0.058256,0.342225,0.470811,0.24522,8159079,2.2968226796305413,105917775,29.81639812483796,stress,stress
C002608,C001065,32,-0.001337,0.342293,0.415442,0.243602,8154227,2.2954568166892013,105299067,29.642228642416125,stress,stress
C002608,C001065,33,-0.027868,0.345316,0.436328,0.246224,8054126,2.2672778706275567,104679973,29.467950499010087,stress,stress
C002608,C001065,34,-0.095975,0.356775,0.486996,0.252205,7717355,2.172475102981618,104060492,29.293563413114704,stress,stress
C002608,C001065,35,-0.068011,0.353009,0.46239,0.252612,7478944,2.1053611809478445,103440624,29.11906738472998,stress,stress
C002608,C001065,36,-0.100139,0.345719,0.509336,0.245084,7116900,2.003443933887955,102820369,28.94446241385591,stress,stress
C002608,C001071,13,0.119106,0.404781,0.291688,0.184426,15354700,4.447647658704419,84423288,24.45407850451841,healthy,healthy
C002608,C001071,14,0.099828,0.417006,0.295244,0.187922,15693452,4.5457706789966705,83976908,24.32477992089955,healthy,healthy
C002608,C001071,15,0.109884,0.410989,0.292046,0.187081,16068516,4.654411845640389,83529916,24.195304065151177,healthy,healthy
C002608,C001071,16,0.154632,0.396781,0.267015,0.181571,16613080,4.812150440312686,83082312,24.06565093727328,healthy,healthy
C002608,C001071,17,0.14456,0.40481,0.268549,0.182081,17121446,4.9594039099125435,82634094,23.935819957945178,healthy,healthy
C002608,C001071,18,0.106278,0.404325,0.308618,0.180779,17498394,5.068590796641253,82185261,23.805810837506534,healthy,healthy
C002608,C001071,19,0.084772,0.408894,0.319487,0.186847,17789699,5.152970302669954,81735813,23.675623575957342,healthy,healthy
C002608,C001071,20,0.140348,0.397708,0.28116,0.180784,18288842,5.297552234932303,81285749,23.54525788363726,healthy,healthy
C002608,C001071,21,0.098861,0.416884,0.293715,0.19054,18622892,5.394313272294818,80835068,23.41471347088595,healthy,healthy
C002608,C001071,22,0.103577,0.412589,0.297105,0.186729,18980510,5.4979010246058735,80383769,23.283990048043062,healthy,healthy
C002608,C001071,23,0.0676,0.416395,0.325537,0.190468,19209644,5.56427205749024,79931851,23.15308732544826,healthy,healthy
C002608,C001071,24,-0.006529,0.405544,0.323753,0.277232,19186806,5.557656794591616,79253045,22.956464147098018,watch,healthy
C002608,C001071,25,0.010965,0.424345,0.280887,0.283804,19224324,5.56852427131596,78573309,22.759571584629384,watch,healthy
C002608,C001071,26,0.029424,0.40554,0.288681,0.276355,19327854,5.598512806559609,77892641,22.56240905872168,watch,healthy
C002608,C001071,27,-0.001459,0.405606,0.319688,0.276164,19322711,5.597023083418896,77211039,22.364975990054223,watch,healthy
C002608,C001071,28,0.101476,0.420091,0.291046,0.187387,19674724,5.69898728951107,76756015,22.233173582436077,watch,healthy
C002608,C001071,29,0.07933,0.410782,0.32507,0.184817,19954123,5.7799180995037345,76300367,22.101190426764305,watch,healthy
C002608,C001071,30,0.121523,0.404929,0.292234,0.181313,20390996,5.906462882247856,75844094,21.969026233378564,healthy,healthy
C002608,C001071,31,0.107387,0.406892,0.299884,0.185838,20768166,6.0157140735725685,75387196,21.836681002278855,healthy,healthy
C002608,C001071,32,0.116788,0.404496,0.298044,0.180672,21190663,6.138094699235046,74929672,21.704154443804832,healthy,healthy
C002608,C001071,33,0.068812,0.415366,0.329639,0.186183,21432562,6.208163246389528,74471521,21.571446268296153,healthy,healthy
C002608,C001071,34,0.111141,0.414907,0.286803,0.187149,21821779,6.320903975858548,74012741,21.43855589643214,healthy,healthy
C002608,C001071,35,0.100478,0.415321,0.296055,0.188146,22172270,6.422427318909664,73553332,21.30548332821278,healthy,healthy
C002608,C001071,36,0.115327,0.399731,0.301227,0.183715,22584825,6.541928141448483,73093293,21.172228273977744,healthy,healthy
C002608,C001097,13,0.126123,0.383679,0.229853,0.260345,30214182,5.911100048036121,81455923,15.936029986121305,healthy,healthy
C002608,C001097,14,0.187994,0.363661,0.201819,0.246526,31205811,6.1051022629408305,80545663,15.757946795594242,healthy,healthy
C002608,C001097,15,0.147764,0.378121,0.215702,0.258413,31949598,6.250616689623924,79635135,15.579811173569517,healthy,healthy
C002608,C001097,16,0.184417,0.364578,0.198715,0.25229,32900693,6.436688836147266,78724338,15.401622924407215,healthy,healthy
C002608,C001097,17,0.154186,0.376597,0.214063,0.255153,33687188,6.590558652390518,77813274,15.223382439387168,healthy,healthy
C002608,C001097,18,0.134074,0.378182,0.229293,0.258451,34362564,6.722689156735877,76901942,15.045089522869459,healthy,healthy
C002608,C001097,19,0.125611,0.381449,0.235854,0.257087,34998851,6.847172292379422,75990342,14.86674417485409,healthy,healthy
C002608,C001097,20,0.188561,0.364836,0.199895,0.246708,35994490,7.041959023349885,75078474,14.688346395341059,healthy,healthy
C002608,C001097,21,0.041384,0.510709,0.201925,0.245983,36213713,7.084847792796982,74166337,14.509895988690449,watch,healthy
C002608,C001097,22,0.017315,0.525063,0.20404,0.253582,36302712,7.102259549738645,73253932,14.331393150542178,watch,healthy
C002608,C001097,23,-0.04851,0.538703,0.252097,0.25771,36057288,7.054244818835481,72341258,14.15283768525633,watch,healthy
C002608,C001097,24,-0.035353,0.535626,0.241889,0.257838,35878466,7.019260097660839,71428316,13.974229788472819,watch,healthy
C002608,C001097,25,0.181985,0.35825,0.214043,0.245722,36844659,7.208286015645716,70515105,13.79556926455173,watch,healthy
C002608,C001097,26,0.147294,0.374164,0.227902,0.25064,37611554,7.358321289522688,69601625,13.616856113493064,watch,healthy
C002608,C001097,27,0.147386,0.364216,0.242997,0.245401,38395540,7.511700245215072,68687877,13.438090530936737,watch,healthy
C002608,C001097,28,0.177873,0.365298,0.207036,0.249792,39325336,7.69360545715375,67773860,13.25927232124283,watch,healthy
C002608,C001097,29,0.183309,0.363275,0.206475,0.24694,40294899,7.883290681657728,66859574,13.080401484411347,healthy,healthy
C002608,C001097,30,0.138247,0.373159,0.24034,0.248255,41022459,8.02563045941339,65945019,12.901478020442285,healthy,healthy
C002608,C001097,31,0.157345,0.369739,0.222958,0.249958,41845130,8.186577745281264,65030195,12.722501929335646,healthy,healthy
C002608,C001097,32,0.16961,0.372455,0.210382,0.247552,42740811,8.36180870146353,64115102,12.543473211091428,healthy,healthy
C002608,C001097,33,0.112568,0.38178,0.250707,0.254945,43318192,8.474767472177069,63199739,12.364391670069715,healthy,healthy
C002608,C001097,34,0.135169,0.386003,0.220177,0.258651,44001764,8.608501441279266,62284107,12.185257501910424,healthy,healthy
C002608,C001097,35,0.133462,0.381154,0.229549,0.255835,44684333,8.742039183545065,61368206,12.006070706613556,healthy,healthy
C002608,C001097,36,0.160696,0.370447,0.21912,0.249738,45526499,8.90680046958797,60452036,11.826831284179109,healthy,healthy
C002608,C001103,13,-3.719622,0.362956,0.280054,0.212972,6305456,1.6449942570677025,25861156,6.746768687487782,stress,healthy
C002608,C001103,14,0.094882,0.374175,0.311846,0.219097,6663781,1.738475611495326,25281958,6.595665042691101,stress,healthy
C002608,C001103,15,0.157167,0.361388,0.266086,0.215359,7268064,1.8961235380915376,24702345,6.444453130924247,stress,healthy
C002608,C001103,16,0.129661,0.358929,0.298894,0.212516,7773622,2.028015665578373,24122315,6.293132430418687,healthy,healthy
C002608,C001103,17,0.120711,0.368484,0.29108,0.219725,8229165,2.1468596665272965,23541869,6.1417032020586895,healthy,healthy
C002608,C001103,18,0.112143,0.372466,0.297493,0.217898,8656232,2.2582747271324504,22961005,5.990164924075722,healthy,healthy
C002608,C001103,19,0.133971,0.373873,0.273072,0.219084,9164028,2.3907507136054273,22379724,5.838517857354049,healthy,healthy
C002608,C001103,20,0.110113,0.375052,0.293499,0.221335,9577446,2.4986049648710638,21798026,5.686762001893672,healthy,healthy
C002608,C001103,21,0.138526,0.370357,0.272826,0.21829,10105173,2.636280635639295,21215910,5.534897096810324,healthy,healthy
C002608,C001103,22,0.148179,0.360195,0.277678,0.213948,10681546,2.786647282385999,20633376,5.382923142104007,healthy,healthy
C002608,C001103,23,0.102283,0.368843,0.314037,0.214836,11078037,2.8900855456898786,20050423,5.230839876890454,healthy,healthy
C002608,C001103,24,0.068204,0.386547,0.320077,0.225172,11330467,2.9559405608246445,19467051,5.078647301169665,healthy,healthy
C002608,C001103,25,0.104988,0.365451,0.312194,0.217367,11733282,3.0610286562234115,18883261,4.926345675825907,healthy,healthy
C002608,C001103,26,0.078696,0.381499,0.319119,0.220687,12030892,3.138670422472501,18299051,4.773934479090648,healthy,healthy
C002608,C001103,27,0.10641,0.366784,0.308825,0.217982,12438594,3.245033459276662,17714421,4.621413710963887,healthy,healthy
C002608,C001103,28,0.10223,0.370367,0.310687,0.216717,12832852,3.347889168015728,17129371,4.4687833714456255,healthy,healthy
C002608,C001103,29,0.080309,0.381944,0.314074,0.223672,13133154,3.426233234707486,16543901,4.316043460535863,healthy,healthy
C002608,C001103,30,0.125534,0.36708,0.292619,0.214768,13622379,3.5538643394862595,15958011,4.1631939782346,healthy,healthy
C002608,C001103,31,0.119249,0.372289,0.287551,0.220912,14074510,3.6718182033213695,15371700,4.010234663657569,healthy,healthy
C002608,C001103,32,0.084866,0.383155,0.30819,0.223789,14392369,3.7547426150621357,14784968,3.857165516804773,healthy,healthy
C002608,C001103,33,0.050272,0.383271,0.340378,0.226078,14578888,3.8034024873749406,14197814,3.7039862767919445,healthy,healthy
C002608,C001103,34,0.044339,0.384846,0.343796,0.227019,14742831,3.8461726365103006,13610238,3.5506969436190836,watch,healthy
C002608,C001103,35,0.102509,0.383162,0.290191,0.224138,15127002,3.9463968056634844,13022241,3.397297778170457,healthy,healthy
C002608,C001103,36,0.060698,0.384919,0.332363,0.22202,15356813,4.006350879597389,12433821,3.243788258677532,healthy,healthy
C002608,C001153,13,0.086312,0.401155,0.267621,0.244913,14292489,2.9131393607808764,86245318,17.5787877499058,healthy,healthy
C002608,C001153,14,0.075257,0.401909,0.276423,0.246411,14659782,2.988002157263651,85403485,17.407202741339116,healthy,healthy
C002608,C001153,15,0.082689,0.382255,0.296454,0.238602,15077134,3.073068134120489,84560482,17.235379259749845,healthy,healthy
C002608,C001153,16,0.126908,0.381913,0.254922,0.236256,15724933,3.205104532033721,83716308,17.06331710131489,healthy,healthy
C002608,C001153,17,0.069294,0.382228,0.31058,0.237898,16076688,3.276800325247309,82870961,16.891015858388062,healthy,healthy
C002608,C001153,18,-2.0,1.0,1.0,1.0,15100324,3.0777947917220105,82529234,16.821364003183447,stress,healthy
C002608,C001153,19,-2.0,1.0,1.0,1.0,14074842,2.868777875356198,82170315,16.748208021308482,stress,healthy
C002608,C001153,20,-2.0,1.0,1.0,1.0,13064058,2.662756750858741,81816541,16.67610070926361,stress,healthy
C002608,C001153,21,0.094684,0.383422,0.285875,0.23602,13551222,2.7620520257094303,80966485,16.502839663376648,watch,healthy
C002608,C001153,22,0.081398,0.389441,0.287789,0.241372,13961309,2.8456372277721744,80115249,16.329338106236133,watch,healthy
C002608,C001153,23,0.056936,0.408192,0.286461,0.248411,14240415,2.902525476867913,79262830,16.15559542637278,watch,healthy
C002608,C001153,24,0.105435,0.390776,0.264855,0.238935,14778515,3.0122026849480585,78409226,15.981611216140399,watch,healthy
C002608,C001153,25,0.103717,0.387962,0.268341,0.23998,15306276,3.1197725660363056,77554436,15.80738527171589,healthy,healthy
C002608,C001153,26,0.078789,0.381237,0.303192,0.236782,15713172,3.2027073685989866,76698458,15.632917185453065,healthy,healthy
C002608,C001153,27,0.076384,0.38346,0.302766,0.23739,16107183,3.2830159105667738,75841291,15.458206753528824,healthy,healthy
C002608,C001153,28,0.054309,0.390602,0.314186,0.240903,16383622,3.339360563464873,74982933,15.283253568296976,healthy,healthy
C002608,C001153,29,0.035311,0.405226,0.310782,0.248681,16557980,3.374898750876949,74123383,15.108057425934424,watch,healthy
C002608,C001153,30,0.021055,0.408794,0.322131,0.24802,16662366,3.3961750285997776,73262638,14.932617714971881,watch,healthy
C002608,C001153,31,0.071636,0.389299,0.301836,0.237229,17034195,3.471962366647041,72400697,14.756934231586248,healthy,healthy
C002608,C001153,32,0.080821,0.389545,0.290871,0.238763,17451582,3.5570354773122475,71537559,14.581006771954431,healthy,healthy
C002608,C001153,33,0.040549,0.394578,0.320984,0.243889,17656874,3.598878728383032,70673221,14.404834724607142,watch,healthy
C002608,C001153,34,0.082085,0.38746,0.290943,0.239512,18080637,3.685251415109787,69807682,14.228417885721283,healthy,healthy
C002608,C001153,35,0.0555,0.408936,0.289041,0.246523,18359396,3.7420689375911347,68940941,14.051756051473758,healthy,healthy
C002608,C001153,36,0.026626,0.398503,0.328793,0.246078,18493558,3.76941425182724,68072995,13.874848610395278,watch,healthy
C002608,C001184,13,0.19849,0.304638,0.279003,0.217869,21238338,6.423250316172242,32286748,9.764693654426889,healthy,healthy
C002608,C001184,14,0.188598,0.315554,0.272754,0.223094,21860094,6.611292074599007,31771911,9.608988112730211,healthy,healthy
C002608,C001184,15,0.224478,0.300511,0.259986,0.215025,22627921,6.843511046748126,31257067,9.453280453977468,healthy,healthy
C002608,C001184,16,0.228894,0.304178,0.251635,0.215293,23409887,7.080006169706238,30742216,9.297570678168665,healthy,healthy
C002608,C001184,17,-2.31114,0.460893,0.245872,0.219283,15657937,4.735532920977858,36910926,11.16321423548821,watch,healthy
C002608,C001184,18,0.178855,0.311077,0.288608,0.221459,16251957,4.915186298413166,36396061,11.007500225567282,healthy,healthy
C002608,C001184,19,0.186983,0.315248,0.280257,0.217512,16884254,5.10641604083297,35881189,10.851784098590292,healthy,healthy
C002608,C001184,20,0.210452,0.315988,0.25024,0.22332,17577414,5.316052980840138,35366310,10.69606585455724,healthy,healthy
C002608,C001184,21,0.166282,0.329169,0.278161,0.226388,18117676,5.47944797259118,34851424,10.540345493468125,healthy,healthy
C002608,C001184,22,0.189722,0.310303,0.281407,0.218568,18756159,5.672548587696779,34336531,10.38462301532295,healthy,healthy
C002608,C001184,23,0.208875,0.316215,0.257703,0.217206,19463519,5.886480127144338,33821631,10.22889842012171,healthy,healthy
C002608,C001184,24,0.187612,0.321067,0.26763,0.223691,20080458,6.073065048563754,33306724,10.07317170786441,healthy,healthy
C002608,C001184,25,0.201391,0.31929,0.259812,0.219506,20755346,6.277175867375511,32791810,9.917442878551046,healthy,healthy
C002608,C001184,26,0.174095,0.324116,0.280524,0.221265,21334132,6.452221925946387,32276888,9.76171162974504,healthy,healthy
C002608,C001184,27,0.177779,0.332486,0.265205,0.22453,21916579,6.628375204837775,31761959,9.605978263882973,healthy,healthy
C002608,C001184,28,0.184435,0.328036,0.266549,0.22098,22530547,6.8140615871770915,31247023,9.450242780964842,healthy,healthy
C002608,C001184,29,0.151112,0.327469,0.296308,0.225111,23024362,6.96340930708251,30732080,9.294505180990651,healthy,healthy
C002608,C001184,30,0.14937,0.327359,0.30117,0.222102,23519104,7.113037385697875,30217130,9.138765463960397,healthy,healthy
C002608,C001184,31,0.18608,0.318007,0.280001,0.215913,24153111,7.304784294670009,29702173,8.98302362987408,healthy,healthy
C002608,C001184,32,0.190329,0.324969,0.263425,0.221277,24785885,7.496158299338621,29187209,8.827279678731701,healthy,healthy
C002608,C001184,33,0.189593,0.326715,0.263146,0.220545,25418313,7.687427660950447,28672237,8.67153330809668,healthy,healthy
C002608,C001184,34,0.186072,0.327607,0.267024,0.219297,26042537,7.876215832857415,28157258,8.515784820405598,healthy,healthy
C002608,C001184,35,0.162106,0.325217,0.296159,0.216518,26593347,8.04280092565756,27642272,8.360034215658452,healthy,healthy
C002608,C001184,36,0.133589,0.335466,0.308998,0.221947,27036165,8.176725287276946,27127279,8.204281493855245,healthy,healthy
C002608,C001201,13,0.059867,0.366899,0.38768,0.185554,12609656,3.260023855787019,53139067,13.738251550578758,healthy,stress
C002608,C001201,14,0.019548,0.354469,0.445867,0.180116,12687133,3.2800542886770843,52639354,13.609058787425909,watch,stress
C002608,C001201,15,0.023956,0.365511,0.425075,0.185458,12779367,3.3038999066951065,52139520,13.479834741668162,watch,stress
C002608,C001201,16,0.023908,0.360647,0.43529,0.180154,12874150,3.328404527687389,51639565,13.350579413305518,watch,stress
C002608,C001201,17,-0.004137,0.360815,0.462418,0.180904,12857813,3.3241808589582824,51139489,13.221292802337974,watch,stress
C002608,C001201,18,-0.006742,0.37618,0.440536,0.190026,12832461,3.317626506897297,50639293,13.091975167299456,watch,stress
C002608,C001201,19,-0.017328,0.381252,0.449014,0.187062,12766252,3.3005092342716362,50138976,12.962626249656042,stress,stress
C002608,C001201,20,-0.035032,0.374956,0.475145,0.18493,12630825,3.2654967604406555,49638538,12.833246049407729,stress,stress
C002608,C001201,21,-0.009631,0.366797,0.462068,0.180766,12592728,3.2556473935083683,49137979,12.703834566554518,stress,stress
C002608,C001201,22,-0.079126,0.38271,0.507693,0.188724,12292842,3.1781166889422368,48637299,12.574391801096407,stress,stress
C002608,C001201,23,-0.062789,0.37153,0.507943,0.183316,12047795,3.1147637262770345,48136499,12.444918011567324,stress,stress
C002608,C001201,24,-0.018606,0.372603,0.461379,0.184624,11975679,3.096119293757707,47635578,12.315412939433344,stress,stress
C002608,C001201,25,-0.050783,0.387309,0.473512,0.189962,11784328,3.046648568717412,47134536,12.185876584694464,stress,stress
C002608,C001201,26,-0.052786,0.36878,0.500554,0.183452,11578322,2.9933890290094882,46633372,12.056308688816761,stress,stress
C002608,C001201,27,-0.003845,0.371297,0.449773,0.182774,11563257,2.9894942154326998,46132087,11.926709510334161,stress,stress
C002608,C001201,28,-0.048754,0.368459,0.49939,0.180905,11370215,2.939586309525605,45630681,11.797079049246662,stress,stress
C002608,C001201,29,-0.037785,0.377711,0.47394,0.186134,11224773,2.901984618437967,45129154,11.667417305554265,stress,stress
C002608,C001201,30,-0.043868,0.375208,0.483888,0.184772,11054631,2.8579971394083,44627506,11.53772427925697,stress,stress
C002608,C001201,31,-0.111452,0.391876,0.530428,0.189147,10632262,2.7488004241335213,44125737,11.407999970354776,stress,stress
C002608,C001201,32,-0.095947,0.388781,0.521151,0.186014,10262438,2.6531883739362296,43623847,11.278244378847685,stress,stress
C002608,C001201,33,-0.090066,0.39292,0.508916,0.188229,9919284,2.5644714235127815,43121836,11.148457504735696,stress,stress
C002608,C001201,34,-0.158497,0.37725,0.596733,0.184514,9303098,2.405166438539204,42619704,11.018639348018807,stress,stress
C002608,C001201,35,-0.081706,0.385061,0.511531,0.185114,8986405,2.32329055429932,42117451,10.88878990869702,stress,stress
C002608,C001201,36,-0.072355,0.371829,0.519015,0.18151,8700320,2.249327876429057,41615076,10.758908928236412,stress,stress
C002608,C001226,13,0.104707,0.400487,0.265295,0.229511,17529398,2.9746783896815443,157451434,26.71896537143888,healthy,healthy
C002608,C001226,14,0.139569,0.395293,0.238702,0.226436,18365521,3.1165655793737232,156501871,26.55782780494965,healthy,healthy
C002608,C001226,15,-0.025534,0.530741,0.26625,0.228543,18213891,3.090834491276607,155551836,26.396610141688136,watch,healthy
C002608,C001226,16,0.01425,0.527045,0.233991,0.224714,18299996,3.1054462128396367,154601328,26.23531221195778,watch,healthy
C002608,C001226,17,-0.004169,0.538944,0.236132,0.229093,18275271,3.1012504656049127,153650348,26.073934185455137,watch,healthy
C002608,C001226,18,0.09943,0.41183,0.2582,0.230539,18861495,3.2007306567850478,152698895,25.91247589248366,watch,healthy
C002608,C001226,19,0.113562,0.402995,0.252742,0.2307,19530904,3.3143270555979636,151746969,25.75093733304334,watch,healthy
C002608,C001226,20,0.129904,0.403946,0.239437,0.226713,20310500,3.446621808326048,150794569,25.589318337437632,watch,healthy
C002608,C001226,21,0.100494,0.411513,0.256719,0.231274,20901991,3.546995791242696,149841695,25.427618905666534,healthy,healthy
C002608,C001226,22,0.15037,0.399717,0.228199,0.221714,21825667,3.7037404231044118,148888348,25.2658392074266,healthy,healthy
C002608,C001226,23,0.134147,0.397065,0.245179,0.22361,22643112,3.8424580206085146,147934526,25.103978903324723,healthy,healthy
C002608,C001226,24,0.122775,0.397614,0.257311,0.2223,23396042,3.970227645095501,146980229,24.942037993360906,healthy,healthy
C002608,C001226,25,0.094724,0.406215,0.270265,0.228796,23960736,4.066054269522811,146025458,24.780016647231697,healthy,healthy
C002608,C001226,26,0.10043,0.407537,0.262216,0.229817,24557080,4.167251789803669,145070212,24.617914695240547,healthy,healthy
C002608,C001226,27,0.086935,0.41261,0.27331,0.227145,25079625,4.255925874283704,144114491,24.455732137387457,healthy,healthy
C002608,C001226,28,0.082718,0.412886,0.27544,0.228956,25573139,4.339673498178449,143158295,24.29346897367243,healthy,healthy
C002608,C001226,29,0.081632,0.418747,0.26956,0.23006,26058077,4.421965804447916,142201623,24.131125034398902,healthy,healthy
C002608,C001226,30,0.123314,0.408272,0.241182,0.227232,26800111,4.5478864153102485,141244475,23.96870031956689,healthy,healthy
C002608,C001226,31,0.116745,0.401569,0.258618,0.223068,27516083,4.669384394648563,140286851,23.80619482917638,healthy,healthy
C002608,C001226,32,0.122687,0.401817,0.25351,0.221986,28272546,4.797753557051839,139328751,23.643608563227378,healthy,healthy
C002608,C001226,33,0.119475,0.408662,0.245751,0.226113,28996115,4.920540721091556,138370174,23.480941352023333,healthy,healthy
C002608,C001226,34,0.07016,0.413487,0.287846,0.228507,29416776,4.9919254421231525,137411120,23.318193195564245,healthy,healthy
C002608,C001226,35,0.095256,0.419416,0.25419,0.231138,29981691,5.087789569488334,136451589,23.15536409385011,healthy,healthy
C002608,C001226,36,0.081263,0.42403,0.262314,0.232393,30461254,5.16916975679373,135491581,22.992454046880933,healthy,healthy
C002608,C001248,13,0.103072,0.340498,0.327994,0.228436,26972486,4.322056179735671,74883835,11.999344139952703,healthy,healthy
C002608,C001248,14,0.095994,0.355179,0.315069,0.233758,27562152,4.416543932154192,73878695,11.838281064472767,healthy,healthy
C002608,C001248,15,0.120501,0.34483,0.303173,0.231496,28310390,4.536441173803072,72872482,11.677046052068633,healthy,healthy
C002608,C001248,16,0.043568,0.357397,0.361642,0.237392,28574484,4.578759449720654,71865196,11.515639102740296,watch,healthy
C002608,C001248,17,-1.208933,0.417364,0.308656,0.226276,20878180,3.3455079702565675,83199392,13.331824376286656,watch,healthy
C002608,C001248,18,0.10149,0.351194,0.311466,0.23585,21498719,3.4449427950523615,82189956,13.170072912152142,healthy,healthy
C002608,C001248,19,0.092339,0.349644,0.325828,0.232188,22072824,3.536937061471376,81179443,13.008148870135651,healthy,healthy
C002608,C001248,20,0.08965,0.347774,0.333142,0.229434,22637500,3.627420430165994,80167853,12.84605225023718,healthy,healthy
C002608,C001248,21,0.101635,0.343908,0.324237,0.23022,23276159,3.7297587937003676,79155183,12.683782571738398,healthy,healthy
C002608,C001248,22,0.102964,0.35782,0.304938,0.234279,23912639,3.831747995484666,78141433,12.521339834639303,healthy,healthy
C002608,C001248,23,0.074933,0.349992,0.346401,0.228674,24387705,3.9078723075366697,77126602,12.358723878700449,healthy,healthy
C002608,C001248,24,0.105303,0.352689,0.308366,0.233642,25041812,4.012686050013294,76110689,12.195934543682394,healthy,healthy
C002608,C001248,25,0.066149,0.355891,0.34487,0.23309,25454118,4.078753734513792,75093692,12.032971509106247,healthy,healthy
C002608,C001248,26,0.063712,0.352286,0.350394,0.233608,25850774,4.142313671704203,74075611,11.869834774972007,healthy,healthy
C002608,C001248,27,0.031012,0.362029,0.369877,0.237082,26041225,4.172831434193238,73056443,11.706523860561344,watch,healthy
C002608,C001248,28,0.071195,0.35533,0.33671,0.236765,26479496,4.243059735876255,72036188,11.543038765874254,healthy,healthy
C002608,C001248,29,0.064218,0.367907,0.329382,0.238493,26872373,4.306014128205016,71014845,11.379379330671293,healthy,healthy
C002608,C001248,30,0.087869,0.352985,0.325885,0.233261,27422584,4.394179633331556,69992413,11.215545394713017,healthy,healthy
C002608,C001248,31,0.038492,0.362522,0.361387,0.2376,27659459,4.4321363518029235,68968891,11.05153679775998,watch,healthy
C002608,C001248,32,0.116513,0.348549,0.306732,0.228206,28406784,4.551887294838762,67944277,10.887353219333294,healthy,healthy
C002608,C001248,33,0.063214,0.353409,0.34987,0.233507,28803464,4.615451077775846,66918570,10.722994499193515,healthy,healthy
C002608,C001248,34,0.019306,0.366867,0.373623,0.240204,28921363,4.63434314807054,65891769,10.558460477101196,watch,healthy
C002608,C001248,35,0.111604,0.347119,0.311473,0.229804,29634497,4.748615344251479,64863872,10.393750832577448,healthy,healthy
C002608,C001248,36,0.059472,0.3601,0.347502,0.232926,30009822,4.808757213846269,63834879,10.228865565622272,healthy,healthy
C002608,C001304,13,0.113753,0.388086,0.2953,0.202861,20416774,4.451142302452984,63138974,13.765179460030224,healthy,healthy
C002608,C001304,14,0.093714,0.394639,0.304122,0.207525,20842909,4.544045692824833,62478411,13.621167486702054,healthy,healthy
C002608,C001304,15,0.105143,0.402743,0.285072,0.207042,21322281,4.648555493825299,61817641,13.477110384478566,healthy,healthy
C002608,C001304,16,0.147471,0.393067,0.259305,0.200157,22017986,4.800228914686403,61156664,13.333008153359758,healthy,healthy
C002608,C001304,17,0.091277,0.406256,0.29196,0.210508,22427547,4.889518941236873,60495479,13.188860575331644,healthy,healthy
C002608,C001304,18,0.106046,0.411776,0.27247,0.209707,22905344,4.993685370207734,59834087,13.04466786840821,healthy,healthy
C002608,C001304,19,0.098255,0.394303,0.303445,0.203997,23360571,5.0929312234908615,59172488,12.900430032589457,healthy,healthy
C002608,C001304,20,0.100084,0.404707,0.290514,0.204694,23822838,5.193711895242825,58510681,12.756146849861397,healthy,healthy
C002608,C001304,21,0.119417,0.392735,0.286697,0.201151,24384291,5.3161165023144,57848667,12.611818538238017,healthy,healthy
C002608,C001304,22,0.091506,0.39988,0.305868,0.202746,24811267,5.409203242449358,57186445,12.467444879705331,healthy,healthy
C002608,C001304,23,0.083587,0.405717,0.301057,0.209639,25188585,5.491463844015352,56524015,12.323025874263339,healthy,healthy
C002608,C001304,24,0.133869,0.404877,0.257635,0.203619,25810942,5.627146374954262,55861377,12.178561521912039,healthy,healthy
C002608,C001304,25,0.138668,0.386302,0.276242,0.198788,26471486,5.771154206016677,55198532,12.034052040665422,healthy,healthy
C002608,C001304,26,0.020737,0.409307,0.260463,0.309492,26566688,5.7919095736118775,54203952,11.81721968942454,watch,healthy
C002608,C001304,27,-0.016627,0.407893,0.295479,0.313254,26491251,5.775463252470734,53209060,11.6003193178197,watch,healthy
C002608,C001304,28,0.012893,0.391546,0.295031,0.30053,26552246,5.788761015610891,52213855,11.383350707836911,watch,healthy
C002608,C001304,29,-0.002975,0.404256,0.291921,0.306799,26538455,5.785754384715475,51218339,11.16631429550415,watch,healthy
C002608,C001304,30,-0.007949,0.408306,0.295688,0.303954,26501253,5.777643828369215,50222510,10.949209644793443,watch,healthy
C002608,C001304,31,0.078815,0.41631,0.298369,0.206506,26863337,5.856583204856479,49558416,10.804427864076999,watch,healthy
C002608,C001304,32,0.12562,0.400757,0.274834,0.198788,27463041,5.987327064946729,48894114,10.659600736451248,watch,healthy
C002608,C001304,33,0.123218,0.398322,0.280114,0.198346,28052772,6.115896671544124,48229603,10.514728043902203,watch,healthy
C002608,C001304,34,0.117149,0.407506,0.272661,0.202684,28601626,6.235554520392847,47564884,10.36981000444385,watch,healthy
C002608,C001304,35,0.137459,0.404559,0.258662,0.19932,29256712,6.378372431113938,46899956,10.224846400062207,healthy,healthy
C002608,C001304,36,0.105268,0.410055,0.28177,0.202907,29749674,6.485845042198424,46234820,10.079837448771254,healthy,healthy
C002608,C001331,13,0.100658,0.309477,0.333985,0.25588,29918017,4.513671961631245,109957682,16.589097673464277,healthy,healthy
C002608,C001331,14,0.087876,0.307288,0.352065,0.252771,30502192,4.601805286717127,108781440,16.411640372885397,healthy,healthy
C002608,C001331,15,0.036764,0.325403,0.373137,0.264695,30735982,4.637076720913777,107603168,16.233876810227645,watch,healthy
C002608,C001331,16,0.099524,0.313588,0.330164,0.256723,31389653,4.73569476985838,106422862,16.055806382018947,healthy,healthy
C002608,C001331,17,0.075671,0.320471,0.346261,0.257597,31885827,4.810551558391204,105240519,15.877428635655242,healthy,healthy
C002608,C001331,18,0.028935,0.331889,0.370139,0.269036,32067801,4.838005615307672,104056135,15.698742967664458,watch,healthy
C002608,C001331,19,0.117799,0.319834,0.30598,0.256387,32846537,4.9554919730670415,102869706,15.519748774574515,healthy,healthy
C002608,C001331,20,0.085705,0.320148,0.334513,0.259634,33406987,5.040045954398632,101681230,15.340445754649375,healthy,healthy
C002608,C001331,21,0.035954,0.329294,0.365212,0.26954,33633850,5.074272325826644,100490702,15.160833153548944,watch,healthy
C002608,C001331,22,0.064044,0.324991,0.351273,0.259693,34054002,5.137659825807785,99298120,14.980910669537183,healthy,healthy
C002608,C001331,23,-0.044168,0.445522,0.33761,0.261035,33765238,5.094094573126483,98103479,14.800677548273994,watch,healthy
C002608,C001331,24,-0.105761,0.46056,0.376418,0.268784,33092552,4.992607768797778,96906777,14.620133488023342,watch,healthy
C002608,C001331,25,-0.090604,0.46464,0.354125,0.271839,32521765,4.9064942647522525,95708009,14.43927773444513,stress,healthy
C002608,C001331,26,-0.019766,0.444317,0.315869,0.25958,32391136,4.886786526278946,94507172,14.2581098349353,stress,healthy
C002608,C001331,27,-0.085879,0.454449,0.364815,0.266615,31837610,4.803277155111936,93304262,14.076629186021776,stress,healthy
C002608,C001331,28,-0.095679,0.458999,0.367969,0.268711,31224674,4.710804714927335,92099276,13.8948353351005,stress,healthy
C002608,C001331,29,0.0626,0.333159,0.337852,0.266388,31629898,4.771940057118632,90892210,13.712727678699396,watch,healthy
C002608,C001331,30,0.05703,0.329381,0.351924,0.261665,32006374,4.828738245495458,89683060,13.530305613346389,watch,healthy
C002608,C001331,31,0.016962,0.335908,0.378899,0.268231,32115797,4.845246676754708,88471823,13.347568686437418,watch,healthy
C002608,C001331,32,0.039594,0.344258,0.344297,0.271851,32368247,4.883333308188663,87258495,13.164516294500409,watch,healthy
C002608,C001331,33,0.028999,0.334365,0.369996,0.26664,32557084,4.911822772320546,86043073,12.981147984931303,watch,healthy
C002608,C001331,34,0.052795,0.336293,0.343182,0.26773,32900065,4.963567636396005,84825553,12.797463154258024,healthy,healthy
C002608,C001331,35,0.020336,0.3394,0.37278,0.267484,33032525,4.983551614212371,83605932,12.613461349876514,watch,healthy
C002608,C001331,36,0.068419,0.333207,0.332134,0.26624,33481042,5.05121848555665,82384206,12.429141968314699,healthy,healthy
C002608,C001358,13,0.091745,0.337037,0.250252,0.320966,21157848,4.594808178374292,11353071,2.465524068443256,healthy,recovered
C002608,C001358,14,0.166301,0.315322,0.211489,0.306887,21942403,4.765188442491155,10339618,2.245434476496194,healthy,recovered
C002608,C001358,15,0.144169,0.327692,0.210277,0.317862,22600372,4.908078274307545,9324140,2.024905119287504,healthy,recovered
C002608,C001358,16,-2.0,1.0,1.0,1.0,21683170,4.7088913224577515,9003119,1.9551896209896666,stress,recovered
C002608,C001358,17,-2.0,1.0,1.0,1.0,20761286,4.508687589889467,8680460,1.8851184014579794,stress,recovered
C002608,C001358,18,-2.0,1.0,1.0,1.0,19826930,4.305775337645615,8353435,1.8140990263054189,stress,recovered
C002608,C001358,19,-2.0,1.0,1.0,1.0,18924212,4.109733847548622,8037484,1.7454845699218804,stress,recovered
C002608,C001358,20,-2.0,1.0,1.0,1.0,17975982,3.903808606050533,7705604,1.6734108439815645,stress,recovered
C002608,C001358,21,-2.0,1.0,1.0,1.0,17046376,3.7019279019512403,7380242,1.6027526192636152,stress,recovered
C002608,C001358,22,0.145751,0.327018,0.217726,0.309504,17739143,3.8523747468906606,6350475,1.3791201480680588,watch,recovered
C002608,C001358,23,0.141446,0.339373,0.243242,0.275939,18390191,3.99376155876842,5461409,1.1860434359225458,watch,recovered
C002608,C001358,24,0.173149,0.350615,0.233145,0.243091,19168202,4.162720675294126,4696812,1.0199974113570773,watch,recovered
C002608,C001358,25,0.218236,0.347427,0.227979,0.206358,20161630,4.378461477431753,4039259,0.8771979214413472,watch,recovered
C002608,C001358,26,0.254743,0.330831,0.241601,0.172824,21352406,4.6370599560393995,3473763,0.7543902689032465,healthy,recovered
C002608,C001358,27,0.298192,0.330885,0.224656,0.146266,22768796,4.944654582665301,2987436,0.6487755921665465,healthy,recovered
C002608,C001358,28,0.293385,0.343269,0.233635,0.129711,24120214,5.238139368017867,2569195,0.5579470179499512,healthy,recovered
C002608,C001358,29,0.29393,0.345977,0.246742,0.113351,25452644,5.52750056680856,2209508,0.47983450058736715,healthy,recovered
C002608,C001358,30,0.33708,0.331943,0.237426,0.093551,27044888,5.873285060258338,1900177,0.41265769656529944,healthy,recovered
C002608,C001358,31,0.335666,0.334789,0.249174,0.080371,28632094,6.2179754611707905,1634153,0.35488578843722124,healthy,recovered
C002608,C001358,32,0.342247,0.356779,0.228325,0.07265,30171770,6.552343865596733,1405371,0.3052016520985526,healthy,recovered
C002608,C001358,33,0.361365,0.347539,0.230497,0.060599,31847871,6.916339418574585,1208619,0.26247340777467343,healthy,recovered
C002608,C001358,34,0.345377,0.358353,0.242627,0.053643,33404194,7.254323019203156,1039412,0.22572705684908878,healthy,recovered
C002608,C001358,35,0.39764,0.342828,0.215846,0.043686,35296404,7.665250538069991,893895,0.19412541656447704,healthy,recovered
C002608,C001358,36,0.400395,0.350693,0.210718,0.038194,37170557,8.072256653811285,768750,0.1669479233958594,healthy,recovered
C002608,C001419,13,-0.020231,0.338051,0.487712,0.194467,7727112,2.064317873095046,11216783,2.996592468897652,watch,stress
C002608,C001419,14,-0.09932,0.355365,0.539692,0.204264,7363421,1.9671568857062507,10693203,2.8567167233416013,watch,stress
C002608,C001419,15,-0.091318,0.347185,0.543698,0.200436,7022545,1.876090984330789,10169468,2.716799569136326,stress,stress
C002608,C001419,16,-0.069924,0.344785,0.524388,0.200751,6761864,1.8064493837591538,9645579,2.5768412734344013,stress,stress
C002608,C001419,17,-0.02342,0.344648,0.478476,0.200295,6674330,1.7830644502026707,9121535,2.4368415690832514,stress,stress
C002608,C001419,18,-0.098987,0.34821,0.549295,0.201482,6306420,1.6847763460972303,8597337,2.2968007232354526,stress,stress
C002608,C001419,19,-0.040877,0.344891,0.495733,0.200252,6153514,1.6439271143657022,8072984,2.1567184687384287,stress,stress
C002608,C001419,20,-0.078681,0.339382,0.545804,0.193495,5848826,1.5625289303976708,7548476,2.01659480559218,stress,stress
C002608,C001419,21,-0.091531,0.352445,0.537959,0.201127,5507728,1.4714037211504158,7023813,1.8764297337967064,stress,stress
C002608,C001419,22,-0.112366,0.338334,0.58042,0.193612,5072604,1.3551592238255927,6498996,1.7362235205045835,stress,stress
C002608,C001419,23,-0.164313,0.354993,0.605722,0.203598,4467353,1.1934648602640643,5974024,1.5959758985632355,stress,stress
C002608,C001419,24,-0.192645,0.3548,0.633512,0.204333,3760082,1.0045155909352637,5448897,1.4556868679726627,stress,stress
C002608,C001419,25,-0.072617,0.340283,0.537101,0.195233,3480970,0.929950101241921,4923616,1.3153566958854406,stress,stress
C002608,C001419,26,-0.083364,0.345231,0.539351,0.198781,3166179,0.8458528748021512,4398180,1.1749851151489936,stress,stress
C002608,C001419,27,-0.125741,0.355117,0.565973,0.204651,2704847,0.7226068427748319,3872588,1.034571858610746,stress,stress
C002608,C001419,28,-0.109606,0.35258,0.558294,0.198731,2290614,0.611943429907802,3346842,0.8941174605758491,stress,stress
C002608,C001419,29,-0.12342,0.351741,0.594364,0.177315,1824701,0.48747357193145435,2878284,0.7689409840369211,stress,stress
C002608,C001419,30,-0.225805,0.35975,0.708201,0.157854,1001246,0.26748544775395033,2475324,0.6612891821551341,stress,stress
C002608,C001419,31,-0.093096,0.360598,0.598818,0.133681,656479,0.17538005570665507,2128778,0.5687085256757669,stress,stress
C002608,C001419,32,-0.084352,0.362216,0.607333,0.114803,343653,0.09180778407802707,1830749,0.48908931070895345,stress,stress
C002608,C001419,33,-0.080859,0.359213,0.622795,0.098851,44147,0.011793984756986441,1574444,0.4206167698083394,stress,stress
C002608,C001419,34,-0.03913,0.3425,0.614977,0.081653,-106756,-0.028520140365525276,1354022,0.361730464779584,stress,stress
C002608,C001419,35,-0.123342,0.359883,0.690676,0.072783,-565675,-0.151121533227814,1164459,0.3110882210826483,stress,stress
C002608,C001419,36,-0.170723,0.36618,0.740658,0.063885,-1188043,-0.3173887474266528,1001435,0.2675359395907472,stress,stress
C002608,C001433,13,0.099058,0.401431,0.244219,0.255293,18230204,3.0599775749627365,42313791,7.102457634136188,healthy,healthy
C002608,C001433,14,0.042362,0.425177,0.267096,0.265366,18476601,3.1013358227661123,41233344,6.921102362909615,watch,healthy
C002608,C001433,15,-2.0,1.0,1.0,1.0,17308293,2.9052329003495796,40824436,6.8524663064934135,stress,healthy
C002608,C001433,16,-2.0,1.0,1.0,1.0,16088433,2.7004768677459925,40397485,6.7808016950821575,stress,healthy
C002608,C001433,17,-2.0,1.0,1.0,1.0,14883669,2.4982547300714826,39975818,6.710024014036909,stress,healthy
C002608,C001433,18,-2.0,1.0,1.0,1.0,13707057,2.300757964021467,39564004,6.640900179489819,stress,healthy
C002608,C001433,19,0.067574,0.422304,0.247474,0.262648,14105438,2.3676270416407426,38480096,6.458963972230553,watch,healthy
C002608,C001433,20,0.04212,0.420813,0.270295,0.266772,14350073,2.4086895340873995,37395494,6.2769112756310115,watch,healthy
C002608,C001433,21,0.050317,0.42585,0.260451,0.263383,14646268,2.4584064795377127,36310199,6.094742257543272,watch,healthy
C002608,C001433,22,0.085771,0.405304,0.256009,0.252915,15172398,2.546718491927434,35224209,5.912456582263183,watch,healthy
C002608,C001433,23,0.090041,0.412982,0.243405,0.253573,15723642,2.6392459413368186,34137524,5.7300542497907445,healthy,healthy
C002608,C001433,24,0.0876,0.417458,0.236496,0.258446,16250163,2.727623583887991,33050144,5.547535260125956,healthy,healthy
C002608,C001433,25,0.065648,0.425708,0.246854,0.261789,16639955,2.793050980032317,31962068,5.364899445416743,healthy,healthy
C002608,C001433,26,0.04394,0.427772,0.261074,0.267215,16895716,2.835980994669018,30873296,5.182146805663105,watch,healthy
C002608,C001433,27,0.087759,0.410976,0.246226,0.25504,17431264,2.9258738379041316,29783827,4.999277173012967,healthy,healthy
C002608,C001433,28,0.103942,0.405457,0.237023,0.253578,18069635,3.0330257350801886,28693662,4.816290715318404,healthy,healthy
C002608,C001433,29,0.074776,0.420425,0.243963,0.260837,18516387,3.1080139854349156,27602799,4.6331870968752655,healthy,healthy
C002608,C001433,30,0.070824,0.414057,0.260208,0.254911,18949641,3.1807365684769326,26511238,4.449966317683551,healthy,healthy
C002608,C001433,31,0.061116,0.424307,0.256338,0.258239,19318928,3.242722157816759,25418978,4.266628209891187,healthy,healthy
C002608,C001433,32,0.03714,0.43679,0.260506,0.265564,19537290,3.2793746726884527,24326020,4.083172941350247,watch,healthy
C002608,C001433,33,0.0644,0.416703,0.262712,0.256185,19930040,3.3452985752715847,23232362,3.8996001763565804,healthy,healthy
C002608,C001433,34,0.026976,0.433725,0.273737,0.265563,20088845,3.371954324093263,22138004,3.715909914910188,watch,healthy
C002608,C001433,35,0.055483,0.419025,0.267729,0.257762,20425576,3.428475321268872,21042946,3.532102157011069,healthy,healthy
C002608,C001433,36,0.064486,0.416085,0.263267,0.256162,20819640,3.494619781478978,19947188,3.3481769026592243,healthy,healthy
C002608,C001465,13,0.139301,0.343052,0.277466,0.240181,25177830,6.067492331238446,54787177,13.202916069323821,healthy,recovered
C002608,C001465,14,0.162649,0.342539,0.260945,0.233868,25882075,6.237205175308528,54078351,13.032099270609141,healthy,recovered
C002608,C001465,15,0.180056,0.348336,0.23332,0.238288,26648303,6.421855024560039,53368529,12.861042450321438,healthy,recovered
C002608,C001465,16,-0.031329,0.52681,0.267118,0.237401,26514299,6.3895620015967705,52657711,12.689745608460711,watch,recovered
C002608,C001465,17,-0.03973,0.526276,0.278484,0.234971,26342359,6.348126952133288,51945894,12.518208022070418,watch,recovered
C002608,C001465,18,-0.017229,0.524018,0.256937,0.236273,26268106,6.330233054681782,51233078,12.346429691150554,stress,recovered
C002608,C001465,19,-0.075478,0.544559,0.286664,0.244255,25952993,6.25429538606723,50519261,12.174410133730092,stress,recovered
C002608,C001465,20,-0.050234,0.535179,0.276687,0.238369,25737790,6.202434580264684,49804441,12.002148867838,stress,recovered
C002608,C001465,21,-0.042494,0.551494,0.24431,0.24669,25561641,6.159985222768215,49088617,11.829645652488766,stress,recovered
C002608,C001465,22,0.114695,0.35943,0.278351,0.247524,26036149,6.274334777559525,48371788,11.656900246696871,watch,recovered
C002608,C001465,23,0.117329,0.352932,0.284695,0.245044,26527156,6.3926603523642,47653953,11.483912409476803,watch,recovered
C002608,C001465,24,0.110449,0.357808,0.288541,0.243202,26993526,6.50504876703376,46935110,11.310681658857531,watch,recovered
C002608,C001465,25,0.098061,0.362848,0.292434,0.246657,27402363,6.603572562064012,46215257,11.137207512868024,watch,recovered
C002608,C001465,26,0.12859,0.349341,0.281701,0.240369,27953276,6.736334615135288,45494393,10.963489730522767,healthy,recovered
C002608,C001465,27,0.136097,0.347219,0.275006,0.241678,28534010,6.876283097251873,44772517,10.789528070836246,healthy,recovered
C002608,C001465,28,0.126931,0.367019,0.257107,0.248944,29060561,7.0031742612046815,44049628,10.615322292822945,healthy,recovered
C002608,C001465,29,0.166213,0.348598,0.243522,0.241668,29771820,7.17457737767756,43325724,10.440871914511835,healthy,recovered
C002608,C001465,30,0.150869,0.350844,0.254312,0.243974,30412217,7.328903778580581,42600803,10.266176453931884,healthy,recovered
C002608,C001465,31,0.148556,0.345748,0.26575,0.239945,31054285,7.483632866279306,41874864,10.091235670097577,healthy,recovered
C002608,C001465,32,0.131745,0.349297,0.275896,0.243062,31617182,7.619282889763345,41147906,9.916049322023401,healthy,recovered
C002608,C001465,33,0.129503,0.347186,0.285287,0.238025,32183004,7.755637795879003,40419927,9.740616927738325,healthy,recovered
C002608,C001465,34,0.131019,0.355811,0.270222,0.242948,32744635,7.890982731700945,39690925,9.564938005271317,healthy,recovered
C002608,C001465,35,0.087081,0.368787,0.293381,0.250751,33106810,7.978261660626365,38960900,9.38901255462238,healthy,recovered
C002608,C001465,36,0.125494,0.35749,0.270929,0.246087,33639391,8.106605967235128,38229849,9.212839852834966,healthy,recovered
C002608,C001505,13,0.117596,0.295895,0.33397,0.25254,11754914,2.7745969841841704,64596266,15.247121742716148,healthy,stress
C002608,C001505,14,0.112685,0.302,0.327431,0.257884,12235417,2.888013566788811,63826509,15.065430455927096,healthy,stress
C002608,C001505,15,0.13571,0.296364,0.316917,0.251008,12830510,3.028477652115944,63056036,14.883570166503002,healthy,stress
C002608,C001505,16,0.095493,0.29904,0.35275,0.252717,13246804,3.1267385221600774,62284846,14.701540638406668,healthy,stress
C002608,C001505,17,0.064298,0.299802,0.383718,0.252182,13527964,3.1931027412494917,61512938,14.519341635600894,healthy,stress
C002608,C001505,18,-1.882206,0.423365,0.355907,0.254963,5379759,1.2698232498372721,69323366,16.362893189783904,stress,stress
C002608,C001505,19,0.033708,0.31247,0.391825,0.261996,5521899,1.303373577413632,68550021,16.18035500152205,stress,stress
C002608,C001505,20,0.063813,0.316067,0.358138,0.261982,5791249,1.3669501971736748,67775956,15.997646866476353,stress,stress
C002608,C001505,21,0.04848,0.319063,0.364089,0.268367,5991198,1.4141455992319665,67001171,15.81476878464682,watch,stress
C002608,C001505,22,0.103333,0.308664,0.333524,0.254479,6441054,1.520328349775029,66225665,15.631720519996247,watch,stress
C002608,C001505,23,0.037858,0.310554,0.396088,0.2555,6605363,1.5591113860332542,65449437,15.448501836487434,watch,stress
C002608,C001505,24,0.020345,0.316875,0.402269,0.260511,6692045,1.579571562584359,64672487,15.265112734120382,watch,stress
C002608,C001505,25,0.10945,0.306686,0.329516,0.254348,7170111,1.692412922533142,63894814,15.08155297685789,watch,stress
C002608,C001505,26,0.058428,0.321119,0.361173,0.25928,7420698,1.7515607763137615,63116417,14.89782232866276,watch,stress
C002608,C001505,27,0.041626,0.32757,0.366689,0.264115,7596117,1.7929661858615136,62337296,14.713920789534994,watch,stress
C002608,C001505,28,0.031081,0.321581,0.382484,0.264854,7726854,1.8238249812488116,61557450,14.529848123437386,watch,stress
C002608,C001505,29,0.009308,0.322779,0.402935,0.264978,7766025,1.8330707944012923,60776878,14.34560409433274,watch,stress
C002608,C001505,30,-0.02447,0.336153,0.418536,0.269782,7664787,1.8091748603702276,59995580,14.161188702221056,watch,stress
C002608,C001505,31,-0.026751,0.333584,0.424509,0.268657,7553547,1.7829180822669894,59213555,13.976601711065134,watch,stress
C002608,C001505,32,0.013692,0.331871,0.385972,0.268464,7610578,1.7963795198074946,58430802,13.791842884827775,watch,stress
C002608,C001505,33,-0.035431,0.338878,0.427371,0.269182,7463254,1.7616055753874886,57647321,13.606912223508976,watch,stress
C002608,C001505,34,0.039449,0.332766,0.362736,0.265049,7629996,1.8009628901527721,56863110,13.42180925503434,watch,stress
C002608,C001505,35,0.036893,0.331981,0.366279,0.264847,7786200,1.8378328449068013,56078170,13.236534215441067,watch,stress
C002608,C001505,36,0.015398,0.323163,0.402812,0.258627,7853023,1.8536055587075264,55292499,13.051086632654757,watch,stress
C002608,C001550,13,0.080181,0.359109,0.308851,0.251859,19152504,4.27294868387333,38502342,8.58992284115648,healthy,stress
C002608,C001550,14,0.079482,0.36335,0.307103,0.250065,19515785,4.3539971499551635,37702279,8.411427739791888,healthy,stress
C002608,C001550,15,0.09388,0.356033,0.302271,0.247816,19949240,4.450701527187943,36901340,8.232737201681946,healthy,stress
C002608,C001550,16,0.065401,0.364727,0.317368,0.252504,20245921,4.516891446191757,36099526,8.05385144992796,healthy,stress
C002608,C001550,17,0.068057,0.365634,0.31663,0.24968,20558485,4.586624883262241,35296835,7.874770038327317,healthy,stress
C002608,C001550,18,0.070858,0.356847,0.322153,0.250141,20883671,4.659174305035709,34493265,7.6954925206774005,healthy,stress
C002608,C001550,19,0.060169,0.373478,0.311284,0.255069,21154762,4.719655061581166,33688817,7.516019120079519,healthy,stress
C002608,C001550,20,0.113931,0.355052,0.282828,0.248189,21682886,4.837480216491559,32883488,7.336349167229749,healthy,stress
C002608,C001550,21,0.05577,0.370352,0.31995,0.253928,21935839,4.8939143615219844,32077278,7.1564826621280915,healthy,stress
C002608,C001550,22,0.090718,0.360139,0.297619,0.251523,22351693,4.986691932641848,31270186,6.976419381673239,healthy,stress
C002608,C001550,23,-2.0,1.0,1.0,1.0,21456003,4.786862322547079,30956694,6.906478906589416,stress,stress
C002608,C001550,24,-2.0,1.0,1.0,1.0,20533377,4.581023255634088,30633775,6.83443525548,stress,stress
C002608,C001550,25,-2.0,1.0,1.0,1.0,19623891,4.378115739901356,30315455,6.763417647283674,stress,stress
C002608,C001550,26,-2.0,1.0,1.0,1.0,18734641,4.179722902226744,30004217,6.693980042546906,stress,stress
C002608,C001550,27,-2.0,1.0,1.0,1.0,17845719,3.981403241780985,29693094,6.624568094460498,stress,stress
C002608,C001550,28,-2.0,1.0,1.0,1.0,16964117,3.784716682905963,29384533,6.555727731923848,stress,stress
C002608,C001550,29,-2.0,1.0,1.0,1.0,16038075,3.578115501926628,29060418,6.483417251650689,stress,stress
C002608,C001550,30,0.067589,0.36138,0.321385,0.249646,16352974,3.648369880550072,28246237,6.301772406027126,watch,stress
C002608,C001550,31,0.034195,0.385036,0.322423,0.258346,16507092,3.6827538078559323,27431165,6.1199287771386,watch,stress
C002608,C001550,32,0.064698,0.384323,0.292352,0.258628,16798691,3.7478099260151443,26615202,5.937886364985112,watch,stress
C002608,C001550,33,0.057015,0.382167,0.300153,0.260664,17053937,3.8047556423436166,25798345,5.755644500262739,watch,stress
C002608,C001550,34,0.052419,0.379528,0.312094,0.255959,17293182,3.858131514651137,24980595,5.573203406072787,healthy,stress
C002608,C001550,35,0.041834,0.390135,0.306336,0.261696,17480133,3.8998405271854146,24161951,5.390562859313952,watch,stress
C002608,C001550,36,-0.002273,0.393846,0.345261,0.263165,17470023,3.8975849729668144,23342411,5.207722413783615,watch,stress
C002608,C001598,13,0.161719,0.394244,0.237396,0.206642,23541715,5.052586135417329,4057770,0.870889501581018,healthy,healthy
C002608,C001598,14,0.208224,0.403875,0.208284,0.179617,24482525,5.254505305794762,3489682,0.748964928435138,healthy,healthy
C002608,C001598,15,0.212696,0.398275,0.236968,0.152061,25458766,5.464028772603614,3001127,0.6441099414731085,healthy,healthy
C002608,C001598,16,0.272818,0.389577,0.209132,0.128472,26733376,5.737588995980045,2580969,0.5539345024498822,healthy,healthy
C002608,C001598,17,0.27973,0.396669,0.211145,0.112456,28017387,6.013166887239171,2219633,0.476383599135185,healthy,healthy
C002608,C001598,18,0.26957,0.406993,0.225754,0.097683,29242464,6.276096205048798,1908884,0.409689813699638,healthy,healthy
C002608,C001598,19,0.323192,0.393034,0.201118,0.082657,30735234,6.596478513872388,1641640,0.3523331882722437,healthy,healthy
C002608,C001598,20,0.314455,0.390935,0.22547,0.06914,32228497,6.916966631680784,1411810,0.3030064560650547,healthy,healthy
C002608,C001598,21,-1.477024,0.501235,0.208709,0.060243,25305639,5.431164244375401,10441561,2.240995880746764,watch,healthy
C002608,C001598,22,0.127731,0.38274,0.23214,0.257389,25917289,5.562438211022606,9578787,2.0558250063903905,healthy,healthy
C002608,C001598,23,0.153193,0.388963,0.196781,0.261062,26641216,5.71780936912448,8715217,1.8704832923749781,healthy,healthy
C002608,C001598,24,0.122394,0.395148,0.217895,0.264563,27212473,5.840414081566207,7850851,1.6849707387005268,healthy,healthy
C002608,C001598,25,0.125287,0.389537,0.228976,0.2562,27816879,5.970133321467083,6985687,1.499286916121662,healthy,healthy
C002608,C001598,26,0.080126,0.409944,0.238001,0.271928,28181398,6.048367368795248,6119725,1.313431824638384,healthy,healthy
C002608,C001598,27,0.119034,0.399734,0.221286,0.259947,28741860,6.168655229328276,5262963,1.1295512618776666,healthy,healthy
C002608,C001598,28,0.177792,0.399306,0.199765,0.223137,29580551,6.348657345507972,4526148,0.9714140465827096,healthy,healthy
C002608,C001598,29,0.175904,0.402723,0.226575,0.194797,30397986,6.524097441847804,3892487,0.8354160199667778,healthy,healthy
C002608,C001598,30,0.250313,0.391363,0.196494,0.16183,31602141,6.7825364237951025,3347539,0.7184578158035126,healthy,healthy
C002608,C001598,31,0.232547,0.390845,0.234467,0.14214,32697484,7.017621881899001,2878883,0.6178736056947697,healthy,healthy
C002608,C001598,32,0.243993,0.407404,0.224304,0.1243,33827704,7.26019273546559,2475839,0.5313712193408808,healthy,healthy
C002608,C001598,33,0.254215,0.396621,0.242737,0.106426,35010487,7.5140448013413055,2129221,0.4569791327369064,healthy,healthy
C002608,C001598,34,0.295788,0.39917,0.213545,0.091496,36387148,7.809507484572742,1831130,0.3930020412763783,healthy,healthy
C002608,C001598,35,0.296935,0.395905,0.22986,0.0773,37793937,8.11143632012519,1574772,0.33798179842222276,healthy,healthy
C002608,C001598,36,0.295859,0.404119,0.232236,0.067786,39168584,8.406466753264535,1354304,0.29066436381292654,healthy,healthy
C002608,C001600,13,0.290854,0.302927,0.198254,0.207965,30957934,8.323883225189421,103391276,27.799558844182872,healthy,healthy
C002608,C001600,14,0.259554,0.323461,0.198548,0.218437,31916528,8.58162731484241,102826558,27.647719038362418,healthy,healthy
C002608,C001600,15,0.290632,0.310991,0.18468,0.213697,33012827,8.876397142050255,102262295,27.496001571676977,healthy,healthy
C002608,C001600,16,0.281962,0.314024,0.187012,0.217003,34059372,9.157789252063342,101698486,27.344406175249333,healthy,healthy
C002608,C001600,17,0.302103,0.301783,0.188612,0.207502,35231070,9.47283215276815,101135132,27.192933117956706,healthy,healthy
C002608,C001600,18,0.257882,0.322024,0.204735,0.215359,36193995,9.731740749660162,100572232,27.041582130921878,healthy,healthy
C002608,C001600,19,0.317255,0.298677,0.181138,0.20293,37450160,10.069494902491229,100009786,26.89035321414484,healthy,healthy
C002608,C001600,20,0.303107,0.308404,0.178875,0.209614,38611099,10.381644953188028,99447793,26.739246098748385,healthy,healthy
C002608,C001600,21,0.291189,0.31434,0.18243,0.212042,39712730,10.677848433731938,98886253,26.58826078473251,healthy,healthy
C002608,C001600,22,0.314966,0.302777,0.181569,0.200688,40970711,11.016090867594192,98325165,26.437397003219985,healthy,healthy
C002608,C001600,23,0.276043,0.307412,0.208814,0.207732,42034992,11.302251783977947,97764529,26.28665475421082,healthy,healthy
C002608,C001600,24,0.256506,0.317036,0.216201,0.210257,43011284,11.56475446266725,97204346,26.136034306582232,healthy,healthy
C002608,C001600,25,0.290419,0.310291,0.194761,0.204529,44146691,11.870039540187689,96644614,25.98553512257978,healthy,healthy
C002608,C001600,26,0.330568,0.297339,0.174259,0.197835,45481716,12.228997350573502,96085333,25.83515720220347,healthy,healthy
C002608,C001600,27,0.293127,0.31195,0.188087,0.206835,46613111,12.533203692688037,95526503,25.684900545453292,healthy,healthy
C002608,C001600,28,0.269781,0.311829,0.214764,0.203626,47669954,12.817364700310796,94968123,25.534764883452034,healthy,healthy
C002608,C001600,29,0.296935,0.304431,0.196464,0.20217,48840601,13.132125011057576,94410193,25.38475021619969,healthy,healthy
C002608,C001600,30,0.292815,0.307388,0.200054,0.199742,50008098,13.446038358561934,93852712,25.234856274819048,healthy,healthy
C002608,C001600,31,0.287079,0.310202,0.200469,0.20225,51137619,13.749740824766532,93295681,25.085083328187324,healthy,healthy
C002608,C001600,32,0.30514,0.295353,0.204592,0.194915,52382380,14.084428701782809,92739098,24.935430838550076,healthy,healthy
C002608,C001600,33,0.293718,0.306527,0.200601,0.199154,53554099,14.399477248909234,92182964,24.785899074784524,healthy,healthy
C002608,C001600,34,0.289942,0.308925,0.199704,0.201429,54696765,14.706714106168322,91627278,24.636487768013453,healthy,healthy
C002608,C001600,35,0.305055,0.304166,0.194277,0.196502,55928144,15.03780386822901,91072040,24.487196918236858,healthy,healthy
C002608,C001600,36,0.309024,0.294664,0.202347,0.193966,57190839,15.37731378930548,90517249,24.33802625657752,healthy,healthy
C002608,C001615,13,0.129316,0.305063,0.31219,0.253432,11339591,2.8810971024027285,102987336,26.166421287485257,healthy,stress
C002608,C001615,14,0.117178,0.295904,0.336562,0.250356,11805997,2.999598816895187,102289787,25.98919210852422,healthy,stress
C002608,C001615,15,0.117071,0.296536,0.334119,0.252274,12269231,3.1172946081397233,101591037,25.811657786492333,healthy,stress
C002608,C001615,16,0.095659,0.304524,0.342661,0.257156,12641195,3.2118010504442234,100891083,25.6338175591671,healthy,stress
C002608,C001615,17,0.129009,0.301222,0.313375,0.256393,13145198,3.3398551912771937,100189924,25.45567117247435,healthy,stress
C002608,C001615,18,0.085727,0.306182,0.35182,0.256272,13480845,3.425134422170986,99487557,25.277217864191602,healthy,stress
C002608,C001615,19,0.14054,0.302444,0.302814,0.254202,14036536,3.56632114838812,98783980,25.09845712617052,healthy,stress
C002608,C001615,20,0.060461,0.317992,0.358687,0.262861,14268122,3.625161167711307,98079191,24.919388450262783,healthy,stress
C002608,C001615,21,0.06433,0.317546,0.354214,0.263909,14513971,3.687625046834338,97373189,24.74001158239422,healthy,stress
C002608,C001615,22,0.052295,0.315491,0.366297,0.265916,14712659,3.738106534313224,96665971,24.560325760342344,healthy,stress
C002608,C001615,23,0.105803,0.308514,0.329424,0.256259,15130512,3.8442721859253757,95957534,24.380330221884662,healthy,stress
C002608,C001615,24,0.073322,0.315851,0.349503,0.261325,15414959,3.9165428196269922,95247877,24.20002471294701,healthy,stress
C002608,C001615,25,0.09485,0.307675,0.343348,0.254127,15793998,4.012846836641153,94536998,24.019408725381062,healthy,stress
C002608,C001615,26,0.083079,0.318009,0.336731,0.262181,16116354,4.094749167822422,93824894,23.838481496964324,healthy,stress
C002608,C001615,27,-2.0,1.0,1.0,1.0,15333342,3.895806048591176,93550840,23.76885145604822,stress,stress
C002608,C001615,28,-2.0,1.0,1.0,1.0,14573320,3.7027040943882135,93284832,23.701265695854932,stress,stress
C002608,C001615,29,-2.0,1.0,1.0,1.0,13770804,3.498805512664073,93003951,23.629901090621818,stress,stress
C002608,C001615,30,-2.0,1.0,1.0,1.0,12986404,3.29950973849332,92729411,23.560147569662057,stress,stress
C002608,C001615,31,-2.0,1.0,1.0,1.0,12228078,3.1068386940723483,92463997,23.492712729522133,stress,stress
C002608,C001615,32,-2.0,1.0,1.0,1.0,11452846,2.9098722718363192,92192666,23.423774532554354,stress,stress
C002608,C001615,33,-2.0,1.0,1.0,1.0,10680926,2.7137473432311596,91922494,23.355130807542547,stress,stress
C002608,C001615,34,-2.0,1.0,1.0,1.0,9903912,2.5163281608350436,91650539,23.28603406829649,stress,stress
C002608,C001615,35,0.104956,0.308614,0.327275,0.259156,10322337,2.6226391428689513,90927320,23.102282805547897,watch,stress
C002608,C001615,36,0.059702,0.321001,0.354161,0.265136,10555381,2.6818496023231186,90202855,22.91821496639107,watch,stress
C002608,C001644,13,0.304525,0.339212,0.164544,0.191719,57529166,9.6142864384733,148421135,24.804171599034042,healthy,healthy
C002608,C001644,14,0.305623,0.340374,0.160755,0.193247,59363433,9.920829529027388,147609261,24.668491043749285,healthy,healthy
C002608,C001644,15,0.3043,0.337484,0.17094,0.187276,61246800,10.23557822200806,146797901,24.532896388253675,healthy,healthy
C002608,C001644,16,0.337628,0.329138,0.147576,0.185658,63353313,10.587619121894697,145987056,24.39738779966743,healthy,healthy
C002608,C001644,17,0.335145,0.332124,0.146543,0.186188,65437067,10.935856532868367,145176726,24.261965277990544,healthy,healthy
C002608,C001644,18,0.27734,0.352143,0.177205,0.193313,67096810,11.21323313548157,144366909,24.1266284889826,healthy,healthy
C002608,C001644,19,0.306225,0.33512,0.174174,0.184482,69015923,11.533955707573051,143557606,23.9913775997638,healthy,healthy
C002608,C001644,20,0.313864,0.333395,0.167538,0.185203,70974002,11.861190285859122,142748816,23.856212443213945,healthy,healthy
C002608,C001644,21,0.304886,0.346952,0.158078,0.190084,72826056,12.170705943630352,141940539,23.72113301933302,healthy,healthy
C002608,C001644,22,0.327903,0.333996,0.150648,0.187454,74844594,12.508044442835137,141132775,23.58613932812104,healthy,healthy
C002608,C001644,23,0.306251,0.33927,0.167055,0.187424,76728950,12.822958417705829,140325524,23.451231369577993,healthy,healthy
C002608,C001644,24,0.289607,0.350086,0.168431,0.191875,78468459,13.113665531177668,139518784,23.31640880946346,healthy,healthy
C002608,C001644,25,0.315223,0.331654,0.168128,0.184995,80430991,13.44164429576935,138712556,23.18167181489765,healthy,healthy
C002608,C001644,26,0.337938,0.331363,0.14642,0.184279,82541778,13.79439946744359,137906839,23.047020218760355,healthy,healthy
C002608,C001644,27,0.311563,0.334304,0.169504,0.184629,84482903,14.118800689649408,137101633,22.912454021051573,healthy,healthy
C002608,C001644,28,0.289038,0.345617,0.178771,0.186574,86263793,14.416423404628672,136296938,22.777973221771305,healthy,healthy
C002608,C001644,29,0.322798,0.331626,0.164198,0.181378,88308374,14.758114215523795,135492754,22.64357782091955,healthy,healthy
C002608,C001644,30,0.332733,0.333006,0.152496,0.181765,90410057,15.109347924784762,134689080,22.509267651376096,healthy,healthy
C002608,C001644,31,0.299506,0.338769,0.174941,0.186784,92249864,15.416816861315292,133885915,22.375042546020726,healthy,healthy
C002608,C001644,32,0.275247,0.351921,0.183681,0.189151,93918431,15.695668132682307,133083260,22.24090267197366,healthy,healthy
C002608,C001644,33,0.322669,0.340936,0.150622,0.185773,95908789,16.028297184302954,132281114,22.106847862114684,healthy,healthy
C002608,C001644,34,0.318965,0.332433,0.169851,0.178751,97952280,16.369805834166613,131479477,21.97287811644379,healthy,healthy
C002608,C001644,35,0.289712,0.347857,0.174336,0.188095,99715042,16.66439899393632,130678348,21.838993267840777,healthy,healthy
C002608,C001644,36,0.308168,0.331218,0.179208,0.181407,101657999,16.989106380371172,129877727,21.70519331630564,healthy,healthy
C002608,C001660,13,0.016011,0.315112,0.446872,0.222005,6674055,2.5345298683313597,62619813,23.780413316615515,watch,stress
C002608,C001660,14,0.080153,0.307835,0.390324,0.221689,6896371,2.6189562840872913,62189391,23.616956854991074,healthy,stress
C002608,C001660,15,0.029823,0.320135,0.422549,0.227493,6976994,2.649573562724414,61758895,23.453472291229286,watch,stress
C002608,C001660,16,0.024928,0.32798,0.412435,0.234657,7042336,2.674387749999842,61328325,23.289959625330155,watch,stress
C002608,C001660,17,0.033218,0.323796,0.414049,0.228936,7131601,2.7082869025684975,60897681,23.126418857293675,watch,stress
C002608,C001660,18,-0.035752,0.316066,0.494007,0.22568,7034124,2.6712691722717983,60466963,22.962849987119856,watch,stress
C002608,C001660,19,0.016989,0.323428,0.433088,0.226496,7080285,2.6887992095957407,60036170,22.799252635050074,watch,stress
C002608,C001660,20,-0.059091,0.322879,0.506671,0.229541,6921830,2.628624558609729,59605304,22.635627560601563,watch,stress
C002608,C001660,21,-0.027827,0.321095,0.480237,0.226494,6846195,2.599901515933089,59174364,22.47197438401571,watch,stress
C002608,C001660,22,-0.000738,0.322802,0.452795,0.22514,6844178,2.599135542811138,58743350,22.308293105292506,stress,stress
C002608,C001660,23,-0.079216,0.328303,0.517874,0.23304,6634838,2.519636874814472,58312261,22.14458334467335,stress,stress
C002608,C001660,24,-0.063612,0.318825,0.521735,0.223051,6459177,2.45292809713719,57881098,21.980845481916845,stress,stress
C002608,C001660,25,-0.008952,0.313597,0.473208,0.222147,6434351,2.4435002098166336,75558681,28.6940598790722,stress,stress
C002608,C001660,26,-0.048185,0.323916,0.499642,0.224627,6302178,2.393306374691367,75127370,28.53026581204101,stress,stress
C002608,C001660,27,-0.053091,0.322649,0.501387,0.229055,6159338,2.339061654443714,74695984,28.366443263113858,stress,stress
C002608,C001660,28,-0.092558,0.329229,0.530628,0.232701,5914173,2.245958134144667,74264524,28.20259261204936,stress,stress
C002608,C001660,29,-0.106584,0.334338,0.540342,0.231904,5630839,2.1383596073549116,73832991,28.038714238606136,stress,stress
C002608,C001660,30,-0.045936,0.324677,0.496751,0.224508,5504683,2.090450779802665,73401384,27.874807763025565,stress,stress
C002608,C001660,31,-0.084243,0.321215,0.53942,0.223608,5272350,2.0022203220226453,72969702,27.710872805549034,stress,stress
C002608,C001660,32,-0.116182,0.330069,0.558176,0.227937,4957964,1.8828295307892462,72537946,27.54690974593516,stress,stress
C002608,C001660,33,-0.156618,0.332661,0.592404,0.231553,4540703,1.7243710722674312,72106115,27.38291820442533,stress,stress
C002608,C001660,34,-0.115071,0.322434,0.570938,0.2217,4220452,1.602752996770153,71674210,27.218898560778154,stress,stress
C002608,C001660,35,-0.138455,0.334632,0.57367,0.230152,3849209,1.4617702700906547,71242231,27.05485081499363,stress,stress
C002608,C001660,36,-0.139654,0.322374,0.595709,0.221571,3460182,1.3140339162417063,70810178,26.890774967071764,stress,stress
C002608,C001689,13,0.151846,0.31341,0.34823,0.186515,13337460,3.8708158906260146,62377424,18.103261343277996,healthy,stress
C002608,C001689,14,0.10401,0.331122,0.371372,0.193496,13686828,3.972209949620473,61922458,17.971220488235538,healthy,stress
C002608,C001689,15,-4.123177,0.31285,0.359547,0.185029,-811830,-0.2356104134135673,68351489,19.837062661792366,stress,stress
C002608,C001689,16,0.110651,0.327394,0.372183,0.189772,-432067,-0.12539507593013288,67895569,19.70474493556457,stress,stress
C002608,C001689,17,0.077469,0.330548,0.399729,0.192254,-169343,-0.049146957169227214,67439171,19.57228848352273,stress,stress
C002608,C001689,18,0.137008,0.31843,0.359621,0.184941,314175,0.09118029838045835,66982295,19.439693305666854,stress,stress
C002608,C001689,19,0.142842,0.323354,0.345849,0.187956,810717,0.2352873970306678,66524940,19.30695911177557,stress,stress
C002608,C001689,20,0.104147,0.32655,0.380635,0.188668,1171759,0.34006950027846744,66067106,19.174085901848876,stress,stress
C002608,C001689,21,0.105446,0.325664,0.379059,0.189831,1535445,0.44561894882400854,65608793,19.041073675886775,stress,stress
C002608,C001689,22,0.092332,0.324774,0.394929,0.187965,1857401,0.5390574596710805,65150000,18.907922143667896,stress,stress
C002608,C001689,23,0.121996,0.318909,0.373206,0.185889,2287993,0.6640244590829953,64690726,18.774631014970875,stress,stress
C002608,C001689,24,0.071372,0.339532,0.396942,0.192154,2531947,0.7348251227612203,64230971,18.641200289795712,watch,stress
C002608,C001689,25,0.037847,0.337834,0.431554,0.192765,2661034,0.7722889285288282,63770734,18.507629677921035,watch,stress
C002608,C001689,26,0.066361,0.331535,0.413793,0.188311,2892974,0.8396028726884956,63310015,18.373919179346842,watch,stress
C002608,C001689,27,0.07293,0.332541,0.402648,0.191881,3143394,0.9122801077340416,62848814,18.24006879407314,watch,stress
C002608,C001689,28,0.011651,0.347649,0.445634,0.195066,3182789,0.9237133785375687,62387129,18.106077941657187,watch,stress
C002608,C001689,29,0.104237,0.334617,0.368896,0.19225,3540767,1.0276062435129478,61924961,17.97194691232035,watch,stress
C002608,C001689,30,0.074194,0.331845,0.403779,0.190182,3798610,1.102437791775262,61462309,17.83767541584127,watch,stress
C002608,C001689,31,0.019752,0.344767,0.439322,0.196159,3865233,1.1217732099944113,60999172,17.70326316199857,watch,stress
C002608,C001689,32,0.057287,0.339279,0.411212,0.192222,4062621,1.1790594254371485,60535550,17.568710150792253,watch,stress
C002608,C001689,33,0.068294,0.342023,0.396024,0.193659,4296432,1.2469163737768743,60071442,17.43401609200095,watch,stress
C002608,C001689,34,0.043169,0.340931,0.42597,0.18993,4447286,1.2906974280679084,59606848,17.29918098562466,watch,stress
C002608,C001689,35,0.049232,0.345,0.41319,0.192578,4617138,1.339992107913592,59141767,17.164204541442015,watch,stress
C002608,C001689,36,0.04658,0.35487,0.399614,0.198936,4772866,1.3851877011536398,58676199,17.02908675945302,watch,stress
C002608,C001788,13,0.046116,0.352653,0.341315,0.259916,9374036,3.1686068233965368,26555931,8.976422126845643,watch,stress
C002608,C001788,14,0.074017,0.355482,0.314346,0.256155,9593951,3.242942378494389,26023178,8.796341232022433,healthy,stress
C002608,C001788,15,0.103027,0.349786,0.292044,0.255143,9901603,3.3469347491692605,25489857,8.616068342131605,healthy,stress
C002608,C001788,16,0.09463,0.353047,0.296878,0.255446,10184144,3.4424391125501224,24955968,8.435603457173157,healthy,stress
C002608,C001788,17,0.055724,0.365567,0.315438,0.26327,10345750,3.4970650894827715,24421510,8.254946239127603,healthy,stress
C002608,C001788,18,0.063732,0.356612,0.323627,0.256029,10536011,3.561377014765142,23886482,8.07409634997546,healthy,stress
C002608,C001788,19,0.116358,0.345907,0.284076,0.253659,10886993,3.6800157697357183,23350884,7.893053789716726,healthy,stress
C002608,C001788,20,-2.0,1.0,1.0,1.0,10313999,3.486332632806729,23150336,7.825264657989631,stress,stress
C002608,C001788,21,-2.0,1.0,1.0,1.0,9711447,3.2826583159328413,22939443,7.753978714687667,stress,stress
C002608,C001788,22,-2.0,1.0,1.0,1.0,9129605,3.0859843825983964,22735798,7.685142736614766,stress,stress
C002608,C001788,23,0.050089,0.357856,0.334346,0.257709,9278955,3.1364675927198715,22197913,7.503327125793275,watch,stress
C002608,C001788,24,0.048341,0.369827,0.31414,0.267692,9417865,3.1834218794153792,21659455,7.3213178298067385,watch,stress
C002608,C001788,25,0.045109,0.365523,0.320632,0.268736,9547122,3.227113264019809,21120423,7.13911451063567,watch,stress
C002608,C001788,26,0.020931,0.377642,0.331895,0.269532,9606986,3.2473484624845694,20580817,6.956717168280071,watch,stress
C002608,C001788,27,0.042589,0.359317,0.338408,0.259686,9733544,3.2901275324983197,20040635,6.77412512670097,watch,stress
C002608,C001788,28,0.031256,0.359138,0.350012,0.259593,9826558,3.321568076898982,19499878,6.591338723917853,watch,stress
C002608,C001788,29,0.082179,0.354169,0.306508,0.257144,10073704,3.4051082405995654,18958544,6.408357283891749,healthy,stress
C002608,C001788,30,0.067744,0.359136,0.313974,0.259147,10276077,3.473514257887234,18416633,6.2251808066226575,healthy,stress
C002608,C001788,31,0.002107,0.370115,0.363137,0.264641,10282248,3.475600176130686,17874145,6.04180929211058,watch,stress
C002608,C001788,32,0.05898,0.363142,0.314346,0.263532,10455879,3.534290837373417,17331079,5.85824240233603,healthy,stress
C002608,C001788,33,0.063761,0.365348,0.308829,0.262062,10644840,3.5981633373249675,16787434,5.674479799279522,healthy,stress
C002608,C001788,34,0.082391,0.357226,0.299726,0.260657,10890590,3.6812316258241475,16243209,5.490521144921573,healthy,stress
C002608,C001788,35,-0.001798,0.370545,0.36445,0.266803,10885345,3.679458713624033,15698405,5.306366777281665,watch,stress
C002608,C001788,36,0.034831,0.369004,0.33001,0.266155,10987306,3.71392351835919,15153020,5.12201602032083,watch,stress
C002608,C001815,13,0.099334,0.355084,0.255926,0.289656,17752362,2.904544972626193,23559900,3.8547427717267055,healthy,healthy
C002608,C001815,14,0.086675,0.350098,0.278185,0.285043,18289756,2.9924704577542833,22322789,3.6523333945615395,healthy,healthy
C002608,C001815,15,0.106503,0.343346,0.264561,0.28559,18949316,3.100384079735704,21084754,3.4497728375390277,healthy,healthy
C002608,C001815,16,0.144136,0.339533,0.238846,0.277486,19868686,3.250806401648886,19845795,3.2470611006591703,healthy,healthy
C002608,C001815,17,0.128279,0.348762,0.24103,0.281929,20674622,3.3826692690835665,18605912,3.0441981839219676,healthy,healthy
C002608,C001815,18,-1.198261,0.417752,0.234292,0.280458,13101231,2.1435522008994874,29815517,4.878252821151393,watch,healthy
C002608,C001815,19,0.149898,0.337005,0.237286,0.275811,14065320,2.3012912025103276,28573781,4.675086726626678,healthy,healthy
C002608,C001815,20,0.1148,0.334467,0.274836,0.275896,14803993,2.422148863511422,27331119,4.471769125015489,healthy,healthy
C002608,C001815,21,0.096256,0.345537,0.280016,0.278191,15418693,2.5227227361416285,26087529,4.268299689088698,healthy,healthy
C002608,C001815,22,0.107205,0.352353,0.255398,0.285044,16087353,2.6321252506575123,24843011,4.064678418846304,healthy,healthy
C002608,C001815,23,0.110289,0.345232,0.264278,0.280201,16787661,2.746705838902046,23597564,3.860905150673743,healthy,healthy
C002608,C001815,24,0.111744,0.341555,0.271436,0.275266,17510468,2.864967591227118,22351187,3.6569797209564516,healthy,healthy
C002608,C001815,25,0.090273,0.347634,0.284025,0.278068,18088942,2.959614362653645,21103879,3.452901966079865,healthy,healthy
C002608,C001815,26,0.069233,0.359237,0.28442,0.28711,18518936,3.029967643583779,19855640,3.2486718860439834,healthy,healthy
C002608,C001815,27,0.125173,0.348334,0.244867,0.281625,19312100,3.159740825804155,18606470,3.044289480848806,healthy,healthy
C002608,C001815,28,0.098689,0.364238,0.248701,0.288371,19923276,3.2597381207100264,17356367,2.8397544232652057,healthy,healthy
C002608,C001815,29,0.084895,0.355388,0.277963,0.281754,20461773,3.347844072702459,16105331,2.6350667132931815,healthy,healthy
C002608,C001815,30,0.09809,0.357041,0.258692,0.286177,21074807,3.448145363468664,14853361,2.4302261873181696,healthy,healthy
C002608,C001815,31,0.101224,0.353384,0.26003,0.285362,21709708,3.5520244139108157,13600457,2.22523284534017,healthy,healthy
C002608,C001815,32,0.065676,0.366457,0.279468,0.288399,22117611,3.6187632855026153,12346617,2.020086360130054,healthy,healthy
C002608,C001815,33,0.089652,0.366726,0.254814,0.288808,22674053,3.709805300850098,11091841,1.8147867316878217,healthy,healthy
C002608,C001815,34,0.067568,0.369272,0.272632,0.290528,23091254,3.778065460660078,9836129,1.6093339600134733,healthy,healthy
C002608,C001815,35,0.081952,0.361581,0.271649,0.284818,23607800,3.8625799093531685,8579479,1.40372771787788,healthy,healthy
C002608,C001815,36,0.123927,0.349328,0.262446,0.264299,24412369,3.9942191156785514,7378352,1.2072058471918505,healthy,healthy
C002608,C001837,13,0.199528,0.367865,0.233603,0.199004,25984143,7.203075206078227,9612691,2.664738113771592,healthy,recovered
C002608,C001837,14,0.172467,0.38129,0.241744,0.204498,26581086,7.368554026093262,9117223,2.5273892211717794,healthy,recovered
C002608,C001837,15,0.163153,0.371252,0.266895,0.1987,27162875,7.52983199939679,8621241,2.3898978424158557,healthy,recovered
C002608,C001837,16,0.187589,0.37749,0.234005,0.200916,27825108,7.713409887763045,8124744,2.2522637002933994,healthy,recovered
C002608,C001837,17,0.148553,0.377635,0.269751,0.204061,28341991,7.856695241516807,7627731,2.114486517593991,healthy,recovered
C002608,C001837,18,-2.0,1.0,1.0,1.0,27632723,7.660078761024659,7379487,2.045670693979655,stress,recovered
C002608,C001837,19,-2.0,1.0,1.0,1.0,26923703,7.4635310287167815,7131330,1.9768789876718982,stress,recovered
C002608,C001837,20,-2.0,1.0,1.0,1.0,26199815,7.262861731877646,6877969,1.9066446783361166,stress,recovered
C002608,C001837,21,0.139427,0.38474,0.273328,0.202505,26690706,7.398941832383056,6378887,1.7682939472767958,watch,recovered
C002608,C001837,22,0.177044,0.37896,0.243272,0.200724,27320220,7.573449673002588,5879287,1.6297996212196815,watch,recovered
C002608,C001837,23,0.162177,0.385476,0.248561,0.203786,27888799,7.731065696651964,5379168,1.4911614229543535,watch,recovered
C002608,C001837,24,0.199978,0.372433,0.227646,0.199942,28604126,7.929361795081622,4878529,1.352379075270391,watch,recovered
C002608,C001837,25,0.129165,0.390559,0.273939,0.206338,29052295,8.053598912004542,4377370,1.2134525781677943,healthy,recovered
C002608,C001837,26,0.17188,0.386682,0.236257,0.205181,29652659,8.22002606886794,3875691,1.0743819316465633,healthy,recovered
C002608,C001837,27,0.175723,0.366008,0.263329,0.19494,30299366,8.399299988246279,3373491,0.9351668584962776,healthy,recovered
C002608,C001837,28,0.187013,0.380444,0.244506,0.188037,30970388,8.585314278997874,2901202,0.8042434262320894,healthy,recovered
C002608,C001837,29,0.191665,0.386356,0.255844,0.166134,31639799,8.770881983762122,2495034,0.6916494241785146,healthy,recovered
C002608,C001837,30,0.240771,0.369052,0.253947,0.13623,32521735,9.015363833132634,2145729,0.5948184382630217,healthy,recovered
C002608,C001837,31,0.247514,0.385128,0.247728,0.11963,33409640,9.261500351502812,1845327,0.5115438735388239,healthy,recovered
C002608,C001837,32,0.267069,0.379062,0.252373,0.101496,34380765,9.53070632106289,1586982,0.43992794746751646,healthy,recovered
C002608,C001837,33,0.284805,0.382849,0.243878,0.088468,35402561,9.813958819837621,1364805,0.378338167883066,healthy,recovered
C002608,C001837,34,0.29874,0.384705,0.240762,0.075793,36478451,10.112206739096205,1173732,0.3253707412163106,healthy,recovered
C002608,C001837,35,0.301336,0.385487,0.24659,0.066587,37540783,10.40669623947432,1009410,0.279818970507029,healthy,recovered
C002608,C001837,36,0.301595,0.376758,0.266504,0.055143,38644949,10.712782560581566,868093,0.24064442552021306,healthy,recovered
C002608,C001848,13,0.102438,0.363346,0.336268,0.197948,6672227,2.6274030548034317,57477573,22.633635049120368,healthy,stress
C002608,C001848,14,0.104965,0.354331,0.343708,0.196996,6947291,2.735718313541849,57116211,22.491337189246916,healthy,stress
C002608,C001848,15,0.11114,0.360241,0.330621,0.197998,7237161,2.849863908932394,56754725,22.348990500402444,healthy,stress
C002608,C001848,16,0.099564,0.368899,0.328079,0.203458,7489955,2.949409641989135,56393115,22.20659498258696,healthy,stress
C002608,C001848,17,0.107625,0.368988,0.320902,0.202485,7764624,3.057569356827944,56031382,22.06415102958248,healthy,stress
C002608,C001848,18,0.06336,0.378914,0.351272,0.206455,7923269,3.1200409060766865,55669525,21.921658247606988,healthy,stress
C002608,C001848,19,0.089693,0.372798,0.336029,0.201479,8153474,3.2106914969859925,55307545,21.7791170304425,healthy,stress
C002608,C001848,20,0.148795,0.364366,0.290173,0.196665,8544852,3.3648091181015296,54945441,21.636526984307,healthy,stress
C002608,C001848,21,0.062061,0.372725,0.362626,0.202588,8703375,3.427232625943305,54583213,21.49388810920048,healthy,stress
C002608,C001848,22,0.063056,0.38429,0.34398,0.208674,8859793,3.48882722262388,54220861,21.351200405122945,healthy,stress
C002608,C001848,23,0.094662,0.37619,0.321861,0.207287,9096267,3.5819464330436674,53858385,21.208463872074397,healthy,stress
C002608,C001848,24,0.10688,0.366988,0.32813,0.198002,9375878,3.6920522186466815,53495785,21.06567851005483,healthy,stress
C002608,C001848,25,0.076348,0.381685,0.33547,0.206497,9567463,3.767494947776628,53133061,20.922844319064247,healthy,stress
C002608,C001848,26,-0.184677,0.672233,0.314357,0.198087,9084199,3.5771942715741356,52770213,20.77996129910265,stress,stress
C002608,C001848,27,-0.244404,0.691221,0.348904,0.204279,8463815,3.3328982041964563,52407241,20.637029450170036,stress,stress
C002608,C001848,28,-0.206096,0.668691,0.339833,0.197572,7922726,3.1198270824374794,52044144,20.49404837848438,stress,stress
C002608,C001848,29,-0.194898,0.665078,0.332133,0.197687,7411159,2.9183811936005695,51680923,20.351018477827708,stress,stress
C002608,C001848,30,-0.198592,0.672065,0.327359,0.199168,6893595,2.714573793963794,51317578,20.207939748200022,stress,stress
C002608,C001848,31,-0.206724,0.669673,0.337964,0.199088,6354435,2.5022622777297365,50954109,20.06481218960132,stress,stress
C002608,C001848,32,-0.230601,0.701401,0.322612,0.206587,5774639,2.273949035155284,50590515,19.921635408249575,stress,stress
C002608,C001848,33,0.088418,0.368307,0.34264,0.200635,6003621,2.3641180306488425,50226797,19.778409797926816,watch,stress
C002608,C001848,34,0.022339,0.382537,0.388969,0.206155,6059943,2.38629662182277,49862955,19.63513535863304,watch,stress
C002608,C001848,35,0.099849,0.368676,0.331456,0.200019,6319502,2.4885062902740565,49498988,19.491811696586225,watch,stress
C002608,C001848,36,0.060377,0.391516,0.338574,0.209533,6469379,2.547525158733534,49134896,19.34843881178637,watch,stress
C002608,C001928,13,0.137004,0.365796,0.307044,0.190157,26624733,4.961592941056182,129235498,24.0833939859859,healthy,healthy
C002608,C001928,14,0.131275,0.367246,0.309542,0.191936,27323291,5.091771164504219,128520549,23.950161254164133,healthy,healthy
C002608,C001928,15,0.143719,0.383563,0.274152,0.198566,28063361,5.229685264446083,127804799,23.8167792537677,healthy,healthy
C002608,C001928,16,0.132855,0.369978,0.304081,0.193087,28767685,5.360937998008386,127088248,23.683247984796598,healthy,healthy
C002608,C001928,17,0.110423,0.374245,0.31713,0.198202,29338618,5.467332948245672,126370895,23.54956726089805,healthy,healthy
C002608,C001928,18,0.018364,0.512112,0.277651,0.191873,29436807,5.485630741102012,125652739,23.415736895719284,watch,healthy
C002608,C001928,19,-0.003567,0.533976,0.272826,0.196766,29418186,5.4821606660347655,124933779,23.281756702907522,watch,healthy
C002608,C001928,20,-0.015337,0.520561,0.299931,0.194845,29337252,5.467078390351796,124214015,23.147626682462757,watch,healthy
C002608,C001928,21,0.02179,0.505603,0.283948,0.18866,29456144,5.48923424475785,123493445,23.01334646167944,watch,healthy
C002608,C001928,22,-0.02941,0.522337,0.312805,0.194268,29300132,5.460160975256141,122772068,22.878915854204795,watch,healthy
C002608,C001928,23,-0.012663,0.518407,0.303084,0.191172,29231794,5.447425999156816,122049884,22.744334860038816,watch,healthy
C002608,C001928,24,-0.015508,0.511492,0.31179,0.192226,29148470,5.4318983403359535,121326891,22.60960310647595,stress,healthy
C002608,C001928,25,0.110812,0.382389,0.310028,0.196772,29730768,5.540411189887952,120603089,22.474720593516203,watch,healthy
C002608,C001928,26,0.132251,0.368898,0.306909,0.191942,30444010,5.673325817518764,119878477,22.33968713480679,watch,healthy
C002608,C001928,27,0.144555,0.365263,0.299987,0.190195,31231650,5.820104719079711,119153054,22.20450254399494,watch,healthy
C002608,C001928,28,0.157588,0.369396,0.280462,0.192554,32080735,5.97833406704563,118426819,22.06916663472787,watch,healthy
C002608,C001928,29,0.139239,0.373157,0.295918,0.191686,32835196,6.118929969806502,117699771,21.93367922065281,healthy,healthy
C002608,C001928,30,0.168546,0.3739,0.265768,0.191787,33748994,6.2892187650538105,116971909,21.798040115416974,healthy,healthy
C002608,C001928,31,0.155196,0.370257,0.280299,0.194247,34580690,6.444207624574192,116243232,21.662249132667586,healthy,healthy
C002608,C001928,32,0.093254,0.388434,0.319284,0.199028,35068978,6.535201449526443,115513740,21.526306272404653,healthy,healthy
C002608,C001928,33,0.164107,0.369958,0.275924,0.190011,35970046,6.703117973917942,114783431,21.39021116192261,healthy,healthy
C002608,C001928,34,0.166345,0.367525,0.274151,0.191979,36875052,6.871768355546688,114052305,21.25396380122147,healthy,healthy
C002608,C001928,35,0.144874,0.382442,0.275502,0.197182,37643301,7.01493369040182,113320361,21.117564003948445,healthy,healthy
C002608,C001928,36,0.093061,0.382436,0.325391,0.199112,38132558,7.106108091195335,112587597,20.98101139739798,healthy,healthy
C002608,C001946,13,0.072715,0.356501,0.263969,0.306816,14658998,3.295570369733116,92165888,20.72032273917637,healthy,healthy
C002608,C001946,14,0.113778,0.355087,0.229849,0.301286,15164301,3.4091703302854843,91229250,20.509751973018542,healthy,healthy
C002608,C001946,15,0.050454,0.365256,0.27591,0.30838,15383351,3.458416171610385,90292048,20.299054410903135,healthy,healthy
C002608,C001946,16,0.07165,0.367673,0.250836,0.30984,15693146,3.5280628979890554,89354281,20.088229828014622,healthy,healthy
C002608,C001946,17,0.091052,0.356874,0.247389,0.304685,16093731,3.618120626120237,88415949,19.87727822435301,healthy,healthy
C002608,C001946,18,-0.097709,0.542231,0.250007,0.305472,15664705,3.521668919568049,87477052,19.66619959991829,watch,healthy
C002608,C001946,19,-0.062981,0.534386,0.228552,0.300043,15382991,3.4583352380204424,86537590,19.454993954710464,watch,healthy
C002608,C001946,20,-0.135034,0.550575,0.274464,0.309995,14798024,3.326825573275849,85597562,19.243661063914008,stress,healthy
C002608,C001946,21,0.098868,0.350624,0.252749,0.297758,15244190,3.427130617971424,84656968,19.03220092752892,watch,healthy
C002608,C001946,22,0.095142,0.347653,0.262987,0.294217,15678972,3.5248763627005864,83715808,18.820613545555197,watch,healthy
C002608,C001946,23,0.061364,0.356384,0.278265,0.303987,15950544,3.5859299651670824,82774081,18.608898693177316,watch,healthy
C002608,C001946,24,0.089304,0.357947,0.254145,0.298604,16353136,3.6764388980621954,81831787,18.397056370395273,watch,healthy
C002608,C001946,25,0.063155,0.363776,0.269019,0.30405,16632914,3.7393373367483314,80888925,18.185086352393544,healthy,healthy
C002608,C001946,26,0.076467,0.357377,0.262894,0.303262,16972751,3.8157379712077257,79945495,17.97298863917213,healthy,healthy
C002608,C001946,27,0.07326,0.372098,0.246133,0.308509,17292988,3.887732221325791,79001497,17.760763230731026,healthy,healthy
C002608,C001946,28,0.046067,0.365964,0.285465,0.302504,17498477,3.9339293392806534,78056930,17.548409902254708,watch,healthy
C002608,C001946,29,0.090432,0.361361,0.249662,0.298545,17907465,4.025876192290417,77111794,17.33592865374317,healthy,healthy
C002608,C001946,30,0.046464,0.368458,0.282001,0.303077,18114585,4.072439984370825,76166089,17.123319485196422,watch,healthy
C002608,C001946,31,0.084136,0.367424,0.243292,0.305148,18487311,4.156234576718075,75219814,16.910582171798932,healthy,healthy
C002608,C001946,32,0.084545,0.352855,0.268729,0.293871,18876458,4.243720864844352,74272970,16.697716938366224,healthy,healthy
C002608,C001946,33,0.063877,0.358454,0.278765,0.298904,19165694,4.308745608790707,73325556,16.484723560082774,healthy,healthy
C002608,C001946,34,0.054781,0.36222,0.279244,0.303756,19409927,4.363652979547632,72377571,16.271601812133056,healthy,healthy
C002608,C001946,35,0.068688,0.367247,0.256444,0.307621,19712501,4.431676313001367,71429015,16.058351694517064,healthy,healthy
C002608,C001946,36,0.043757,0.369592,0.280678,0.305973,19906406,4.475269167884293,70479888,15.844973207234805,watch,healthy
C002608,C001956,13,0.127918,0.369422,0.307059,0.1956,20970428,4.914464134361879,65597687,15.372956625329559,healthy,healthy
C002608,C001956,14,0.119898,0.361399,0.328023,0.19068,21494644,5.037315262181428,65014105,15.236192949907236,healthy,healthy
C002608,C001956,15,0.122601,0.361789,0.323711,0.191899,22028030,5.162315398886828,64429691,15.099234293526024,healthy,healthy
C002608,C001956,16,0.135227,0.37131,0.297074,0.196388,22603720,5.297229567425057,63844443,14.962080187481693,healthy,healthy
C002608,C001956,17,0.076842,0.382668,0.342129,0.198361,22928061,5.373239566448589,63258361,14.824730631774242,healthy,healthy
C002608,C001956,18,-1.867756,0.491994,0.301635,0.196761,14969014,3.508020076164437,71142861,16.672479875012208,stress,healthy
C002608,C001956,19,0.07235,0.381985,0.344187,0.201478,15270529,3.578680753832634,70555105,16.534738013865834,stress,healthy
C002608,C001956,20,0.06306,0.383532,0.349984,0.203424,15531188,3.6397667415291477,69966511,16.396799765647888,stress,healthy
C002608,C001956,21,0.075495,0.367904,0.360899,0.195703,15856019,3.715891573088566,69377077,16.258664661654137,healthy,healthy
C002608,C001956,22,0.057019,0.384336,0.357489,0.201156,16095046,3.771908055853921,68786803,16.120332701884582,healthy,healthy
C002608,C001956,23,0.090281,0.369022,0.344005,0.196692,16482644,3.862742466556001,68195687,15.981803417634998,healthy,healthy
C002608,C001956,24,0.100454,0.387541,0.310887,0.201118,16905029,3.9617292842495853,67603727,15.843076340201153,healthy,healthy
C002608,C001956,25,0.091487,0.369221,0.346093,0.193198,17306054,4.055710340787033,67010923,15.70415146958305,healthy,healthy
C002608,C001956,26,0.067265,0.37357,0.36105,0.198115,17593996,4.12319015721121,66417273,15.565028337076459,healthy,healthy
C002608,C001956,27,0.063428,0.376465,0.360609,0.199498,17864014,4.186469446343131,65822776,15.425706708329265,healthy,healthy
C002608,C001956,28,0.097263,0.382812,0.319515,0.20041,18276775,4.283200859291085,65227431,15.286186348989357,healthy,healthy
C002608,C001956,29,0.050612,0.3804,0.370017,0.198971,18493422,4.333972541743971,64631237,15.14646702470462,healthy,healthy
C002608,C001956,30,0.083743,0.37769,0.341989,0.196579,18856767,4.419123210623963,64034192,15.006548266770825,healthy,healthy
C002608,C001956,31,0.064872,0.374563,0.363012,0.197553,19137248,4.484854525925203,63436295,14.866429840835856,healthy,healthy
C002608,C001956,32,0.085538,0.381519,0.332336,0.200607,19501968,4.570327428962016,62837546,14.726111746899718,healthy,healthy
C002608,C001956,33,0.075935,0.37108,0.357793,0.195192,19835200,4.648421052631579,62237942,14.585593281906064,healthy,healthy
C002608,C001956,34,0.043661,0.390253,0.361406,0.20468,20018182,4.691303271164926,61637483,14.444874445854898,watch,healthy
C002608,C001956,35,0.094733,0.373154,0.334967,0.197147,20430959,4.788038433746705,61036168,14.303955004394103,healthy,healthy
C002608,C001956,36,0.105769,0.379665,0.317078,0.197488,20891685,4.896010545845133,60433994,14.162834254467338,healthy,healthy
C002608,C001962,13,0.141275,0.382771,0.261902,0.214052,39646717,4.870790747753476,135191231,16.60889594294032,healthy,healthy
C002608,C001962,14,0.169203,0.384637,0.230071,0.21609,40970750,5.033454599242624,134007577,16.46347832988193,healthy,healthy
C002608,C001962,15,0.164027,0.385619,0.232403,0.217951,42245018,5.190004580028129,132822353,16.317867834737648,healthy,healthy
C002608,C001962,16,0.131735,0.383293,0.271184,0.213788,43289726,5.3183520056297,131635558,16.17206433465263,healthy,healthy
C002608,C001962,17,0.14797,0.386389,0.250136,0.215505,44455379,5.461558108861175,130447190,16.02606758391722,healthy,healthy
C002608,C001962,18,0.163719,0.374314,0.254207,0.20776,45794953,5.626131247291051,129257247,15.879877336821755,healthy,healthy
C002608,C001962,19,0.125629,0.392627,0.264054,0.21769,46777273,5.746814005647391,128065727,15.73349334765657,healthy,healthy
C002608,C001962,20,0.175195,0.372285,0.242872,0.209647,48201608,5.9218004424739625,126872627,15.586915247857165,healthy,healthy
C002608,C001962,21,0.200584,0.37226,0.219964,0.207191,49853874,6.124789303963493,125677945,15.440142791713884,healthy,healthy
C002608,C001962,22,0.14027,0.392327,0.249289,0.218114,50952909,6.2598110640112985,124481679,15.293175733517058,healthy,healthy
C002608,C001962,23,0.16004,0.377026,0.254237,0.208698,52265154,6.421026702743397,123283828,15.14601395041186,healthy,healthy
C002608,C001962,24,0.172238,0.379383,0.236125,0.212254,53655598,6.591849466466036,122084389,14.998657073833789,healthy,healthy
C002608,C001962,25,0.178571,0.371688,0.239985,0.209756,55116270,6.771300079315079,120883360,14.851104858073183,healthy,healthy
C002608,C001962,26,0.120243,0.391876,0.26951,0.218371,56062284,6.887522470148733,119680739,14.703357057420384,healthy,healthy
C002608,C001962,27,-1.651455,0.381317,0.228612,0.210047,42536695,5.22583850879788,134369852,16.507985564065848,watch,healthy
C002608,C001962,28,0.127472,0.391238,0.261384,0.219905,43535224,5.348512621122579,133164040,16.35984573364483,healthy,healthy
C002608,C001962,29,0.101389,0.396377,0.281469,0.220766,44327387,5.445833673231701,131956630,16.21150958120262,healthy,healthy
C002608,C001962,30,0.140018,0.377999,0.272999,0.208984,45484571,5.5879993188928125,130747619,16.06297673817473,healthy,healthy
C002608,C001962,31,0.132168,0.396217,0.252833,0.218782,46529346,5.716354975768113,129537006,15.914247081706327,healthy,healthy
C002608,C001962,32,0.125431,0.396973,0.258687,0.21891,47521599,5.8382580511685465,128324788,15.76532024323291,healthy,healthy
C002608,C001962,33,0.169821,0.380274,0.236252,0.213653,48899889,6.007587637265703,127110964,15.616196099899652,healthy,healthy
C002608,C001962,34,0.179238,0.373024,0.237895,0.209843,50382984,6.1897930240078,125895530,15.466874160287224,healthy,healthy
C002608,C001962,35,0.157793,0.382521,0.249444,0.210242,51687878,6.350105556871467,124678486,15.317354424395628,healthy,healthy
C002608,C001962,36,0.153339,0.380638,0.253491,0.212532,52943946,6.504419579718535,123459828,15.167636400805534,healthy,healthy
C002608,C001991,13,0.142584,0.374566,0.266637,0.216213,10025716,3.1193666006746064,41551412,12.92816261738015,healthy,stress
C002608,C001991,14,0.109105,0.381117,0.291238,0.21854,10376790,3.2285985507882176,41059163,12.77500596604318,healthy,stress
C002608,C001991,15,0.155566,0.376265,0.250244,0.217925,10879392,3.3849763987376567,40566313,12.621662321644866,healthy,stress
C002608,C001991,16,0.115139,0.397385,0.262553,0.224923,11240248,3.4972518864986344,40072861,12.468131373048669,healthy,stress
C002608,C001991,17,0.077321,0.399685,0.293726,0.229267,11478279,3.571312028569802,39578807,12.314413120254585,healthy,stress
C002608,C001991,18,0.119351,0.390734,0.268286,0.22163,11858822,3.689712861420096,39084149,12.160506940989533,healthy,stress
C002608,C001991,19,0.088733,0.391423,0.297088,0.222756,12140656,3.7774017174114807,38588887,12.006412835253512,healthy,stress
C002608,C001991,20,0.050147,0.412859,0.305815,0.231178,12294318,3.8252115806265232,38093020,11.852130491909984,healthy,stress
C002608,C001991,21,0.064891,0.413491,0.290335,0.231283,12493311,3.8871255743969475,37596548,11.697659910958945,healthy,stress
C002608,C001991,22,0.087591,0.393111,0.295607,0.223691,12771371,3.973640201081324,37099470,11.543000781263855,healthy,stress
C002608,C001991,23,-0.160486,0.637234,0.304324,0.218928,12250184,3.8114798805111225,36601785,11.388152791688174,stress,stress
C002608,C001991,24,-0.137937,0.63856,0.278265,0.221112,11806110,3.6733122320531,36103492,11.233115631095359,stress,stress
C002608,C001991,25,-0.228802,0.680386,0.315589,0.232828,11105716,3.4553940653193833,35604591,11.077889299485411,stress,stress
C002608,C001991,26,-0.184874,0.645973,0.314073,0.224828,10518941,3.272826921275921,35105081,10.922473485721788,stress,stress
C002608,C001991,27,0.065843,0.417462,0.283092,0.233603,10720318,3.3354826645608946,34604960,10.766867567531408,watch,stress
C002608,C001991,28,0.087569,0.400138,0.284966,0.227328,10995870,3.421216960799596,34104229,10.611071856050811,watch,stress
C002608,C001991,29,0.061906,0.39517,0.318133,0.224791,11193107,3.482584598803431,33602886,10.455085729006917,watch,stress
C002608,C001991,30,0.080502,0.398512,0.298415,0.222572,11452468,3.563281283301333,33100931,10.298909186399724,watch,stress
C002608,C001991,31,0.083089,0.406188,0.283523,0.2272,11715030,3.6449739158680567,32598363,10.142541917092691,healthy,stress
C002608,C001991,32,0.088099,0.404856,0.282787,0.224258,11997419,3.732835452639885,32095182,9.985983921085817,healthy,stress
C002608,C001991,33,0.024683,0.414049,0.329114,0.232153,12073940,3.7566439319195912,31591386,9.829234576106021,watch,stress
C002608,C001991,34,0.016622,0.420043,0.330347,0.232988,12125349,3.772639150373224,31086975,9.672293882153301,watch,stress
C002608,C001991,35,0.09332,0.410585,0.270072,0.226024,12423225,3.865319258760749,30581948,9.515161528091118,healthy,stress
C002608,C001991,36,-0.003293,0.429949,0.336814,0.236531,12413168,3.8621901585645158,30076304,9.35783720278293,watch,stress
C002608,C002007,13,-0.081625,0.34189,0.505381,0.234354,5890682,2.038180492684333,63485657,21.966086042778844,watch,delinquent
C002608,C002007,14,-0.048301,0.332699,0.485986,0.229616,5748918,1.9891300398904286,79480492,27.500311227690304,watch,delinquent
C002608,C002007,15,-0.04503,0.334969,0.481107,0.228954,5616368,1.9432676381676215,79008731,27.3370815596469,stress,delinquent
C002608,C002007,16,-0.002515,0.332283,0.441647,0.228585,5608953,1.9407020424771302,78536961,27.17384877759659,stress,delinquent
C002608,C002007,17,-0.080561,0.341274,0.509696,0.229591,5372465,1.8588770129892147,78065182,27.01061288153937,stress,delinquent
C002608,C002007,18,-0.04042,0.334834,0.47956,0.226025,5251938,1.8171745784932152,77593394,26.84737387147525,stress,delinquent
C002608,C002007,19,-0.075229,0.337594,0.508062,0.229574,5031077,1.7407565029979237,77121597,26.684131747404216,stress,delinquent
C002608,C002007,20,-0.03395,0.341499,0.462442,0.230009,4931590,1.7063339246486449,76649791,26.520886509326278,stress,delinquent
C002608,C002007,21,-0.059685,0.340143,0.48792,0.231623,4757906,1.6462391273583845,76177976,26.357638157241432,stress,delinquent
C002608,C002007,22,-0.100248,0.342726,0.527043,0.230479,4464732,1.544800698367949,75706152,26.19438669114968,stress,delinquent
C002608,C002007,23,-0.156174,0.338247,0.586592,0.231335,4009684,1.3873537411505978,75234318,26.031131765050255,stress,delinquent
C002608,C002007,24,-0.121909,0.354627,0.530348,0.236934,3662861,1.2673527169883263,74762476,25.86787407094469,stress,delinquent
C002608,C002007,25,-0.19813,0.348656,0.613878,0.235596,3095985,1.0712131859508465,74290625,25.70461326283222,stress,delinquent
C002608,C002007,26,-0.197293,0.349409,0.610165,0.237719,2536532,0.8776420186099972,73818765,25.541349340712838,stress,delinquent
C002608,C002007,27,-0.178812,0.351686,0.58906,0.238066,2030214,0.7024556020465254,73346896,25.378082304586552,stress,delinquent
C002608,C002007,28,-0.131951,0.341907,0.559829,0.230216,1643837,0.5687688635293393,72875018,25.21481215445336,stress,delinquent
C002608,C002007,29,-0.102297,0.341731,0.534499,0.226067,1338789,0.46322202142644353,72403131,25.05153889031326,stress,delinquent
C002608,C002007,30,-0.164245,0.350905,0.577488,0.235851,869326,0.30078746314659327,71931234,24.888262166165486,stress,delinquent
C002608,C002007,31,-0.112963,0.341267,0.546191,0.225504,531621,0.1839412739817457,71459328,24.724982328010803,stress,delinquent
C002608,C002007,32,-0.139272,0.339322,0.572021,0.227929,119685,0.041411101849823904,70987413,24.561699375849216,stress,delinquent
C002608,C002007,33,-0.283707,0.350546,0.699666,0.233495,-699469,-0.24201681079328635,70515489,24.39841330968072,stress,delinquent
C002608,C002007,34,-0.278807,0.359053,0.682322,0.237432,-1491142,-0.515936276346661,70043557,24.235124475506087,stress,delinquent
C002608,C002007,35,-0.251898,0.34651,0.6766,0.228788,-2233444,-0.7727733380112637,69571616,24.071832527324545,stress,delinquent
C002608,C002007,36,-0.186666,0.34241,0.619525,0.224731,-2793462,-0.9665399957857107,69099666,23.9085374651361,delinquent,delinquent
C002608,C002035,13,0.218664,0.318229,0.248869,0.214238,43123858,6.7550195627936365,165253745,25.885723867746503,healthy,healthy
C002608,C002035,14,0.196502,0.316187,0.273406,0.213905,44413562,6.95704174156561,164271000,25.73178444747855,healthy,healthy
C002608,C002035,15,0.216217,0.312099,0.259376,0.212308,45841077,7.180650949980621,163289803,25.57808750946446,healthy,healthy
C002608,C002035,16,0.231006,0.306987,0.25593,0.206077,47409879,7.426391676613887,162310151,25.424632583777385,healthy,healthy
C002608,C002035,17,0.221918,0.323779,0.23939,0.214913,48852728,7.652402837794254,161332041,25.27141920049048,healthy,healthy
C002608,C002035,18,0.264571,0.309257,0.22101,0.205162,50651815,7.934215932535631,160355471,25.118447046319176,healthy,healthy
C002608,C002035,19,0.233776,0.304374,0.25767,0.20418,52246623,8.18403029837692,159380439,24.96571580797891,healthy,healthy
C002608,C002035,20,0.239811,0.302109,0.254448,0.203632,53884420,8.440578559316021,158406942,24.81322501554283,healthy,healthy
C002608,C002035,21,0.23341,0.3116,0.248998,0.205992,55457755,8.687029345417486,157434977,24.660974199084094,healthy,healthy
C002608,C002035,22,0.256901,0.308418,0.228665,0.206015,57186516,8.957826414974543,156464543,24.508963201960412,healthy,healthy
C002608,C002035,23,0.264519,0.306899,0.22482,0.203762,58983385,9.239292077132541,155495637,24.357191554244938,healthy,healthy
C002608,C002035,24,0.284215,0.30247,0.216625,0.19669,60980326,9.55209747410664,154528257,24.205658942653105,healthy,healthy
C002608,C002035,25,0.25657,0.309946,0.232335,0.201149,62740284,9.82778131296204,153562400,24.05436489725807,healthy,healthy
C002608,C002035,26,0.222268,0.309889,0.264692,0.203151,64247546,10.063882273508183,152598063,23.903308948132974,healthy,healthy
C002608,C002035,27,0.278135,0.298189,0.226722,0.196954,66189939,10.368143147236907,151635245,23.752490938635543,healthy,healthy
C002608,C002035,28,0.276069,0.295718,0.234838,0.193375,68150489,10.675248174895495,150673943,23.60191039883893,healthy,healthy
C002608,C002035,29,0.219262,0.314548,0.263793,0.202397,69635871,10.907921802292691,149714154,23.451566858816275,healthy,healthy
C002608,C002035,30,0.268922,0.292582,0.247429,0.191067,71562661,11.20973858648197,148755876,23.301460005283023,healthy,healthy
C002608,C002035,31,0.268036,0.305198,0.228406,0.19836,73409582,11.49904450818161,147799107,23.151589524954606,healthy,healthy
C002608,C002035,32,0.258361,0.301123,0.248719,0.191797,75247861,11.786996727272784,146843844,23.00195494790417,healthy,healthy
C002608,C002035,33,0.269624,0.294571,0.245082,0.190723,77174037,12.088717333100389,145890086,22.852556117489442,healthy,healthy
C002608,C002035,34,0.283351,0.306013,0.218356,0.192281,79178718,12.402735141343815,144937829,22.70339240714128,healthy,healthy
C002608,C002035,35,0.303024,0.299389,0.207314,0.190274,81341785,12.741562894200095,143987072,22.554463660217408,healthy,healthy
C002608,C002035,36,0.290768,0.303229,0.214924,0.191079,83405364,13.06480661961933,143037812,22.405769406790977,healthy,healthy
C002608,C002071,13,0.134088,0.343389,0.260336,0.262187,26517915,4.905028505783469,53506433,9.897104621829932,healthy,healthy
C002608,C002071,14,0.125788,0.348928,0.263507,0.261777,27208515,5.032769042175341,52500394,9.711017217411829,healthy,healthy
C002608,C002071,15,0.150187,0.343695,0.242219,0.263899,28027638,5.184282525220402,51492880,9.524656981700389,healthy,healthy
C002608,C002071,16,0.146598,0.344941,0.243665,0.264797,28825640,5.331889249115256,50483889,9.338023544754876,healthy,healthy
C002608,C002071,17,0.133139,0.348031,0.253878,0.264952,29551015,5.4660621300669705,49473418,9.151116351664186,healthy,healthy
C002608,C002071,18,0.137173,0.34305,0.256089,0.263688,30303053,5.605166875950363,48461465,8.96393503248758,healthy,healthy
C002608,C002071,19,0.119194,0.353036,0.261748,0.266021,30951743,5.725155304204118,47448028,8.776479217284322,healthy,healthy
C002608,C002071,20,-0.016729,0.353789,0.258743,0.404197,30861733,5.708506121347714,45925644,8.494883288013538,watch,healthy
C002608,C002071,21,-0.039195,0.360486,0.273366,0.405342,30651127,5.669550251948139,44401027,8.212874319910199,watch,healthy
C002608,C002071,22,0.036996,0.347862,0.220908,0.394234,30855821,5.707412576529949,42874175,7.9304519430335665,watch,healthy
C002608,C002071,23,-0.00514,0.355844,0.244393,0.404903,30828092,5.702283533185596,41345084,7.647615417502168,watch,healthy
C002608,C002071,24,0.026325,0.351041,0.226225,0.396409,30973369,5.729155473390348,39813751,7.364364188404899,watch,healthy
C002608,C002071,25,0.005616,0.359338,0.233377,0.401669,31004001,5.73482148571406,38280172,7.080697515860285,watch,healthy
C002608,C002071,26,0.033374,0.344221,0.227484,0.394922,31189413,5.769117211653084,36744344,6.7966148449572215,watch,healthy
C002608,C002071,27,0.095341,0.358655,0.272447,0.273557,31699942,5.863549948843362,35718957,6.60694863385202,healthy,healthy
C002608,C002071,28,0.100487,0.366147,0.255602,0.277764,32230657,5.961716497889427,34692067,6.417004412283167,healthy,healthy
C002608,C002071,29,0.097362,0.36773,0.259208,0.2757,32749475,6.0576824544630705,33663671,6.22678162533956,healthy,healthy
C002608,C002071,30,0.11023,0.372371,0.240362,0.277036,33334889,6.165966697688253,32633767,6.03627990308046,healthy,healthy
C002608,C002071,31,0.13168,0.354341,0.248797,0.265182,34066553,6.301302857286606,31602353,5.845498875565131,healthy,healthy
C002608,C002071,32,0.116199,0.357142,0.259293,0.267365,34707867,6.419926944103311,30569426,5.654437987882468,healthy,healthy
C002608,C002071,33,0.08805,0.37602,0.255659,0.280271,35172125,6.505800917379039,29534985,5.463097055062103,healthy,healthy
C002608,C002071,34,0.07854,0.370133,0.27013,0.281197,35585479,6.582259159023589,28499027,5.27147552219293,healthy,healthy
C002608,C002071,35,0.104802,0.361392,0.262363,0.271443,36157709,6.688104752912266,27461549,5.079572834363844,healthy,healthy
C002608,C002071,36,0.135463,0.358736,0.240159,0.265643,36914610,6.828109009697011,26422550,4.887388806604478,healthy,healthy
C002608,C002103,13,0.216314,0.322999,0.268715,0.191971,54617703,7.9348728550946825,54103110,7.860112661918456,healthy,healthy
C002608,C002103,14,0.212834,0.329261,0.261527,0.196378,56093206,8.149234281138373,53150120,7.721662048530766,healthy,healthy
C002608,C002103,15,0.224248,0.32464,0.253784,0.197327,57640026,8.373956657868819,52197331,7.583240636470783,healthy,healthy
C002608,C002103,16,0.222484,0.319689,0.267931,0.189896,59234402,8.605587981566456,51244744,7.444848571018743,healthy,healthy
C002608,C002103,17,0.260528,0.312847,0.239679,0.186946,61130463,8.881048173667608,50292358,7.306485706894409,healthy,healthy
C002608,C002103,18,0.250388,0.319698,0.24005,0.189864,62924352,9.141664793358716,49340174,7.168152189378019,healthy,healthy
C002608,C002103,19,0.245988,0.320343,0.245916,0.187753,64706147,9.400524393859373,48388191,7.029847873189336,healthy,healthy
C002608,C002103,20,0.264676,0.313235,0.235265,0.186824,66632429,9.680375100013336,47436409,6.891572758328358,healthy,healthy
C002608,C002103,21,0.247547,0.319325,0.242121,0.191007,68394227,9.936329531607798,46484829,6.753326990075325,healthy,healthy
C002608,C002103,22,0.236314,0.324589,0.248961,0.190136,70083426,10.181736763251228,45533450,6.615110423149999,healthy,healthy
C002608,C002103,23,0.22661,0.321168,0.265431,0.186791,71731913,10.421229345871856,44582273,6.476923202832616,healthy,healthy
C002608,C002103,24,0.230318,0.329493,0.248423,0.191766,73363569,10.658276716817728,43631296,6.338765038562702,healthy,healthy
C002608,C002103,25,0.256578,0.310907,0.251545,0.180971,75289278,10.938044177395692,42680521,6.200636220900732,healthy,healthy
C002608,C002103,26,0.24994,0.31572,0.247108,0.187232,77102048,11.201403833248119,41729947,6.062536604566468,healthy,healthy
C002608,C002103,27,0.277366,0.302852,0.240185,0.179597,79198808,11.506021623704234,40779575,5.924466334840147,healthy,healthy
C002608,C002103,28,0.263525,0.320296,0.229188,0.186991,81111767,11.783936761256046,39829403,5.7864251211612965,healthy,healthy
C002608,C002103,29,0.257275,0.308377,0.253956,0.180392,83047264,12.065126224797147,38879432,5.648413108810152,healthy,healthy
C002608,C002103,30,0.279254,0.312919,0.227876,0.179951,85152815,12.371021173819765,37929662,5.510430297786713,healthy,healthy
C002608,C002103,31,0.263848,0.318581,0.23096,0.186611,87070800,12.649666489844474,36980093,5.372476688090981,healthy,healthy
C002608,C002103,32,0.285529,0.308656,0.226231,0.179584,89227149,12.96294138436376,36030725,5.234552279722956,healthy,healthy
C002608,C002103,33,0.223426,0.324379,0.266751,0.185444,90860817,13.200281059147168,35081558,5.096657072682637,healthy,healthy
C002608,C002103,34,0.234233,0.32439,0.256676,0.1847,92580044,13.450050765757602,34132592,4.958791066970025,healthy,healthy
C002608,C002103,35,0.28798,0.313485,0.217303,0.181232,94733763,13.762943573252668,33183827,4.8209542625851185,healthy,healthy
C002608,C002103,36,0.276635,0.320456,0.219661,0.183248,96779443,14.060140449185186,32235263,4.683146659527918,healthy,healthy
C002608,C002147,13,-0.045251,0.358745,0.477396,0.20911,16653094,2.668126965575594,223766866,35.85150057862764,watch,stress
C002608,C002147,14,-0.021116,0.340639,0.478555,0.201923,16522479,2.6472000793399997,222892578,35.7114238224117,watch,stress
C002608,C002147,15,-0.023892,0.357968,0.457171,0.208754,16379439,2.6242824832971303,222017726,35.57125670319123,stress,stress
C002608,C002147,16,-0.027047,0.342711,0.48473,0.199607,16209979,2.5971319252334792,221142310,35.43099922096623,stress,stress
C002608,C002147,17,-0.056654,0.363986,0.482124,0.210544,15873247,2.543181366293969,220266329,35.2906512155186,stress,stress
C002608,C002147,18,-0.076402,0.362971,0.50497,0.208462,15414306,2.469650714409807,219389783,35.15021268684834,stress,stress
C002608,C002147,19,-0.080524,0.342858,0.537557,0.200109,14910090,2.3888661883586924,218512671,35.00968347473737,stress,stress
C002608,C002147,20,-0.041356,0.347285,0.493979,0.200091,14650943,2.3473461501755164,217634993,34.869063579185685,stress,stress
C002608,C002147,21,-0.120981,0.356659,0.556938,0.207384,13919033,2.2300809256247853,216756749,34.72835300019328,stress,stress
C002608,C002147,22,-0.057722,0.342827,0.514268,0.200627,13557831,2.172209829946118,215877938,34.58755157754206,stress,stress
C002608,C002147,23,-0.061218,0.348493,0.509429,0.203295,13179540,2.111600767273767,214998560,34.44665931123203,stress,stress
C002608,C002147,24,-0.155877,0.351225,0.602539,0.202113,12210047,1.9562704475003494,214118615,34.305676201263196,stress,stress
C002608,C002147,25,-0.102729,0.346578,0.552639,0.203512,11575096,1.8545398090424636,213238103,34.16460224763554,stress,stress
C002608,C002147,26,-0.153948,0.365674,0.577819,0.210454,10654364,1.707021883708688,212357023,34.02343729013099,stress,stress
C002608,C002147,27,-0.154003,0.360542,0.58597,0.207491,9719547,1.5572472865330231,211475374,33.88218116853144,stress,stress
C002608,C002147,28,-0.215313,0.363623,0.643908,0.207782,8413559,1.34800437950817,210593156,33.74083388283689,stress,stress
C002608,C002147,29,-0.124207,0.351935,0.566632,0.205639,7651838,1.2259628933828166,209710369,33.59939543304734,stress,stress
C002608,C002147,30,-0.165585,0.34847,0.615447,0.201668,6615690,1.0599532366110946,208827013,33.4578658191628,stress,stress
C002608,C002147,31,-0.207825,0.351773,0.651365,0.204687,5333578,0.854535696778073,207943087,33.316244880965165,stress,stress
C002608,C002147,32,-0.166356,0.360007,0.601397,0.204952,4307963,0.6902136171814038,207058591,33.17453261845444,stress,stress
C002608,C002147,33,-0.241685,0.348088,0.691908,0.201689,2792851,0.4474652616465603,206173524,33.03272887141254,stress,stress
C002608,C002147,34,-0.219193,0.348614,0.670499,0.20008,1406794,0.2253938521220112,205287886,32.89083363983945,stress,stress
C002608,C002147,35,-0.264382,0.345653,0.71808,0.200649,-261346,-0.04187235776999272,204401677,32.74884692373517,stress,stress
C002608,C002147,36,-0.23723,0.364274,0.663739,0.209216,-1697801,-0.27201843875265513,203514896,32.606768562881626,stress,stress
C002608,C002211,13,0.099725,0.348136,0.369559,0.18258,12995283,4.178183956551692,41215572,13.25144221103158,healthy,stress
C002608,C002211,14,0.09803,0.350428,0.367353,0.184188,13296626,4.275070379726866,40819238,13.124014715975417,healthy,stress
C002608,C002211,15,0.125327,0.348099,0.348011,0.178562,13694020,4.4028386811351465,40422903,12.996586899403825,healthy,stress
C002608,C002211,16,0.10046,0.346995,0.370715,0.18183,14006841,4.5034154583759705,40026567,12.869158761316807,healthy,stress
C002608,C002211,17,0.136743,0.345325,0.341623,0.176309,14445976,4.64460413520281,39630230,12.741730301714364,healthy,stress
C002608,C002211,18,0.150979,0.339695,0.333815,0.17551,14933038,4.80120208187669,39233891,12.614301199081067,healthy,stress
C002608,C002211,19,0.084589,0.34443,0.391942,0.17904,15200543,4.887209066049128,38837552,12.486872096447769,healthy,stress
C002608,C002211,20,0.090881,0.356236,0.367935,0.184949,15478766,4.976662052563057,38441212,12.359442672299046,healthy,stress
C002608,C002211,21,0.06099,0.347813,0.411911,0.179286,15671379,5.038590103412222,38044871,12.232012926634896,healthy,stress
C002608,C002211,22,0.084593,0.340489,0.399369,0.175549,15944217,5.126311729354316,37648529,12.10458285945532,healthy,stress
C002608,C002211,23,0.058466,0.364582,0.392836,0.184116,16124016,5.184119881527996,37252186,11.977152470760316,healthy,stress
C002608,C002211,24,0.025344,0.363837,0.425942,0.184877,16201636,5.209075908934828,36855842,11.849721760549887,watch,stress
C002608,C002211,25,0.103923,0.345668,0.373029,0.17738,16533363,5.315731256829523,36459497,11.72229072882403,healthy,stress
C002608,C002211,26,0.049633,0.35611,0.411852,0.182406,16687428,5.365265531017022,36063151,11.594859375582747,watch,stress
C002608,C002211,27,0.036637,0.365074,0.41606,0.182229,16801263,5.401865239595439,35666804,11.467427700826038,watch,stress
C002608,C002211,28,-0.001339,0.36565,0.453412,0.182276,16797105,5.40052837845195,35270456,11.339995704553901,watch,stress
C002608,C002211,29,0.064383,0.353664,0.404494,0.177458,17002532,5.4665763279766,34874107,11.21256338676634,healthy,stress
C002608,C002211,30,0.086066,0.348418,0.389457,0.176058,17279327,5.555570190461452,34477757,11.085130747463351,healthy,stress
C002608,C002211,31,0.02779,0.365447,0.423592,0.183171,17365230,5.583189330146187,34081406,10.957697786644935,watch,stress
C002608,C002211,32,0.021305,0.357988,0.440523,0.180185,17432178,5.604714144921149,33685054,10.830264504311094,watch,stress
C002608,C002211,33,-0.007935,0.361855,0.465332,0.180748,17407321,5.59672223596403,33288701,10.702830900461825,watch,stress
C002608,C002211,34,-0.058262,0.371361,0.50259,0.18431,17228335,5.539175475832114,32892347,10.57539697509713,watch,stress
C002608,C002211,35,-0.011338,0.370823,0.456129,0.184386,17193518,5.5279812732268105,32495992,10.447962728217009,stress,stress
C002608,C002211,36,-0.034893,0.372751,0.478158,0.183984,17086133,5.4934553391494765,32099637,10.320528481336888,stress,stress
C002608,C002213,13,0.15476,0.333047,0.260943,0.251249,21833448,4.100658812767218,45516572,8.548715351727935,healthy,stress
C002608,C002213,14,0.181966,0.332088,0.238765,0.247181,22805357,4.283198336806563,44592412,8.375143827504782,healthy,stress
C002608,C002213,15,0.157476,0.340589,0.252459,0.249477,23638802,4.439732182684079,43668157,8.20155446081409,healthy,stress
C002608,C002213,16,0.164126,0.33857,0.248944,0.248359,24511444,4.603627830668347,42743808,8.027947439471307,healthy,stress
C002608,C002213,17,0.165079,0.329045,0.261084,0.244792,25402031,4.77089382686308,41819364,7.854322575660984,healthy,stress
C002608,C002213,18,0.134963,0.345355,0.263088,0.256594,26096728,4.901368654991599,40894826,7.680680057198568,healthy,stress
C002608,C002213,19,0.148251,0.33858,0.262414,0.250755,26877674,5.048042377675955,39970193,7.507019696268614,healthy,stress
C002608,C002213,20,0.142215,0.343931,0.262484,0.25137,27625068,5.188414516456295,39045465,7.33334149287112,healthy,stress
C002608,C002213,21,0.125685,0.355039,0.263679,0.255597,28274731,5.310431263709353,38120643,7.159645634821534,healthy,stress
C002608,C002213,22,0.110075,0.347852,0.288492,0.25358,28848291,5.4181546919397805,37195726,6.98593193430441,healthy,stress
C002608,C002213,23,0.103434,0.349868,0.292011,0.254688,29384955,5.518948481408806,36270715,6.812200579135193,healthy,stress
C002608,C002213,24,0.094823,0.349639,0.300268,0.255271,29875868,5.61114952632631,35345608,6.6384511936829895,healthy,stress
C002608,C002213,25,0.133406,0.34003,0.281019,0.245545,30593967,5.746019611563847,34420407,6.464684153578695,healthy,stress
C002608,C002213,26,0.163274,0.33887,0.250446,0.24741,31466302,5.909857600205645,33495111,6.29089927100686,healthy,stress
C002608,C002213,27,-0.03931,0.51738,0.262869,0.259062,31265705,5.872182384826715,32569720,6.117096545967486,watch,stress
C002608,C002213,28,-0.040396,0.504798,0.28106,0.254539,31055879,5.832773820680196,31644235,5.9432761662760205,watch,stress
C002608,C002213,29,-0.015486,0.504166,0.259902,0.251417,30974436,5.817477567166404,30718655,5.769437944117016,stress,stress
C002608,C002213,30,-0.045147,0.504961,0.288658,0.251527,30737079,5.77289825592697,29792980,5.595581879490472,stress,stress
C002608,C002213,31,-0.050173,0.503214,0.298355,0.248605,30470166,5.722767871312861,28867210,5.421707972396388,stress,stress
C002608,C002213,32,-0.081819,0.517402,0.309272,0.255146,30046020,5.643106700397486,27941346,5.247816410650213,stress,stress
C002608,C002213,33,0.096162,0.366472,0.281689,0.255677,30543532,5.736547139454911,27015387,5.073907006436498,watch,stress
C002608,C002213,34,0.11669,0.359811,0.269593,0.253906,31151524,5.850737429183402,26089333,4.899979759755244,watch,stress
C002608,C002213,35,0.111738,0.361031,0.27204,0.255191,31730847,5.959543237839403,25163184,4.72603467060645,watch,stress
C002608,C002213,36,0.092153,0.365624,0.286638,0.255585,32207939,6.049148485453099,24236941,4.552071926805565,watch,stress
C002608,C002241,13,0.04452,0.409913,0.364638,0.18093,6076334,2.210242823562163,90200793,32.81018709765892,watch,stress
C002608,C002241,14,0.02442,0.420438,0.369787,0.185355,6143220,2.234572345523395,89845421,32.68092191692742,watch,stress
C002608,C002241,15,0.035437,0.430998,0.346384,0.187181,6239360,2.269542896032512,89489952,32.55162145282377,watch,stress
C002608,C002241,16,0.037582,0.431322,0.340936,0.19016,6339747,2.306058276248434,89134386,32.42228570534795,watch,stress
C002608,C002241,17,0.019021,0.419985,0.379619,0.181375,6393030,2.3254397599469705,88778724,32.29291503824608,watch,stress
C002608,C002241,18,0.038644,0.426386,0.351371,0.183599,6500001,2.3643500445164607,88422964,32.16350872402595,watch,stress
C002608,C002241,19,0.004121,0.429809,0.381682,0.184388,6511362,2.3684825640123424,88067108,32.034067490179766,watch,stress
C002608,C002241,20,-0.013309,0.429741,0.39738,0.186188,6475014,2.3552611205974747,87711155,31.904590972961415,watch,stress
C002608,C002241,21,-0.028947,0.432628,0.408398,0.187921,6396664,2.3267616132915734,87355106,31.775079536117016,watch,stress
C002608,C002241,22,-0.079633,0.439713,0.449792,0.190128,6183567,2.2492484096110936,86998959,31.645532452154352,stress,stress
C002608,C002241,23,-0.057845,0.433234,0.437996,0.186615,6025817,2.1918674615893208,86642716,31.515950448565633,stress,stress
C002608,C002241,24,-0.069731,0.432811,0.449307,0.187613,5836614,2.1230456073353525,86286375,31.38633279785865,stress,stress
C002608,C002241,25,-0.062575,0.430617,0.449089,0.182869,5662374,2.0596664860465173,85929938,31.25668022752561,stress,stress
C002608,C002241,26,-0.066105,0.428561,0.455992,0.181552,5476919,1.9922079521930918,85573404,31.126992373820414,stress,stress
C002608,C002241,27,-0.024226,0.438897,0.399284,0.186045,5410578,1.9680766718589402,85216773,30.99726923674306,stress,stress
C002608,C002241,28,-0.093517,0.456746,0.445887,0.190884,5160912,1.877261636874446,84860045,30.867510816293546,stress,stress
C002608,C002241,29,-0.08445,0.455866,0.438527,0.190057,4934410,1.794872416660008,84503220,30.73771711247187,stress,stress
C002608,C002241,30,-0.092447,0.450319,0.454743,0.187385,4682855,1.7033702652836715,84146298,30.607888125278038,stress,stress
C002608,C002241,31,-0.037451,0.439464,0.413597,0.18439,4579264,1.665689442548182,83789278,30.47802349096594,stress,stress
C002608,C002241,32,-0.152677,0.453293,0.509909,0.189475,4168176,1.5161577838453322,83432161,30.348123573281683,stress,stress
C002608,C002241,33,-0.101668,0.459676,0.452356,0.189636,3894591,1.416642305781708,83074947,30.218188372225267,stress,stress
C002608,C002241,34,-0.099943,0.432977,0.486739,0.180226,3611529,1.3136796058835205,82717636,30.08821788779669,stress,stress
C002608,C002241,35,-0.157786,0.455674,0.514152,0.187959,3182911,1.1577714779646853,82360228,29.95821211999596,stress,stress
C002608,C002241,36,-0.145252,0.44793,0.512579,0.184742,2781360,1.0117088658626827,82002723,29.828171068823064,stress,stress
C002608,C002242,13,-0.062896,0.318182,0.497969,0.246745,7630977,2.0411200489449457,111211361,29.74661548679206,watch,delinquent
C002608,C002242,14,-0.024685,0.31679,0.464996,0.242899,7540677,2.0169667668134794,110589381,29.580249391331048,watch,delinquent
C002608,C002242,15,-0.121862,0.317992,0.558724,0.245146,7098690,1.8987448763434873,109966989,29.413773094848572,stress,delinquent
C002608,C002242,16,-0.135582,0.311864,0.579066,0.244652,6605620,1.7668593966030446,109344184,29.247186329866427,stress,delinquent
C002608,C002242,17,-0.108169,0.30609,0.565986,0.236094,6197713,1.6577531634424694,135955233,36.3650620143766,stress,delinquent
C002608,C002242,18,-0.098218,0.304988,0.555788,0.237441,5829192,1.5591818269599667,135331602,36.19825431239511,stress,delinquent
C002608,C002242,19,-0.155288,0.315812,0.5977,0.241776,5256606,1.406027550077047,134707558,36.03133614191395,stress,delinquent
C002608,C002242,20,-0.138826,0.322941,0.570546,0.245339,4751817,1.2710074932236624,134083101,35.86430750293312,stress,delinquent
C002608,C002242,21,-0.090263,0.313054,0.541109,0.2361,4410541,1.179723600502752,133458230,35.697168127974415,stress,delinquent
C002608,C002242,22,-0.077628,0.301167,0.544197,0.232264,4111990,1.0998677141945423,132832944,35.529917749559615,stress,delinquent
C002608,C002242,23,-0.15631,0.319129,0.594578,0.242603,3536074,0.9458227348808611,132207244,35.362556635166946,stress,delinquent
C002608,C002242,24,-0.190887,0.323693,0.621089,0.246105,2842310,0.7602559837772683,131581130,35.19508478479639,stress,delinquent
C002608,C002242,25,-0.148327,0.325892,0.577589,0.244846,2300096,0.6152255550105934,130954601,35.027501930969756,stress,delinquent
C002608,C002242,26,-0.167705,0.316053,0.612392,0.23926,1672315,0.4473078184682468,130327657,34.859808073687034,stress,delinquent
C002608,C002242,27,-0.143796,0.318826,0.581589,0.243382,1142802,0.30567463041421583,129700297,34.692002945470016,stress,delinquent
C002608,C002242,28,-0.182907,0.322102,0.620905,0.239901,459038,0.12278266138498253,129072522,34.52408681379692,stress,delinquent
C002608,C002242,29,-0.194053,0.323776,0.624633,0.245643,-249902,-0.06684333899465819,128444330,34.35605914371131,stress,delinquent
C002608,C002242,30,-0.220265,0.322329,0.654967,0.242969,-1064001,-0.28459708019005575,127815722,34.187920202691416,stress,delinquent
C002608,C002242,31,-0.237013,0.31428,0.689216,0.233516,-1976062,-0.5285535215422936,127186698,34.01966999073723,stress,delinquent
C002608,C002242,32,-0.191204,0.321372,0.631905,0.237927,-2698683,-0.7218388912778655,126557257,33.851308240370535,stress,delinquent
C002608,C002242,33,-0.260942,0.327597,0.690756,0.242589,-3666555,-0.980723558865311,125927398,33.68283468411314,delinquent,delinquent
C002608,C002242,34,-0.320702,0.326282,0.755573,0.238847,-4875520,-1.3040953499181116,125297122,33.51424958944324,delinquent,delinquent
C002608,C002242,35,-0.291241,0.310121,0.748701,0.232419,-6004539,-1.6060833281992377,124666428,33.345552688882634,delinquent,delinquent
C002608,C002242,36,-0.240109,0.31722,0.689359,0.23353,-6931527,-1.854032416753872,124035316,33.17674398243132,delinquent,delinquent
C002608,C002278,13,0.193443,0.363578,0.262724,0.180254,22998738,6.236927293233837,99707020,27.039111205363184,healthy,healthy
C002608,C002278,14,0.229525,0.368356,0.221562,0.180558,23863116,6.471334187206493,99231041,26.91003253956395,healthy,healthy
C002608,C002278,15,0.223692,0.364898,0.229982,0.181428,24702438,6.698946253990836,98754522,26.780807433523588,healthy,healthy
C002608,C002278,16,0.222779,0.362888,0.235281,0.179052,25550388,6.928898110405637,98277463,26.651435887242098,healthy,healthy
C002608,C002278,17,0.159022,0.379771,0.27631,0.184897,26137194,7.08803146621122,97799864,26.521917900719483,healthy,healthy
C002608,C002278,18,0.205301,0.359102,0.258174,0.177423,26927583,7.302373606478733,97321723,26.392252931584476,healthy,healthy
C002608,C002278,19,0.187287,0.365855,0.267084,0.179773,27639996,7.495569775927448,96843040,26.262440979837077,healthy,healthy
C002608,C002278,20,0.186038,0.37712,0.254508,0.182333,28338514,7.684997821023449,96363814,26.132481774291655,healthy,healthy
C002608,C002278,21,0.232845,0.364112,0.22456,0.178483,29232651,7.927474928210383,95884045,26.002375314948214,healthy,healthy
C002608,C002278,22,0.178968,0.383095,0.251178,0.186759,29890188,8.105789514932972,95403732,25.872121330621116,healthy,healthy
C002608,C002278,23,0.173598,0.376142,0.269467,0.180793,30549789,8.284663828799426,94922874,25.74171955012473,healthy,healthy
C002608,C002278,24,0.152441,0.381994,0.27837,0.187195,31109827,8.436538087615196,94441471,25.611169973459063,healthy,healthy
C002608,C002278,25,0.204726,0.372647,0.243033,0.179595,31894669,8.649375961183573,93959522,25.480472329438474,healthy,healthy
C002608,C002278,26,0.199895,0.371141,0.248436,0.180528,32657896,8.856352157322378,93477026,25.349626346877336,healthy,healthy
C002608,C002278,27,0.054642,0.394147,0.267932,0.283279,32857556,8.910497080551082,92752462,25.153135000817624,healthy,healthy
C002608,C002278,28,0.068593,0.388377,0.258444,0.284586,33107324,8.978230573413883,92027076,24.95642074016864,healthy,healthy
C002608,C002278,29,0.07731,0.391475,0.248666,0.282549,33391185,9.055209598018827,91300868,24.75948356493038,healthy,healthy
C002608,C002278,30,0.056327,0.383074,0.281562,0.279037,33600842,9.112065564007809,90573836,24.56232293273159,healthy,healthy
C002608,C002278,31,0.144974,0.393292,0.271771,0.189963,34129866,9.255529271641494,90088599,24.430733630353917,healthy,healthy
C002608,C002278,32,0.159625,0.396798,0.253167,0.19041,34711646,9.413299648462065,89602812,24.298995175878797,healthy,healthy
C002608,C002278,33,0.149792,0.377447,0.289908,0.182852,35280801,9.567646306682203,89116474,24.1671072981206,healthy,healthy
C002608,C002278,34,0.158377,0.381898,0.276475,0.183249,35881954,9.730670362746036,88629584,24.0350697258937,healthy,healthy
C002608,C002278,35,0.123904,0.396478,0.289981,0.189637,36336929,9.854053045536677,88142143,23.90288273038372,healthy,healthy
C002608,C002278,36,0.12461,0.398014,0.286279,0.191098,36791511,9.977329152374054,87654149,23.7705457692194,healthy,healthy
C002608,C002322,13,0.035861,0.374592,0.39536,0.194187,10777153,2.590429304421398,12578578,3.0234253015754997,watch,healthy
C002608,C002322,14,0.125561,0.358447,0.329574,0.186418,11315082,2.7197275565013395,12019518,2.8890479380055636,healthy,healthy
C002608,C002322,15,0.085273,0.377641,0.3417,0.195385,11664128,2.8036253156767983,11459684,2.7544845334393067,healthy,healthy
C002608,C002322,16,0.070881,0.371237,0.363735,0.194148,11956515,2.8739043451228734,10899074,2.61973460715064,healthy,healthy
C002608,C002322,17,0.076952,0.352574,0.384576,0.185899,12288490,2.953698866768367,10337688,2.4847981591395643,healthy,healthy
C002608,C002322,18,0.075382,0.367635,0.367317,0.189666,12607677,3.0304196258028124,9775524,2.34967470867999,healthy,healthy
C002608,C002322,19,0.032994,0.374402,0.395823,0.196781,12742515,3.0628296979758227,9212582,2.2143642557719176,watch,healthy
C002608,C002322,20,0.019348,0.374055,0.41033,0.196268,12821901,3.0819111586139702,8648860,2.0788663196892587,watch,healthy
C002608,C002322,21,0.117403,0.35955,0.336657,0.186391,13329854,3.204004288076711,8084358,1.9431809004320124,healthy,healthy
C002608,C002322,22,0.036488,0.378027,0.391141,0.194344,13481470,3.240447171407694,7519074,1.8073075172740907,watch,healthy
C002608,C002322,23,0.094203,0.362369,0.353373,0.190055,13882297,3.3367911693822347,6953006,1.6712456894894048,healthy,healthy
C002608,C002322,24,-0.010133,0.371486,0.351839,0.286808,13839380,3.3264755086082016,6102729,1.4668705212352737,watch,healthy
C002608,C002322,25,0.014349,0.356548,0.346813,0.28229,13901209,3.341336915276834,5251274,1.2622122053149076,watch,healthy
C002608,C002322,26,0.039659,0.35891,0.356932,0.244498,14071568,3.3822849231479224,4516096,1.0855025831015166,watch,healthy
C002608,C002322,27,0.025154,0.368447,0.394885,0.211514,14178981,3.4081030388298483,3883843,0.9335323272270437,watch,healthy
C002608,C002322,28,0.07665,0.376567,0.358975,0.187808,14496003,3.4843034118732934,3340105,0.8028378062225184,healthy,healthy
C002608,C002322,29,0.082279,0.360402,0.400792,0.156528,14847148,3.5687056930788263,2872490,0.6904404412424526,healthy,healthy
C002608,C002322,30,0.130703,0.371835,0.361785,0.135676,15400589,3.7017324567026035,2470341,0.5937786833232914,healthy,healthy
C002608,C002322,31,0.139327,0.371354,0.371556,0.117763,15985130,3.8422345110054223,2124493,0.5106496051636391,healthy,healthy
C002608,C002322,32,0.184413,0.367927,0.346408,0.101251,16759017,4.028248346302255,1827064,0.4391586652479906,healthy,healthy
C002608,C002322,33,0.122136,0.378909,0.410774,0.088181,17265138,4.14990113066776,1571275,0.3776764424987501,healthy,healthy
C002608,C002322,34,0.153329,0.37399,0.397509,0.075173,17906115,4.303968313741074,1351297,0.32480186073044726,healthy,healthy
C002608,C002322,35,0.177738,0.37784,0.379709,0.064712,18648412,4.482389080467137,1162116,0.27932973963875035,healthy,healthy
C002608,C002322,36,0.181185,0.367276,0.397743,0.053795,19431224,4.670548155934724,999420,0.24022363377645595,healthy,healthy
C002608,C002452,13,0.156858,0.352427,0.252653,0.238062,25180091,7.146319753230543,59075321,16.766068613125153,healthy,healthy
C002608,C002452,14,0.150288,0.348508,0.266017,0.235187,25700446,7.294000840451089,58505306,16.60429360388719,healthy,healthy
C002608,C002452,15,0.144551,0.350346,0.268987,0.236116,26198543,7.435364921705794,57935778,16.44265680930937,healthy,healthy
C002608,C002452,16,0.179385,0.345445,0.241417,0.233753,26822386,7.612416766109955,57366735,16.28115766177501,healthy,healthy
C002608,C002452,17,0.176865,0.341476,0.253176,0.228483,27451116,7.7908555818572305,56798178,16.119796445092454,healthy,healthy
C002608,C002452,18,0.175782,0.333535,0.262885,0.227798,28077343,7.968584025336895,56230106,15.958572875453362,healthy,healthy
C002608,C002452,19,0.197012,0.335807,0.240805,0.226376,28783005,8.168856784069346,55662519,15.797486952857733,healthy,healthy
C002608,C002452,20,0.170328,0.352179,0.243183,0.234311,29371924,8.335996906110715,55095416,15.636538393497233,healthy,healthy
C002608,C002452,21,0.20329,0.332508,0.239006,0.225196,30102639,8.543379915111034,54528797,15.47572719737186,healthy,healthy
C002608,C002452,22,0.164512,0.341999,0.265507,0.227982,30686243,8.709011595841035,53962661,15.315053080673277,healthy,healthy
C002608,C002452,23,0.187948,0.343636,0.236544,0.231871,31341247,8.894907191835705,53397008,15.154516043401486,healthy,healthy
C002608,C002452,24,0.175171,0.335157,0.267316,0.222355,31977304,9.075425471268474,52831838,14.994116085556483,healthy,healthy
C002608,C002452,25,0.153291,0.353709,0.259731,0.233269,32507419,9.225876527858532,52267149,14.833852639521599,healthy,healthy
C002608,C002452,26,0.20049,0.338708,0.237127,0.223675,33229883,9.430917834269932,51702943,14.673726272913504,healthy,healthy
C002608,C002452,27,0.201978,0.33792,0.235455,0.224647,33953940,9.636411247362238,51139218,14.513736418115524,healthy,healthy
C002608,C002452,28,0.194826,0.342764,0.237803,0.224607,34651888,9.834494708582762,50575974,14.353883075127662,healthy,healthy
C002608,C002452,29,0.136387,0.354668,0.278449,0.230496,35127594,9.9695040373628,50013210,14.194165960141579,healthy,healthy
C002608,C002452,30,0.184811,0.346636,0.242791,0.225762,35785151,10.156124196041933,49450927,14.034585356965612,healthy,healthy
C002608,C002452,31,0.211836,0.336701,0.231626,0.219838,36558514,10.375611063000342,48889123,13.875140697983088,healthy,healthy
C002608,C002452,32,0.201701,0.334658,0.245212,0.218429,37298995,10.585765744220197,48327799,13.715832267002343,healthy,healthy
C002608,C002452,33,0.155379,0.348266,0.269207,0.227147,37847058,10.741310592843451,47766953,13.556659496406704,healthy,healthy
C002608,C002452,34,0.172025,0.339648,0.266317,0.22201,38467348,10.917354066226109,47206585,13.397622386196169,healthy,healthy
C002608,C002452,35,0.147963,0.352323,0.274267,0.225448,38992288,11.066336414671984,46646696,13.238721220179077,healthy,healthy
C002608,C002452,36,0.186884,0.342475,0.251647,0.218995,39674269,11.259888308174986,46087284,13.079955430738751,healthy,healthy
C002608,C002458,13,0.093503,0.37447,0.244224,0.287802,12844539,3.417816372012264,105328100,28.02686064583127,healthy,recovered
C002608,C002458,14,0.127902,0.354753,0.241941,0.275404,13334146,3.5480963937749608,104590130,27.83049346223255,healthy,recovered
C002608,C002458,15,0.095501,0.372627,0.250752,0.281119,13692833,3.643539780340096,103851046,27.63382985324726,healthy,recovered
C002608,C002458,16,0.125854,0.364625,0.234672,0.274849,14177034,3.772381314095781,103110845,27.436869020602362,healthy,recovered
C002608,C002458,17,0.093702,0.381197,0.236792,0.288309,14521222,3.8639666470882816,102369526,27.23961069820685,healthy,recovered
C002608,C002458,18,0.134016,0.364823,0.219282,0.28188,15025481,3.9981454343483405,101627088,27.042054619969704,healthy,recovered
C002608,C002458,19,0.131762,0.37161,0.216234,0.280394,15524642,4.130967689632864,100883528,26.8441999876179,healthy,recovered
C002608,C002458,20,0.113999,0.362129,0.245196,0.278676,15959827,4.2467665063793545,100138846,26.64604680115143,healthy,recovered
C002608,C002458,21,0.115511,0.36337,0.24596,0.275158,16407097,4.365781032997237,99393039,26.447594262297265,healthy,recovered
C002608,C002458,22,-0.00738,0.361912,0.231184,0.414284,16378583,4.358193713901429,98272639,26.149465893252447,watch,recovered
C002608,C002458,23,-0.061899,0.384318,0.240111,0.43747,16151771,4.297841079449632,97150547,25.850887298216534,watch,recovered
C002608,C002458,24,-0.050988,0.37576,0.245859,0.429368,15961128,4.247112690785038,96026761,25.551857945007505,stress,recovered
C002608,C002458,25,-0.051343,0.372834,0.257902,0.420608,15764860,4.19488754018196,94901277,25.25237676926131,stress,recovered
C002608,C002458,26,-0.019228,0.37373,0.224613,0.420886,15691295,4.175312554936707,93774094,24.95244350488694,stress,recovered
C002608,C002458,27,-0.025833,0.377571,0.221663,0.4266,15593636,4.149326372865529,92645208,24.65205708752035,stress,recovered
C002608,C002458,28,-0.062107,0.370844,0.265455,0.425808,15358057,4.086640918517788,91514618,24.35121725107053,stress,recovered
C002608,C002458,29,0.115534,0.37043,0.229857,0.28418,15796473,4.203299475321744,90759753,24.150354459836134,watch,recovered
C002608,C002458,30,0.100331,0.367029,0.25285,0.27979,16183756,4.306352000445614,90003748,23.949188324848876,watch,recovered
C002608,C002458,31,0.098313,0.380799,0.229669,0.291218,16548910,4.403516197580736,89246601,23.747718313926725,watch,recovered
C002608,C002458,32,0.130393,0.36537,0.225522,0.278715,17055705,4.538369791645416,88488311,23.545944160978678,watch,recovered
C002608,C002458,33,0.078686,0.382023,0.250098,0.289193,17350896,4.616917463357938,87728875,23.343865067731695,healthy,recovered
C002608,C002458,34,0.094953,0.375902,0.243658,0.285487,17712279,4.7130782312895,86968293,23.141481034185777,healthy,recovered
C002608,C002458,35,0.075965,0.374518,0.264008,0.285508,18001813,4.790120626151176,86206562,22.938791262067895,healthy,recovered
C002608,C002458,36,0.06113,0.387563,0.261929,0.289378,18232034,4.851380364860447,85443681,22.73579548528703,healthy,recovered
C002608,C002489,13,0.146524,0.351982,0.327444,0.174051,29532230,5.089790475485768,58714975,10.119348268768901,healthy,healthy
C002608,C002489,14,0.134852,0.35553,0.332841,0.176777,30322127,5.225926833194441,57990141,9.994425322228519,healthy,healthy
C002608,C002489,15,0.153215,0.348098,0.325013,0.173674,31236722,5.383554513864912,57264437,9.869352433820772,healthy,healthy
C002608,C002489,16,0.145697,0.364978,0.308421,0.180904,32072678,5.527629000848291,56537862,9.744129431198685,healthy,healthy
C002608,C002489,17,0.155884,0.364367,0.301607,0.178142,32982043,5.684355306844829,55810416,9.618756314362258,healthy,healthy
C002608,C002489,18,0.117728,0.368294,0.334831,0.179147,33665791,5.8021972056121225,55082096,9.49323256627057,healthy,healthy
C002608,C002489,19,0.180332,0.356305,0.288435,0.174928,34739675,5.987277863421457,54352902,9.36755818692362,healthy,healthy
C002608,C002489,20,0.115574,0.365868,0.336478,0.182079,35401690,6.101374145403167,53622834,9.241733176321409,healthy,healthy
C002608,C002489,21,0.144487,0.359852,0.319218,0.176443,36256777,6.248745802345826,52891889,9.115757017423014,healthy,healthy
C002608,C002489,22,0.178652,0.361313,0.285056,0.174979,37324186,6.432710513498617,52160067,8.989629710228437,healthy,healthy
C002608,C002489,23,0.144303,0.374705,0.300104,0.180888,38159199,6.576622477285531,51427367,8.8633510823907,healthy,healthy
C002608,C002489,24,0.126731,0.378389,0.31175,0.18313,38884420,6.7016121221048435,50693788,8.736920961562832,healthy,healthy
C002608,C002489,25,0.090303,0.377207,0.349153,0.183337,39401219,6.79068086591256,49959328,8.610339003050886,healthy,healthy
C002608,C002489,26,0.049409,0.36581,0.316943,0.267838,39691897,6.840778339616146,48856317,8.420238394930333,watch,healthy
C002608,C002489,27,0.015022,0.379751,0.330429,0.274798,39778139,6.855641887346434,47751982,8.229909599416226,watch,healthy
C002608,C002489,28,0.051071,0.364365,0.317551,0.267013,40080247,6.9077092869626515,46646322,8.03935244416159,healthy,healthy
C002608,C002489,29,0.066163,0.362999,0.309619,0.261218,40480799,6.9767432120857045,45539335,7.848566584472479,healthy,healthy
C002608,C002489,30,0.006644,0.378011,0.343223,0.272122,40519458,6.983405973752935,44431020,7.657551848001918,watch,healthy
C002608,C002489,31,0.047144,0.364999,0.32489,0.262967,40803650,7.032385604983263,43321375,7.466307890055958,watch,healthy
C002608,C002489,32,0.08857,0.384539,0.342519,0.184371,41311940,7.119987848389354,42580724,7.338658931428079,healthy,healthy
C002608,C002489,33,0.183134,0.361026,0.279905,0.175935,42414629,7.310032960784284,41839184,7.210856756340329,healthy,healthy
C002608,C002489,34,0.112132,0.376018,0.331196,0.180654,43072954,7.423493282431995,41096754,7.082901192445733,healthy,healthy
C002608,C002489,35,0.115865,0.374817,0.331706,0.177611,43765678,7.542882167637765,40353433,6.954792067397318,healthy,healthy
C002608,C002489,36,0.149815,0.369356,0.304006,0.176823,44666454,7.698128185474758,39609220,6.826529208848109,healthy,healthy
C002608,C002543,13,0.100772,0.315935,0.355052,0.228241,26425037,5.2362184113305865,44115941,8.741736198794117,healthy,healthy
C002608,C002543,14,0.073563,0.321659,0.369313,0.235465,26795457,5.30961849867673,43285980,8.577276369697705,healthy,healthy
C002608,C002543,15,0.080012,0.324651,0.360373,0.234963,27199241,5.389629785510527,42455955,8.412803858765566,healthy,healthy
C002608,C002543,16,0.148671,0.305127,0.320858,0.225344,27981605,5.544658093745715,41625866,8.248318665997699,healthy,healthy
C002608,C002543,17,0.085645,0.324601,0.35669,0.233065,28417401,5.631012676287424,40795712,8.083820593240423,healthy,healthy
C002608,C002543,18,0.144445,0.315668,0.309172,0.230715,29159945,5.7781505048559545,39965494,7.919309838647419,healthy,healthy
C002608,C002543,19,0.100382,0.323294,0.341969,0.234356,29667994,5.878822285472878,39135211,7.754786204065004,healthy,healthy
C002608,C002543,20,0.113313,0.311289,0.34943,0.225968,30262825,5.996690239028825,38304864,7.590249887646862,healthy,healthy
C002608,C002543,21,0.111092,0.317771,0.338379,0.232758,30829027,6.108885250787265,37474453,7.425700889392992,healthy,healthy
C002608,C002543,22,0.13254,0.321594,0.310746,0.235121,31497808,6.241406669218886,36643977,7.261139011149711,healthy,healthy
C002608,C002543,23,0.101162,0.318103,0.350109,0.230626,32018248,6.34453377212485,35813436,7.0965642529170205,healthy,healthy
C002608,C002543,24,0.13392,0.313311,0.327674,0.225094,32724206,6.484421950038323,34982831,6.9319768128486015,healthy,healthy
C002608,C002543,25,0.056843,0.331278,0.375597,0.236282,33009689,6.540991457991023,34152161,6.767376492790773,healthy,healthy
C002608,C002543,26,-1.602669,0.420862,0.373582,0.23359,24867260,4.927539161112419,43513459,8.622352171407691,watch,healthy
C002608,C002543,27,0.090441,0.332732,0.339852,0.236974,25320223,5.017295447934327,42682661,8.457726487678407,healthy,healthy
C002608,C002543,28,0.121198,0.315278,0.337165,0.226359,25955741,5.1432256804003025,41851798,8.293087923959712,healthy,healthy
C002608,C002543,29,0.133882,0.31854,0.315486,0.232092,26640481,5.2789094334627675,41020871,8.128436678405292,healthy,healthy
C002608,C002543,30,0.087877,0.323984,0.358049,0.23009,27093875,5.368751124522152,40189879,7.9637725528614585,healthy,healthy
C002608,C002543,31,0.115382,0.321316,0.334647,0.228655,27692964,5.48746281646134,39358822,7.799095547328214,healthy,healthy
C002608,C002543,32,0.126717,0.32434,0.31609,0.232853,28339095,5.615496053967552,38527701,7.6344058599592435,healthy,healthy
C002608,C002543,33,0.118836,0.329291,0.319386,0.232487,28946040,5.735764441242281,37696515,7.469703292600863,healthy,healthy
C002608,C002543,34,0.115429,0.320993,0.330794,0.232785,29534874,5.852444067159832,36865265,7.304988043406754,healthy,healthy
C002608,C002543,35,0.06701,0.322534,0.377934,0.232521,29877126,5.9202625615564415,36033951,7.140260112376917,healthy,healthy
C002608,C002543,36,0.116855,0.321438,0.333329,0.228379,30484829,6.040681149323067,35202571,6.975519103203987,healthy,healthy
C002608,C002561,13,0.034662,0.369945,0.356933,0.23846,21531780,3.3841224067749778,14463168,2.2731576721362954,watch,healthy
C002608,C002561,14,0.081475,0.369279,0.31388,0.235366,22050695,3.46567961564074,13413833,2.1082350282251454,healthy,healthy
C002608,C002561,15,0.077948,0.37108,0.313956,0.237016,22544572,3.5433016339732144,12362616,1.9430165927737906,healthy,healthy
C002608,C002561,16,0.074081,0.368868,0.319146,0.237905,23013032,3.6169288948256755,11309514,1.7775018942760565,healthy,healthy
C002608,C002561,17,0.034534,0.377079,0.349829,0.238559,23231203,3.6512185526992234,10254524,1.6116904612257683,watch,healthy
C002608,C002561,18,0.049337,0.369115,0.346322,0.235226,23547883,3.7009907444909613,9197642,1.4455816649480266,watch,healthy
C002608,C002561,19,0.051337,0.368656,0.342104,0.237903,23874275,3.7522893589386332,8138865,1.279175033936657,healthy,healthy
C002608,C002561,20,0.065921,0.374393,0.318394,0.241291,24288244,3.8173523388042194,7078189,1.1124699395167597,healthy,healthy
C002608,C002561,21,0.089032,0.366982,0.324351,0.219635,24862094,3.9075436115706985,6087242,0.9567240631133018,healthy,healthy
C002608,C002561,22,0.083656,0.382361,0.338559,0.195424,25383254,3.989453664223793,5235028,0.8227826754171926,healthy,healthy
C002608,C002561,23,0.131308,0.382363,0.320274,0.166054,26211179,4.1195775807615425,4502124,0.7075930882852877,healthy,healthy
C002608,C002561,24,0.196546,0.365951,0.299792,0.13771,27496306,4.321559352647169,3871826,0.6085299553373634,healthy,healthy
C002608,C002561,25,0.132965,0.382706,0.360878,0.123451,28330348,4.452644670274946,3329770,0.5233357050093916,healthy,healthy
C002608,C002561,26,-2.140589,0.376088,0.335157,0.103271,14526470,2.2831067667579976,15583186,2.4491894730274106,stress,healthy
C002608,C002561,27,0.018803,0.380954,0.359667,0.240576,14646391,2.301954597413097,14509124,2.2803805180564076,stress,healthy
C002608,C002561,28,0.054773,0.378524,0.322803,0.243901,14991582,2.356207826719595,13433135,2.1112686989525806,stress,healthy
C002608,C002561,29,0.06863,0.373714,0.321265,0.23639,15438651,2.426473091378368,12355217,1.9418537013784798,healthy,healthy
C002608,C002561,30,0.073442,0.376326,0.309898,0.240334,15910056,2.5005632141255707,11275366,1.7721348966592059,healthy,healthy
C002608,C002561,31,0.013981,0.386902,0.350156,0.248961,15996843,2.5142034162508375,10193578,1.6021116561198594,watch,healthy
C002608,C002561,32,0.051819,0.3718,0.338668,0.237712,16334335,2.5672466035445636,9109851,1.4317836654229905,healthy,healthy
C002608,C002561,33,0.031867,0.374174,0.356628,0.237331,16542584,2.599976833329954,8024180,1.261150138724975,watch,healthy
C002608,C002561,34,0.046889,0.371095,0.342857,0.239159,16847210,2.6478545133121125,6936562,1.0902106045196382,watch,healthy
C002608,C002561,35,0.07966,0.382967,0.315219,0.222154,17344670,2.726039667185795,5965444,0.9375812267616217,healthy,healthy
C002608,C002561,36,0.138653,0.369775,0.30902,0.182551,18250855,2.868463608131847,5130282,0.8063198801619906,healthy,healthy
C002608,C002578,13,0.231588,0.347791,0.231279,0.189342,29590911,8.614104650240954,107671020,31.34372693284728,healthy,healthy
C002608,C002578,14,0.267947,0.341419,0.20329,0.187344,30545819,8.892084515185035,107203662,31.20767601095686,healthy,healthy
C002608,C002578,15,0.273306,0.338373,0.202379,0.185942,31525319,9.1772232696124,106737186,31.071881844943324,healthy,healthy
C002608,C002578,16,0.262045,0.345238,0.205157,0.187559,32454606,9.447744696550165,106271590,30.936343852593794,healthy,healthy
C002608,C002578,17,0.240595,0.350647,0.2171,0.191657,33288002,9.690351636197688,105806873,30.80106174280184,healthy,healthy
C002608,C002578,18,0.221395,0.355685,0.231264,0.191657,34053447,9.91317760238723,105343033,30.666034933354577,healthy,healthy
C002608,C002578,19,0.212375,0.359487,0.234897,0.193241,34780314,10.12477326447437,104880068,30.531262842039148,healthy,healthy
C002608,C002578,20,0.255682,0.340598,0.219172,0.184548,35694889,10.391011933520218,104417977,30.396745177749107,healthy,healthy
C002608,C002578,21,0.252585,0.340092,0.224567,0.182755,36605530,10.656105389845374,103956758,30.262481358271582,healthy,healthy
C002608,C002578,22,0.223901,0.362464,0.221235,0.1924,37370846,10.87889380330462,103496409,30.128470801393703,healthy,healthy
C002608,C002578,23,0.184733,0.363736,0.258745,0.192787,37999823,11.06199305633521,103036929,29.994713216009032,healthy,healthy
C002608,C002578,24,0.260138,0.343632,0.212939,0.183291,38929671,11.332677793983782,102578316,29.861208019904694,healthy,healthy
C002608,C002578,25,0.198929,0.35921,0.250701,0.191161,39610167,11.53077455950987,102120569,29.72795492197426,healthy,healthy
C002608,C002578,26,0.25813,0.347132,0.21339,0.181349,40539199,11.801221754306363,101663686,29.594953340004846,healthy,healthy
C002608,C002578,27,0.204694,0.362624,0.242709,0.189974,41241134,12.005559550721852,101207665,29.46220269178359,healthy,healthy
C002608,C002578,28,0.227498,0.354632,0.23213,0.18574,42037548,12.237400792139429,100752505,29.32970268620405,healthy,healthy
C002608,C002578,29,0.231503,0.357412,0.223811,0.187274,42839825,12.470948790593459,100298204,29.197452741053354,healthy,healthy
C002608,C002578,30,0.20759,0.370225,0.233329,0.188856,43551862,12.678227344229189,99844760,29.06545227411863,healthy,healthy
C002608,C002578,31,0.193525,0.366225,0.251895,0.188355,44216162,12.87160934991178,99392172,28.933700994293442,healthy,healthy
C002608,C002578,32,0.246908,0.349775,0.225998,0.177319,45114758,13.133196429210823,98940438,28.802198319364916,healthy,healthy
C002608,C002578,33,0.241106,0.35369,0.224961,0.180242,45976379,13.384019848024975,98489557,28.670943958226616,healthy,healthy
C002608,C002578,34,0.237025,0.361375,0.215072,0.186528,46793326,13.621838377900596,98039527,28.53993732866567,healthy,healthy
C002608,C002578,35,0.242275,0.358371,0.219703,0.179651,47658699,13.87375402806402,97590346,28.409177848469202,healthy,healthy
C002608,C002578,36,0.204966,0.363955,0.249146,0.181933,48380258,14.083804497186893,97142013,28.278665226530784,healthy,healthy
C002608,C002589,13,0.180936,0.349255,0.2578,0.212008,31885910,6.80275994079197,57841704,12.34034803705921,healthy,healthy
C002608,C002589,14,0.200252,0.341015,0.254464,0.204268,32813687,7.000698284392266,57179235,12.199012331877311,healthy,healthy
C002608,C002589,15,0.191581,0.348241,0.252479,0.207699,33686721,7.186957378837097,56516698,12.057662119106451,healthy,healthy
C002608,C002589,16,0.161749,0.347156,0.281858,0.209237,34418466,7.343072903621393,55854093,11.91629739874663,healthy,healthy
C002608,C002589,17,0.180501,0.345554,0.263354,0.210591,35229875,7.516184495568998,55191421,11.774918384144742,healthy,healthy
C002608,C002589,18,0.192253,0.342543,0.260598,0.204605,36119491,7.705981308251704,54528681,11.633524861953891,healthy,healthy
C002608,C002589,19,0.193102,0.34795,0.250015,0.208933,36994617,7.892686724404026,53865873,11.492116832174077,healthy,healthy
C002608,C002589,20,0.136784,0.353909,0.298695,0.210612,37609634,8.023898692652887,53202997,11.350694294805301,healthy,healthy
C002608,C002589,21,0.162433,0.351026,0.277303,0.209238,38344847,8.180754104474268,52540053,11.209257249847564,healthy,healthy
C002608,C002589,22,0.113996,0.337999,0.246469,0.301536,38881961,8.295345709444568,51545536,10.997080134374409,healthy,healthy
C002608,C002589,23,0.065863,0.342515,0.280467,0.311154,39182726,8.359512988772407,50550917,10.784881257517812,healthy,healthy
C002608,C002589,24,0.081775,0.346543,0.264586,0.307096,39561123,8.440242814369853,49556196,10.57266061927777,healthy,healthy
C002608,C002589,25,0.046563,0.354652,0.283484,0.315301,39771001,8.485019634314886,48561374,10.36041843300118,watch,healthy
C002608,C002589,26,0.090358,0.333754,0.274115,0.301773,40196576,8.575814739795725,47566449,10.148154271994251,healthy,healthy
C002608,C002589,27,0.167723,0.347098,0.277201,0.207978,40960801,8.738859771778557,46903098,10.006630394849635,healthy,healthy
C002608,C002589,28,0.152297,0.346465,0.294237,0.207001,41658082,8.887622509121647,46239679,9.865092010116056,healthy,healthy
C002608,C002589,29,0.14841,0.356512,0.28347,0.211608,42322842,9.029446992043441,45576192,9.723539117793516,healthy,healthy
C002608,C002589,30,0.148377,0.349785,0.292312,0.209526,42994127,9.17266356346494,44912638,9.581971931228908,healthy,healthy
C002608,C002589,31,0.161283,0.361196,0.264693,0.212828,43712557,9.32593837432225,44249016,9.440390237075338,healthy,healthy
C002608,C002589,32,0.127596,0.354853,0.307507,0.210043,44288523,9.448818932915628,43585326,9.298794035332806,healthy,healthy
C002608,C002589,33,0.139965,0.351878,0.300496,0.207661,44927634,9.585171281288922,42921568,9.157183326001311,healthy,healthy
C002608,C002589,34,0.156828,0.344598,0.296369,0.202205,45663146,9.742090483832358,42257742,9.015558109080855,healthy,healthy
C002608,C002589,35,0.192843,0.342022,0.262671,0.202464,46566497,9.934817616138583,41593848,8.873918384571436,healthy,healthy
C002608,C002589,36,0.135176,0.355683,0.29921,0.209931,47177257,10.065121366649016,40929885,8.732263939126156,healthy,healthy
C002608,C002594,13,0.018085,0.403708,0.351643,0.226565,6895461,2.4311045643536815,86916838,30.643915117638908,watch,stress
C002608,C002594,14,0.053226,0.395863,0.330926,0.219985,7048906,2.4852040422388075,86472902,30.48739841253668,healthy,stress
C002608,C002594,15,0.075158,0.393222,0.311728,0.219892,7265685,2.5616329302212106,86028936,30.330871130456796,healthy,stress
C002608,C002594,16,0.049538,0.396472,0.332498,0.221492,7407546,2.6116482844671087,85584941,30.174333623965175,watch,stress
C002608,C002594,17,0.067973,0.393001,0.318421,0.220605,7602995,2.6805569413354986,85140916,30.017785540495897,healthy,stress
C002608,C002594,18,0.043425,0.394418,0.343499,0.218658,7728977,2.724973901307632,84696862,29.861227232614887,watch,stress
C002608,C002594,19,0.016892,0.400052,0.362219,0.220837,7777503,2.7420825152334922,84252778,29.70465834775622,watch,stress
C002608,C002594,20,0.028279,0.409193,0.33561,0.226918,7856570,2.769958844979937,83808664,29.548078885919892,watch,stress
C002608,C002594,21,0.055068,0.40264,0.317924,0.224368,8012297,2.824862878298827,83364521,29.39148919967183,healthy,stress
C002608,C002594,22,0.022019,0.419863,0.328681,0.229437,8073193,2.8463327326785244,82920349,29.234889289012035,watch,stress
C002608,C002594,23,0.034426,0.408688,0.33109,0.225796,8169944,2.880443838187755,82476147,29.078278801374584,watch,stress
C002608,C002594,24,0.02819,0.409098,0.336063,0.226649,8248877,2.908272924100666,82031915,28.921657736759474,watch,stress
C002608,C002594,25,-0.247084,0.669469,0.35891,0.218704,7531864,2.655478574745209,81587654,28.76502644773263,stress,stress
C002608,C002594,26,-0.302825,0.69723,0.37808,0.227515,6687070,2.357632999324131,81143363,28.60838458172813,stress,stress
C002608,C002594,27,-0.284036,0.691958,0.368458,0.22362,5880834,2.073381660719467,80699042,28.45173213874597,stress,stress
C002608,C002594,28,-0.258961,0.682819,0.356095,0.220047,5133790,1.809999404163592,80254692,28.29506947135208,stress,stress
C002608,C002594,29,-0.218175,0.676744,0.320833,0.220598,4505934,1.5886387747064976,79810312,28.13839622698053,stress,stress
C002608,C002594,30,-0.287381,0.688243,0.37562,0.223517,3689668,1.3008511999052303,79365902,27.981712405631324,stress,stress
C002608,C002594,31,-0.225593,0.683213,0.321272,0.221109,3041878,1.0724625213610879,78921463,27.825018359870384,stress,stress
C002608,C002594,32,-0.235142,0.687999,0.324012,0.223131,2372741,0.83654761808226,78476994,27.668313737131786,stress,stress
C002608,C002594,33,0.004969,0.407288,0.369051,0.218692,2387170,0.841634791769278,78032495,27.51159853741553,stress,stress
C002608,C002594,34,-0.015015,0.410408,0.379766,0.224841,2344762,0.8266831761535692,77587967,27.35487311328754,watch,stress
C002608,C002594,35,0.00535,0.406154,0.367355,0.221141,2360126,0.8320999989775588,77143410,27.198137464747816,watch,stress
C002608,C002594,36,-0.006595,0.409336,0.37603,0.221229,2341193,0.8254248683783272,76698822,27.041390886664512,watch,stress
C002608,C002619,13,0.264193,0.305833,0.194263,0.235711,29712781,8.230476745885632,27023115,7.485435968073577,healthy,healthy
C002608,C002619,14,0.26229,0.299642,0.212177,0.225891,30691170,8.50149169776544,26433284,7.322052058317622,healthy,healthy
C002608,C002619,15,0.286759,0.297581,0.188254,0.227407,31753622,8.795792203652779,25843498,7.1586806136168075,healthy,healthy
C002608,C002619,16,0.272324,0.294772,0.206267,0.226637,32765944,9.076206638112765,25253758,6.9953219109723594,healthy,healthy
C002608,C002619,17,0.257386,0.299004,0.215264,0.228346,33715498,9.339234259659285,24664064,6.831975950384279,healthy,healthy
C002608,C002619,18,0.307381,0.284955,0.187949,0.219715,34893954,9.665668015693411,24074416,6.6686427318525645,healthy,healthy
C002608,C002619,19,0.263483,0.304243,0.203513,0.228761,35864089,9.93439659945909,23484814,6.505322255377217,healthy,healthy
C002608,C002619,20,0.295805,0.298427,0.181439,0.224329,36974661,10.242026404310803,22895258,6.3420145209582355,healthy,healthy
C002608,C002619,21,0.306368,0.28664,0.186346,0.220645,38144002,10.565935294175762,22305748,6.178719528595621,healthy,healthy
C002608,C002619,22,0.261692,0.300387,0.207536,0.230385,39100524,10.8308930602606,21716284,6.015437278289373,healthy,healthy
C002608,C002619,23,0.272921,0.297548,0.199981,0.22955,40101643,11.108204249992866,21126866,5.852167770039491,healthy,healthy
C002608,C002619,24,0.250306,0.304175,0.216298,0.229221,41021050,11.362881115598428,20537493,5.688910726844751,healthy,healthy
C002608,C002619,25,0.290389,0.288702,0.203121,0.217787,42143599,11.67382856412629,19948167,5.525666702707603,healthy,healthy
C002608,C002619,26,0.310646,0.285847,0.188346,0.215161,43359016,12.010500562450988,19358886,5.362435143625596,healthy,healthy
C002608,C002619,27,0.290895,0.287481,0.204128,0.217497,44484850,12.322357960004162,18769651,5.199216326599957,healthy,healthy
C002608,C002619,28,0.295899,0.296783,0.182136,0.225182,45590882,12.628730179292736,18180462,5.036010251630683,healthy,healthy
C002608,C002619,29,0.307647,0.292517,0.179409,0.220427,46765538,12.95411133067049,17591319,4.872816918717776,healthy,healthy
C002608,C002619,30,0.321061,0.283287,0.178571,0.217082,48010206,13.298885891838223,17002221,4.70963605086001,healthy,healthy
C002608,C002619,31,0.287599,0.292005,0.200407,0.219989,49110328,13.603621033884913,16413170,4.546468202059836,healthy,healthy
C002608,C002619,32,0.28491,0.293246,0.199307,0.222536,50187607,13.90202863694068,15824164,4.383312818314804,healthy,healthy
C002608,C002619,33,0.276617,0.294591,0.207651,0.221141,51240049,14.193556360562154,15235204,4.220170176626138,healthy,healthy
C002608,C002619,34,0.296778,0.292533,0.191933,0.218756,52381417,14.509716695150086,14646290,4.057040276993838,healthy,healthy
C002608,C002619,35,0.295342,0.279445,0.210659,0.214554,53539420,14.830484945121901,14057421,3.8939228424166803,healthy,healthy
C002608,C002619,36,0.307772,0.283695,0.192002,0.216531,54735046,15.161674812195477,13468599,3.7308184268971143,healthy,healthy
C002608,C002631,13,0.258037,0.345203,0.180268,0.216492,37190175,8.45866611170436,85690677,19.489793356145924,healthy,healthy
C002608,C002631,14,0.264273,0.34483,0.170371,0.220526,38343795,8.721049561090775,85016821,19.33652914291303,healthy,healthy
C002608,C002631,15,0.250796,0.345847,0.18406,0.219297,39442670,8.970981612324712,84344217,19.18354968902778,healthy,healthy
C002608,C002631,16,0.24626,0.351006,0.184218,0.218517,40523512,9.216812173689556,83672863,19.03085453960304,healthy,healthy
C002608,C002631,17,0.287559,0.338505,0.16037,0.213566,41812478,9.509979200285668,83002757,18.87844323975168,healthy,healthy
C002608,C002631,18,0.298728,0.338343,0.151815,0.211114,43164542,9.817497461161167,82333897,18.72631533458655,healthy,healthy
C002608,C002631,19,0.285397,0.344115,0.153604,0.216884,44419566,10.10294459815839,81666280,18.57447014177695,healthy,healthy
C002608,C002631,20,0.260695,0.351024,0.171708,0.216573,45565470,10.36357309297097,80999904,18.42290720643574,healthy,healthy
C002608,C002631,21,0.253762,0.35061,0.174577,0.22105,46656278,10.611670356938564,80334768,18.271626301119362,healthy,healthy
C002608,C002631,22,0.272145,0.351556,0.159529,0.21677,47846984,10.882488778502944,79670868,18.120626516053537,healthy,healthy
C002608,C002631,23,0.271004,0.344172,0.170729,0.214095,49045286,11.155034861412947,79008202,17.96990739635112,healthy,healthy
C002608,C002631,24,0.275572,0.342612,0.168602,0.213214,50266543,11.43280191143575,78346768,17.81946848712499,healthy,healthy
C002608,C002631,25,0.309627,0.331267,0.151624,0.207482,51674010,11.752921228331736,77686564,17.669309333487995,healthy,healthy
C002608,C002631,26,0.285791,0.336211,0.17097,0.207028,52973558,12.048495062768739,77027587,17.519429253109436,healthy,healthy
C002608,C002631,27,0.253508,0.348798,0.182578,0.215116,54080908,12.300354698244933,76369835,17.369827791102182,healthy,healthy
C002608,C002631,28,0.311215,0.331224,0.152549,0.205012,55504665,12.624179070870278,75713306,17.220504492579085,healthy,healthy
C002608,C002631,29,0.277062,0.344597,0.165909,0.212432,56725634,12.901880617145379,75057997,17.071458675209445,healthy,healthy
C002608,C002631,30,0.300243,0.335863,0.158969,0.204925,58094680,13.213261324699575,74403907,16.9226901115497,healthy,healthy
C002608,C002631,31,0.282083,0.347821,0.158767,0.211329,59339622,13.496415375640112,73751032,16.774197891825565,healthy,healthy
C002608,C002631,32,0.273094,0.341619,0.178799,0.206489,60570851,13.776450492927074,73099370,16.62598156114991,healthy,healthy
C002608,C002631,33,0.276099,0.343401,0.173638,0.206862,61811073,14.058531010224726,72448920,16.478040892079164,healthy,healthy
C002608,C002631,34,0.305234,0.328722,0.164789,0.201254,63217755,14.378471783919512,71799679,16.330375202282625,healthy,healthy
C002608,C002631,35,0.261581,0.349,0.179693,0.209726,64372412,14.641091092286365,71151646,16.18298426431672,healthy,healthy
C002608,C002631,36,0.282403,0.341144,0.172177,0.204276,65649858,14.931637968974423,70504817,16.03586716840718,healthy,healthy
C002608,C002651,13,0.08176,0.350675,0.282937,0.284628,17028116,3.4392098354106535,46736773,9.439539252431395,healthy,recovered
C002608,C002651,14,0.092077,0.340992,0.294241,0.27269,17492542,3.533011079601169,45773984,9.245082425955395,healthy,recovered
C002608,C002651,15,0.030252,0.357954,0.325721,0.286073,17638090,3.5624077617193994,44810534,9.050492095708268,watch,recovered
C002608,C002651,16,-1.736289,0.4681,0.301408,0.288873,9359740,1.8904093597252043,53638989,10.833596537061636,stress,recovered
C002608,C002651,17,0.028079,0.358574,0.32856,0.284786,9495633,1.9178559981063066,52674215,10.63873879532741,stress,recovered
C002608,C002651,18,0.061719,0.35945,0.292964,0.285867,9793403,1.9779973262890738,51708779,10.44374734784963,stress,recovered
C002608,C002651,19,0.070442,0.352547,0.297486,0.279525,10141208,2.048244344620697,50742680,10.24862199265588,healthy,recovered
C002608,C002651,20,0.100144,0.339111,0.286712,0.274033,10645920,2.150182249815246,49775918,10.053362729746155,healthy,recovered
C002608,C002651,21,0.076214,0.351848,0.286743,0.285194,11015252,2.224777128481323,48808492,9.857969357148036,healthy,recovered
C002608,C002651,22,0.042125,0.362178,0.30905,0.286646,11218495,2.265826609503085,47840402,9.662441874861523,watch,recovered
C002608,C002651,23,0.030505,0.358255,0.326322,0.284918,11366666,2.29575306528496,46871648,9.466780282886614,watch,recovered
C002608,C002651,24,0.066925,0.361202,0.285797,0.286075,11690651,2.361189100517837,45902229,9.270984379250889,healthy,recovered
C002608,C002651,25,0.089866,0.34547,0.291025,0.273639,12145773,2.453111193291446,44932144,9.075053961981924,healthy,recovered
C002608,C002651,26,0.047557,0.354882,0.31287,0.284691,12377432,2.4998999226647594,43961392,8.878988829107296,watch,recovered
C002608,C002651,27,0.004313,0.366313,0.340431,0.288942,12398148,2.5040839833647435,42989974,8.68278918259943,watch,recovered
C002608,C002651,28,0.049817,0.357415,0.305243,0.287526,12638754,2.5526797600002102,42017889,8.486454820485902,watch,recovered
C002608,C002651,29,0.096855,0.340915,0.28703,0.275201,13127830,2.651459624399965,41045137,8.289985742766712,healthy,recovered
C002608,C002651,30,0.063152,0.362771,0.288557,0.28552,13435407,2.7135816961280472,40071717,8.093381747469437,healthy,recovered
C002608,C002651,31,0.072292,0.35333,0.289223,0.285155,13788190,2.7848341331777875,39097629,7.896642834594079,healthy,recovered
C002608,C002651,32,0.053232,0.351074,0.313744,0.28195,14051097,2.8379340968025546,38122871,7.699768600195792,healthy,recovered
C002608,C002651,33,0.060395,0.362005,0.289204,0.288396,14342914,2.8968730831554796,37147444,7.502759246246999,healthy,recovered
C002608,C002651,34,0.054553,0.353671,0.311117,0.280659,14613956,2.951616092435507,36171348,7.3056147727477,healthy,recovered
C002608,C002651,35,0.092,0.347573,0.281259,0.279168,15073804,3.0444927068768175,35194581,7.1083347757530495,healthy,recovered
C002608,C002651,36,0.083394,0.354436,0.280137,0.282033,15486687,3.127883686505677,34217144,6.91091945723547,healthy,recovered
C002608,C002670,13,0.094414,0.356484,0.313092,0.23601,9564218,2.1632244246687007,110575453,25.009835691575194,healthy,recovered
C002608,C002670,14,0.019402,0.368848,0.370647,0.241103,9647734,2.18211398271209,109848973,24.845521235334935,watch,recovered
C002608,C002670,15,0.090421,0.351782,0.326036,0.231761,10052789,2.2737288820519193,109122229,24.681147067861815,healthy,recovered
C002608,C002670,16,0.063046,0.347099,0.358674,0.23118,10336026,2.3377911186477274,108395219,24.51671273679801,healthy,recovered
C002608,C002670,17,0.115308,0.353334,0.299662,0.231696,10853087,2.4547394132436495,107667945,24.352218694501346,healthy,recovered
C002608,C002670,18,0.111209,0.355256,0.303855,0.22968,11356328,2.568561915270967,106940406,24.187664714792913,healthy,recovered
C002608,C002670,19,-0.152186,0.550684,0.363376,0.238126,10691845,2.418269873059347,106212601,24.023050571493794,stress,recovered
C002608,C002670,20,-0.153885,0.55228,0.361497,0.240108,10025246,2.267499236269206,105484531,23.858376490782906,stress,recovered
C002608,C002670,21,-0.08027,0.531331,0.318008,0.230932,9663582,2.1856984661149306,104756195,23.693642246481332,stress,recovered
C002608,C002670,22,0.049934,0.367877,0.341185,0.241004,9879241,2.234475984172301,104027594,23.52884806476799,watch,recovered
C002608,C002670,23,0.073762,0.363393,0.324858,0.237988,10201961,2.3074684427642196,103298727,23.36399371946396,watch,recovered
C002608,C002670,24,0.071749,0.37237,0.316076,0.239805,10513611,2.3779571007964813,102569594,23.19907921056925,watch,recovered
C002608,C002670,25,0.04266,0.360833,0.358554,0.237954,10700417,2.4202086786959667,101840195,23.034104538083852,watch,recovered
C002608,C002670,26,0.076646,0.366983,0.315953,0.240418,11032729,2.495370645415097,101110530,22.869069702007774,healthy,recovered
C002608,C002670,27,0.0656,0.36502,0.330467,0.238913,11319045,2.560129286882015,100380599,22.70397470234101,healthy,recovered
C002608,C002670,28,0.09522,0.354252,0.317715,0.232813,11745686,2.656626484223719,99650402,22.538819539083562,healthy,recovered
C002608,C002670,29,0.093088,0.355381,0.322234,0.229298,12169322,2.752444013933827,98919939,22.373604212235435,healthy,recovered
C002608,C002670,30,0.118805,0.351117,0.30283,0.227248,12715070,2.875880702988185,98189210,22.20832872179662,healthy,recovered
C002608,C002670,31,0.023537,0.370506,0.36587,0.240087,12817448,2.8990364476762225,97458214,22.04299284158821,watch,recovered
C002608,C002670,32,0.078931,0.360188,0.32724,0.233641,13170365,2.9788588308842177,96726952,21.877596797789113,healthy,recovered
C002608,C002670,33,0.028172,0.3637,0.37366,0.234469,13295927,3.0072583074760573,95995423,21.712140364220424,watch,recovered
C002608,C002670,34,0.069079,0.361196,0.337305,0.23242,13606643,3.077535714404189,95263628,21.54662376706105,healthy,recovered
C002608,C002670,35,0.06601,0.365912,0.332361,0.235717,13899510,3.1437760539258774,94531565,21.38104655395317,healthy,recovered
C002608,C002670,36,0.116606,0.345943,0.31144,0.226011,14439268,3.2658579312952902,93799235,21.21540895107569,healthy,recovered
C002608,C002686,13,0.023973,0.400088,0.353363,0.222576,11639986,2.3283587164967146,62985928,12.5991418267543,watch,stress
C002608,C002686,14,0.088571,0.38346,0.310116,0.217853,12087380,2.4178514117291945,62215626,12.445057502594903,healthy,stress
C002608,C002686,15,0.082549,0.383437,0.315693,0.218321,12503768,2.5011419439725007,61444757,12.29085976082553,healthy,stress
C002608,C002686,16,0.090109,0.388005,0.305177,0.216709,12962007,2.592803976030678,60673321,12.136548601446183,healthy,stress
C002608,C002686,17,0.030623,0.400296,0.34199,0.22709,13110728,2.6225527950306415,59901318,11.982124024456864,watch,stress
C002608,C002686,18,0.049888,0.385029,0.348031,0.217052,13364400,2.6732950736150967,59128747,11.82758582982651,watch,stress
C002608,C002686,19,0.044534,0.401837,0.326736,0.226893,13581186,2.7166590065884226,58355607,11.672933817524067,watch,stress
C002608,C002686,20,0.021472,0.405214,0.345856,0.227459,13685526,2.737530247196381,57581899,11.51816818758059,watch,stress
C002608,C002686,21,0.041889,0.400636,0.336614,0.220862,13895311,2.77949376273156,56807621,11.363288539933967,watch,stress
C002608,C002686,22,0.085967,0.394574,0.301694,0.217765,14332293,2.8669037345865234,56032774,11.20829507461525,healthy,stress
C002608,C002686,23,-0.001729,0.404065,0.370061,0.227603,14323878,2.8652204732321436,55257357,11.053187591593387,watch,stress
C002608,C002686,24,0.026747,0.399136,0.350122,0.223994,14456250,2.891698984462321,54481369,10.897965890837316,watch,stress
C002608,C002686,25,0.037476,0.400425,0.341889,0.220209,14645048,2.929464448179987,53704811,10.742630172378098,watch,stress
C002608,C002686,26,-0.007816,0.41058,0.36748,0.229756,14607283,2.92191027526874,52927681,10.587180036153613,watch,stress
C002608,C002686,27,-0.000616,0.407756,0.364049,0.228812,14604290,2.92131158231168,52149980,10.431615682194922,watch,stress
C002608,C002686,28,-2.959781,0.399558,0.320794,0.223541,-116652,-0.023334022995970507,61304731,12.26285021187623,stress,stress
C002608,C002686,29,0.038987,0.404403,0.334722,0.221888,78843,0.015771048718164305,60525885,12.10705682235595,stress,stress
C002608,C002686,30,0.004953,0.41746,0.34803,0.229557,102868,0.020576794890353307,59746466,11.951148815039348,stress,stress
C002608,C002686,31,0.032696,0.390596,0.356575,0.220133,268369,0.053682135046168165,58966474,11.795126189926421,stress,stress
C002608,C002686,32,0.030959,0.412464,0.326374,0.230203,418333,0.083679592651419,58185908,11.638988746986115,stress,stress
C002608,C002686,33,0.039568,0.402602,0.336332,0.221498,617679,0.12355498397051115,57404768,11.482736486218426,stress,stress
C002608,C002686,34,-0.018804,0.414395,0.373688,0.230721,526663,0.10534895718141836,56623053,11.326369207592299,stress,stress
C002608,C002686,35,-0.017562,0.416366,0.37012,0.231076,441727,0.0883591192259118,55840763,11.169886911107731,stress,stress
C002608,C002686,36,0.042294,0.403513,0.328127,0.226065,650963,0.13021281771016313,55057897,11.013289396733665,stress,stress
C002608,C002693,13,0.162723,0.351773,0.252647,0.232857,44261840,5.785835975188083,165304964,21.60839693036645,healthy,healthy
C002608,C002693,14,0.211022,0.33897,0.21962,0.230388,45913588,6.00174979622094,164042632,21.443386937599968,healthy,healthy
C002608,C002693,15,0.13112,0.361,0.26705,0.240829,46897084,6.130310799067943,162778158,21.278096946065727,healthy,healthy
C002608,C002693,16,0.16764,0.344614,0.254537,0.233209,48197798,6.300338024656187,161511539,21.112526563608586,healthy,healthy
C002608,C002693,17,0.143937,0.360528,0.252412,0.243123,49270876,6.440609041328401,160242771,20.946675267355033,healthy,healthy
C002608,C002693,18,0.145194,0.358565,0.258348,0.237893,50378998,6.585460952873366,158971850,20.780542534431547,healthy,healthy
C002608,C002693,19,0.136956,0.365524,0.25386,0.243661,51401233,6.719085855003427,157698773,20.614127972682994,healthy,healthy
C002608,C002693,20,-1.76499,0.3486,0.265005,0.232991,37600703,4.915102944427129,171564098,22.426580780624885,watch,healthy
C002608,C002693,21,0.165728,0.344167,0.25983,0.230274,38914048,5.086781273860189,170286698,22.259601123324032,healthy,healthy
C002608,C002693,22,0.135774,0.352416,0.275926,0.235883,39966216,5.224318969228065,169007131,22.09233819929594,healthy,healthy
C002608,C002693,23,0.105796,0.365159,0.285867,0.243178,40762831,5.328451190694106,167725393,21.9247914856671,healthy,healthy
C002608,C002693,24,0.142662,0.351611,0.267087,0.238641,41859311,5.4717812788710605,166441480,21.756960459563988,healthy,healthy
C002608,C002693,25,0.135389,0.359314,0.266776,0.238521,42902179,5.608103293314483,165155389,21.588844728831475,healthy,healthy
C002608,C002693,26,0.13807,0.361746,0.26056,0.239624,43962601,5.746719938182407,163867116,21.42044377059604,healthy,healthy
C002608,C002693,27,0.151123,0.343235,0.273556,0.232086,45163001,5.903634280302295,162576658,21.25175719270255,healthy,healthy
C002608,C002693,28,0.155683,0.352056,0.255402,0.236859,46376762,6.06229515068365,161284010,21.082784341559105,healthy,healthy
C002608,C002693,29,0.165716,0.355198,0.240612,0.238474,47662171,6.2303217314817045,159989169,20.913524825010573,healthy,healthy
C002608,C002693,30,0.163075,0.353998,0.249172,0.233756,48954815,6.399294059751632,158692131,20.743978120183435,healthy,healthy
C002608,C002693,31,0.10388,0.369453,0.281751,0.244916,49742050,6.5022001428229,157392893,20.574143834922555,healthy,healthy
C002608,C002693,32,0.163069,0.354167,0.243651,0.239113,51009976,6.66794137420136,156091450,20.40402131563604,healthy,healthy
C002608,C002693,33,0.13945,0.359386,0.259694,0.24147,52085497,6.808531735873406,154787799,20.23361017016875,healthy,healthy
C002608,C002693,34,0.107084,0.362034,0.28618,0.244701,52901867,6.9152462989160695,153481936,20.06290987564717,healthy,healthy
C002608,C002693,35,0.149154,0.350438,0.264849,0.235559,54085103,7.069916990779256,152173858,19.89192003991616,healthy,healthy
C002608,C002693,36,0.132057,0.354484,0.27367,0.239789,55115972,7.204670515393374,150863561,19.720640140102216,healthy,healthy
C002608,C002699,13,0.162263,0.307618,0.247412,0.282708,23211359,4.84994684733257,27780508,5.804657417598738,healthy,healthy
C002608,C002699,14,0.166552,0.29903,0.255927,0.278491,24002336,5.015219221408667,26854696,5.611211657243963,healthy,healthy
C002608,C002699,15,0.189096,0.293727,0.24418,0.272998,24918779,5.206707356102116,25928548,5.417695690653495,healthy,healthy
C002608,C002699,16,0.175427,0.298639,0.251264,0.27467,25764110,5.3833368424843,25002063,5.2241093088802035,healthy,healthy
C002608,C002699,17,-0.010907,0.477088,0.252807,0.281011,25712722,5.372599467365905,24075242,5.03045272087122,watch,healthy
C002608,C002699,18,-0.033519,0.469595,0.287779,0.276144,25551951,5.33900682832256,23148084,4.836725717679413,watch,healthy
C002608,C002699,19,0.003446,0.471057,0.246225,0.279272,25568300,5.342422904951552,22220590,4.642928508251914,watch,healthy
C002608,C002699,20,-0.005904,0.467561,0.264128,0.274215,25539763,5.336460180701657,21292758,4.449060674694461,watch,healthy
C002608,C002699,21,-0.009347,0.464314,0.272544,0.272488,25494280,5.326956638386137,20364590,4.2551226349013165,watch,healthy
C002608,C002699,22,0.012014,0.464897,0.250645,0.272444,25552771,5.339178164969192,19436084,4.0611139709782185,watch,healthy
C002608,C002699,23,-0.013315,0.4746,0.261852,0.276863,25488955,5.325843994918684,18507241,3.8670348918722977,watch,healthy
C002608,C002699,24,-0.042211,0.471443,0.294488,0.276279,25286152,5.2834688901055795,17578060,3.672885188636424,watch,healthy
C002608,C002699,25,0.116922,0.314661,0.284059,0.284358,25832151,5.3975538141592185,16648542,3.4786650702177275,watch,healthy
C002608,C002699,26,0.127458,0.321254,0.265631,0.285657,26424860,5.521398658656933,15718687,3.2843745366162085,watch,healthy
C002608,C002699,27,0.112727,0.318655,0.283123,0.285496,26949550,5.631031128316591,14788493,3.090013169937606,watch,healthy
C002608,C002699,28,0.149412,0.304921,0.270633,0.275035,27671707,5.78192376090347,13857962,2.895581388076181,watch,healthy
C002608,C002699,29,0.105874,0.320064,0.288782,0.28528,28165229,5.885043766414102,12927093,2.701078982084803,healthy,healthy
C002608,C002699,30,0.098724,0.318082,0.301618,0.281577,28631645,5.982500051017924,11995886,2.5065059519634727,healthy,healthy
C002608,C002699,31,0.120288,0.309523,0.293365,0.276823,29209908,6.103326445275109,11064341,2.3118622977121888,healthy,healthy
C002608,C002699,32,0.133253,0.32091,0.261999,0.283838,29834897,6.233916103130452,10132457,2.1171478103838224,healthy,healthy
C002608,C002699,33,0.138433,0.319656,0.260138,0.281773,30489176,6.37062582242461,9200235,1.9223626989255032,healthy,healthy
C002608,C002699,34,0.095831,0.321999,0.299215,0.282955,30940373,6.464902140656382,8267674,1.727506754390101,healthy,healthy
C002608,C002699,35,0.145122,0.309172,0.275392,0.270314,31655858,6.6144006779916475,7334774,1.5325799767776158,healthy,healthy
C002608,C002699,36,0.135883,0.302424,0.293166,0.268527,32330499,6.755364978747639,6401535,1.337582366088048,healthy,healthy
C002608,C002736,13,-3.271282,0.556719,0.237749,0.257862,5006701,1.9979139101873356,87905453,35.07849326932426,stress,recovered
C002608,C002736,14,0.174232,0.333541,0.247169,0.245058,5463250,2.180098865466694,87455958,34.89912319848128,stress,recovered
C002608,C002736,15,0.18104,0.33822,0.232421,0.248319,5932339,2.3672878823893875,87005568,34.719395979698035,stress,recovered
C002608,C002736,16,0.131078,0.348273,0.263114,0.257535,6260471,2.498228293485954,86554280,34.539310415830606,healthy,recovered
C002608,C002736,17,0.13344,0.359027,0.247247,0.260286,6591644,2.6303822094834284,86102093,34.358866107831005,healthy,recovered
C002608,C002736,18,0.138142,0.347011,0.259351,0.255496,6941610,2.7700354341302806,85649006,34.17806265665127,healthy,recovered
C002608,C002736,19,0.170439,0.35042,0.221037,0.258104,7369885,2.940937706881436,85195016,33.99689886514745,healthy,recovered
C002608,C002736,20,0.127025,0.352908,0.263811,0.256255,7692014,3.069482632966444,84740122,33.81537433427158,healthy,recovered
C002608,C002736,21,0.162949,0.340118,0.247644,0.249289,8117636,3.239326231432131,84284322,33.633488265927696,healthy,recovered
C002608,C002736,22,0.114268,0.355496,0.269175,0.261061,8403213,3.35328515582757,83827614,33.45123986201985,healthy,recovered
C002608,C002736,23,0.151691,0.353673,0.232501,0.262135,8781517,3.5042466020732137,83369996,33.268628324452074,healthy,recovered
C002608,C002736,24,0.147416,0.357713,0.234093,0.260778,9151807,3.6520100778236664,82911467,33.0856532541764,healthy,recovered
C002608,C002736,25,0.157498,0.350406,0.239206,0.252889,9560577,3.815128919765152,82452024,32.902313454048894,healthy,recovered
C002608,C002736,26,0.137508,0.356298,0.244966,0.261229,9906759,3.9532721468634895,81991666,32.71860852502157,healthy,recovered
C002608,C002736,27,0.148595,0.356158,0.233035,0.262212,10280191,4.102289431360622,81530391,32.53453766899848,healthy,recovered
C002608,C002736,28,0.098676,0.3633,0.272941,0.265083,10525977,4.200369837665952,81068197,32.35010008788367,healthy,recovered
C002608,C002736,29,0.117545,0.365657,0.25222,0.264579,10819903,4.3176604136291905,80605083,32.16529538262915,healthy,recovered
C002608,C002736,30,0.145902,0.354894,0.237068,0.262136,11188872,4.464896747000789,80141046,31.980122356090995,healthy,recovered
C002608,C002736,31,0.157464,0.344393,0.242701,0.255441,11598330,4.6282901339510945,79676085,31.794580609221224,healthy,recovered
C002608,C002736,32,0.1189,0.366555,0.247876,0.266669,11895082,4.746708419499985,79210197,31.60866894487591,healthy,recovered
C002608,C002736,33,0.123521,0.360982,0.254989,0.260508,12211284,4.872888188219758,78743382,31.422387363055044,healthy,recovered
C002608,C002736,34,0.102301,0.366743,0.263957,0.267,12467308,4.975054047723211,78275636,31.235734267566723,healthy,recovered
C002608,C002736,35,0.147578,0.350652,0.245496,0.256275,12852868,5.128910986096769,77806959,31.04870965841094,healthy,recovered
C002608,C002736,36,0.09612,0.356246,0.284166,0.263469,13097618,5.226577978696956,77337349,30.86131273749174,healthy,recovered
C002608,C002750,13,0.035501,0.361155,0.398169,0.205175,15443830,2.7402824535296637,165240634,29.31954119932149,watch,stress
C002608,C002750,14,0.10342,0.351168,0.345534,0.199878,16035750,2.845310026993842,164439836,29.177451270319313,healthy,stress
C002608,C002750,15,0.057785,0.361391,0.377018,0.203806,16360734,2.9029736993392308,163637497,29.03508791333581,healthy,stress
C002608,C002750,16,0.055415,0.35741,0.38229,0.204885,16671341,2.9580863826595913,162833613,28.892450418629302,healthy,stress
C002608,C002750,17,0.086103,0.365536,0.343757,0.204605,17155547,3.044001677356165,162028183,28.749538608764365,healthy,stress
C002608,C002750,18,0.112362,0.35369,0.334945,0.199003,17806464,3.159497408259974,161221203,28.606351773999325,healthy,stress
C002608,C002750,19,0.046322,0.350222,0.403962,0.199494,18074662,3.2070852328780735,160412669,28.462889204592503,watch,stress
C002608,C002750,20,-0.000525,0.357104,0.339823,0.303597,18071662,3.2065529266198083,159197535,28.24728139364876,watch,stress
C002608,C002750,21,-0.016607,0.363787,0.345536,0.307284,17977667,3.189874884371252,157980062,28.031258561258987,watch,stress
C002608,C002750,22,-0.012157,0.359915,0.348734,0.303508,17907869,3.177490246966446,156760246,27.81481999768151,stress,stress
C002608,C002750,23,-0.003316,0.349201,0.354702,0.299414,17888532,3.1740591782610856,155538082,27.597964815739232,stress,stress
C002608,C002750,24,-0.111497,0.369126,0.4263,0.316072,17271447,3.064566442467157,154313566,27.380692305690474,stress,stress
C002608,C002750,25,-0.038721,0.362805,0.371608,0.304308,17048431,3.024995504969375,153086694,27.163001757793555,stress,stress
C002608,C002750,26,-0.02662,0.356503,0.366126,0.303991,16894658,2.9977107282186197,151857461,26.944892284871383,stress,stress
C002608,C002750,27,0.081704,0.362715,0.350889,0.204692,17362849,3.0807843946731523,151036395,26.799206094788367,watch,stress
C002608,C002750,28,0.008594,0.369361,0.414165,0.207881,17411433,3.0894049170903433,150213749,26.653239556742665,watch,stress
C002608,C002750,29,0.017752,0.378313,0.392184,0.21175,17510148,3.1069204545185705,149389520,26.506992138428018,watch,stress
C002608,C002750,30,0.007034,0.370683,0.416151,0.206131,17550404,3.114063294762816,148563705,26.36046330753817,watch,stress
C002608,C002750,31,0.022759,0.367829,0.399702,0.209709,17678683,3.1368245329308313,147736300,26.213652354331437,watch,stress
C002608,C002750,32,-0.003367,0.369281,0.428142,0.205944,17659323,3.133389383210824,146907303,26.066558923936984,watch,stress
C002608,C002750,33,0.053063,0.369082,0.367188,0.210667,17958193,3.1864195070134307,146076710,25.919182306613138,healthy,stress
C002608,C002750,34,0.054246,0.364066,0.375573,0.206116,18271074,3.241935678477557,145244519,25.771522147489055,healthy,stress
C002608,C002750,35,-0.031897,0.380774,0.439722,0.211401,18091351,3.2100464525928047,144410727,25.623577914258476,watch,stress
C002608,C002750,36,0.02816,0.377841,0.380241,0.213758,18248573,3.237943204105146,143575330,25.475348897179725,watch,stress
C002608,C002757,13,0.193295,0.321937,0.277649,0.207119,21729639,5.190986898731551,24932412,5.956096373519013,healthy,recovered
C002608,C002757,14,0.203918,0.31661,0.276998,0.202474,22599207,5.398717735656923,24328026,5.8117147844932235,healthy,recovered
C002608,C002757,15,0.200608,0.312543,0.283523,0.203327,23451877,5.602411814465201,23723069,5.667196789449866,healthy,recovered
C002608,C002757,16,0.180529,0.320136,0.293999,0.205335,24212414,5.784096268726065,23117541,5.522542388388941,healthy,recovered
C002608,C002757,17,-2.0,1.0,1.0,1.0,23359196,5.580271278363274,22818915,5.451203713428874,stress,recovered
C002608,C002757,18,-2.0,1.0,1.0,1.0,22507914,5.376908778455844,22520966,5.380026766794364,stress,recovered
C002608,C002757,19,-2.0,1.0,1.0,1.0,21638134,5.169127296914493,22216543,5.3073032482548905,stress,recovered
C002608,C002757,20,-2.0,1.0,1.0,1.0,20796138,4.967983126742849,21921844,5.236902693138936,stress,recovered
C002608,C002757,21,-2.0,1.0,1.0,1.0,19951720,4.766260365722609,21626298,5.166299798448762,stress,recovered
C002608,C002757,22,-2.0,1.0,1.0,1.0,19092010,4.56088450344029,21325400,5.094418366094799,stress,recovered
C002608,C002757,23,-2.0,1.0,1.0,1.0,18250010,4.359739377709855,21030700,5.0240175720891465,stress,recovered
C002608,C002757,24,-2.0,1.0,1.0,1.0,17407534,4.158480540483164,20735833,4.953576883503926,stress,recovered
C002608,C002757,25,0.165866,0.326864,0.297489,0.209782,18097318,4.323262831940221,20125140,4.807688617152742,watch,recovered
C002608,C002757,26,0.17074,0.328929,0.291888,0.208442,18812612,4.494139199593696,19513871,4.6616627503355,watch,recovered
C002608,C002757,27,0.193005,0.317879,0.28823,0.200886,19652387,4.6947527957460435,18902024,4.515498805272805,watch,recovered
C002608,C002757,28,0.154125,0.333543,0.301852,0.21048,20293028,4.847795330773444,18289600,4.369197020854354,watch,recovered
C002608,C002757,29,0.180677,0.324801,0.291537,0.202985,21072506,5.034004594804451,17676597,4.222756919300751,healthy,recovered
C002608,C002757,30,0.182581,0.329182,0.283486,0.204751,21854141,5.220729143914082,17063015,4.076178500611995,healthy,recovered
C002608,C002757,31,0.15648,0.329744,0.307382,0.206393,22519336,5.3796373765865955,16448855,3.9294620036777865,healthy,recovered
C002608,C002757,32,0.196659,0.320454,0.282746,0.200141,23382256,5.585780074799549,15834115,3.782606950718727,healthy,recovered
C002608,C002757,33,0.190716,0.325043,0.28306,0.201182,24215557,5.784847099046933,15218794,3.6356131028451206,healthy,recovered
C002608,C002757,34,0.152473,0.329828,0.311225,0.206474,24865300,5.940064008105686,14602892,3.4884804600569654,healthy,recovered
C002608,C002757,35,0.156199,0.336448,0.297495,0.209858,25520806,6.096657638494112,13986409,3.3412090223542625,healthy,recovered
C002608,C002757,36,0.215129,0.321749,0.262275,0.200847,26465013,6.322218963589786,13369344,3.1937985508473137,healthy,recovered
C002608,C002796,13,0.092997,0.366395,0.300928,0.23968,34180540,3.897646100693606,276899698,31.57518951406084,healthy,stress
C002608,C002796,14,0.094353,0.371811,0.291207,0.242629,34992466,3.9902309518384897,275438189,31.408531969885743,healthy,stress
C002608,C002796,15,0.116839,0.363272,0.280712,0.239177,36013403,4.106649566556216,273975235,31.24170965070664,healthy,stress
C002608,C002796,16,0.052495,0.365529,0.340364,0.241612,36467932,4.158480028699358,272510834,31.074722328461238,healthy,stress
C002608,C002796,17,0.027427,0.379509,0.348038,0.245026,36702334,4.185209157065814,271044984,30.90756977508725,watch,stress
C002608,C002796,18,0.109002,0.367901,0.284608,0.238489,37660377,4.294455896972405,269577684,30.740251876553533,healthy,stress
C002608,C002796,19,0.071416,0.366942,0.323568,0.238074,38289784,4.3662278976283115,268108932,30.57276840479779,healthy,stress
C002608,C002796,20,0.053482,0.368971,0.335463,0.242084,38753783,4.419138234711217,266638728,30.40511935982003,healthy,stress
C002608,C002796,21,0.06981,0.363343,0.331552,0.235295,39377543,4.490266301493329,265167069,30.237304399526817,healthy,stress
C002608,C002796,22,0.035977,0.368268,0.354411,0.241345,39691248,4.526038441723357,263693955,30.069323523918147,watch,stress
C002608,C002796,23,0.097109,0.367906,0.298545,0.23644,40556431,4.624696249538459,262219383,29.901176390900588,healthy,stress
C002608,C002796,24,0.032984,0.381048,0.342398,0.24357,40841978,4.657257500797648,260743353,29.73286300047414,watch,stress
C002608,C002796,25,0.05383,0.373523,0.33503,0.237617,41320139,4.711782746950978,259265863,29.564383124576516,healthy,stress
C002608,C002796,26,0.056754,0.374498,0.325694,0.243054,41813484,4.768039442004558,257786911,29.395736535145424,healthy,stress
C002608,C002796,27,-0.001764,0.382105,0.374997,0.244662,41798237,4.766300809142196,256306496,29.22692311814972,watch,stress
C002608,C002796,28,0.027075,0.383026,0.341513,0.248385,42028994,4.792614293986431,254824617,29.057942759558262,watch,stress
C002608,C002796,29,0.031897,0.374497,0.356107,0.2375,42313591,4.825067215658209,253341272,28.888795231308755,watch,stress
C002608,C002796,30,-0.00724,0.381956,0.380509,0.244776,42250847,4.81791244551877,251856460,28.71948041937006,watch,stress
C002608,C002796,31,0.037021,0.376862,0.347951,0.238166,42580886,4.855547170465386,250370179,28.549998095679886,watch,stress
C002608,C002796,32,0.029172,0.382276,0.346587,0.241966,42837120,4.884765826781674,248882428,28.380348146207083,watch,stress
C002608,C002796,33,0.021778,0.388732,0.344872,0.244618,43026529,4.906364351857237,247393205,28.21053034288937,watch,stress
C002608,C002796,34,0.03759,0.372297,0.35152,0.238593,43362038,4.9446228271650465,245902509,28.040544571695598,watch,stress
C002608,C002796,35,0.005132,0.389225,0.360815,0.244827,43406724,4.949718422894534,244410339,27.870390718594624,watch,stress
C002608,C002796,36,0.005535,0.381584,0.371942,0.240939,43455742,4.955308001542614,242916693,27.700068555524158,watch,stress
C002608,C002835,13,0.060619,0.342578,0.405385,0.191418,30629723,3.977659497839863,187972953,24.41068114907393,healthy,stress
C002608,C002835,14,0.052101,0.339513,0.421792,0.186594,31042241,4.0312302121662675,186938780,24.27638061831629,healthy,stress
C002608,C002835,15,-0.034448,0.355434,0.484365,0.19465,30780569,3.997248771455271,185903783,24.141973080667785,watch,stress
C002608,C002835,16,-0.0115,0.340942,0.484224,0.186334,30689246,3.9853893172146555,184867962,24.007458536128418,watch,stress
C002608,C002835,17,-0.021352,0.345358,0.488999,0.186994,30520149,3.9634299188842745,183831317,23.872836984698186,stress,stress
C002608,C002835,18,0.014044,0.343815,0.452705,0.189436,30630025,3.977698716384815,182793846,23.73810816665163,watch,stress
C002608,C002835,19,0.017478,0.348949,0.445317,0.188256,30767735,3.995582113157536,181755549,23.60327208198875,watch,stress
C002608,C002835,20,-0.079503,0.356099,0.528736,0.194668,30161473,3.916851273754274,180716426,23.46832873070954,watch,stress
C002608,C002835,21,-0.062563,0.363034,0.503847,0.195682,29686487,3.855168294308428,179676475,23.333277853088543,watch,stress
C002608,C002835,22,-0.07646,0.354847,0.531429,0.190185,29088737,3.777542846476798,178635696,23.198119449125755,stress,stress
C002608,C002835,23,-0.066883,0.348844,0.527358,0.19068,28566806,3.7097634610945973,177594089,23.06285351882118,stress,stress
C002608,C002835,24,-0.068606,0.34866,0.532226,0.18772,28022552,3.6390851499542274,176551653,22.92747993231208,stress,stress
C002608,C002835,25,-0.12081,0.353298,0.577666,0.189846,27074139,3.5159216470611456,175508386,22.791998429872997,stress,stress
C002608,C002835,26,-0.042706,0.34725,0.507443,0.188013,26735337,3.4719238938595534,174464289,22.656409141366662,stress,stress
C002608,C002835,27,-0.059323,0.356225,0.511114,0.191984,26274079,3.412023669993519,173419361,22.520711936930347,stress,stress
C002608,C002835,28,-0.10832,0.367026,0.54519,0.196104,25448885,3.304861723029112,172373601,22.38490668670131,stress,stress
C002608,C002835,29,-0.094279,0.363697,0.534643,0.195938,24729477,3.211437434992881,171327008,22.248993260816828,stress,stress
C002608,C002835,30,-0.131512,0.367902,0.567337,0.196273,23726871,3.0812362810845926,170279582,22.112971659276898,stress,stress
C002608,C002835,31,-0.143786,0.364848,0.586304,0.192635,22609096,2.936078966237248,169231322,21.97684175221879,stress,stress
C002608,C002835,32,-0.15434,0.374721,0.582144,0.197475,21437756,2.7839655541701607,168182227,21.84060340977977,stress,stress
C002608,C002835,33,-0.193895,0.376182,0.619499,0.198214,19970536,2.593428357068489,167132297,21.70425663195984,stress,stress
C002608,C002835,34,-0.184888,0.371798,0.619605,0.193486,18536140,2.4071537742698292,166081531,21.56780128889627,stress,stress
C002608,C002835,35,-0.194368,0.374792,0.621507,0.19807,17061924,2.2157080574976766,165029929,21.431237380589053,stress,stress
C002608,C002835,36,-0.145339,0.364543,0.589168,0.191628,15921615,2.0676244158557893,163977489,21.294564647312733,stress,stress
C002608,C002896,13,0.055928,0.384666,0.279891,0.279514,10519879,2.214424969458336,153924269,32.40091874433363,healthy,stress
C002608,C002896,14,0.044609,0.392568,0.283102,0.279721,10729520,2.258554209445052,153004090,32.207221901055185,watch,stress
C002608,C002896,15,-1.670584,0.473925,0.287547,0.269472,2578541,0.5427805372259574,161463255,33.98786844620727,stress,stress
C002608,C002896,16,0.059071,0.387361,0.272207,0.281361,2854626,0.6008961788310466,160542736,33.79410003323781,stress,stress
C002608,C002896,17,0.020007,0.392685,0.307825,0.279483,2948780,0.6207155102676897,159622047,33.600295835422834,stress,stress
C002608,C002896,18,0.027183,0.39478,0.295214,0.282823,3075219,0.6473308048650269,158701188,33.40645585276234,stress,stress
C002608,C002896,19,0.02563,0.397083,0.293454,0.283832,3194033,0.6723410438916567,157780159,33.21258008525634,stress,stress
C002608,C002896,20,0.013717,0.392851,0.318715,0.274716,3259742,0.6861727286779682,156858960,33.01866853290483,stress,stress
C002608,C002896,21,0.022999,0.398197,0.299871,0.278933,3368269,0.7090175635530086,155937590,32.82472098520872,watch,stress
C002608,C002896,22,0.008161,0.396077,0.32054,0.275221,3407307,0.7172350270768489,155016050,32.6307376526671,stress,stress
C002608,C002896,23,0.013676,0.399894,0.304381,0.282049,3471153,0.7306745520561797,154094340,32.436718535279965,watch,stress
C002608,C002896,24,0.069388,0.388309,0.271341,0.270962,3808404,0.8016655810760757,153172459,32.24266342254823,watch,stress
C002608,C002896,25,0.021261,0.40467,0.293064,0.281005,3908064,0.8226439205090879,152250408,32.048572524970986,watch,stress
C002608,C002896,26,0.060534,0.394108,0.270853,0.274504,4198592,0.8837998004889613,151328187,31.854445842548227,watch,stress
C002608,C002896,27,-0.011714,0.403684,0.329607,0.278423,4143153,0.8721299413696881,150405795,31.660283164780864,watch,stress
C002608,C002896,28,0.037795,0.384597,0.310059,0.267549,4329332,0.9113204516777235,149483232,31.466084491668905,watch,stress
C002608,C002896,29,0.023086,0.394623,0.307763,0.274527,4440184,0.9346546969398976,148560499,31.27185003371143,watch,stress
C002608,C002896,30,0.045638,0.398515,0.284978,0.27087,4662321,0.981414333570753,147637595,31.077579580409356,watch,stress
C002608,C002896,31,0.021555,0.403001,0.297537,0.277907,4764601,1.002944180622815,146714520,30.88327313176268,watch,stress
C002608,C002896,32,0.057014,0.3934,0.278513,0.271073,5042006,1.0613376810283415,145791275,30.688930898270492,watch,stress
C002608,C002896,33,0.017973,0.397681,0.309577,0.274769,5128294,1.079501226613288,144867860,30.494552879932794,watch,stress
C002608,C002896,34,0.037223,0.395279,0.294953,0.272544,5308496,1.1174335838529796,143944274,30.300138866250492,watch,stress
C002608,C002896,35,-0.013987,0.410439,0.322639,0.280909,5242790,1.1036025305639419,143020517,30.10568885722359,watch,stress
C002608,C002896,36,0.04613,0.397793,0.289817,0.26626,5471465,1.1517384102533266,142096589,29.911202852852085,watch,stress
C002608,C002912,13,0.104505,0.430497,0.247626,0.217372,16210791,4.505347372384133,24284870,6.74931749124335,healthy,healthy
C002608,C002912,14,0.095286,0.411195,0.283218,0.210301,16556046,4.601301586281067,23751475,6.601074893970161,healthy,healthy
C002608,C002912,15,0.110115,0.423375,0.252831,0.213679,16948956,4.710500208117808,23217767,6.452745306880894,healthy,healthy
C002608,C002912,16,0.023815,0.41275,0.253203,0.310231,17036802,4.734914608702854,22416735,6.230120302561511,watch,healthy
C002608,C002912,17,0.009624,0.40903,0.268721,0.312626,17072051,4.744711107191371,21615232,6.0073643966339105,watch,healthy
C002608,C002912,18,0.002747,0.414675,0.271386,0.311192,17082165,4.747522017733879,20813258,5.784477589098091,watch,healthy
C002608,C002912,19,0.007196,0.426027,0.24773,0.319048,17108021,4.754707987971875,20010813,5.561459879954054,watch,healthy
C002608,C002912,20,-0.033366,0.421395,0.291635,0.320336,16988547,4.721503447122004,19207897,5.338311269201798,watch,healthy
C002608,C002912,21,-0.019813,0.438468,0.25598,0.325364,16918659,4.702079983013363,18404509,5.115031478918588,watch,healthy
C002608,C002912,22,-0.003612,0.432556,0.247208,0.323848,16905852,4.698520626545308,17600649,4.891620509104424,stress,healthy
C002608,C002912,23,0.062279,0.433278,0.290809,0.213634,17129167,4.760584942127686,17064428,4.742592502181925,watch,healthy
C002608,C002912,24,0.079784,0.439411,0.261687,0.219118,17408255,4.838149842413177,16527892,4.5934769495978784,watch,healthy
C002608,C002912,25,0.090995,0.436631,0.25461,0.217765,17728723,4.927215185475906,15991041,4.444273851352284,watch,healthy
C002608,C002912,26,0.082068,0.423967,0.287044,0.206921,18033077,5.011802081585701,15453874,4.294982929522408,watch,healthy
C002608,C002912,27,0.075099,0.442525,0.265936,0.21644,18299494,5.085845422895108,14916392,4.145604462030983,healthy,healthy
C002608,C002912,28,0.043256,0.439876,0.298771,0.218097,18451871,5.128194455497019,14378595,3.996138448878012,watch,healthy
C002608,C002912,29,0.083688,0.436372,0.265667,0.214273,18752115,5.211639089165673,13840482,3.846584612140758,healthy,healthy
C002608,C002912,30,0.088736,0.427013,0.274037,0.210215,19076803,5.3018772661704014,13302052,3.6969426738964866,healthy,healthy
C002608,C002912,31,0.071115,0.429586,0.290176,0.209123,19338526,5.374616038161386,12763306,3.547212912067933,healthy,healthy
C002608,C002912,32,0.06371,0.439975,0.282561,0.213753,19568055,5.438407365619494,12224244,3.3973953266550967,healthy,healthy
C002608,C002912,33,0.110983,0.425012,0.256249,0.207756,19979675,5.552805921829413,11684865,3.2474896397352433,healthy,healthy
C002608,C002912,34,0.055577,0.452547,0.2738,0.218076,20176165,5.607414960043512,11145169,3.097495851308372,watch,healthy
C002608,C002912,35,0.090074,0.435608,0.264384,0.209934,20507162,5.699406551583802,10605157,2.9474142392972187,healthy,healthy
C002608,C002912,36,0.077687,0.431204,0.281738,0.209371,20793574,5.779006957980954,10064828,2.7972445257790475,healthy,healthy
C002608,C002934,13,0.114864,0.35886,0.246095,0.280181,25532693,3.7046898777595794,114551949,16.621021759746675,healthy,healthy
C002608,C002934,14,0.121051,0.348763,0.255974,0.274212,26362352,3.8250700232966026,113236379,16.430137904977254,healthy,healthy
C002608,C002934,15,0.084138,0.361222,0.273751,0.280889,26925471,3.906776299217991,111920420,16.239197607890432,healthy,healthy
C002608,C002934,16,-0.001421,0.349275,0.245607,0.40654,26915610,3.9053455082362256,109945897,15.952702353688164,watch,healthy
C002608,C002934,17,-0.052832,0.358591,0.278808,0.415432,26556780,3.8532807350908125,107970790,15.666122363461826,watch,healthy
C002608,C002934,18,0.027259,0.342142,0.229223,0.401375,26748463,3.8810931585527086,105995098,15.379457492115487,watch,healthy
C002608,C002934,19,0.155291,0.340686,0.234615,0.269408,27833372,4.038509040637308,104677580,15.18829099047126,watch,healthy
C002608,C002934,20,0.120622,0.346493,0.260811,0.272074,28668065,4.159619599094137,103359672,14.997067901413699,watch,healthy
C002608,C002934,21,0.120477,0.355561,0.249937,0.274024,29496069,4.279759610864319,102041375,14.805788370038735,watch,healthy
C002608,C002934,22,0.09554,0.356378,0.27263,0.275453,30149471,4.374565582780711,100722687,14.614452106154506,healthy,healthy
C002608,C002934,23,0.081852,0.359981,0.278804,0.279363,30701586,4.454675223070486,99403609,14.423059254856941,healthy,healthy
C002608,C002934,24,0.129862,0.356275,0.240948,0.272915,31598508,4.584814956256478,98084141,14.231609816146044,healthy,healthy
C002608,C002934,25,0.080577,0.368129,0.268431,0.282863,32135622,4.662748012475928,96764282,14.04010364492588,healthy,healthy
C002608,C002934,26,0.108904,0.358541,0.257012,0.275544,32881057,4.77090759826767,95444032,13.84854074119645,healthy,healthy
C002608,C002934,27,0.085334,0.363161,0.271846,0.279659,33456734,4.85443598889842,94123392,13.656921250053685,healthy,healthy
C002608,C002934,28,0.143438,0.35239,0.231761,0.27241,34450436,4.998618106347193,92802360,13.465244881305724,healthy,healthy
C002608,C002934,29,0.094195,0.353465,0.280225,0.272115,35103898,5.093432784019482,91480938,13.273511925144428,healthy,healthy
C002608,C002934,30,0.127553,0.354437,0.249691,0.268319,36001556,5.223679307811152,90159124,13.081722091377936,healthy,healthy
C002608,C002934,31,0.141907,0.351896,0.239059,0.267138,37004941,5.369266389165861,88836919,12.889875525102177,healthy,healthy
C002608,C002934,32,0.081224,0.356677,0.286037,0.276062,37560858,5.449927684187678,87514323,12.697972226317152,healthy,healthy
C002608,C002934,33,0.062746,0.367985,0.287483,0.281786,37981707,5.510991161916613,86191336,12.506012195022862,healthy,healthy
C002608,C002934,34,0.109925,0.353155,0.264239,0.272681,38743831,5.621572253711264,84867957,12.313995286123374,healthy,healthy
C002608,C002934,35,0.113796,0.359543,0.256941,0.269719,39541698,5.737339509390028,83544186,12.121921499618688,healthy,healthy
C002608,C002934,36,0.069492,0.371697,0.280496,0.278315,40014021,5.805871655103489,82220023,11.929790835508806,healthy,healthy
C002608,C002950,13,0.139591,0.398512,0.283425,0.178473,7871593,3.8421161040919776,36821510,17.972539554316867,healthy,recovered
C002608,C002950,14,0.163304,0.392478,0.268611,0.175608,8206063,4.005370552503582,36569742,17.849651863439682,healthy,recovered
C002608,C002950,15,0.158606,0.394316,0.269462,0.177615,8527608,4.162316322272198,36317685,17.726623111972334,healthy,recovered
C002608,C002950,16,0.115293,0.407772,0.296297,0.180638,8757696,4.274622028392715,36065339,17.603453299914825,healthy,recovered
C002608,C002950,17,0.129986,0.405531,0.284916,0.179567,9018953,4.402141289996656,35812703,17.48014193916823,healthy,recovered
C002608,C002950,18,0.145019,0.402317,0.274184,0.178479,9312536,4.5454388375435935,35559778,17.356689517831473,healthy,recovered
C002608,C002950,19,0.145686,0.398327,0.276397,0.17959,9605981,4.688669027438481,35306563,17.23309554780563,healthy,recovered
C002608,C002950,20,0.15697,0.398814,0.265448,0.178768,9923972,4.843880093617375,35053058,17.109360029090695,healthy,recovered
C002608,C002950,21,0.13721,0.390873,0.296923,0.174994,10208253,4.982637344937072,34799263,16.985482961686674,healthy,recovered
C002608,C002950,22,0.117907,0.405111,0.294712,0.18227,10443059,5.0972459017993765,34545176,16.861463369395707,healthy,recovered
C002608,C002950,23,0.137771,0.39884,0.284072,0.179316,10722262,5.233524586763245,34290798,16.737301740316727,healthy,recovered
C002608,C002950,24,0.151931,0.391097,0.282221,0.174751,11038567,5.387912718149715,34036128,16.6129975863508,healthy,recovered
C002608,C002950,25,0.129693,0.416409,0.270025,0.183873,11295473,5.513308261318404,33781166,16.48855090749793,healthy,recovered
C002608,C002950,26,0.136152,0.401477,0.28096,0.181412,11569146,5.646887759211037,33525912,16.363961703758118,healthy,recovered
C002608,C002950,27,-2.0,1.0,1.0,1.0,11148804,5.4417192796636025,33378792,16.292152589486836,stress,recovered
C002608,C002950,28,-2.0,1.0,1.0,1.0,10751954,5.248017220130176,33239894,16.224356624600674,stress,recovered
C002608,C002950,29,-2.0,1.0,1.0,1.0,10345128,5.049445885692112,33097505,16.154856706357243,stress,recovered
C002608,C002950,30,0.135801,0.400521,0.283201,0.180477,10620771,5.18398693847269,32841079,16.02969545067394,watch,recovered
C002608,C002950,31,0.113087,0.394335,0.314947,0.17763,10854255,5.297950228552323,32584359,15.90439069390584,watch,recovered
C002608,C002950,32,0.155249,0.399122,0.269533,0.176096,11177952,5.455946387213761,32327344,15.778941947954012,watch,recovered
C002608,C002950,33,0.151762,0.396132,0.275009,0.177098,11492950,5.609696573301477,32070035,15.653349700917381,watch,recovered
C002608,C002950,34,0.158333,0.386563,0.279842,0.175262,11825411,5.771970430966948,31812431,15.527613464697025,healthy,recovered
C002608,C002950,35,0.098203,0.402271,0.319333,0.180193,12026200,5.869975326599195,31554531,15.401732751194013,healthy,recovered
C002608,C002950,36,0.127987,0.397921,0.294925,0.179168,12289684,5.9985815845155495,31296336,15.275708048507271,healthy,recovered
C002608,C002951,13,0.074187,0.326845,0.352533,0.246436,11112215,3.442134061175996,101657830,31.489660632757648,healthy,stress
C002608,C002951,14,0.071308,0.322774,0.363665,0.242253,11343835,3.513880971332935,101107018,31.3190403966927,healthy,stress
C002608,C002951,15,0.078253,0.318151,0.36184,0.241756,11598874,3.5928821811572824,100555475,31.14819372512423,healthy,stress
C002608,C002951,16,0.031137,0.330972,0.386813,0.251078,11696716,3.623189845364066,100003199,30.977119998529666,watch,stress
C002608,C002951,17,0.072075,0.318299,0.369985,0.239641,11934323,3.6967912963685547,99450190,30.805819216909,healthy,stress
C002608,C002951,18,0.044397,0.33558,0.369812,0.25021,12074689,3.7402712497019834,98896447,30.634291070500947,watch,stress
C002608,C002951,19,-0.175856,0.568968,0.362297,0.244591,11505177,3.56385847750054,98341969,30.46253524954421,stress,stress
C002608,C002951,20,-0.214546,0.579444,0.385727,0.249374,10822789,3.3524810898476045,97786754,30.290551134516214,stress,stress
C002608,C002951,21,-0.145401,0.566559,0.335169,0.243673,10348875,3.2056808775165653,97230801,30.118338415655664,stress,stress
C002608,C002951,22,-0.21161,0.584163,0.37563,0.251818,9680584,2.998670194778932,96674111,29.945897402723855,stress,stress
C002608,C002951,23,-0.210115,0.589595,0.368699,0.251821,9016143,2.792852093010577,96116681,29.773227166436907,stress,stress
C002608,C002951,24,-0.19777,0.570351,0.38276,0.244659,8371577,2.593190496895314,95558511,29.60032770679483,stress,stress
C002608,C002951,25,-0.198792,0.590459,0.356757,0.251576,7740656,2.3977555935919472,94999599,29.427198404275035,stress,stress
C002608,C002951,26,-0.218193,0.589551,0.376468,0.252174,7048886,2.1834720255094617,94439945,29.253839258877523,stress,stress
C002608,C002951,27,0.053288,0.319916,0.383501,0.243295,7224230,2.237786809269751,93879548,29.08024996084101,watch,stress
C002608,C002951,28,0.023178,0.338129,0.383211,0.255482,7296955,2.26031419913748,93318407,28.906430200404195,watch,stress
C002608,C002951,29,0.04945,0.335459,0.359766,0.255325,7452417,2.308470308915642,92756521,28.732379667805795,watch,stress
C002608,C002951,30,0.051581,0.331326,0.370003,0.24709,7620204,2.3604442266019485,92193889,28.558098053284517,watch,stress
C002608,C002951,31,0.062461,0.337713,0.346371,0.253455,7818544,2.421882281003672,91630509,28.38358473731778,healthy,stress
C002608,C002951,32,0.002434,0.346363,0.392616,0.258586,7826131,2.4242324399163766,91066381,28.20883971990558,watch,stress
C002608,C002951,33,0.017814,0.334928,0.392999,0.254258,7882670,2.4417460335324854,90501504,28.03386269128663,watch,stress
C002608,C002951,34,0.053871,0.340043,0.348553,0.257533,8051698,2.4941043649805774,89935877,27.85865334169964,healthy,stress
C002608,C002951,35,0.044581,0.328605,0.376713,0.2501,8195925,2.5387803066574826,89369499,27.683211361383318,watch,stress
C002608,C002951,36,0.072798,0.328528,0.352943,0.24573,8435945,2.6131292116564824,88802369,27.507536440576374,healthy,stress
C002608,C002958,13,0.208815,0.297878,0.21118,0.282127,33124484,5.862023600299503,60156958,10.64594719477671,healthy,healthy
C002608,C002958,14,0.196603,0.299947,0.217485,0.285965,34238252,6.059126574077401,59022950,10.44526235817885,healthy,healthy
C002608,C002958,15,0.215596,0.291444,0.210557,0.282403,35475505,6.278082627416718,57888501,10.24449947802844,healthy,healthy
C002608,C002958,16,0.158081,0.306173,0.24159,0.294156,36346786,6.432272796371276,56753611,10.04365855432548,healthy,healthy
C002608,C002958,17,0.172325,0.311491,0.2194,0.296783,37288533,6.598933298600118,55618280,9.842739587069971,healthy,healthy
C002608,C002958,18,0.190722,0.297572,0.229654,0.282053,38385674,6.793093800386536,54482508,9.641742576261912,healthy,healthy
C002608,C002958,19,0.200076,0.296044,0.220096,0.283784,39530052,6.995613810771108,53346295,9.440667521901304,healthy,healthy
C002608,C002958,20,0.146058,0.30625,0.255088,0.292604,40340591,7.139054497936624,52209641,9.239514423988146,healthy,healthy
C002608,C002958,21,0.156157,0.302665,0.250771,0.290407,41214076,7.293634707684423,51072545,9.038283105552932,healthy,healthy
C002608,C002958,22,-2.563793,0.31261,0.23564,0.294761,27079574,4.792258858252911,61148041,10.821338664598718,stress,healthy
C002608,C002958,23,0.145123,0.313309,0.24412,0.297448,27872739,4.932624877205283,60010061,10.619950905119392,healthy,healthy
C002608,C002958,24,0.200364,0.298163,0.217134,0.284338,29018755,5.1354347636421815,58871639,10.418484925118008,healthy,healthy
C002608,C002958,25,0.173995,0.306778,0.233942,0.285285,30011029,5.311037004146926,57732775,10.216940724594567,healthy,healthy
C002608,C002958,26,0.126316,0.31452,0.265013,0.29415,30709957,5.434725947676133,56593469,10.015318303549071,healthy,healthy
C002608,C002958,27,0.13222,0.31283,0.263264,0.291686,31448016,5.565339884980439,55453720,9.81361748501201,healthy,healthy
C002608,C002958,28,0.174192,0.302313,0.241832,0.281663,32455361,5.743609232923903,54313528,9.611838268983385,healthy,healthy
C002608,C002958,29,0.163535,0.313666,0.229364,0.293436,33363484,5.9043193124522295,53172893,9.4099806554632,healthy,healthy
C002608,C002958,30,0.14731,0.315774,0.244814,0.292102,34185566,6.049802758636067,52031815,9.208044644451448,healthy,healthy
C002608,C002958,31,0.135231,0.311898,0.262947,0.289924,34946207,6.184413021345531,50890294,9.006030235948135,healthy,healthy
C002608,C002958,32,0.186324,0.303863,0.224295,0.285519,36010813,6.3728158202244645,49748329,8.80393725298375,healthy,healthy
C002608,C002958,33,0.166714,0.307715,0.235863,0.289709,36949959,6.539016024765821,48605921,8.601765872527803,healthy,healthy
C002608,C002958,34,0.119208,0.322004,0.261717,0.297071,37605103,6.654956535404254,47463069,8.399515917610785,healthy,healthy
C002608,C002958,35,0.195722,0.307399,0.215444,0.281435,38740960,6.8559685886204,46319773,8.197187388232695,healthy,healthy
C002608,C002958,36,0.152208,0.318059,0.234946,0.294786,39584606,7.005268205251358,45176033,7.994780284393537,healthy,healthy
C002608,C002961,13,0.044013,0.361516,0.320822,0.27365,14852723,3.450639157272207,119302545,27.716805419398824,watch,stress
C002608,C002961,14,0.033459,0.371427,0.318598,0.276516,14996378,3.484013614476986,118471485,27.523730507947054,watch,stress
C002608,C002961,15,0.025325,0.37338,0.316856,0.284439,15102156,3.5085883479301003,117639852,27.33052247503082,watch,stress
C002608,C002961,16,0.041492,0.366243,0.313704,0.278562,15279238,3.5497286885429347,116807645,27.13718108832644,watch,stress
C002608,C002961,17,0.011312,0.376143,0.3345,0.278045,15327638,3.560973154302646,115974864,26.943706347833917,watch,stress
C002608,C002961,18,-0.029209,0.37925,0.365347,0.284613,15205459,3.5325880802932295,115141508,26.75009802122958,watch,stress
C002608,C002961,19,0.024484,0.366575,0.334013,0.274929,15311552,3.557235995703251,114307578,26.5563563408371,watch,stress
C002608,C002961,20,-0.023086,0.385554,0.349458,0.288073,15216015,3.5350404889824754,113473072,26.362480842009138,watch,stress
C002608,C002961,21,-0.000194,0.386836,0.327915,0.285443,15215204,3.5348520744838985,112637991,26.168471757069355,watch,stress
C002608,C002961,22,-0.022189,0.37379,0.369433,0.278966,15120249,3.5127917801406467,111802334,25.97432885369409,stress,stress
C002608,C002961,23,-0.058221,0.382629,0.390403,0.285189,14876368,3.456132450513702,110966100,25.78005189955966,stress,stress
C002608,C002961,24,-0.077852,0.391105,0.399874,0.286873,14551948,3.380762004609456,110129289,25.58564089466607,stress,stress
C002608,C002961,25,-0.053697,0.380842,0.391201,0.281654,14323882,3.327776873866599,109291901,25.39109583901332,stress,stress
C002608,C002961,26,-0.069419,0.399352,0.381222,0.288844,14036181,3.2609371209010067,108453935,25.196416500277742,stress,stress
C002608,C002961,27,-0.095141,0.387552,0.421683,0.285906,13637550,3.16832570292044,107615391,25.001602878459327,stress,stress
C002608,C002961,28,-0.086823,0.389308,0.414728,0.282788,13269503,3.082819672146382,106776268,24.806654741234407,stress,stress
C002608,C002961,29,-0.088119,0.383746,0.424459,0.279915,12891868,2.9950861219982716,105936566,24.61157208860298,stress,stress
C002608,C002961,30,-0.057863,0.387668,0.389848,0.280347,12644106,2.937525144197495,105096285,24.41635492056505,stress,stress
C002608,C002961,31,-0.128666,0.406675,0.430114,0.291877,12114577,2.8145030221050553,104255424,24.22100300479694,stress,stress
C002608,C002961,32,-0.154665,0.406895,0.45772,0.290049,11473595,2.6655877297168074,103413983,24.02551634129865,stress,stress
C002608,C002961,33,-0.113188,0.406729,0.413828,0.292631,11008326,2.557494726833438,102571961,23.829894697746514,stress,stress
C002608,C002961,34,-0.13098,0.408438,0.427321,0.295222,10474275,2.4334220370929525,101729358,23.634138074140523,stress,stress
C002608,C002961,35,-0.110462,0.401639,0.418786,0.290037,10015517,2.3268416936426717,100886174,23.43824647048068,stress,stress
C002608,C002961,36,-0.127068,0.407838,0.432587,0.286643,9481175,2.2027013977134238,100042409,23.24221988676699,stress,stress
C002608,C002965,13,0.168069,0.323021,0.239963,0.268946,15513563,4.041060614230384,38016374,9.9027200693517,healthy,healthy
C002608,C002965,14,0.179902,0.321837,0.233361,0.2649,16224741,4.226312281143209,37283345,9.711776530398806,healthy,healthy
C002608,C002965,15,0.13195,0.328475,0.265541,0.274034,16729632,4.357829143812307,36549352,9.520581883274815,healthy,healthy
C002608,C002965,16,0.161488,0.324291,0.24442,0.2698,17358071,4.521528488143865,35814393,9.32913560700842,healthy,healthy
C002608,C002965,17,0.13038,0.327202,0.269341,0.273077,17860023,4.6522797834739045,35078468,9.137437701599616,healthy,healthy
C002608,C002965,18,0.123969,0.331226,0.269701,0.275105,18334398,4.775847665905267,34341574,8.945487385591445,healthy,healthy
C002608,C002965,19,-0.104321,0.556027,0.267377,0.280917,17942953,4.6738818588152125,33603712,8.753284919469557,stress,healthy
C002608,C002965,20,-0.104941,0.557616,0.266554,0.280771,17548458,4.571121570478431,32864879,8.560829521776991,stress,healthy
C002608,C002965,21,-0.061345,0.534082,0.256514,0.27075,17308999,4.5087459360981805,32125074,8.368120932028091,stress,healthy
C002608,C002965,22,0.10558,0.335479,0.287309,0.271632,17720330,4.615891760916889,31384296,8.175158889737205,watch,healthy
C002608,C002965,23,0.129681,0.338824,0.251022,0.280474,18210272,4.74351462353441,30642544,7.981943134418673,watch,healthy
C002608,C002965,24,0.10691,0.336929,0.283183,0.272978,18625823,4.851759697815802,29899816,7.7884731451011895,watch,healthy
C002608,C002965,25,0.117185,0.335822,0.274759,0.272234,19083157,4.97088864420603,29156111,7.594748661299099,watch,healthy
C002608,C002965,26,0.099095,0.342259,0.281866,0.27678,19464039,5.0701029413258665,28411428,7.400769422526747,healthy,healthy
C002608,C002965,27,0.08692,0.350388,0.278899,0.283794,19790296,5.1550882095596675,27665766,7.206535168298479,healthy,healthy
C002608,C002965,28,0.072161,0.348939,0.296363,0.282537,20062718,5.226050232574617,26919122,7.012045117157331,healthy,healthy
C002608,C002965,29,0.12261,0.339916,0.261724,0.27575,20537612,5.34975330706075,26171497,6.817299529588956,healthy,healthy
C002608,C002965,30,0.13649,0.33995,0.250469,0.273092,21072112,5.488982889478802,25422888,6.622297624136392,healthy,healthy
C002608,C002965,31,0.081432,0.346122,0.297385,0.275061,21389139,5.571563875120051,24673294,6.427039140313984,healthy,healthy
C002608,C002965,32,0.132421,0.340539,0.254754,0.272286,21910609,5.707399329457828,23922715,6.231524078121732,healthy,healthy
C002608,C002965,33,0.055918,0.361175,0.297311,0.285595,22120829,5.7621586237813505,23171148,6.035751656102671,healthy,healthy
C002608,C002965,34,0.044593,0.360853,0.309533,0.285021,22289029,5.80597231089588,22418593,5.839721874256802,watch,healthy
C002608,C002965,35,0.084893,0.354042,0.275051,0.286015,22608545,5.889201645331589,21665048,5.643434211612815,healthy,healthy
C002608,C002965,36,0.060925,0.353828,0.306074,0.279174,22843780,5.950476988306538,20910512,5.446888407685056,healthy,healthy
C002608,C002984,13,0.111596,0.404957,0.237688,0.245759,14875151,3.0945416030110606,5522071,1.148780166620217,healthy,recovered
C002608,C002984,14,0.121649,0.40392,0.250938,0.223493,15476295,3.2196001733341775,4748981,0.9879509308113289,healthy,recovered
C002608,C002984,15,0.144849,0.413075,0.242724,0.199352,16166418,3.363169427501399,4084124,0.8496378712294043,healthy,recovered
C002608,C002984,16,0.182486,0.405804,0.244633,0.167077,17058578,3.5487693072298367,3512346,0.7306884361153366,healthy,recovered
C002608,C002984,17,0.237793,0.39764,0.221702,0.142865,18227815,3.7920107062771367,3020618,0.6283921465942809,healthy,recovered
C002608,C002984,18,0.22859,0.40117,0.246473,0.123767,19343599,4.024132047967994,2597731,0.5404171462146182,healthy,recovered
C002608,C002984,19,0.202135,0.42848,0.258211,0.111174,20288232,4.220648111440368,2234049,0.4647588164762332,healthy,recovered
C002608,C002984,20,0.224234,0.414684,0.269063,0.092019,21377028,4.447155023483951,1921282,0.39969255304475876,healthy,recovered
C002608,C002984,21,0.278542,0.411998,0.229844,0.079616,22721377,4.726825724605998,1652303,0.3437356954749558,healthy,recovered
C002608,C002984,22,0.251335,0.421828,0.256903,0.069934,23909015,4.973895162779557,1420980,0.2956125774485689,healthy,recovered
C002608,C002984,23,0.27424,0.415498,0.250657,0.059605,25216593,5.24591623471234,1222043,0.2542268582126289,healthy,recovered
C002608,C002984,24,-2.882241,0.419008,0.240704,0.051666,11581941,2.4094409709265827,10576307,2.200234607212868,stress,recovered
C002608,C002984,25,0.084699,0.404118,0.263669,0.247515,11997208,2.4958307499518573,9726833,2.023514879549181,stress,recovered
C002608,C002984,26,0.072156,0.428747,0.241692,0.257405,12337749,2.566674957989207,8876457,1.846607504948269,stress,recovered
C002608,C002984,27,0.083034,0.406002,0.26302,0.247945,12745010,2.651399214420882,8025178,1.669512275375833,healthy,recovered
C002608,C002984,28,0.073533,0.409037,0.265128,0.252302,13099819,2.7252116558288884,7172994,1.4922287747632759,healthy,recovered
C002608,C002984,29,0.044373,0.417785,0.281709,0.256133,13310949,2.7691339372661474,6319905,1.3147570031105982,watch,recovered
C002608,C002984,30,0.093196,0.410727,0.24828,0.247796,13769788,2.864588186744623,5465911,1.1370969604177994,healthy,recovered
C002608,C002984,31,0.086174,0.416155,0.270316,0.227354,14184138,2.9507871983181952,4700684,0.9779034982978286,healthy,recovered
C002608,C002984,32,0.121926,0.410454,0.27604,0.191581,14782459,3.075258487816714,4042588,0.840996958607901,healthy,recovered
C002608,C002984,33,0.170428,0.417034,0.243316,0.169222,15596739,3.2446566563798327,3476625,0.7232572429394719,healthy,recovered
C002608,C002984,34,0.170513,0.421537,0.264003,0.143947,16420391,3.4160045223882696,2989898,0.6220013329450951,healthy,recovered
C002608,C002984,35,0.181823,0.431467,0.259813,0.126898,17277194,3.5942489334254875,2571312,0.5349210880831782,healthy,recovered
C002608,C002984,36,0.249553,0.402333,0.244444,0.10367,18515120,3.8517800004008125,2211329,0.4600322772148562,healthy,recovered
C002608,C002994,13,0.085024,0.36027,0.307258,0.247449,15646833,2.672117732688373,52617782,8.985902024833466,healthy,stress
C002608,C002994,14,0.077967,0.368529,0.299715,0.253789,16099561,2.749433219910902,51586210,8.80973335007706,healthy,stress
C002608,C002994,15,0.127654,0.351548,0.275953,0.244844,16869068,2.880847244725242,50553058,8.633294847808743,healthy,stress
C002608,C002994,16,0.106372,0.358484,0.290534,0.24461,17511880,2.9906246893995014,49518323,8.456586005697801,healthy,stress
C002608,C002994,17,0.130462,0.354632,0.26777,0.247135,18293410,3.124091964957945,48482003,8.279606482190417,healthy,stress
C002608,C002994,18,0.099082,0.353275,0.301046,0.246597,18889166,3.225833331530688,47444096,8.10235593573278,healthy,stress
C002608,C002994,19,0.08441,0.366304,0.293905,0.255381,19379992,3.3096550773283524,46404599,7.92483385399417,healthy,stress
C002608,C002994,20,0.110008,0.363598,0.277838,0.248555,20038245,3.4220694882123515,45363509,7.74703972464387,healthy,stress
C002608,C002994,21,-2.393844,0.361991,0.321296,0.244853,5475408,0.9350732388147672,56172129,9.592902409309207,stress,stress
C002608,C002994,22,0.113162,0.362529,0.278505,0.245804,6162207,1.0523626472651957,55127848,9.414563330850996,stress,stress
C002608,C002994,23,0.063575,0.367879,0.317994,0.250552,6541321,1.1171065633094468,54081967,9.235951009342749,stress,stress
C002608,C002994,24,0.055323,0.382948,0.304246,0.257483,6862842,1.1720149249907978,53034484,9.057065103230654,watch,stress
C002608,C002994,25,0.095761,0.365044,0.289688,0.249507,7438041,1.2702456307013157,51985397,8.8779052709609,watch,stress
C002608,C002994,26,0.082267,0.374421,0.290316,0.252995,7926124,1.353598935445077,50934703,8.698471000202769,watch,stress
C002608,C002994,27,0.11974,0.363564,0.271573,0.245123,8660466,1.479007590350376,49882399,8.518761778625539,watch,stress
C002608,C002994,28,0.078655,0.366479,0.308753,0.246113,9141637,1.561180485117988,48828483,8.3387772646754,watch,stress
C002608,C002994,29,0.054157,0.384378,0.304078,0.257387,9458915,1.6153642403860287,47772953,8.158517116798539,watch,stress
C002608,C002994,30,0.057884,0.374175,0.315386,0.252555,9805043,1.6744749094000049,46715806,7.977980822664235,watch,stress
C002608,C002994,31,0.041335,0.379189,0.321923,0.257554,10047788,1.7159301495129042,45657040,7.797168040718679,watch,stress
C002608,C002994,32,0.049694,0.376207,0.323764,0.250335,10348499,1.7672846437747434,44596652,7.61607825863115,watch,stress
C002608,C002994,33,0.02392,0.378284,0.343232,0.254563,10491058,1.7916304287559164,43534640,7.434711134847836,watch,stress
C002608,C002994,34,0.015632,0.385411,0.345172,0.253785,10584649,1.8076136101907816,42471001,7.253066157038018,watch,stress
C002608,C002994,35,0.033256,0.387601,0.317303,0.26184,10777935,1.840622395296394,41405733,7.071142983647883,watch,stress
C002608,C002994,36,0.007264,0.390182,0.34161,0.260943,10820366,1.8478686302064042,40338833,6.888941102346713,watch,stress
C002608,C003014,13,0.192988,0.409502,0.197233,0.200277,20673170,4.73595397123416,131975057,30.233766534256944,healthy,recovered
C002608,C003014,14,0.152932,0.422568,0.221101,0.203399,21350490,4.891119160888012,131344473,30.089307953449225,healthy,recovered
C002608,C003014,15,0.17692,0.409342,0.212197,0.201542,22141883,5.072416988998404,130713401,29.944737578197888,healthy,recovered
C002608,C003014,16,0.165585,0.418486,0.213609,0.20232,22880293,5.241577101932173,130081841,29.80005540850293,healthy,recovered
C002608,C003014,17,0.153305,0.435203,0.20251,0.208982,23542664,5.393317670402338,129449792,29.655261215277385,healthy,recovered
C002608,C003014,18,0.149884,0.430852,0.21132,0.207945,24193985,5.542526827802882,128817254,29.510354998521247,healthy,recovered
C002608,C003014,19,0.144958,0.43555,0.209095,0.210397,24817042,5.685261070952589,128184226,29.36533652914754,healthy,recovered
C002608,C003014,20,0.158284,0.42068,0.217645,0.203391,25521356,5.846610234399502,127550708,29.220205807156265,healthy,recovered
C002608,C003014,21,0.149405,0.423619,0.220941,0.206036,26178132,5.997069061246632,126916700,29.074962832547428,healthy,recovered
C002608,C003014,22,-2.0,1.0,1.0,1.0,25326798,5.802039530790168,126618733,29.00670247397897,stress,recovered
C002608,C003014,23,-2.0,1.0,1.0,1.0,24435212,5.597788791431048,126306678,28.935214738111974,stress,recovered
C002608,C003014,24,-2.0,1.0,1.0,1.0,23570288,5.399645968989413,126003955,28.86586484189219,stress,recovered
C002608,C003014,25,-2.0,1.0,1.0,1.0,22698262,5.199876170853982,125698746,28.795945435453486,stress,recovered
C002608,C003014,26,-2.0,1.0,1.0,1.0,21801974,4.994548264540169,125385045,28.724080622426257,stress,recovered
C002608,C003014,27,0.122791,0.440227,0.228564,0.208418,22338070,5.117360875289404,124748088,28.578162070329245,watch,recovered
C002608,C003014,28,0.137539,0.449074,0.201604,0.211782,22929474,5.252843828431267,124110638,28.432130578353743,watch,recovered
C002608,C003014,29,0.148731,0.439173,0.201884,0.210212,23574278,5.400560026018172,123472694,28.285985917412773,watch,recovered
C002608,C003014,30,0.116064,0.442941,0.23223,0.208766,24081337,5.516720638285183,122834257,28.139728316593313,watch,recovered
C002608,C003014,31,0.141388,0.446967,0.199452,0.212193,24689523,5.6560481290352245,122195326,27.99335754680839,healthy,recovered
C002608,C003014,32,0.136504,0.443209,0.212627,0.20766,25289982,5.793605464732328,121555900,27.846873378971026,healthy,recovered
C002608,C003014,33,0.103813,0.451177,0.231919,0.21309,25735348,5.895633014273723,120915980,27.700276042168195,watch,recovered
C002608,C003014,34,0.134649,0.437133,0.218493,0.209725,26322725,6.0301934341687655,120275564,27.55356507822595,healthy,recovered
C002608,C003014,35,0.164803,0.434294,0.19506,0.205842,27055771,6.19812472457064,119634652,27.40674048714429,healthy,recovered
C002608,C003014,36,0.140718,0.441636,0.211599,0.206047,27681548,6.341482084291331,118993245,27.259802498010192,healthy,recovered
C002608,C003016,13,0.129062,0.321898,0.337211,0.21183,35876037,4.445659195889516,98905279,12.256068392068173,healthy,healthy
C002608,C003016,14,0.17621,0.311272,0.308344,0.204174,37341811,4.627293852532215,97716405,12.10874641693324,healthy,healthy
C002608,C003016,15,0.098518,0.322864,0.363781,0.214837,38120842,4.723829217601468,96527230,11.96138714271151,healthy,healthy
C002608,C003016,16,0.128936,0.31658,0.346747,0.207737,39175510,4.854520756714621,95337754,11.813990569402984,healthy,healthy
C002608,C003016,17,0.147586,0.316178,0.327481,0.208756,40377146,5.003424163562816,94147977,11.666556697007662,healthy,healthy
C002608,C003016,18,0.114781,0.327673,0.341897,0.215649,41282047,5.115556990608891,92957899,11.519085525525545,healthy,healthy
C002608,C003016,19,0.141301,0.325126,0.322509,0.211064,42420513,5.2566325459191825,91767520,11.371577054956632,healthy,healthy
C002608,C003016,20,0.008009,0.315523,0.363814,0.312654,42485872,5.264731652277673,89981499,11.150258276555833,watch,healthy
C002608,C003016,21,0.038826,0.319158,0.330209,0.311807,42803655,5.304110441976417,88195027,10.928883611483458,watch,healthy
C002608,C003016,22,0.026432,0.316017,0.347535,0.310015,43021302,5.3310806557435555,86408103,10.707452935822273,watch,healthy
C002608,C003016,23,-0.026676,0.335306,0.368311,0.323059,42810463,5.3049540704910605,84620727,10.485966249572279,watch,healthy
C002608,C003016,24,0.055974,0.337217,0.390941,0.215868,43251963,5.359663528366389,83428841,10.33827103573492,healthy,healthy
C002608,C003016,25,0.071975,0.333891,0.381857,0.212277,43829424,5.431220897005449,82236653,10.190538398893535,healthy,healthy
C002608,C003016,26,0.073396,0.341286,0.368044,0.217275,44404888,5.502530802932443,81044165,10.042768586882584,healthy,healthy
C002608,C003016,27,0.107249,0.323438,0.362905,0.206408,45290278,5.612245880867295,79851375,9.894961351867606,healthy,healthy
C002608,C003016,28,0.10316,0.331801,0.354633,0.210406,46125940,5.715798802695183,78658283,9.7471166938486,healthy,healthy
C002608,C003016,29,0.079096,0.334809,0.376153,0.209942,46768245,5.795391460318315,77464889,9.599234612825565,healthy,healthy
C002608,C003016,30,0.138285,0.328358,0.324504,0.208854,47897333,5.935304919828029,76271193,9.451315108798504,healthy,healthy
C002608,C003016,31,0.117535,0.331641,0.343961,0.206863,48866481,6.055399057270744,75077195,9.303358181767413,healthy,healthy
C002608,C003016,32,0.086005,0.326193,0.380138,0.207663,49573093,6.142960460324428,73882895,9.155363831732295,healthy,healthy
C002608,C003016,33,0.04475,0.347393,0.388942,0.218915,49921947,6.186189482334937,72688293,9.007332058693148,watch,healthy
C002608,C003016,34,0.117223,0.332297,0.343604,0.206877,50889187,6.306047185699224,71493389,8.859262862649974,healthy,healthy
C002608,C003016,35,0.045144,0.350664,0.38655,0.217642,51243345,6.349933464707629,70298182,8.71115611968554,watch,healthy
C002608,C003016,36,0.083994,0.347121,0.354718,0.214167,51913157,6.432934713628103,69102673,8.563011953717078,healthy,healthy
C002608,C003057,13,0.097135,0.292363,0.326858,0.283645,20030991,2.7536749936202125,113596578,15.616204719947604,healthy,stress
C002608,C003057,14,0.076323,0.304564,0.326279,0.292835,20579217,2.8290400230914168,112124174,15.413792264402774,healthy,stress
C002608,C003057,15,0.080212,0.307373,0.319315,0.2931,21155952,2.9083242056585976,110648978,15.210995990574457,healthy,stress
C002608,C003057,16,0.047766,0.303786,0.359968,0.28848,21505557,2.9563846608874274,109170985,15.00781521110899,watch,stress
C002608,C003057,17,0.050746,0.300043,0.363692,0.285519,21881540,3.0080713190825366,107690190,14.804249238652718,healthy,stress
C002608,C003057,18,0.057612,0.310541,0.336057,0.29579,22294350,3.0648206119216357,106206588,14.60029738585198,healthy,stress
C002608,C003057,19,0.096224,0.294036,0.32454,0.2852,23010782,3.163309043324222,104720173,14.395958827882382,healthy,stress
C002608,C003057,20,0.066228,0.300967,0.341197,0.291609,23493957,3.2297314642140544,103230940,14.191232877390267,healthy,stress
C002608,C003057,21,0.048032,0.299501,0.361978,0.29049,23846398,3.2781817864385765,101738883,13.986118709551242,watch,stress
C002608,C003057,22,-1.065488,0.3669,0.342548,0.285716,15882544,2.1833849482470806,114806389,15.782518323588414,watch,stress
C002608,C003057,23,0.051161,0.307834,0.348432,0.292572,16256689,2.2348189352369423,113308669,15.576625658994592,healthy,stress
C002608,C003057,24,0.040296,0.306245,0.357531,0.295928,16548586,2.2749462294688034,111808110,15.370342714992884,watch,stress
C002608,C003057,25,0.062991,0.307487,0.332809,0.296713,17004538,2.337626284623894,110304706,15.163668666758893,healthy,stress
C002608,C003057,26,0.009861,0.309464,0.382539,0.298136,17075711,2.347410489026009,108798452,14.956602826938965,watch,stress
C002608,C003057,27,0.028226,0.300816,0.382405,0.288553,17286595,2.3764008668537766,107289342,14.749144370708708,watch,stress
C002608,C003057,28,0.038243,0.30558,0.360967,0.29521,17566405,2.4148665523490607,105777371,14.541292610714459,watch,stress
C002608,C003057,29,0.043075,0.301404,0.367341,0.28818,17889873,2.4593339350580012,104262533,14.33304672213183,watch,stress
C002608,C003057,30,0.072226,0.299856,0.342127,0.285791,18437814,2.534659785370612,102744823,14.124406017607159,healthy,stress
C002608,C003057,31,-0.001232,0.319963,0.37963,0.301639,18428939,2.533439732624925,101224236,13.915369809786789,watch,stress
C002608,C003057,32,0.052668,0.306624,0.348586,0.292121,18821330,2.587382010589187,99700766,13.705937273846326,healthy,stress
C002608,C003057,33,0.056132,0.301219,0.355529,0.28712,19247619,2.6459842714236794,98174408,13.49610772243211,healthy,stress
C002608,C003057,34,-0.024307,0.314704,0.40819,0.301413,19071444,2.62176536522972,96645156,13.285880330719754,watch,stress
C002608,C003057,35,-0.003572,0.319821,0.384317,0.299434,19045331,2.6181755920073964,95113004,13.075254273884862,watch,stress
C002608,C003057,36,0.01947,0.307711,0.384251,0.288568,19193291,2.6385157615005608,93577947,12.864228864573779,watch,stress
C002608,C003059,13,0.11833,0.396101,0.305825,0.179745,14842075,3.604260057470683,80934487,19.65418843160274,healthy,recovered
C002608,C003059,14,0.156255,0.385322,0.283475,0.174949,15516176,3.7679592241304016,80406163,19.525889855385927,healthy,recovered
C002608,C003059,15,0.100444,0.396966,0.318033,0.184557,15926952,3.8677123603574843,79877826,19.397588122239863,healthy,recovered
C002608,C003059,16,0.170627,0.380368,0.274328,0.174677,16664234,4.0467544460289355,79349477,19.269283475005256,healthy,recovered
C002608,C003059,17,0.115495,0.38778,0.32046,0.176266,17158802,4.166855691178496,78821116,19.14097591368211,healthy,recovered
C002608,C003059,18,0.117969,0.390662,0.312432,0.178937,17656434,4.287701000268987,78292743,19.012665438270417,healthy,recovered
C002608,C003059,19,0.129399,0.392131,0.301377,0.177093,18207981,4.421639066335745,77764358,18.884352048770186,healthy,recovered
C002608,C003059,20,0.132122,0.382961,0.310679,0.174239,18780368,4.560637932836249,77235961,18.756035745181414,healthy,recovered
C002608,C003059,21,-2.0,1.0,1.0,1.0,17921978,4.35218589424109,76935525,18.683077653093463,stress,recovered
C002608,C003059,22,-2.0,1.0,1.0,1.0,17102268,4.153126934378045,76648627,18.613407138561755,stress,recovered
C002608,C003059,23,-2.0,1.0,1.0,1.0,16238168,3.9432882753185523,76346192,18.539963607890932,stress,recovered
C002608,C003059,24,-2.0,1.0,1.0,1.0,15380430,3.734994568867481,76045984,18.46706088348527,stress,recovered
C002608,C003059,25,-2.0,1.0,1.0,1.0,14557508,3.5351556046381605,75757961,18.397117173152793,stress,recovered
C002608,C003059,26,-2.0,1.0,1.0,1.0,13718006,3.3312903414073283,75464135,18.32576425816979,stress,recovered
C002608,C003059,27,-2.0,1.0,1.0,1.0,12865334,3.1242268660021955,75165700,18.253292090346136,stress,recovered
C002608,C003059,28,0.107064,0.398041,0.316647,0.178248,13318818,3.2343512433484918,74637206,18.12495223120832,watch,recovered
C002608,C003059,29,0.120176,0.399754,0.299231,0.180839,13820554,3.3561931707201773,74108700,17.99660945798196,watch,recovered
C002608,C003059,30,0.101631,0.410946,0.305936,0.181488,14243359,3.458867437869406,73580182,17.86826377066706,watch,recovered
C002608,C003059,31,0.098526,0.403732,0.317523,0.180219,14656144,3.559108441086479,73051652,17.739915169263618,watch,recovered
C002608,C003059,32,0.123914,0.392703,0.30809,0.175292,15189897,3.6887253995276104,72523110,17.611563653771636,healthy,recovered
C002608,C003059,33,0.114388,0.389453,0.321074,0.175085,15683207,3.8085211510617363,71994556,17.483209224191114,healthy,recovered
C002608,C003059,34,0.121689,0.409365,0.28746,0.181486,16189511,3.931472374804888,71465990,17.354851880522048,healthy,recovered
C002608,C003059,35,0.075526,0.410468,0.331373,0.182632,16501783,4.0073047295576085,70937412,17.22649162276444,healthy,recovered
C002608,C003059,36,0.111798,0.392394,0.32013,0.175678,16982329,4.124000862246421,70408822,17.098128450918292,healthy,recovered
C002608,C003062,13,0.114189,0.396406,0.309164,0.180241,35697486,3.976334059346974,148101963,16.497040708498222,healthy,stress
C002608,C003062,14,0.085153,0.394562,0.340267,0.180019,36473315,4.062753458094805,146953856,16.369153356210315,healthy,stress
C002608,C003062,15,0.120241,0.393656,0.304566,0.181537,37561133,4.183925233714262,145804208,16.24109435231687,healthy,stress
C002608,C003062,16,0.120657,0.399635,0.299944,0.179764,38664950,4.306879133952116,144653017,16.11286347403839,healthy,stress
C002608,C003062,17,0.099652,0.397439,0.321141,0.181768,39567770,4.407444028506865,143500281,15.984460498595377,healthy,stress
C002608,C003062,18,-2.0,1.0,1.0,1.0,37733048,4.203074802673057,142858128,15.912931236136618,stress,stress
C002608,C003062,19,-2.0,1.0,1.0,1.0,35952418,4.004730871223795,142234908,15.843510915824252,stress,stress
C002608,C003062,20,-2.0,1.0,1.0,1.0,34118418,3.8004420687898546,141593008,15.772009834972373,stress,stress
C002608,C003062,21,-2.0,1.0,1.0,1.0,32317288,3.599814647455153,140962612,15.701790181810352,stress,stress
C002608,C003062,22,-2.0,1.0,1.0,1.0,30532928,3.401055232236491,140338086,15.63222438648382,stress,stress
C002608,C003062,23,-2.0,1.0,1.0,1.0,28743502,3.2017315165417495,139711787,15.562461097129635,stress,stress
C002608,C003062,24,-2.0,1.0,1.0,1.0,26923084,2.998955609699226,139074641,15.491489563151678,stress,stress
C002608,C003062,25,0.036979,0.421634,0.354679,0.186709,27252753,3.035677357359855,137909468,15.361701233381579,watch,stress
C002608,C003062,26,0.075738,0.401569,0.341272,0.181421,27948580,3.113185353287446,136742730,15.231738578651932,watch,stress
C002608,C003062,27,0.083233,0.414141,0.317359,0.185267,28698394,3.196706947675779,135574426,15.101601487572989,watch,stress
C002608,C003062,28,0.062589,0.40728,0.346314,0.183816,29267453,3.2600942877108148,134404554,14.971289737365247,watch,stress
C002608,C003062,29,0.036682,0.423302,0.350933,0.189082,29592114,3.296258195500894,133233112,14.840803105249206,watch,stress
C002608,C003062,30,0.070246,0.421956,0.320723,0.187075,30221343,3.3663478568240706,132060098,14.710141368445363,healthy,stress
C002608,C003062,31,0.060734,0.410597,0.346,0.182669,30779240,3.4284918644639224,130885509,14.57930419278447,healthy,stress
C002608,C003062,32,0.001836,0.43125,0.375645,0.191269,30795367,3.4302882469703846,129709343,14.448291355487022,watch,stress
C002608,C003062,33,0.006718,0.423577,0.381075,0.18863,30855291,3.4369631663799,128531599,14.317102745163272,watch,stress
C002608,C003062,34,0.006803,0.42601,0.378608,0.18858,30916068,3.4437331012466,127352273,14.185737916254217,watch,stress
C002608,C003062,35,0.046361,0.428108,0.337631,0.1879,31332306,3.4900977482190636,126171365,14.054196868759854,watch,stress
C002608,C003062,36,0.059226,0.417986,0.337584,0.185204,31872520,3.5502720509006607,124988871,13.922479157121185,healthy,stress
C002608,C003068,13,0.142152,0.329572,0.3068,0.221476,20706948,5.213780913389633,127550392,32.11578062131444,healthy,recovered
C002608,C003068,14,0.119938,0.336729,0.32089,0.222442,21175218,5.331686129953319,126942462,31.96271055851827,healthy,recovered
C002608,C003068,15,0.071902,0.336887,0.365669,0.225542,21452310,5.4014548366141435,126334037,31.809515860186625,healthy,recovered
C002608,C003068,16,0.086786,0.339892,0.348533,0.224789,21788155,5.486016900075033,125725115,31.65619602274158,healthy,recovered
C002608,C003068,17,-0.064648,0.532931,0.311885,0.219833,21532130,5.421552631446427,125115697,31.502751297972093,watch,recovered
C002608,C003068,18,-0.054086,0.531124,0.302128,0.220835,21318731,5.3678211190508565,124505782,31.349181434089203,watch,recovered
C002608,C003068,19,-0.061277,0.530221,0.313587,0.217469,21073018,5.305953298183595,123895370,31.195486431092917,stress,recovered
C002608,C003068,20,-0.074191,0.532181,0.320557,0.221452,20780638,5.232335241893654,123284460,31.041666037194265,stress,recovered
C002608,C003068,21,-0.066959,0.535985,0.3086,0.222374,20517635,5.166113989898227,122673052,30.887720252393255,stress,recovered
C002608,C003068,22,-0.124771,0.538791,0.36474,0.22124,20024645,5.04198455022938,122061146,30.733649076689883,stress,recovered
C002608,C003068,23,-0.09393,0.531118,0.343328,0.219484,19650241,4.9477137562380715,121448741,30.579452258295188,stress,recovered
C002608,C003068,24,-0.090511,0.527955,0.342828,0.219728,19289571,4.8569010318311605,120835836,30.425129545420212,stress,recovered
C002608,C003068,25,0.092635,0.334744,0.34886,0.223761,19652349,4.948244527366942,120222432,30.270681189853914,watch,recovered
C002608,C003068,26,0.102414,0.32522,0.355192,0.217174,20065922,5.052377643154614,119608528,30.11610693980733,watch,recovered
C002608,C003068,27,0.148759,0.329292,0.30323,0.218719,20662895,5.202688854309872,118994123,29.961406543491506,watch,recovered
C002608,C003068,28,0.077574,0.336599,0.365203,0.220623,20971767,5.280459414137447,118379218,29.8065802526954,watch,recovered
C002608,C003068,29,0.097153,0.338452,0.340226,0.224169,21352783,5.376395036736009,117763811,29.651627563841092,healthy,recovered
C002608,C003068,30,0.097626,0.345273,0.332033,0.225068,21734437,5.472491300691413,117147903,29.49654872871754,healthy,recovered
C002608,C003068,31,0.111174,0.342355,0.322687,0.223783,22171908,5.5826416690586615,116531492,29.34134324374682,healthy,recovered
C002608,C003068,32,0.092247,0.329941,0.356912,0.220901,22539937,5.675307308426369,115914578,29.18601110892894,healthy,recovered
C002608,C003068,33,0.110851,0.327415,0.34524,0.216495,22991554,5.789019483429769,115297162,29.030552576052855,healthy,recovered
C002608,C003068,34,0.096987,0.337452,0.344123,0.221438,23378181,5.88636789388606,114679243,28.874967393329605,healthy,recovered
C002608,C003068,35,0.064636,0.337568,0.374078,0.223718,23633427,5.950636018914387,114060820,28.719255308970233,healthy,recovered
C002608,C003068,36,0.094662,0.343564,0.338248,0.223525,24007876,6.04491814340892,113441893,28.563416322974735,healthy,recovered
C002608,C003078,13,0.303317,0.324544,0.160762,0.211377,36248422,8.216548069956508,41222331,9.34400024964282,healthy,healthy
C002608,C003078,14,0.260247,0.341024,0.180611,0.218118,37407070,8.479182592037468,40542571,9.189916832824466,healthy,healthy
C002608,C003078,15,0.244616,0.339478,0.198867,0.21704,38499414,8.72678777013125,39864130,9.036132398039156,healthy,healthy
C002608,C003078,16,0.285941,0.33223,0.167976,0.213853,39792811,9.019966287641267,39187006,8.882646491940369,healthy,healthy
C002608,C003078,17,0.262423,0.344534,0.176484,0.216559,40962721,9.285153604002868,38511196,8.729458434508315,healthy,healthy
C002608,C003078,18,0.273762,0.335287,0.18026,0.210691,42214737,9.56895215524338,37836697,8.57656754572321,healthy,healthy
C002608,C003078,19,0.254478,0.335232,0.196521,0.213769,43359578,9.828456999591006,37163507,8.423973372238525,healthy,healthy
C002608,C003078,20,0.287732,0.333006,0.168097,0.211165,44667438,10.124913892494463,36491623,8.271675234034477,healthy,healthy
C002608,C003078,21,0.272661,0.342619,0.172312,0.212409,45897148,10.403656269944886,35821043,8.11967267776454,healthy,healthy
C002608,C003078,22,0.293801,0.321405,0.181835,0.20296,47281195,10.717382718687375,35151764,7.967965023408926,healthy,healthy
C002608,C003078,23,0.319246,0.322867,0.158165,0.199722,48806529,11.063135152648199,34483783,7.816551590947849,healthy,healthy
C002608,C003078,24,0.264515,0.340016,0.186593,0.208876,50012628,11.336525547701159,33817099,7.665432153708046,healthy,healthy
C002608,C003078,25,0.323526,0.321928,0.15571,0.198836,51559278,11.687109748922339,33151708,7.514605804996469,healthy,healthy
C002608,C003078,26,0.275875,0.333162,0.187633,0.20333,52846480,11.97888402557207,32487609,7.364072318139853,healthy,healthy
C002608,C003078,27,0.276232,0.333019,0.186465,0.204285,54126834,12.269106043721193,31824798,7.213830786445151,healthy,healthy
C002608,C003078,28,0.300198,0.333531,0.163132,0.203139,55523398,12.585669761688578,31163274,7.063880983239099,healthy,healthy
C002608,C003078,29,0.29238,0.329933,0.175982,0.201705,56890613,12.89558084607911,30503033,6.914222001828649,healthy,healthy
C002608,C003078,30,0.322033,0.321029,0.161795,0.195142,58444111,13.247717305800895,29844073,6.764853388867276,healthy,healthy
C002608,C003078,31,0.299631,0.327198,0.179229,0.193942,59895660,13.576744653098862,29186391,6.615774464335192,healthy,healthy
C002608,C003078,32,0.316955,0.322776,0.170101,0.190167,61458580,13.931016828298556,28529986,6.466985001559134,healthy,healthy
C002608,C003078,33,0.317481,0.329487,0.155895,0.197137,62965809,14.272665342844444,27874855,6.3184843205193175,healthy,healthy
C002608,C003078,34,0.283806,0.337352,0.181483,0.197358,64309049,14.577141935770017,27220995,6.170271741195954,healthy,healthy
C002608,C003078,35,0.32318,0.318652,0.169326,0.188841,65904529,14.938794592391986,26568403,6.022346583569257,healthy,healthy
C002608,C003078,36,0.301465,0.327187,0.179068,0.19228,67363353,15.269470987673584,25917077,5.8747083942927,healthy,healthy
C002608,C003094,13,0.087098,0.314235,0.353057,0.24561,8018226,2.749528698982872,35559382,12.193662454400133,healthy,delinquent
C002608,C003094,14,0.116661,0.320632,0.315052,0.247656,8360809,2.8670037851532606,35050303,12.019094249344613,healthy,delinquent
C002608,C003094,15,0.136895,0.312735,0.305158,0.245213,8767380,3.00642098699743,34540515,11.844282921203316,healthy,delinquent
C002608,C003094,16,0.12472,0.312249,0.319117,0.243914,9140284,3.1342934428206393,34030016,11.669227784156535,healthy,delinquent
C002608,C003094,17,0.071798,0.323692,0.355098,0.249412,9350514,3.206383381216884,33518805,11.49392849529442,healthy,delinquent
C002608,C003094,18,-4.942067,0.315993,0.311634,0.247058,-5278542,-1.8100640612757046,38854550,13.323608028891297,stress,delinquent
C002608,C003094,19,0.125854,0.306467,0.326948,0.240731,-4895675,-1.6787751945870535,38341913,13.147819750578803,delinquent,delinquent
C002608,C003094,20,0.106666,0.311616,0.33645,0.245267,-4576739,-1.5694088977105622,37828562,12.971786634631265,delinquent,delinquent
C002608,C003094,21,0.101948,0.312673,0.338788,0.246591,-4273124,-1.465296322691888,37314496,12.795508338138832,delinquent,delinquent
C002608,C003094,22,0.084369,0.32551,0.339452,0.250668,-4025604,-1.3804192758772633,36799713,12.618984175281799,delinquent,delinquent
C002608,C003094,23,0.132618,0.317737,0.301505,0.24814,-3632022,-1.2454561301137146,36284213,12.442214146060165,delinquent,delinquent
C002608,C003094,24,0.076886,0.317222,0.356999,0.248893,-3404213,-1.167338179411578,35767995,12.265197907564076,delinquent,delinquent
C002608,C003094,25,0.115418,0.312429,0.326404,0.245749,-3057379,-1.0484053834560856,35251057,12.087934773973828,delinquent,delinquent
C002608,C003094,26,0.112791,0.313101,0.328294,0.245814,-2718058,-0.9320488692261839,34733399,11.910424745289419,delinquent,delinquent
C002608,C003094,27,0.123732,0.315222,0.317177,0.243868,-2342326,-0.8032066643386897,34215020,11.732667478600996,delinquent,delinquent
C002608,C003094,28,0.071075,0.331601,0.341788,0.255537,-2136065,-0.7324777351490028,33695918,11.554662288088855,delinquent,delinquent
C002608,C003094,29,0.130841,0.317133,0.310104,0.241921,-1734431,-0.5947534792490959,33176092,11.37640883084314,stress,delinquent
C002608,C003094,30,0.077421,0.322128,0.349619,0.250832,-1504900,-0.516045037780093,32655542,11.197907106863854,stress,delinquent
C002608,C003094,31,0.097955,0.323069,0.330954,0.248021,-1210791,-0.41519216382403923,32134267,11.019156773241143,stress,delinquent
C002608,C003094,32,0.091101,0.324372,0.330644,0.253883,-943206,-0.32343463080896434,31612265,10.8401571441553,stress,delinquent
C002608,C003094,33,0.074771,0.319822,0.357447,0.247961,-718027,-0.2462185330202185,31089536,10.660908219606327,stress,delinquent
C002608,C003094,34,0.115032,0.322478,0.315224,0.247266,-370142,-0.12692533880922266,30566078,10.481409313774517,stress,delinquent
C002608,C003094,35,0.04325,0.335819,0.364068,0.256863,-244053,-0.08368817835427274,30041891,10.301660426659868,stress,delinquent
C002608,C003094,36,0.085134,0.316403,0.35589,0.242574,19127,0.006558836758335995,29516973,10.121660872442678,stress,delinquent
C002608,C003098,13,0.240672,0.326402,0.224933,0.207993,32328302,7.676680251492357,127801979,30.34786449009728,healthy,healthy
C002608,C003098,14,0.192071,0.341035,0.252012,0.214881,33107209,7.8616395476734295,127191992,30.203016945782487,healthy,healthy
C002608,C003098,15,0.236417,0.330708,0.225884,0.206991,34104199,8.09838484422304,126580964,30.057922205554284,healthy,healthy
C002608,C003098,16,0.214844,0.331212,0.24621,0.207734,35008512,8.313123055597947,125968892,29.91257955703252,healthy,healthy
C002608,C003098,17,0.219689,0.33042,0.238392,0.2115,35918303,8.529162073133897,125355776,29.766989000217194,healthy,healthy
C002608,C003098,18,0.016586,0.532215,0.239344,0.211855,35986991,8.545472729137867,124741613,29.621149822728153,watch,healthy
C002608,C003098,19,-0.011884,0.538794,0.258682,0.214407,35938278,8.533905337658695,124126401,29.475061549645297,watch,healthy
C002608,C003098,20,0.000649,0.53015,0.258627,0.210575,35940990,8.53454932931783,123510139,29.328723943508567,watch,healthy
C002608,C003098,21,-0.005274,0.535141,0.254613,0.21552,35919411,8.52942517887074,122892825,29.18213652939787,watch,healthy
C002608,C003098,22,0.025582,0.530841,0.229945,0.213632,36025193,8.554544178017784,122274457,29.035298832393096,watch,healthy
C002608,C003098,23,0.181725,0.349175,0.25043,0.21867,36760581,8.729169450226156,121655033,28.888210377574143,watch,healthy
C002608,C003098,24,0.177923,0.348713,0.255321,0.218043,37483884,8.900925017714519,121034552,28.740870927480966,watch,healthy
C002608,C003098,25,0.182873,0.345891,0.252983,0.218252,38227865,9.077590784143746,120413012,28.593280007193453,healthy,healthy
C002608,C003098,26,0.205702,0.346893,0.229754,0.217651,39068469,9.277200653110125,119790410,28.44543690433146,healthy,healthy
C002608,C003098,27,0.18109,0.351298,0.250535,0.217077,39811715,9.453691886401643,119166746,28.29734161889498,healthy,healthy
C002608,C003098,28,0.199966,0.336687,0.251514,0.211833,40654191,9.653746280584063,118542017,28.14899343850386,healthy,healthy
C002608,C003098,29,0.163815,0.353564,0.26397,0.218651,41323980,9.81279441088694,117916221,28.000391888238,healthy,healthy
C002608,C003098,30,0.206564,0.35007,0.228258,0.215108,42183927,10.016997469625693,117289357,27.851536730637346,healthy,healthy
C002608,C003098,31,0.210893,0.347934,0.224255,0.216918,43056059,10.224093979089584,116661423,27.702427490781798,healthy,healthy
C002608,C003098,32,0.165808,0.347939,0.269435,0.216819,43743228,10.387269165084126,116032417,27.553063693751252,healthy,healthy
C002608,C003098,33,0.203379,0.347897,0.234048,0.214675,44595978,10.589763223833643,115402337,27.403444864625605,healthy,healthy
C002608,C003098,34,0.200896,0.348594,0.233728,0.216783,45431552,10.788178668741962,114771181,27.253570528484754,healthy,healthy
C002608,C003098,35,0.141729,0.365857,0.270669,0.221746,46008827,10.925258419858498,114138948,27.103440447868653,healthy,healthy
C002608,C003098,36,0.199131,0.349959,0.234227,0.216683,46840274,11.122693867135085,113505636,26.95305414785719,healthy,healthy
C002608,C003116,13,0.087503,0.367605,0.284802,0.260091,14306701,4.508578990072326,36984668,11.655258406504775,healthy,recovered
C002608,C003116,14,0.125112,0.349263,0.278976,0.24665,14717179,4.637936029594359,36418205,11.476744633102134,healthy,recovered
C002608,C003116,15,0.140004,0.359657,0.24988,0.250459,15169555,4.780496703030741,35851714,11.298222035847528,healthy,recovered
C002608,C003116,16,0.125448,0.364609,0.254742,0.255202,15567384,4.905867567427885,35285194,11.119690299603388,healthy,recovered
C002608,C003116,17,0.115501,0.367969,0.256723,0.259808,15927192,5.019256586270171,34718646,10.941149739507283,healthy,recovered
C002608,C003116,18,0.110784,0.359533,0.280327,0.249356,16286792,5.132580056497863,34152069,10.762600040421646,healthy,recovered
C002608,C003116,19,0.08303,0.372863,0.285359,0.258748,16546533,5.2144342041074605,33585463,10.584041202346471,healthy,recovered
C002608,C003116,20,0.076359,0.374772,0.291481,0.257388,16786679,5.290113231029873,33018829,10.405473540419335,healthy,recovered
C002608,C003116,21,0.105282,0.361148,0.283258,0.250312,17127163,5.397412531466486,32452166,10.226896739502662,healthy,recovered
C002608,C003116,22,-2.651032,0.543455,0.286934,0.259204,8847341,2.7881295450716053,38246451,12.052893635187504,stress,recovered
C002608,C003116,23,0.111278,0.376533,0.254757,0.257432,9197299,2.8984144588478653,37679731,11.874298871429334,stress,recovered
C002608,C003116,24,0.113127,0.368143,0.268268,0.250462,9562992,3.0136580622905123,37112983,11.695695283819198,stress,recovered
C002608,C003116,25,0.078971,0.381688,0.281893,0.257449,9811357,3.091927204902028,36546206,11.517082557219528,healthy,recovered
C002608,C003116,26,0.116651,0.368341,0.269534,0.245474,10196144,3.2131880451092116,35979401,11.338461006767893,healthy,recovered
C002608,C003116,27,0.075799,0.379149,0.286736,0.258316,10433757,3.288068828566422,35412567,11.159830317326726,healthy,recovered
C002608,C003116,28,0.115947,0.371316,0.266434,0.246303,10814970,3.408203367097873,34845704,10.981190488896022,healthy,recovered
C002608,C003116,29,0.133105,0.363948,0.256534,0.246414,11252421,3.546060612299693,34278813,10.802541836613354,healthy,recovered
C002608,C003116,30,0.10174,0.377606,0.266771,0.253883,11576970,3.648338195555888,33711893,10.623884045341153,healthy,recovered
C002608,C003116,31,0.077131,0.37647,0.292786,0.253614,11823290,3.7259628818364368,33144945,10.445217430216987,healthy,recovered
C002608,C003116,32,0.093214,0.37595,0.281261,0.249575,12125804,3.8212964087342685,32577968,10.266541676103285,healthy,recovered
C002608,C003116,33,0.063111,0.392802,0.286246,0.257841,12324068,3.883776843943455,32010962,10.087856783000051,healthy,recovered
C002608,C003116,34,0.073,0.38125,0.294431,0.251319,12559361,3.957926508237906,31443928,9.90916306604485,healthy,recovered
C002608,C003116,35,0.125446,0.379247,0.248273,0.247033,12970733,4.087565280747658,30876866,9.730460525237687,healthy,recovered
C002608,C003116,36,0.079808,0.381042,0.290295,0.248855,13230542,4.169440857712026,30309775,9.551748845440988,healthy,recovered
C002608,C003131,13,0.116745,0.379779,0.235602,0.267874,14372895,5.754985882370213,4223949,1.6912923153513457,healthy,recovered
C002608,C003131,14,0.130622,0.371184,0.233729,0.264464,14688128,5.881206902189617,3777185,1.5124055626998272,healthy,recovered
C002608,C003131,15,0.187194,0.359008,0.20014,0.253658,15159607,6.069989676212111,3329970,1.3333382271780556,healthy,recovered
C002608,C003131,16,0.143252,0.3813,0.210898,0.26455,15505905,6.2086492921832175,2882305,1.1540907091915078,healthy,recovered
C002608,C003131,17,0.184595,0.364696,0.221452,0.229257,15970066,6.394501898922976,2478782,0.9925178897830536,healthy,recovered
C002608,C003131,18,0.199637,0.382768,0.210181,0.207415,16447231,6.585561378489283,2131753,0.8535655774080552,healthy,recovered
C002608,C003131,19,0.213775,0.381788,0.227495,0.176942,16962334,6.791811441052639,1833307,0.7340661643357507,healthy,recovered
C002608,C003131,20,0.284274,0.36536,0.202323,0.148044,17666395,7.073721321791868,1576644,0.631296893320636,healthy,recovered
C002608,C003131,21,0.265203,0.373464,0.233802,0.127531,18322126,7.336279605814154,1355914,0.5429153923206234,healthy,recovered
C002608,C003131,22,0.284751,0.37719,0.226578,0.11148,19014802,7.61363087019455,1166086,0.46690722137951696,healthy,recovered
C002608,C003131,23,0.30324,0.366503,0.237503,0.092755,19777249,7.918918825130248,1002834,0.4015402264026037,healthy,recovered
C002608,C003131,24,0.323337,0.363033,0.233577,0.080053,20587341,8.243284099030951,862437,0.3453244986089246,healthy,recovered
C002608,C003131,25,0.296223,0.38186,0.250571,0.071346,21303492,8.530034881990495,741696,0.2969791408766611,healthy,recovered
C002608,C003131,26,0.298383,0.385657,0.253814,0.062146,22015720,8.815214874262669,637859,0.2554022373323385,healthy,recovered
C002608,C003131,27,-5.979997,0.387956,0.249079,0.053491,7753797,3.1046627885171714,5465993,2.1886135359740964,stress,recovered
C002608,C003131,28,0.11539,0.374089,0.248303,0.262218,8038642,3.218716286692991,5012887,2.0071874117856683,stress,recovered
C002608,C003131,29,0.172317,0.36875,0.201784,0.257149,8472836,3.3925699424950997,4559324,1.825578302294123,stress,recovered
C002608,C003131,30,0.132595,0.365747,0.242043,0.259614,8804101,3.5252102629262563,4105304,1.643786207499461,healthy,recovered
C002608,C003131,31,0.147441,0.369656,0.221717,0.261186,9170609,3.6719620735931917,3650827,1.461811127401682,healthy,recovered
C002608,C003131,32,0.164002,0.370947,0.206218,0.258833,9582402,3.8368462462987516,3195892,1.2796526615953088,healthy,recovered
C002608,C003131,33,0.097655,0.389983,0.246221,0.266141,9816935,3.93075454410166,2748467,1.1005012409233084,healthy,recovered
C002608,C003131,34,0.151214,0.380834,0.245042,0.222911,10189824,4.080061342119119,2363682,0.9464312193481265,healthy,recovered
C002608,C003131,35,0.160964,0.390205,0.251937,0.196893,10576295,4.234806447328995,2032767,0.8139310408340179,healthy,recovered
C002608,C003131,36,0.196019,0.38626,0.248715,0.169005,11047832,4.42361244486917,1748180,0.6999808472713367,healthy,recovered
C002608,C003132,13,0.227224,0.314567,0.253388,0.204822,43138910,6.937007942812139,109074400,17.53984927197902,healthy,healthy
C002608,C003132,14,-2.269953,0.329469,0.277861,0.211274,29248889,4.70340523929396,120580348,19.390078048403442,watch,healthy
C002608,C003132,15,0.201657,0.325248,0.26453,0.208565,30499482,4.9045084561862105,119674944,19.244483392918315,healthy,healthy
C002608,C003132,16,0.239644,0.322563,0.232411,0.205382,32009430,5.147317587646261,118769096,19.09881733944176,healthy,healthy
C002608,C003132,17,0.219633,0.319831,0.253953,0.206583,33385916,5.368665190429217,117862805,18.953080048780052,healthy,healthy
C002608,C003132,18,0.220945,0.323308,0.251602,0.204145,34787857,5.594106117248045,116956069,18.807271199320628,healthy,healthy
C002608,C003132,19,0.222392,0.322509,0.251391,0.203707,36202700,5.821621766781892,116048889,18.66139095186977,healthy,healthy
C002608,C003132,20,0.230184,0.317861,0.24813,0.203826,37666978,6.057086875114139,115141264,18.51543914562119,healthy,healthy
C002608,C003132,21,0.227103,0.322233,0.247711,0.202952,39118590,6.290515211015102,114233194,18.36941578057489,healthy,healthy
C002608,C003132,22,0.227782,0.32427,0.240217,0.207731,40541745,6.519367482406587,113324679,18.223320856730872,healthy,healthy
C002608,C003132,23,0.195961,0.326967,0.266917,0.210155,41752560,6.714074146814103,112415719,18.077154374089133,healthy,healthy
C002608,C003132,24,0.221612,0.31918,0.253688,0.205519,43153442,6.939344779774986,111506313,17.93091617184339,healthy,healthy
C002608,C003132,25,0.249964,0.315327,0.233534,0.201174,44768463,7.199050310230169,110596461,17.784606249993637,healthy,healthy
C002608,C003132,26,0.195233,0.32147,0.279634,0.203663,46015062,7.399511266812096,109686163,17.638224608539876,healthy,healthy
C002608,C003132,27,0.216161,0.317943,0.2618,0.204097,47393028,7.6210968628998295,108775419,17.49177124748211,healthy,healthy
C002608,C003132,28,0.175881,0.331166,0.282455,0.210499,48480652,7.795993640004145,107864228,17.345246006014047,healthy,healthy
C002608,C003132,29,0.227823,0.321949,0.245318,0.20491,49928620,8.02883599779524,106952591,17.19864904494198,healthy,healthy
C002608,C003132,30,0.199854,0.328873,0.265585,0.205688,51194637,8.232419490858351,106040507,17.05198020345962,healthy,healthy
C002608,C003132,31,0.195391,0.326371,0.271918,0.20632,52429196,8.430944339744663,105127976,16.905239481566962,healthy,healthy
C002608,C003132,32,0.191971,0.33648,0.261803,0.209746,53622924,8.622903307126018,104214998,16.758426879264015,healthy,healthy
C002608,C003132,33,0.190289,0.33257,0.271382,0.20576,54829705,8.816961278971732,103301572,16.611542235744484,healthy,healthy
C002608,C003132,34,0.173884,0.332763,0.286639,0.206714,55927900,8.993557939336043,102387698,16.464585551008373,healthy,healthy
C002608,C003132,35,0.221837,0.317484,0.262448,0.19823,57389625,9.228612509217552,101473376,16.31755682505568,healthy,healthy
C002608,C003132,36,0.243802,0.316664,0.239907,0.199627,58985626,9.48525950409378,100558606,16.170456057886405,healthy,healthy
C002608,C003145,13,0.124989,0.363109,0.285587,0.226315,44144905,5.791630349091724,95289765,12.501626063796452,healthy,recovered
C002608,C003145,14,0.126995,0.358266,0.293245,0.221494,45101885,5.917182197294224,94121410,12.348342683154609,healthy,recovered
C002608,C003145,15,0.146473,0.359459,0.270569,0.223499,46196871,6.0608398662694,92951846,12.194900686674943,healthy,recovered
C002608,C003145,16,0.093036,0.371134,0.309598,0.226232,46884686,6.151078371223947,91781073,12.04130007435746,healthy,recovered
C002608,C003145,17,0.156005,0.347646,0.281638,0.214711,48101173,6.3106764727143805,90609089,11.887540583810365,healthy,recovered
C002608,C003145,18,0.13719,0.356149,0.287282,0.219379,49149268,6.4481822349474465,89435893,11.733622083837762,healthy,recovered
C002608,C003145,19,0.11776,0.365386,0.291671,0.225182,50026643,6.563290233878113,88261484,11.579544443243758,healthy,recovered
C002608,C003145,20,0.094814,0.369859,0.312126,0.223201,50740061,6.6568877473485415,87085861,11.425307530832455,healthy,recovered
C002608,C003145,21,0.129652,0.362447,0.287134,0.220767,51727391,6.786421390983492,85909022,11.270911084212065,healthy,recovered
C002608,C003145,22,0.019937,0.47681,0.280615,0.222638,51878098,6.806193530826596,84730966,11.116354972186688,watch,recovered
C002608,C003145,23,0.023469,0.469057,0.286975,0.220499,52057408,6.82971826687248,83551692,10.961639063560431,watch,recovered
C002608,C003145,24,-0.024555,0.480295,0.317623,0.226637,51874692,6.805746677606072,82371198,10.806763095941502,watch,recovered
C002608,C003145,25,-0.017428,0.477669,0.314956,0.224802,51743819,6.788576677156945,81189483,10.651726938134006,watch,recovered
C002608,C003145,26,-0.030506,0.480992,0.322,0.227514,51517226,6.758848605577863,80006547,10.496530590137942,stress,recovered
C002608,C003145,27,-0.004932,0.472039,0.313304,0.219589,51479233,6.753864079915093,78822387,10.341173658365625,stress,recovered
C002608,C003145,28,0.146828,0.358231,0.278514,0.216427,52628070,6.90458677906598,77637003,10.185656142817052,watch,recovered
C002608,C003145,29,0.123983,0.356512,0.304279,0.215225,53604586,7.03270167028556,76450393,10.029977781100435,watch,recovered
C002608,C003145,30,0.108463,0.367096,0.301682,0.222759,54430821,7.141100311113574,75262556,9.874138442019875,watch,recovered
C002608,C003145,31,0.071632,0.374984,0.326858,0.226526,54967969,7.211571924060841,74073490,9.718137863183584,watch,recovered
C002608,C003145,32,0.122734,0.373203,0.279829,0.224235,55898687,7.3336783056522385,72883195,9.56197604459156,healthy,recovered
C002608,C003145,33,0.145511,0.365011,0.272551,0.216927,57040481,7.483476992110185,71691669,9.405652723852013,healthy,recovered
C002608,C003145,34,0.108792,0.368599,0.304237,0.218372,57889379,7.594848925520921,70498911,9.249167769769045,healthy,recovered
C002608,C003145,35,0.120518,0.369207,0.289063,0.221211,58818667,7.716767696981562,69304920,9.092521051146763,healthy,recovered
C002608,C003145,36,0.085391,0.37627,0.311557,0.226782,59461581,7.80111537502631,68109694,8.935712305593375,healthy,recovered
C002608,C003149,13,0.228115,0.359759,0.203027,0.209099,32016161,5.777620998558309,176683446,31.884209593625016,healthy,healthy
C002608,C003149,14,0.24194,0.354255,0.198313,0.205493,33391682,6.02584685591697,175865630,31.73662691203627,healthy,healthy
C002608,C003149,15,0.245874,0.355361,0.19303,0.205735,34789781,6.278147128284521,175046727,31.58884807095091,healthy,healthy
C002608,C003149,16,0.188863,0.366815,0.231493,0.21283,35829282,6.4657349782338756,174226737,31.440873070368927,healthy,healthy
C002608,C003149,17,0.194253,0.367394,0.227298,0.211056,36908869,6.66055672844217,173405657,31.292701368911768,healthy,healthy
C002608,C003149,18,0.191895,0.364028,0.232891,0.211185,37976117,6.853151788651586,172583486,31.14433278611992,healthy,healthy
C002608,C003149,19,0.21066,0.358835,0.222438,0.208066,39166873,7.06803504307298,171760222,30.99576696107434,healthy,healthy
C002608,C003149,20,0.122363,0.360556,0.204428,0.312654,39858217,7.1927946484368865,170523685,30.772622089436098,healthy,healthy
C002608,C003149,21,0.109933,0.362055,0.217429,0.310582,40484306,7.305778367920506,169285505,30.549180722808945,healthy,healthy
C002608,C003149,22,0.103596,0.361149,0.219331,0.315924,41065098,7.410587812594233,168045680,30.325442500273848,healthy,healthy
C002608,C003149,23,0.095423,0.365321,0.227222,0.312033,41607462,7.508462558890708,166804208,30.101407060911765,healthy,healthy
C002608,C003149,24,0.106364,0.36837,0.210785,0.31448,42208105,7.616854305466354,165561086,29.877073863344144,healthy,healthy
C002608,C003149,25,0.138264,0.360459,0.194805,0.306472,43010355,7.76162795418999,164316312,29.652442546651944,healthy,healthy
C002608,C003149,26,0.114696,0.365884,0.207525,0.311895,43665157,7.87979320782855,163069884,29.427512749916133,healthy,healthy
C002608,C003149,27,0.10307,0.36312,0.221676,0.312134,44253918,7.986040734405275,161821800,29.20228411221767,healthy,healthy
C002608,C003149,28,0.200081,0.373951,0.210848,0.21512,45360940,8.185813391503858,160988638,29.05193209885789,healthy,healthy
C002608,C003149,29,0.17839,0.371142,0.237475,0.212993,46359130,8.365946278284097,160154369,28.90138031681112,healthy,healthy
C002608,C003149,30,0.18842,0.375717,0.220143,0.215721,47401493,8.554050603375423,159318992,28.750628585617847,healthy,healthy
C002608,C003149,31,0.185019,0.36955,0.232278,0.213154,48438746,8.74123278032717,158482505,28.599676544359024,healthy,healthy
C002608,C003149,32,0.203172,0.377945,0.206356,0.212526,49582652,8.947661506306428,157644906,28.448523832115622,healthy,healthy
C002608,C003149,33,0.188294,0.375618,0.219547,0.216541,50624520,9.135676503936093,156806194,28.29717026842812,healthy,healthy
C002608,C003149,34,0.191791,0.37175,0.226511,0.209948,51720510,9.333458331626487,155966368,28.145615672837,healthy,healthy
C002608,C003149,35,0.229082,0.368027,0.195771,0.20712,53049239,9.573240127195087,155125426,27.99385968442322,healthy,healthy
C002608,C003149,36,0.215782,0.371485,0.202795,0.209938,54285671,9.796366050583886,154283366,27.84190194226775,healthy,healthy
C002608,C003185,13,-0.050667,0.354058,0.484239,0.212371,19412398,2.542156543188471,84604128,11.079359570927554,watch,delinquent
C002608,C003185,14,-0.031478,0.344245,0.481198,0.206035,19167483,2.510083624130506,83481973,10.932407418199094,watch,delinquent
C002608,C003185,15,-0.027167,0.346888,0.46861,0.211669,18961568,2.4831179620525567,82358902,10.785335310409257,stress,delinquent
C002608,C003185,16,-0.093901,0.353989,0.529256,0.210655,18245820,2.3893869628491577,81234914,10.638143116602736,stress,delinquent
C002608,C003185,17,-0.051511,0.338038,0.508802,0.204671,17841374,2.3364226126814764,80110008,10.490830705824225,stress,delinquent
C002608,C003185,18,-0.03361,0.339871,0.490252,0.203487,17575728,2.3016348591503646,78984183,10.343397947118413,stress,delinquent
C002608,C003185,19,-0.060916,0.34894,0.504541,0.207435,17103035,2.2397332021335763,77857439,10.195844840485305,stress,delinquent
C002608,C003185,20,-0.106717,0.339889,0.563308,0.20352,16258326,2.1291140755609503,76729775,10.04817125496959,stress,delinquent
C002608,C003185,21,-0.107563,0.339631,0.563816,0.204116,15408711,2.0178524822512998,75601190,9.900377059615963,stress,delinquent
C002608,C003185,22,-0.082499,0.345404,0.528933,0.208162,14769216,1.93410721808629,74471683,9.752462123469115,stress,delinquent
C002608,C003185,23,-0.116184,0.349536,0.561457,0.205191,13854823,1.8143626018881398,73341254,9.604426446529049,stress,delinquent
C002608,C003185,24,-0.10083,0.351455,0.540629,0.208746,13074147,1.7121289365001644,72209902,9.456269897840455,stress,delinquent
C002608,C003185,25,-0.101896,0.34754,0.549048,0.205308,12271348,1.606998146851448,71077626,9.307992346448026,stress,delinquent
C002608,C003185,26,-0.14187,0.357852,0.576485,0.207533,11164695,1.4620760632948906,69944425,9.159593661396457,stress,delinquent
C002608,C003185,27,-0.193354,0.353734,0.632954,0.206666,9648875,1.263571389565455,68810299,9.011073842685747,stress,delinquent
C002608,C003185,28,-0.194677,0.348865,0.639951,0.205861,8115463,1.0627629500721105,67675247,8.862432759360587,stress,delinquent
C002608,C003185,29,-0.155849,0.359467,0.588366,0.208016,6899611,0.9035406779268151,66539268,8.713670280465672,stress,delinquent
C002608,C003185,30,-0.164029,0.360332,0.595254,0.208443,5621520,0.7361678784179498,65402361,8.564786275045694,stress,delinquent
C002608,C003185,31,-0.263968,0.361413,0.690908,0.211647,3594212,0.47068113652968174,64264526,8.415780743100653,stress,delinquent
C002608,C003185,32,-0.174459,0.360313,0.605201,0.208945,2235907,0.2928038880106881,63125761,8.266653422719934,stress,delinquent
C002608,C003185,33,-0.21749,0.352642,0.660289,0.204559,504855,0.06611344160630828,61986067,8.117404444858845,stress,delinquent
C002608,C003185,34,-0.269335,0.352044,0.712607,0.204685,-1639287,-0.21467333264101626,60845441,7.968033416651465,stress,delinquent
C002608,C003185,35,-0.301838,0.366816,0.722562,0.212461,-3956121,-0.5180750407958521,59703885,7.818540600008407,stress,delinquent
C002608,C003185,36,-0.347751,0.364803,0.774135,0.208813,-6674218,-0.874024268375616,58561396,7.668925602063751,delinquent,delinquent
C002608,C003248,13,0.169902,0.390811,0.23664,0.202648,22723040,5.620237072030571,47188074,11.671332834538068,healthy,recovered
C002608,C003248,14,0.114829,0.408114,0.267227,0.20983,23185443,5.73460620938271,46596600,11.52503972842453,healthy,recovered
C002608,C003248,15,0.160415,0.400547,0.23529,0.203749,23851102,5.8992479733865935,46004765,11.378657333836252,healthy,recovered
C002608,C003248,16,0.106942,0.408087,0.277799,0.207171,24287806,6.00726081015069,45412568,11.232185403436741,healthy,recovered
C002608,C003248,17,0.142807,0.408516,0.238663,0.210014,24863426,6.149632643470626,44820009,11.085623937225998,healthy,recovered
C002608,C003248,18,0.100536,0.410565,0.281256,0.207644,25273536,6.251067813483549,44227088,10.938972935204022,healthy,recovered
C002608,C003248,19,0.10718,0.409582,0.272173,0.211065,25703924,6.357518472944479,43633804,10.792232150034318,healthy,recovered
C002608,C003248,20,0.114328,0.416253,0.258302,0.211117,26163187,6.471110973701947,43040158,10.645401829053382,healthy,recovered
C002608,C003248,21,0.079333,0.422864,0.284409,0.213395,26478661,6.549139207162865,42446149,10.498481724924718,healthy,recovered
C002608,C003248,22,-0.069408,0.596457,0.267906,0.205045,26191239,6.478049257063002,41851777,10.351471837648324,stress,recovered
C002608,C003248,23,-0.047957,0.598479,0.243513,0.205965,25993411,6.42911917290676,41257042,10.204372167224204,stress,recovered
C002608,C003248,24,-0.040522,0.59568,0.240715,0.204126,25824646,6.387377429308138,40661943,10.057182466315862,stress,recovered
C002608,C003248,25,-0.082717,0.617272,0.2555,0.209945,25489491,6.304481366286799,40066480,9.909902734923294,stress,recovered
C002608,C003248,26,-0.023123,0.589358,0.231756,0.202008,25392062,6.280383618903929,39470654,9.762533220383,stress,recovered
C002608,C003248,27,0.165508,0.39317,0.23957,0.201752,26090758,6.453196638697031,38874463,9.615073428021988,watch,recovered
C002608,C003248,28,0.122691,0.418523,0.245752,0.213034,26581571,6.574592605875479,38277908,9.467523605176753,watch,recovered
C002608,C003248,29,0.101096,0.406212,0.286193,0.2065,26999046,6.677849409174947,37680989,9.319883751847295,watch,recovered
C002608,C003248,30,0.114033,0.410201,0.271537,0.204229,27475471,6.795686698861633,37083705,9.172153620697118,watch,recovered
C002608,C003248,31,0.108295,0.404983,0.281262,0.205461,27925485,6.906991584375754,36486056,9.024333211726223,healthy,recovered
C002608,C003248,32,0.115964,0.415382,0.259375,0.20928,28398864,7.02407548709831,35888042,8.876422524934611,healthy,recovered
C002608,C003248,33,0.110123,0.418459,0.260446,0.210972,28845066,7.1344375258930395,35289662,8.728421312985784,healthy,recovered
C002608,C003248,34,0.112244,0.397561,0.287525,0.20267,29318783,7.251605028350946,34690916,8.580329575879745,healthy,recovered
C002608,C003248,35,0.073349,0.425829,0.289084,0.211738,29615269,7.324936836442559,34091805,8.432147560952988,healthy,recovered
C002608,C003248,36,0.137702,0.407542,0.251439,0.203318,30195284,7.4683957136585395,33492328,8.283875020869017,healthy,recovered
C002608,C003257,13,0.08279,0.370957,0.33221,0.214042,24469772,5.413258381263595,42347651,9.368243263671424,healthy,recovered
C002608,C003257,14,0.099816,0.380547,0.298916,0.220721,24911615,5.511003890414749,41663721,9.216942720098825,healthy,recovered
C002608,C003257,15,0.074109,0.382957,0.32264,0.220294,25240537,5.583768760201111,40979298,9.065533113949671,healthy,recovered
C002608,C003257,16,0.093237,0.36559,0.328109,0.213064,25668711,5.678490382214555,40294381,8.9140142240017,healthy,recovered
C002608,C003257,17,0.128339,0.361448,0.298289,0.211924,26261680,5.809668327357628,39608970,8.762386050254914,healthy,recovered
C002608,C003257,18,0.088902,0.368782,0.332155,0.210161,26676181,5.901365177344303,38923065,8.61064859270931,healthy,recovered
C002608,C003257,19,0.095562,0.374053,0.312537,0.217849,27106319,5.996521279885837,38236665,8.458801630142624,healthy,recovered
C002608,C003257,20,0.129428,0.371925,0.287308,0.211339,27707271,6.129465242368901,37549770,8.306845162554858,healthy,recovered
C002608,C003257,21,0.077098,0.377973,0.328954,0.215974,28057820,6.207014486076344,36862380,8.154779189946009,healthy,recovered
C002608,C003257,22,0.069349,0.384582,0.325593,0.220477,28366917,6.275393624462817,36174494,8.002603491093812,healthy,recovered
C002608,C003257,23,0.071312,0.378895,0.331703,0.21809,28688472,6.346528749824312,35486112,7.8503180659982705,healthy,recovered
C002608,C003257,24,-2.0,1.0,1.0,1.0,27782698,6.146151374136846,35169091,7.78018596238543,stress,recovered
C002608,C003257,25,-2.0,1.0,1.0,1.0,26895880,5.949967487701148,34858705,7.711521668499615,stress,recovered
C002608,C003257,26,-2.0,1.0,1.0,1.0,25974162,5.746062944223525,34536104,7.640155144649127,stress,recovered
C002608,C003257,27,-2.0,1.0,1.0,1.0,25036268,5.538579909390309,34207841,7.567536060335275,stress,recovered
C002608,C003257,28,-2.0,1.0,1.0,1.0,24146848,5.341820402621572,33896544,7.498670232966217,stress,recovered
C002608,C003257,29,0.064347,0.385468,0.332862,0.217323,24439283,5.4065135356317535,33205178,7.345724680632477,watch,recovered
C002608,C003257,30,0.053992,0.381464,0.350406,0.214138,24688488,5.46164323013413,32513313,7.192668738388596,watch,recovered
C002608,C003257,31,0.067291,0.38328,0.332614,0.216815,24995464,5.529553156096937,31820949,7.039502406234574,watch,recovered
C002608,C003257,32,0.056358,0.397035,0.324613,0.221995,25246746,5.585142329243326,31128085,6.886225462948146,watch,recovered
C002608,C003257,33,0.083051,0.38863,0.30829,0.220029,25620620,5.667851582277501,30434722,6.732838129751578,healthy,recovered
C002608,C003257,34,0.055902,0.396075,0.327064,0.220959,25871401,5.72332992306922,29740859,6.579340185422603,healthy,recovered
C002608,C003257,35,0.102,0.37851,0.305092,0.214399,26343319,5.827728691834583,29046495,6.425731408738957,healthy,recovered
C002608,C003257,36,0.106155,0.381538,0.301703,0.210604,26843670,5.938417473255334,28351631,6.272012020922906,healthy,recovered
C002608,C003265,13,0.048685,0.428954,0.271019,0.251342,12240685,2.6841029304641353,96891130,21.24601408899759,watch,stress
C002608,C003265,14,0.096615,0.416911,0.245399,0.241075,12696639,2.7840832393730603,96094741,21.071384152136265,healthy,stress
C002608,C003265,15,0.055629,0.435674,0.256193,0.252504,12947678,2.8391303642325583,95297103,20.89648033807279,healthy,stress
C002608,C003265,16,0.064494,0.421587,0.266364,0.247555,13245007,2.9043278299145827,94498214,20.721302208252805,healthy,stress
C002608,C003265,17,0.029831,0.434384,0.284571,0.251214,13380741,2.9340911991348197,93698072,20.54584932412194,watch,stress
C002608,C003265,18,0.034164,0.426832,0.287739,0.251266,13536404,2.9682245433443017,92896675,20.370121247125823,watch,stress
C002608,C003265,19,0.069375,0.420848,0.260939,0.248837,13856085,3.0383232926311026,92094021,20.1941175387101,healthy,stress
C002608,C003265,20,-3.215454,0.432097,0.282409,0.248981,-975495,-0.21390379608274468,100533714,22.044749649046867,stress,stress
C002608,C003265,21,0.079032,0.426383,0.249562,0.245024,-604485,-0.1325497682459448,99728540,21.868193362128814,stress,stress
C002608,C003265,22,0.081885,0.416506,0.256548,0.245061,-219535,-0.048139016471663465,98922103,21.691360128128043,stress,stress
C002608,C003265,23,0.036074,0.434248,0.279751,0.249927,-52991,-0.011619717228915293,98114401,21.51424950849019,stress,stress
C002608,C003265,24,0.028057,0.437779,0.278015,0.256149,73593,0.016137265762630696,97305432,21.336861064660894,stress,stress
C002608,C003265,25,0.078633,0.418339,0.256822,0.246207,443267,0.09719833928232333,96495194,21.15919435808578,stress,stress
C002608,C003265,26,0.057925,0.432073,0.256589,0.253413,708260,0.1553052579598714,95683685,20.981248950210485,stress,stress
C002608,C003265,27,0.0348,0.430532,0.282963,0.251705,868794,0.19050670133000383,94870903,20.803024402480638,stress,stress
C002608,C003265,28,0.068565,0.437299,0.242609,0.251527,1185803,0.26001954198259025,94056846,20.624520276341876,stress,stress
C002608,C003265,29,0.066523,0.415731,0.272088,0.245658,1501216,0.3291824162503689,93241513,20.445736352517017,stress,stress
C002608,C003265,30,0.032947,0.440642,0.27205,0.254361,1652322,0.3623165143348073,92424901,20.266671973174507,stress,stress
C002608,C003265,31,0.054216,0.428092,0.269103,0.248589,1907150,0.4181944804424487,91607008,20.08732669975998,stress,stress
C002608,C003265,32,0.02014,0.431439,0.293263,0.255158,1999518,0.43844867532460696,90787832,19.90770009371907,stress,stress
C002608,C003265,33,0.026056,0.438156,0.283385,0.252402,2120517,0.4649809952465092,89967371,19.727791716497407,stress,stress
C002608,C003265,34,0.030021,0.435479,0.280241,0.254259,2259123,0.4953741285376536,89145623,19.547601129540627,stress,stress
C002608,C003265,35,0.048198,0.434731,0.263107,0.253964,2482262,0.5443034199785196,88322586,19.367127894294363,stress,stress
C002608,C003265,36,0.055642,0.421508,0.274884,0.247966,2746509,0.6022467578772039,87498258,19.186371572204248,stress,stress
C002608,C003312,13,0.203881,0.382757,0.253999,0.159362,35716973,6.376213292532266,53680542,9.583079323400014,healthy,stress
C002608,C003312,14,0.20951,0.39727,0.231859,0.161362,36888900,6.585426332934023,53048721,9.470286297554823,healthy,stress
C002608,C003312,15,0.197303,0.380971,0.266039,0.155687,38034710,6.78997695240327,52415831,9.357302433252807,healthy,stress
C002608,C003312,16,0.215354,0.392447,0.232981,0.159217,39259690,7.008661042991971,51781870,9.244127373452889,healthy,stress
C002608,C003312,17,0.196613,0.388707,0.256869,0.157812,40389926,7.210431383577622,51146837,9.130760939634529,healthy,stress
C002608,C003312,18,0.212987,0.387365,0.240467,0.159181,41605815,7.427492543940898,50510729,9.017202596236109,healthy,stress
C002608,C003312,19,0.206541,0.393059,0.242009,0.158392,42792788,7.639391604381347,49873545,8.903452164737088,healthy,stress
C002608,C003312,20,0.182143,0.392995,0.263284,0.161578,43820644,7.822885012123628,49235284,8.789509466616927,healthy,stress
C002608,C003312,21,0.188153,0.409781,0.237207,0.164859,44863042,8.008974465552647,48595942,8.675373787793468,healthy,stress
C002608,C003312,22,0.193953,0.403593,0.240529,0.161925,45958891,8.204606020343368,47955519,8.561045128266711,healthy,stress
C002608,C003312,23,0.16684,0.407724,0.260074,0.165363,46883516,8.369670574263086,47314012,8.446522952475036,healthy,stress
C002608,C003312,24,0.199182,0.393111,0.246349,0.161358,48016687,8.571964872632439,46671420,8.331807081897905,healthy,stress
C002608,C003312,25,0.218381,0.391104,0.233076,0.157438,49292176,8.799665857155363,46027741,8.216897159494238,healthy,stress
C002608,C003312,26,-2.0,1.0,1.0,1.0,48142382,8.594404011856383,45625313,8.14505549578754,stress,stress
C002608,C003312,27,-2.0,1.0,1.0,1.0,46989654,8.388618387294242,45221858,8.073030491486684,stress,stress
C002608,C003312,28,-2.0,1.0,1.0,1.0,45869348,8.188620755666733,44829751,8.003031338269109,stress,stress
C002608,C003312,29,-2.0,1.0,1.0,1.0,44706238,7.980981730862554,44422663,7.930357768847917,stress,stress
C002608,C003312,30,-2.0,1.0,1.0,1.0,43536788,7.772210885837365,44013355,7.85728788382883,stress,stress
C002608,C003312,31,-2.0,1.0,1.0,1.0,42418036,7.572490675128382,43621792,7.787385845784795,stress,stress
C002608,C003312,32,-2.0,1.0,1.0,1.0,41285296,7.370273319111594,43225333,7.716609771178918,stress,stress
C002608,C003312,33,0.120243,0.419976,0.291926,0.167855,41952977,7.489468091506534,42572891,7.600135473286811,watch,stress
C002608,C003312,34,0.175259,0.400882,0.262308,0.16155,42965844,7.67028565488088,41919345,7.483464088718996,watch,stress
C002608,C003312,35,0.169887,0.398284,0.271421,0.160408,43956323,7.847106500414853,41264693,7.3665952604343925,watch,stress
C002608,C003312,36,0.174024,0.403418,0.26218,0.160378,44972832,8.02857423559439,40608934,7.24952880991246,watch,stress
C002608,C003333,13,0.090576,0.356104,0.370664,0.182656,23912050,3.9056318433551773,50405222,8.232846623965195,healthy,healthy
C002608,C003333,14,0.082817,0.351233,0.385967,0.179984,24406168,3.986337721570344,49653521,8.110068887958374,healthy,healthy
C002608,C003333,15,0.162763,0.33706,0.326819,0.173357,25415923,4.151264245309927,48900685,7.987105768760139,healthy,healthy
C002608,C003333,16,0.106846,0.344391,0.370943,0.177819,26063123,4.256973497716955,48146713,7.863957103037284,healthy,healthy
C002608,C003333,17,0.119928,0.344653,0.357376,0.178043,26789747,4.375655326859421,47391602,7.740622400790184,healthy,healthy
C002608,C003333,18,0.074968,0.350239,0.393224,0.181569,27235819,4.448513697748957,46635351,7.6171014986856305,healthy,healthy
C002608,C003333,19,0.153761,0.338991,0.329476,0.177772,28171665,4.601368427396837,45877958,7.493394070057206,healthy,healthy
C002608,C003333,20,0.130352,0.349896,0.340068,0.179683,28957783,4.729767602433468,45119422,7.3694999515717035,healthy,healthy
C002608,C003333,21,0.115666,0.345933,0.357523,0.180878,29651775,4.843119542322928,44359741,7.245418816562705,healthy,healthy
C002608,C003333,22,0.125531,0.341329,0.356256,0.176884,30423120,4.9691057958734515,43598912,7.1211501750305874,healthy,healthy
C002608,C003333,23,0.133988,0.346305,0.339825,0.179881,31233943,5.101540117820954,42836935,6.99669402697535,healthy,healthy
C002608,C003333,24,0.063722,0.353458,0.401197,0.181623,31616431,5.164013109994408,42073807,6.872049882397367,healthy,healthy
C002608,C003333,25,0.112059,0.342348,0.367655,0.177938,32304028,5.276320534016835,41309527,6.747217577963432,healthy,healthy
C002608,C003333,26,0.093979,0.347604,0.375146,0.183272,32864747,5.367904567237503,40544093,6.622196787007126,healthy,healthy
C002608,C003333,27,-2.0,1.0,1.0,1.0,31671063,5.172936329829854,40126304,6.553957969247732,stress,healthy
C002608,C003333,28,-2.0,1.0,1.0,1.0,30479407,4.978299332168622,39709224,6.485834954733018,stress,healthy
C002608,C003333,29,-2.0,1.0,1.0,1.0,29230959,4.774386314942032,39272267,6.41446536603707,stress,healthy
C002608,C003333,30,0.087188,0.348922,0.385086,0.178803,29767390,4.862003311199687,38502200,6.288687852326744,watch,healthy
C002608,C003333,31,0.11911,0.337888,0.368034,0.174969,30517412,4.984506810749786,37730970,6.1627203820951735,watch,healthy
C002608,C003333,32,0.120783,0.346156,0.354725,0.178335,31264740,5.106570290636744,36958575,6.036562628675943,watch,healthy
C002608,C003333,33,0.068173,0.354885,0.392134,0.184808,31672392,5.173153399663675,36185014,5.910214428735842,watch,healthy
C002608,C003333,34,0.066388,0.3528,0.397153,0.183659,32072456,5.238497136306081,35410285,5.783675455608456,healthy,healthy
C002608,C003333,35,0.045448,0.353115,0.416523,0.184914,32344885,5.28299383890805,34634386,5.6569453826273675,watch,healthy
C002608,C003333,36,0.083808,0.348053,0.387853,0.180285,32860931,5.3672812877146585,33857316,5.530024046459369,healthy,healthy
C002608,C003393,13,0.134899,0.329684,0.275854,0.259563,18236538,3.651234624546521,158875425,31.80929695918951,healthy,stress
C002608,C003393,14,0.095673,0.338748,0.29397,0.27161,18711972,3.7464238036816533,157930613,31.620131105007808,healthy,stress
C002608,C003393,15,0.113249,0.343085,0.275498,0.268168,19283019,3.8607561719548102,156984063,31.430617276568192,healthy,stress
C002608,C003393,16,0.143085,0.328038,0.265281,0.263595,20018382,4.007987123751166,156035771,31.240754673009313,healthy,stress
C002608,C003393,17,0.083855,0.338448,0.310122,0.267575,20443713,4.0931449137929485,155085735,31.050542893900488,healthy,stress
C002608,C003393,18,0.126623,0.341193,0.264559,0.267625,21087029,4.221946644347551,154133951,30.85998113838037,healthy,stress
C002608,C003393,19,0.130639,0.339394,0.264813,0.265154,21758170,4.356319366689521,153180417,30.669069006018276,healthy,stress
C002608,C003393,20,0.117375,0.33202,0.285309,0.265295,22361958,4.47720698535298,152225128,30.477805495737517,healthy,stress
C002608,C003393,21,0.122928,0.336293,0.27518,0.265599,22994745,4.603900648610936,151268082,30.28619020710742,healthy,stress
C002608,C003393,22,0.115033,0.341729,0.272015,0.271223,23575680,4.720212746148908,150309275,30.09422233926663,healthy,stress
C002608,C003393,23,0.104296,0.337436,0.290623,0.267646,24110416,4.827275095274137,149348705,29.901901491784464,healthy,stress
C002608,C003393,24,0.064775,0.340826,0.321926,0.272474,24437236,4.892709472127589,148386368,29.70922686379958,healthy,stress
C002608,C003393,25,-0.059674,0.50469,0.280601,0.274383,24137694,4.8327365692714706,147422261,29.516197854665958,watch,stress
C002608,C003393,26,-0.079701,0.511076,0.291681,0.276944,23740597,4.753231659090408,146456380,29.322813663522243,watch,stress
C002608,C003393,27,-0.030602,0.495067,0.26676,0.268775,23583203,4.721718966138715,145488722,29.12907368972242,stress,stress
C002608,C003393,28,-0.143771,0.522911,0.336419,0.284441,22883199,4.5815674284882535,144519284,28.93497733262048,stress,stress
C002608,C003393,29,-0.115636,0.513489,0.325259,0.276887,22303759,4.4655546528809955,143548063,28.740523991570402,stress,stress
C002608,C003393,30,-0.131087,0.523416,0.323131,0.284539,21663382,4.337341355205569,142575055,28.545712865710836,stress,stress
C002608,C003393,31,0.041244,0.359929,0.317035,0.281792,21867202,4.378149245451792,141600257,28.350543354395768,watch,stress
C002608,C003393,32,0.070401,0.344393,0.308561,0.276645,22222235,4.449232297643859,140623667,28.155015057194515,watch,stress
C002608,C003393,33,0.057792,0.354069,0.303517,0.284622,22506035,4.506053410644929,139645280,27.959126973030394,watch,stress
C002608,C003393,34,0.045444,0.361116,0.30869,0.284749,22729509,4.550796333149513,138665093,27.762878501257386,watch,stress
C002608,C003393,35,0.02049,0.360242,0.330767,0.288502,22829141,4.570744187732045,137683103,27.56626904122948,watch,stress
C002608,C003393,36,0.10117,0.34233,0.281492,0.275007,23346172,4.674261724293202,136699307,27.369297992300655,healthy,stress
C002608,C003397,13,0.094567,0.327989,0.324694,0.25275,16070353,2.4150063424457873,109355765,16.433669257794836,healthy,healthy
C002608,C003397,14,0.099162,0.337219,0.302744,0.260875,16707332,2.510729711123798,108182733,16.257389388902606,healthy,healthy
C002608,C003397,15,0.135879,0.322245,0.292538,0.249338,17620591,2.6479716421066266,107009654,16.081102456985803,healthy,healthy
C002608,C003397,16,0.114039,0.326925,0.302914,0.256121,18366792,2.760108578223673,105836529,15.90480861232155,healthy,healthy
C002608,C003397,17,0.079041,0.337098,0.325218,0.258642,18878967,2.837076761401863,104663357,15.728507704632728,healthy,healthy
C002608,C003397,18,-0.059144,0.460371,0.337575,0.261197,18499460,2.780045542983539,103490139,15.552199884196453,watch,healthy
C002608,C003397,19,-0.024185,0.456952,0.309155,0.258078,18342388,2.7564412154233016,102316875,15.375885151012724,watch,healthy
C002608,C003397,20,-0.077194,0.464973,0.348721,0.2635,17851346,2.6826488385908034,101143564,15.199563354804427,stress,healthy
C002608,C003397,21,0.103219,0.321911,0.321886,0.252985,18535254,2.7854245621638585,99970206,15.02323449557156,watch,healthy
C002608,C003397,22,0.064003,0.330336,0.348267,0.257395,18952074,2.8480630707055345,98796802,14.846898723591238,watch,healthy
C002608,C003397,23,0.076485,0.322814,0.347565,0.253136,19458589,2.9241806853928987,97623351,14.670555888586348,watch,healthy
C002608,C003397,24,0.069278,0.336732,0.33584,0.25815,19908480,2.9917890085211636,96449853,14.494205990556887,watch,healthy
C002608,C003397,25,0.09455,0.326913,0.327489,0.251048,20539881,3.0866741314320674,95276309,14.317849179779973,healthy,healthy
C002608,C003397,26,0.031971,0.343971,0.35892,0.265138,20742044,3.1170546045435086,94102718,14.14148530597849,watch,healthy
C002608,C003397,27,0.13046,0.32057,0.298459,0.250511,21615191,3.248268619748247,92929081,13.965114519429553,healthy,healthy
C002608,C003397,28,0.112271,0.336179,0.294971,0.256579,22348861,3.358522433293114,91755398,13.788736820133167,healthy,healthy
C002608,C003397,29,0.075364,0.334938,0.332764,0.256934,22840691,3.432433228495006,90581668,13.612352057812208,healthy,healthy
C002608,C003397,30,0.07979,0.338945,0.321413,0.259851,23355577,3.509808812941505,89407892,13.435960382743799,healthy,healthy
C002608,C003397,31,0.094482,0.331872,0.318003,0.255644,23975328,3.602943207421646,88234069,13.259561644650818,healthy,healthy
C002608,C003397,32,0.052549,0.338399,0.346153,0.262899,24310524,3.6533154964412122,87060200,13.083155993810387,healthy,healthy
C002608,C003397,33,0.096849,0.340554,0.303598,0.258998,24937626,3.747554578019597,85886284,12.906743279945383,healthy,healthy
C002608,C003397,34,0.059003,0.341176,0.340976,0.258845,25319911,3.805003266273171,84712322,12.73032365333293,healthy,healthy
C002608,C003397,35,0.095552,0.328129,0.321863,0.254455,25949712,3.899647945794442,83538313,12.553896963695903,healthy,healthy
C002608,C003397,36,0.059771,0.346319,0.330421,0.263489,26330180,3.9568235805236647,82364258,12.377463361311426,healthy,healthy
C002608,C003408,13,0.156334,0.347249,0.28985,0.206568,19035851,7.175888809795615,63531394,23.94924289307141,healthy,healthy
C002608,C003408,14,0.190524,0.335739,0.272285,0.201452,19547921,7.3689223328480935,63152385,23.806368984155448,healthy,healthy
C002608,C003408,15,0.236404,0.335723,0.23144,0.196432,20198426,7.614141291024226,62774024,23.663739349895174,healthy,healthy
C002608,C003408,16,0.19713,0.334379,0.271945,0.196547,20739618,7.818152848834324,62396310,23.521353613323527,healthy,healthy
C002608,C003408,17,0.209285,0.34394,0.242882,0.203893,21292533,8.026583591503414,62019242,23.379211397473444,healthy,healthy
C002608,C003408,18,0.220795,0.341056,0.23694,0.201209,21882625,8.249028838608464,61642819,23.237312325377864,healthy,healthy
C002608,C003408,19,0.208024,0.328828,0.269973,0.193175,22460719,8.46695123491268,61267039,23.095655643102667,healthy,healthy
C002608,C003408,20,0.228678,0.335759,0.242689,0.192874,23096111,8.706473089892194,60891902,22.95424135064785,healthy,healthy
C002608,C003408,21,0.210892,0.345626,0.242645,0.200836,23657892,8.918246022526295,60517407,22.813069071046357,healthy,healthy
C002608,C003408,22,0.203919,0.348489,0.248983,0.198609,24206249,9.124958549330223,60143552,22.672138050364058,healthy,healthy
C002608,C003408,23,0.185492,0.345943,0.270695,0.197871,24706058,9.31337007924476,59770336,22.531447911633897,healthy,healthy
C002608,C003408,24,0.238135,0.336132,0.235715,0.190018,25373091,9.564819549009174,59397759,22.39099865485587,healthy,healthy
C002608,C003408,25,0.194742,0.340098,0.273594,0.191566,25913242,9.768438684108514,59025819,22.25078952609586,healthy,healthy
C002608,C003408,26,0.215746,0.341452,0.25322,0.189582,26516882,9.995991080959332,58654515,22.110820148386804,healthy,healthy
C002608,C003408,27,0.192333,0.352377,0.260142,0.195148,27038771,10.19272604358619,58283846,21.971090144761636,healthy,healthy
C002608,C003408,28,0.22496,0.339076,0.24676,0.189204,27667292,10.42965775788788,57913811,21.8315991382533,healthy,healthy
C002608,C003408,29,0.254749,0.333017,0.22807,0.184164,28397267,10.704834288421269,57544409,21.692346751894732,healthy,healthy
C002608,C003408,30,0.21892,0.342375,0.250687,0.188018,29010667,10.936065883789851,57175639,21.553332608718872,healthy,healthy
C002608,C003408,31,0.24178,0.330468,0.243714,0.184038,29701588,11.196520342713322,56807499,21.4145559547916,healthy,healthy
C002608,C003408,32,0.196705,0.350355,0.262012,0.190928,30242489,11.400422203108597,56439989,21.27601679011291,healthy,healthy
C002608,C003408,33,0.201215,0.343788,0.267161,0.187836,30803936,11.612069228744241,56073107,21.13771436074868,healthy,healthy
C002608,C003408,34,0.215056,0.336271,0.265178,0.183495,31417149,11.843230331272371,55706852,20.99964828973186,healthy,healthy
C002608,C003408,35,0.218206,0.335268,0.263747,0.182779,32040712,12.078293042884402,55341224,20.861818577062436,healthy,healthy
C002608,C003408,36,0.19934,0.348479,0.264937,0.187244,32595829,12.287553867022357,54976221,20.72422446880629,healthy,healthy
C002608,C003432,13,0.208028,0.350172,0.187926,0.253874,16511610,3.965576262211991,4683327,1.1247897921145484,healthy,stress
C002608,C003432,14,0.195824,0.360961,0.219672,0.223543,17332130,4.162639700281942,4027661,0.9673191683813396,healthy,stress
C002608,C003432,15,0.272494,0.348499,0.190828,0.188179,18498589,4.442786949474694,3463789,0.8318946144991924,healthy,stress
C002608,C003432,16,0.272358,0.35508,0.210757,0.161805,19664670,4.722843414799179,2978858,0.7154292387780651,healthy,stress
C002608,C003432,17,0.305168,0.355654,0.200285,0.138892,20973674,5.037225548918174,2561818,0.6152691741694116,healthy,stress
C002608,C003432,18,0.297886,0.361564,0.217663,0.122886,22215684,5.335517803485108,2203163,0.5291313745045915,healthy,stress
C002608,C003432,19,0.333556,0.358572,0.203279,0.104593,23620896,5.673006113260801,1894720,0.4550529388435352,healthy,stress
C002608,C003432,20,0.328351,0.359845,0.222007,0.089798,25006529,6.005792154896813,1629459,0.39134547937164754,healthy,stress
C002608,C003432,21,0.332042,0.35952,0.231622,0.076816,26415219,6.3441157723281485,1401335,0.3365571747035474,healthy,stress
C002608,C003432,22,0.341355,0.381045,0.208825,0.068775,27806276,6.678204490423102,1205148,0.2894391462281544,healthy,stress
C002608,C003432,23,0.35734,0.357106,0.228703,0.056851,29321276,7.042060470382123,1036427,0.24891759850890297,healthy,stress
C002608,C003432,24,0.352548,0.378762,0.217922,0.050768,30760713,7.3877685629393985,891327,0.21406908188048454,healthy,stress
C002608,C003432,25,0.384745,0.362129,0.210994,0.042132,32388601,7.778736736869122,766542,0.1840995977490084,healthy,stress
C002608,C003432,26,-1.376959,1.0,1.0,0.376959,31828596,7.644240916369484,659226,0.15832562524387156,stress,stress
C002608,C003432,27,-1.308326,1.0,1.0,0.308326,31269136,7.509875987955046,566934,0.13615995124890262,stress,stress
C002608,C003432,28,-1.274347,1.0,1.0,0.274347,30742451,7.38338259732487,487563,0.11709750043350498,stress,stress
C002608,C003432,29,-1.230159,1.0,1.0,0.230159,30221262,7.2582091753190205,419304,0.10070380714240082,stress,stress
C002608,C003432,30,-1.202258,1.0,1.0,0.202258,29722778,7.138488789633283,360601,0.08660516846812069,stress,stress
C002608,C003432,31,-1.174312,1.0,1.0,0.174312,29236918,7.021800296944907,310117,0.0744804785062387,stress,stress
C002608,C003432,32,0.406921,0.365348,0.213131,0.0146,30965612,7.436978943426279,266701,0.06405330277957148,watch,stress
C002608,C003432,33,0.35207,0.390278,0.244637,0.013015,32408558,7.783529788877071,229363,0.055085874014086385,watch,stress
C002608,C003432,34,0.385434,0.374191,0.229558,0.010816,34043223,8.17612558787358,197252,0.04737380842170083,watch,stress
C002608,C003432,35,0.386623,0.381189,0.222584,0.009604,35631286,8.557529032825173,169637,0.04074154248997255,watch,stress
C002608,C003432,36,0.376736,0.390539,0.224423,0.008302,37170838,8.927281641180203,145888,0.03503776977178985,healthy,stress
C002608,C003470,13,0.228827,0.327281,0.222372,0.221519,34693672,7.928365086983783,88084025,20.129385800701833,healthy,healthy
C002608,C003470,14,0.245952,0.320379,0.213173,0.220497,35768109,8.173900607091415,87409759,19.9752992856238,healthy,healthy
C002608,C003470,15,-1.636173,0.429494,0.219621,0.213657,28387163,6.4871712641924395,95469522,21.8171551600485,watch,healthy
C002608,C003470,16,0.24892,0.321014,0.215383,0.214683,29505381,6.742711829366308,94794429,21.662879654945808,healthy,healthy
C002608,C003470,17,0.267927,0.315132,0.205134,0.211806,30726086,7.021673217584498,94118922,21.508509540568376,healthy,healthy
C002608,C003470,18,0.24416,0.317331,0.224853,0.213656,31829549,7.273841899065616,93443001,21.3540448169162,healthy,healthy
C002608,C003470,19,0.238016,0.320604,0.224243,0.217137,32888650,7.515872762561115,92766665,21.199485255464467,healthy,healthy
C002608,C003470,20,0.253143,0.317275,0.215407,0.214176,34031332,7.777003958887776,92089915,21.044831084737993,healthy,healthy
C002608,C003470,21,0.23983,0.334248,0.202856,0.223066,35071412,8.014688051816023,91412750,20.89008207621196,healthy,healthy
C002608,C003470,22,0.281433,0.31257,0.194466,0.211531,36359255,8.308992139279479,90735170,20.73523822988637,healthy,healthy
C002608,C003470,23,0.234692,0.32677,0.217571,0.220967,37387981,8.54408156142172,90057174,20.580299317236403,healthy,healthy
C002608,C003470,24,0.234116,0.325443,0.220183,0.220258,38418118,8.779493432082463,89378762,20.425265338262058,healthy,healthy
C002608,C003470,25,0.239983,0.327934,0.20923,0.222854,39462410,9.018140071545027,88699934,20.270136292963333,healthy,healthy
C002608,C003470,26,0.20131,0.332421,0.243589,0.22268,40339640,9.218608897827087,88020690,20.114912181340234,healthy,healthy
C002608,C003470,27,0.240361,0.325495,0.213874,0.220271,41399140,9.460730942725053,87341029,19.95959277486794,healthy,healthy
C002608,C003470,28,0.229725,0.330949,0.217766,0.22156,42406485,9.690934275729058,86660951,19.80417807354645,healthy,healthy
C002608,C003470,29,0.24682,0.323442,0.214857,0.214882,43523111,9.946111029392329,85980457,19.648668305900582,healthy,healthy
C002608,C003470,30,0.239027,0.331707,0.206306,0.22296,44565940,10.184423337045846,85299545,19.4930630148807,healthy,healthy
C002608,C003470,31,0.233703,0.322848,0.228309,0.215141,45623242,10.426043084393378,84618215,19.337362200486805,healthy,healthy
C002608,C003470,32,0.232963,0.316661,0.235587,0.214789,46679573,10.667440934142423,83936467,19.181565862718898,healthy,healthy
C002608,C003470,33,0.211426,0.326666,0.242282,0.219627,47617707,10.881827835953002,83254302,19.025674230101792,healthy,healthy
C002608,C003470,34,0.22967,0.317711,0.23838,0.214239,48663058,11.120716483198056,82571718,18.869686845585857,healthy,healthy
C002608,C003470,35,0.234204,0.323838,0.225709,0.216249,49719789,11.362205742874387,81888715,18.713603709171093,healthy,healthy
C002608,C003470,36,0.247349,0.323273,0.215483,0.213896,50848798,11.620212319361606,81205294,18.55742504938231,healthy,healthy
C002608,C003510,13,0.121226,0.408335,0.23263,0.237809,23341194,4.291714130318998,130692346,24.03022690496209,healthy,stress
C002608,C003510,14,0.120918,0.404768,0.236612,0.237703,24008557,4.414421272770754,129774004,23.86137258937457,healthy,stress
C002608,C003510,15,-1.420382,0.492205,0.255586,0.235685,16100552,2.9603869675362713,139890210,25.721425859803574,watch,stress
C002608,C003510,16,0.082872,0.426109,0.244627,0.246391,16541986,3.0415528468568938,138971496,25.552503145073477,healthy,stress
C002608,C003510,17,0.080327,0.407988,0.274627,0.237058,16986799,3.123340018389318,138052596,25.383546230772087,healthy,stress
C002608,C003510,18,0.043166,0.422181,0.290918,0.243734,17219332,3.1660955501699743,137133509,25.21455493303074,watch,stress
C002608,C003510,19,0.115452,0.407093,0.243968,0.233487,17868690,3.285492137346949,136214236,25.045529435718105,healthy,stress
C002608,C003510,20,0.086259,0.420792,0.247816,0.245133,18330895,3.3704771526638218,135294777,24.876469738834174,healthy,stress
C002608,C003510,21,0.06281,0.423418,0.266636,0.247136,18664794,3.4318707153238717,134375132,24.707375842378955,healthy,stress
C002608,C003510,22,0.03246,0.423994,0.295996,0.24755,18837098,3.4635520214091766,133455300,24.53824756248378,watch,stress
C002608,C003510,23,0.065704,0.409594,0.28632,0.238382,19199356,3.5301599154792527,132535282,24.369085083017314,healthy,stress
C002608,C003510,24,0.069392,0.432289,0.252526,0.245793,19570488,3.5983994600635425,131615077,24.199888220110893,healthy,stress
C002608,C003510,25,0.043374,0.42498,0.285871,0.245776,19802528,3.641064344593409,130694686,24.03065715763318,watch,stress
C002608,C003510,26,0.063241,0.405359,0.29598,0.23542,20155809,3.7060216496769978,129774108,23.86139171171551,healthy,stress
C002608,C003510,27,0.062768,0.419045,0.276245,0.241942,20497063,3.768767566352378,128853343,23.692091882357886,healthy,stress
C002608,C003510,28,0.06125,0.414072,0.286912,0.237766,20835983,3.831084333568644,127932392,23.52275785342897,healthy,stress
C002608,C003510,29,0.015203,0.430498,0.309263,0.245035,20917629,3.8460964744164525,127011254,23.353389441060102,watch,stress
C002608,C003510,30,0.065949,0.428701,0.264796,0.240555,21278462,3.9124423556419545,126089929,23.183986645251277,healthy,stress
C002608,C003510,31,0.049458,0.42768,0.278914,0.243947,21545361,3.961516717890433,125168418,23.01454964987116,watch,stress
C002608,C003510,32,0.041333,0.420949,0.300352,0.237366,21774640,4.003673941042146,124246720,22.84507827105109,watch,stress
C002608,C003510,33,0.029155,0.439139,0.286265,0.24544,21931081,4.032438538528513,123324835,22.675572508791067,watch,stress
C002608,C003510,34,0.024211,0.430166,0.303258,0.242366,22062664,4.056632528793526,122402764,22.506032546959748,watch,stress
C002608,C003510,35,0.060881,0.4307,0.265025,0.243394,22392217,4.1172269982447895,121480506,22.336458201688476,healthy,stress
C002608,C003510,36,-0.004347,0.437746,0.31767,0.248932,22369205,4.112995812575072,120558061,22.16684947297725,watch,stress
C002608,C003516,13,0.104796,0.352353,0.332106,0.210744,12241123,4.5951029605289095,3650194,1.3702188317121609,healthy,stress
C002608,C003516,14,0.016507,0.367625,0.398797,0.21707,12283864,4.611147182585658,3256768,1.2225336089307994,watch,stress
C002608,C003516,15,0.055988,0.353485,0.380524,0.210003,12433785,4.6674248975424835,2863136,1.074771057361069,healthy,stress
C002608,C003516,16,0.07336,0.3633,0.350121,0.21322,12627360,4.740089558749171,2469298,0.926931177002969,healthy,stress
C002608,C003516,17,0.110479,0.358889,0.344919,0.185713,12921152,4.850373924732562,2123596,0.7971607071154623,healthy,stress
C002608,C003516,18,0.133313,0.357926,0.34802,0.160741,13273400,4.982601648254366,1826293,0.6855583732875834,healthy,stress
C002608,C003516,19,0.099781,0.362668,0.400583,0.136968,13539492,5.082487919879368,1570612,0.5895802085349711,healthy,stress
C002608,C003516,20,0.116692,0.361344,0.401699,0.120265,13844281,5.1969003668612865,1350727,0.5070392346001532,healthy,stress
C002608,C003516,21,0.109728,0.358863,0.430112,0.101297,14136911,5.30674853841708,1161625,0.4360536591719889,healthy,stress
C002608,C003516,22,0.163721,0.362973,0.384197,0.089109,14563761,5.466980544802586,998997,0.3750059591966765,healthy,stress
C002608,C003516,23,0.079376,0.372212,0.4719,0.076511,14771043,5.544790573495571,859138,0.32250534263097314,healthy,stress
C002608,C003516,24,0.11424,0.356996,0.464753,0.064011,15077701,5.659904610309829,738858,0.2773543394025588,healthy,stress
C002608,C003516,25,0.134955,0.358038,0.452138,0.054869,15441160,5.796340746678272,635418,0.2385247769320967,healthy,stress
C002608,C003516,26,0.099439,0.364189,0.488738,0.047633,15706460,5.895929715388767,546459,0.2051311279780186,healthy,stress
C002608,C003516,27,0.102596,0.37174,0.483276,0.042388,15970993,5.9952307657464505,469955,0.17641286766053765,healthy,stress
C002608,C003516,28,0.099009,0.365945,0.499809,0.035237,16235086,6.094366647818296,404161,0.15171495357332201,healthy,stress
C002608,C003516,29,0.144846,0.35778,0.467321,0.030053,16624674,6.240611152688196,347579,0.13047506277958956,healthy,stress
C002608,C003516,30,0.113831,0.362917,0.49682,0.026433,16924037,6.352986774399767,298918,0.1122085765133951,healthy,stress
C002608,C003516,31,0.146122,0.361482,0.470243,0.022152,17318387,6.501018850581387,257069,0.09649919561793523,healthy,stress
C002608,C003516,32,0.096278,0.372405,0.511334,0.019983,17566097,6.59400484168307,221079,0.08298918060138524,healthy,stress
C002608,C003516,33,0.099334,0.366862,0.517166,0.016637,17830090,6.693103185508135,190128,0.07137071784013937,healthy,stress
C002608,C003516,34,0.032587,0.377974,0.574674,0.014764,17914022,6.724609786796523,163510,0.061378787311922436,watch,stress
C002608,C003516,35,0.089406,0.361169,0.537115,0.012309,18151545,6.813771756698607,140619,0.05278590724124042,healthy,stress
C002608,C003516,36,0.028712,0.36865,0.592081,0.010557,18228035,6.842484761661538,120932,0.04539575259742771,watch,stress
C002608,C003560,13,-0.015344,0.38078,0.443772,0.190792,11024518,2.3150757393604233,157612494,33.09757951136642,watch,delinquent
C002608,C003560,14,-0.025791,0.374449,0.464986,0.186356,10902057,2.289359740700181,156993086,32.967507935124644,watch,delinquent
C002608,C003560,15,-0.060135,0.361051,0.517676,0.181408,10608572,2.227729835123702,156373338,32.83736496113548,stress,delinquent
C002608,C003560,16,-0.033164,0.372111,0.474255,0.186798,10451301,2.1947039670898385,155753251,32.70715079939228,stress,delinquent
C002608,C003560,17,-0.079793,0.3799,0.51016,0.189734,10078553,2.1164293566537977,155132824,32.57686523990168,stress,delinquent
C002608,C003560,18,-0.052282,0.37591,0.489201,0.187171,9830842,2.0644116878112495,154512057,32.44650828266368,stress,delinquent
C002608,C003560,19,-0.081224,0.367774,0.52884,0.18461,9440451,1.9824321642652174,153890951,32.316080137671655,stress,delinquent
C002608,C003560,20,-0.098105,0.372305,0.539882,0.185918,8971987,1.8840578279755273,153269504,32.18558038493885,stress,delinquent
C002608,C003560,21,-0.075304,0.377976,0.510029,0.187299,8614858,1.809063104059067,152647716,32.05500902446528,stress,delinquent
C002608,C003560,22,-0.105068,0.361706,0.561507,0.181855,8101374,1.7012348660399765,152025588,31.9243662662443,stress,delinquent
C002608,C003560,23,-0.172406,0.380524,0.60106,0.190822,7297952,1.5325215689444998,151403119,31.793651900282548,stress,delinquent
C002608,C003560,24,-0.089584,0.364467,0.54413,0.180987,6857560,1.4400421666696415,150780309,31.662865926580018,stress,delinquent
C002608,C003560,25,-0.158013,0.36725,0.609639,0.181124,6080933,1.2769556420494934,150157158,31.53200834513671,stress,delinquent
C002608,C003560,26,-0.107515,0.375503,0.547661,0.184351,5561467,1.1678712236628934,149533666,31.40107915595263,stress,delinquent
C002608,C003560,27,-0.126474,0.385037,0.550159,0.191277,4972206,1.0441303176884769,148909832,31.270078149034397,stress,delinquent
C002608,C003560,28,-0.189197,0.377478,0.625571,0.186148,4065920,0.8538162620969308,148285657,31.13900553437539,stress,delinquent
C002608,C003560,29,-0.218129,0.371651,0.661268,0.18521,3015181,0.6331680335485416,147661139,31.00786089198886,stress,delinquent
C002608,C003560,30,-0.187813,0.375254,0.628777,0.183782,2102947,0.4416049373642262,147036279,30.876644431868176,stress,delinquent
C002608,C003560,31,-0.107738,0.36732,0.558761,0.181656,1573236,0.33036913685373226,146411077,30.74535615401334,stress,delinquent
C002608,C003560,32,-0.233154,0.367576,0.68264,0.182938,434300,0.09120012263613082,145785533,30.613996058424355,stress,delinquent
C002608,C003560,33,-0.144983,0.364147,0.598698,0.182138,-277430,-0.05825846194552562,145159646,30.482563935107848,stress,delinquent
C002608,C003560,34,-0.231952,0.367136,0.68447,0.180346,-1428038,-0.2998785188327308,144533416,30.351059784063814,stress,delinquent
C002608,C003560,35,-0.223205,0.386823,0.648428,0.187954,-2491018,-0.5230972762809334,143906843,30.219483605292254,stress,delinquent
C002608,C003560,36,-0.254458,0.383129,0.680995,0.190334,-3688340,-0.7745269636742961,143279927,30.087835398793167,delinquent,delinquent
C002608,C003592,13,0.206931,0.34341,0.265152,0.184507,26234092,6.873199254222682,84215404,22.064009380117362,healthy,healthy
C002608,C003592,14,0.236179,0.346891,0.227008,0.189921,27110221,7.102740615494223,83722233,21.93480107554161,healthy,healthy
C002608,C003592,15,0.218601,0.355055,0.235402,0.190943,27917168,7.314156643104298,83228837,21.805533822105264,healthy,healthy
C002608,C003592,16,0.231049,0.336945,0.250331,0.181675,28813984,7.549117893616607,82735217,21.676207881803258,healthy,healthy
C002608,C003592,17,0.192172,0.362508,0.253048,0.192272,29519109,7.733857072854591,82241372,21.54682299264065,healthy,healthy
C002608,C003592,18,0.228568,0.344444,0.242252,0.184735,30392395,7.962653582523122,81747302,21.417379154617446,healthy,healthy
C002608,C003592,19,0.190997,0.350104,0.269191,0.189708,31103326,8.148913904359448,81253007,21.28787636773365,healthy,healthy
C002608,C003592,20,0.203726,0.355646,0.252013,0.188615,31866382,8.348830712234108,80758487,21.15831463198925,healthy,healthy
C002608,C003592,21,0.179662,0.355254,0.276331,0.188754,32539118,8.525084137490401,80263742,21.028693947384255,healthy,healthy
C002608,C003592,22,0.188716,0.352579,0.272565,0.18614,33256003,8.712904377175596,79768771,20.89901405192373,healthy,healthy
C002608,C003592,23,-2.05102,0.483737,0.257451,0.187659,25524229,6.68721874297799,86752587,22.72873847779021,watch,healthy
C002608,C003592,24,0.234182,0.349342,0.230211,0.186265,26414043,6.920345504948517,86257166,22.59894068460849,healthy,healthy
C002608,C003592,25,0.204313,0.364308,0.240923,0.190455,27173634,7.1193545003699805,85761518,22.469083418576297,healthy,healthy
C002608,C003592,26,0.196087,0.362928,0.25149,0.189495,27906668,7.311405696276432,85265645,22.33916720368351,healthy,healthy
C002608,C003592,27,0.204868,0.363826,0.238676,0.192631,28660403,7.508880449352755,84769546,22.20919177793519,healthy,healthy
C002608,C003592,28,0.206043,0.350382,0.260489,0.183086,29458342,7.717936426579456,84273221,22.079157141331336,healthy,healthy
C002608,C003592,29,0.210311,0.351467,0.251525,0.186697,30257421,7.927291078033184,83776670,21.949063293871948,healthy,healthy
C002608,C003592,30,0.178059,0.361043,0.274038,0.18686,30933677,8.104466725464153,83279893,21.818910235557027,healthy,healthy
C002608,C003592,31,0.183562,0.370833,0.253295,0.19231,31611382,8.282022003557367,82782890,21.688697966386574,healthy,healthy
C002608,C003592,32,0.181711,0.364916,0.266251,0.187122,32301171,8.462743228457052,82285660,21.558426224365654,healthy,healthy
C002608,C003592,33,0.179642,0.360057,0.271263,0.189037,32976503,8.639676792567169,81788204,21.428095271489198,healthy,healthy
C002608,C003592,34,0.205153,0.35132,0.259661,0.183865,33769798,8.847516065311146,81290521,21.297704845762272,healthy,healthy
C002608,C003592,35,0.181982,0.360458,0.271807,0.185753,34466655,9.030089070418388,80792611,21.16725494718488,healthy,healthy
C002608,C003592,36,0.187935,0.354101,0.274831,0.183134,35196935,9.22141873227113,80294474,21.036745575757017,healthy,healthy
C002608,C003604,13,0.069571,0.407074,0.282107,0.241247,19520468,3.549015111314954,79370514,14.430348369661788,healthy,stress
C002608,C003604,14,0.068942,0.410892,0.275398,0.244768,19885499,3.615381375438253,78463327,14.265412755833857,healthy,stress
C002608,C003604,15,0.111772,0.400008,0.252768,0.235452,20500916,3.7272703031401972,77555844,14.100423326263755,healthy,stress
C002608,C003604,16,0.085721,0.396173,0.285506,0.2326,20978841,3.8141618186036172,76648066,13.935380262761422,healthy,stress
C002608,C003604,17,0.096659,0.392947,0.277781,0.232612,21517895,3.91216719387509,75739993,13.770283565326858,healthy,stress
C002608,C003604,18,0.090648,0.405301,0.26826,0.235791,22016775,4.00286853662634,74831625,13.60513323396006,healthy,stress
C002608,C003604,19,0.065047,0.405364,0.292884,0.236705,22373491,4.067723051100471,73922961,13.439929086851095,healthy,stress
C002608,C003604,20,0.075599,0.417721,0.263397,0.243283,22776999,4.141084816276208,73014002,13.274671305809894,healthy,stress
C002608,C003604,21,0.033802,0.423605,0.299975,0.242619,22957966,4.1739864156461275,72104748,13.109359890836465,watch,stress
C002608,C003604,22,0.041501,0.421428,0.290907,0.246164,23177028,4.213814064671492,71195197,12.943994478310923,watch,stress
C002608,C003604,23,-2.0,1.0,1.0,1.0,22125958,4.022719091279983,70827323,12.877111328528866,stress,stress
C002608,C003604,24,-2.0,1.0,1.0,1.0,21065574,3.829930740109479,70456189,12.809635478343164,stress,stress
C002608,C003604,25,-2.0,1.0,1.0,1.0,19960106,3.628945669614493,70069275,12.739290667307932,stress,stress
C002608,C003604,26,0.031008,0.426207,0.301115,0.24167,20127040,3.659295930099654,69158541,12.573710173623645,watch,stress
C002608,C003604,27,0.032476,0.425658,0.301122,0.240745,20302604,3.691215210365009,68247511,12.408075864197187,watch,stress
C002608,C003604,28,0.014857,0.438001,0.299937,0.247206,20380845,3.7054402018623644,67336185,12.242387739028558,watch,stress
C002608,C003604,29,0.039311,0.432904,0.281777,0.246008,20588951,3.743275941187636,66424562,12.076645616307818,watch,stress
C002608,C003604,30,0.067666,0.42107,0.271013,0.240252,20955862,3.809984007997698,65512643,11.910849677844908,healthy,stress
C002608,C003604,31,0.054467,0.425413,0.279501,0.240619,21250848,3.8636153948899774,64600427,11.744999741829886,healthy,stress
C002608,C003604,32,0.017517,0.432792,0.307807,0.241884,21345251,3.880778798633856,63687915,11.579095990072693,watch,stress
C002608,C003604,33,0.041496,0.423987,0.298035,0.236483,21574066,3.9223796400017745,62775106,11.41313824076339,watch,stress
C002608,C003604,34,0.005527,0.435973,0.312623,0.245878,21603388,3.9277106710556398,61862000,11.247126493901973,watch,stress
C002608,C003604,35,0.009348,0.434988,0.310489,0.245175,21653138,3.9367557155590767,60948597,11.081060749488447,watch,stress
C002608,C003604,36,0.06068,0.422103,0.27864,0.238577,21985125,3.997114252032696,60034897,10.914941007522811,healthy,stress
C002608,C003610,13,-2.0,1.0,1.0,1.0,7894561,2.244507828873036,98124231,27.897764635886183,stress,stress
C002608,C003610,14,-2.0,1.0,1.0,1.0,7189865,2.044155245749603,97877587,27.82764111806872,stress,stress
C002608,C003610,15,-2.0,1.0,1.0,1.0,6478345,1.84186252669914,97628555,27.756838666401055,stress,stress
C002608,C003610,16,0.054402,0.373104,0.353462,0.219032,6672339,1.897017088397301,97081814,27.60139437318882,watch,stress
C002608,C003610,17,0.094809,0.367735,0.322023,0.215434,7016297,1.9948080135422852,96534711,27.445847159518557,watch,stress
C002608,C003610,18,0.037833,0.383616,0.354043,0.224508,7148090,2.0322781680310102,95987245,27.29019674107961,watch,stress
C002608,C003610,19,0.044939,0.378029,0.359851,0.217181,7310028,2.078318867291177,95439416,27.134443117871974,watch,stress
C002608,C003610,20,0.063318,0.371196,0.348468,0.217018,7538516,2.1432804408104067,94891224,26.978586289895656,watch,stress
C002608,C003610,21,0.054831,0.368439,0.360208,0.216522,7736964,2.1997013221772357,94342668,26.82262597283999,watch,stress
C002608,C003610,22,0.053857,0.392199,0.326017,0.227926,7922257,2.2523820968441703,93793749,26.666562451015643,healthy,stress
C002608,C003610,23,0.065236,0.378119,0.333821,0.222824,8151989,2.3176973528213756,93244466,26.51039544011195,healthy,stress
C002608,C003610,24,0.029265,0.381311,0.368038,0.221386,8255786,2.3472079461417055,92694819,26.354124940128912,watch,stress
C002608,C003610,25,0.069276,0.376768,0.334511,0.219445,8503833,2.4177303518116937,92144808,26.197750951066535,healthy,stress
C002608,C003610,26,0.020376,0.386934,0.371341,0.22135,8576210,2.4383079042722224,91594432,26.041273188614152,watch,stress
C002608,C003610,27,-0.00956,0.394007,0.385976,0.229577,8543448,2.4289933185100074,91043692,25.88469193708243,watch,stress
C002608,C003610,28,0.066338,0.377593,0.335161,0.220907,8779872,2.4962111814074475,90492587,25.728006912160705,healthy,stress
C002608,C003610,29,0.078621,0.376889,0.326852,0.217638,9064466,2.5771242886784274,89941117,25.57121811384898,healthy,stress
C002608,C003610,30,0.046815,0.385056,0.343926,0.224203,9229076,2.6239246660155318,89389281,25.414325257836595,watch,stress
C002608,C003610,31,0.035104,0.393511,0.341159,0.230225,9349359,2.6581224048360106,88837079,25.257328344123554,watch,stress
C002608,C003610,32,-0.01163,0.392097,0.391496,0.228037,9309101,2.6466766263849006,88284511,25.100227372709853,watch,stress
C002608,C003610,33,-0.031003,0.400606,0.398816,0.231582,9203351,2.616610774350402,87731577,24.943022343595494,watch,stress
C002608,C003610,34,0.032099,0.390161,0.354888,0.222852,9317201,2.6489795427109475,87178277,24.785713256780475,watch,stress
C002608,C003610,35,0.030445,0.395422,0.347133,0.227,9423283,2.6791397858837485,86624610,24.628299827954145,watch,stress
C002608,C003610,36,-0.014401,0.387197,0.402653,0.224551,9372524,2.6647084612178467,86070576,24.470782057116494,watch,stress
C002608,C003620,13,0.213029,0.350901,0.23453,0.20154,31118185,7.0849103478130395,134254839,30.566805167945162,healthy,recovered
C002608,C003620,14,-2.0,1.0,1.0,1.0,30212599,6.8787287976283285,133937884,30.494641648148264,stress,recovered
C002608,C003620,15,-2.0,1.0,1.0,1.0,29313431,6.674008481593754,133623175,30.422989492000664,stress,recovered
C002608,C003620,16,-2.0,1.0,1.0,1.0,28428331,6.47249113253084,133313390,30.352458419828643,stress,recovered
C002608,C003620,17,-2.0,1.0,1.0,1.0,27547079,6.271849886461029,133004952,30.282234029239707,stress,recovered
C002608,C003620,18,-2.0,1.0,1.0,1.0,26676889,6.07372720881889,132700386,30.212891205903706,stress,recovered
C002608,C003620,19,0.24279,0.341979,0.223225,0.192007,27775027,6.323748515637611,132092473,30.07448309809568,watch,recovered
C002608,C003620,20,0.231528,0.33925,0.237992,0.19123,28827036,6.563267287381286,131484238,29.936001678134907,watch,recovered
C002608,C003620,21,0.229731,0.35373,0.219261,0.197278,29839415,6.7937632000769845,130875681,29.797446946021385,watch,recovered
C002608,C003620,22,0.242859,0.342511,0.22231,0.192319,30937826,7.043846662851298,130266802,29.65881890175511,watch,recovered
C002608,C003620,23,0.23223,0.35851,0.211385,0.197875,31959215,7.276393949759014,129657600,29.520117317658595,healthy,recovered
C002608,C003620,24,0.221667,0.345521,0.238072,0.19474,32950365,7.50205649695561,129048076,29.381342421409332,healthy,recovered
C002608,C003620,25,0.22523,0.362666,0.210406,0.201698,33923216,7.72355277370762,128438229,29.242493985329826,healthy,recovered
C002608,C003620,26,0.225743,0.346049,0.235124,0.193084,34942322,7.955580272898796,127828059,29.103572009420077,healthy,recovered
C002608,C003620,27,0.231667,0.356419,0.216785,0.195128,35977766,8.191327566970765,127217566,28.964576493680088,healthy,recovered
C002608,C003620,28,0.225887,0.361489,0.212089,0.200535,36960674,8.415113596269974,126606750,28.825507438109856,healthy,recovered
C002608,C003620,29,0.219924,0.363359,0.218538,0.198179,37929530,8.63570030143741,125995610,28.686364615031888,healthy,recovered
C002608,C003620,30,0.207854,0.362967,0.231499,0.197681,38848002,8.844815703797046,125384147,28.54714825212368,healthy,recovered
C002608,C003620,31,0.218149,0.35818,0.225498,0.198174,39810078,9.063858755561876,124772360,28.407858121707733,healthy,recovered
C002608,C003620,32,0.25806,0.344902,0.204568,0.192469,40982522,9.330797866176178,124160249,28.268494223784053,healthy,recovered
C002608,C003620,33,0.209104,0.362181,0.231913,0.196802,41912123,9.542447091355518,123547813,28.129056330675144,healthy,recovered
C002608,C003620,34,0.182047,0.365995,0.253861,0.198097,42716572,9.725602022929703,122935053,27.989544670058503,healthy,recovered
C002608,C003620,35,0.225315,0.358635,0.217844,0.198206,43712194,9.952282743875038,122321969,27.849959241934123,healthy,recovered
C002608,C003620,36,0.240587,0.350036,0.215331,0.194046,44798670,10.19964887577028,121708560,27.710299818624517,healthy,recovered
C002608,C003698,13,0.252226,0.357837,0.213262,0.176675,28747226,6.928672456355395,142566150,34.36137304912939,healthy,recovered
C002608,C003698,14,0.227599,0.35563,0.241463,0.175309,29691716,7.156313963341256,142056904,34.23863429396362,healthy,recovered
C002608,C003698,15,0.232692,0.360217,0.230917,0.176174,30654445,7.388351444287576,141546679,34.115659579671394,healthy,recovered
C002608,C003698,16,0.204777,0.367452,0.247125,0.180645,31482296,7.587880554389061,141035474,33.99244866523217,healthy,recovered
C002608,C003698,17,0.269781,0.353916,0.204901,0.171403,32633956,7.865454290410973,140523287,33.86900106860482,healthy,recovered
C002608,C003698,18,-3.313462,0.356815,0.219526,0.174135,18684438,4.503333675850326,148328786,35.75028679437918,stress,recovered
C002608,C003698,19,0.242242,0.35786,0.225322,0.174576,19703648,4.74898423894264,147814628,35.62636414623167,stress,recovered
C002608,C003698,20,0.231522,0.361182,0.231473,0.175824,20672699,4.98254545185771,147299482,35.502203369772694,stress,recovered
C002608,C003698,21,0.254999,0.353044,0.216388,0.175569,21743622,5.240659911074662,146783346,35.37780398296113,healthy,recovered
C002608,C003698,22,0.228847,0.369499,0.219819,0.181835,22673374,5.464749257074215,146266219,35.253165744776425,healthy,recovered
C002608,C003698,23,0.221457,0.355831,0.244778,0.177934,23594593,5.686781974650904,145748098,35.128287932156894,healthy,recovered
C002608,C003698,24,0.229973,0.364643,0.224444,0.180941,24537148,5.913957106856706,145228982,35.00317030408198,healthy,recovered
C002608,C003698,25,0.210324,0.362439,0.250408,0.176829,25420911,6.1269621584065845,144708868,34.87781213749002,healthy,recovered
C002608,C003698,26,0.212092,0.364034,0.243539,0.180334,26296463,6.337988190153331,144187754,34.75221295033988,healthy,recovered
C002608,C003698,27,0.206509,0.361104,0.251336,0.181051,27147220,6.543038117160254,143665639,34.62637250161102,healthy,recovered
C002608,C003698,28,0.188016,0.368669,0.258322,0.184993,27906744,6.726099015583666,143142521,34.50029030926232,healthy,recovered
C002608,C003698,29,0.201413,0.362699,0.257198,0.17869,28750706,6.929511207897826,142618397,34.373965650232094,healthy,recovered
C002608,C003698,30,0.225642,0.352463,0.245346,0.17655,29709493,7.160598585803841,142093267,34.24739852452035,healthy,recovered
C002608,C003698,31,0.206313,0.37225,0.237432,0.184006,30552242,7.363718420180941,141567127,34.12058796804485,healthy,recovered
C002608,C003698,32,0.218176,0.362579,0.240095,0.179151,31469359,7.584762471428017,141039977,33.99353398080561,healthy,recovered
C002608,C003698,33,0.186083,0.367501,0.263623,0.182793,32237455,7.769889398076062,140511814,33.86623583974093,healthy,recovered
C002608,C003698,34,0.20786,0.359389,0.254757,0.177994,33120268,7.982665480095679,139982636,33.738693062809716,healthy,recovered
C002608,C003698,35,0.180959,0.372758,0.261163,0.18512,33860668,8.16111710136465,139452441,33.61090516797084,healthy,recovered
C002608,C003698,36,0.198566,0.363341,0.254887,0.183207,34683163,8.359355305356578,138921227,33.4828716731832,healthy,recovered
C002608,C003706,13,0.127931,0.336999,0.360969,0.174101,13790373,3.1278805851798572,150596847,34.15781095410555,healthy,healthy
C002608,C003706,14,0.16393,0.332355,0.331534,0.172181,14544916,3.2990231931704725,150042084,34.031981695021976,healthy,healthy
C002608,C003706,15,0.114483,0.337837,0.371,0.17668,15058969,3.415618763025868,149486753,33.906023604312715,healthy,healthy
C002608,C003706,16,0.166486,0.332064,0.327411,0.174039,15818647,3.587926072421217,148930854,33.77993668197777,healthy,healthy
C002608,C003706,17,0.13102,0.349661,0.341569,0.17775,16404608,3.720831544635244,148374386,33.6537207012009,healthy,healthy
C002608,C003706,18,0.104522,0.338274,0.383867,0.173336,16884457,3.829669091735527,147817348,33.527375435165865,healthy,healthy
C002608,C003706,19,0.092062,0.344491,0.384545,0.178903,17294371,3.922644244923437,147259740,33.40090088387266,healthy,healthy
C002608,C003706,20,0.076956,0.348941,0.392445,0.181658,17632171,3.99926277160678,146701561,33.274296820505036,healthy,healthy
C002608,C003706,21,0.092761,0.348176,0.3802,0.178863,18046139,4.093157437841387,146142811,33.147563245063004,healthy,healthy
C002608,C003706,22,0.116593,0.343311,0.365065,0.175031,18578396,4.213881970573466,145583489,33.02069993073032,healthy,healthy
C002608,C003706,23,0.008702,0.338679,0.391334,0.261285,18618356,4.222945547619844,144743649,32.830210577711554,watch,healthy
C002608,C003706,24,-0.036102,0.351228,0.413394,0.27148,18458644,4.1867202719133605,143902949,32.63952616272432,watch,healthy
C002608,C003706,25,0.057828,0.338417,0.342926,0.260829,18725190,4.247177234060603,143061389,32.44864668576863,healthy,healthy
C002608,C003706,26,0.013638,0.35718,0.354775,0.274407,18785003,4.260743793967384,142218967,32.25757169321198,watch,healthy
C002608,C003706,27,0.019178,0.341679,0.378703,0.26044,18873714,4.280864889647094,141375683,32.066301185054385,watch,healthy
C002608,C003706,28,0.03203,0.351084,0.347576,0.26931,19017141,4.313396462846064,140531536,31.874834934479594,watch,healthy
C002608,C003706,29,0.059052,0.35396,0.406003,0.180984,19279724,4.372954552224667,139968196,31.74706027248494,healthy,healthy
C002608,C003706,30,0.052667,0.356984,0.408648,0.1817,19513232,4.425917959355437,139404279,31.619154737518418,healthy,healthy
C002608,C003706,31,0.104499,0.360546,0.35324,0.181715,19976981,4.53110376495305,138839785,31.49111832958003,healthy,healthy
C002608,C003706,32,0.069738,0.349604,0.405937,0.174721,20299185,4.604184865519894,138274713,31.362950821853534,healthy,healthy
C002608,C003706,33,0.061758,0.360549,0.39843,0.179264,20577571,4.667327331977174,137709063,31.234652214338933,healthy,healthy
C002608,C003706,34,0.080182,0.350986,0.39464,0.174191,20949916,4.751781225754289,137142834,31.106222280219978,healthy,healthy
C002608,C003706,35,0.095382,0.357368,0.366461,0.180788,21377120,4.848678031773327,136576026,30.977661019496672,healthy,healthy
C002608,C003706,36,0.08138,0.352748,0.391625,0.174247,21755681,4.934541815313212,136008638,30.848968205352776,healthy,healthy
C002608,C003833,13,-0.059595,0.315225,0.494388,0.249982,14113341,1.964255806091593,31394890,4.369454048060405,watch,delinquent
C002608,C003833,14,-0.019944,0.312207,0.461263,0.246474,13968099,1.944041425826257,30138432,4.194583695136159,watch,delinquent
C002608,C003833,15,-0.043769,0.327872,0.45962,0.256276,13661427,1.9013596641820283,28881490,4.019645980429175,stress,delinquent
C002608,C003833,16,-0.056592,0.329381,0.47099,0.256221,13264668,1.8461398427826095,27624063,3.8446407647622163,stress,delinquent
C002608,C003833,17,-0.013801,0.319147,0.445521,0.249133,13165118,1.8322847488331033,26366151,3.6695680481352824,stress,delinquent
C002608,C003833,18,-0.068444,0.317306,0.50607,0.245069,12663044,1.7624074767125169,25107755,3.494427969725611,stress,delinquent
C002608,C003833,19,-0.088158,0.322057,0.511716,0.254385,12039800,1.675666098777147,23848874,3.319220390355964,stress,delinquent
C002608,C003833,20,-0.066432,0.317391,0.502385,0.246656,11555250,1.6082277685588322,44803950,6.235689970456848,stress,delinquent
C002608,C003833,21,-0.128515,0.330473,0.543203,0.254839,10647618,1.4819060545299199,43544098,6.060347249990014,stress,delinquent
C002608,C003833,22,-0.103529,0.317869,0.540282,0.245378,9887963,1.3761793705097074,42283760,5.884936889385968,stress,delinquent
C002608,C003833,23,-0.084458,0.324514,0.506223,0.25372,9288393,1.2927328744845397,41022936,5.70945888864471,stress,delinquent
C002608,C003833,24,-0.115927,0.316694,0.552184,0.247049,8442871,1.1750554586495383,39761626,5.5339132477662405,stress,delinquent
C002608,C003833,25,-0.117623,0.334849,0.526078,0.256696,7616901,1.06009923615357,38499830,5.358299966750558,stress,delinquent
C002608,C003833,26,-0.093441,0.315033,0.531545,0.246863,6934343,0.9651026995791141,37237547,5.182618906420426,stress,delinquent
C002608,C003833,27,-0.108249,0.319609,0.5396,0.249041,6150228,0.855971740340369,35974778,5.006870205953084,stress,delinquent
C002608,C003833,28,-0.062788,0.316677,0.502063,0.244048,5685934,0.7913525842359789,34711522,4.831053726171291,stress,delinquent
C002608,C003833,29,-0.161742,0.326145,0.580272,0.255325,4542293,0.6321837896653386,33447779,4.65516946707505,stress,delinquent
C002608,C003833,30,-0.195842,0.329953,0.610258,0.25563,3158658,0.4396132932632789,32183549,4.479217428664359,stress,delinquent
C002608,C003833,31,-0.183344,0.324669,0.60877,0.249905,1833138,0.25513108199306817,30918832,4.303197610939219,stress,delinquent
C002608,C003833,32,-0.237808,0.329237,0.65209,0.256481,157287,0.021890770085745703,29653627,4.127109874722394,stress,delinquent
C002608,C003833,33,-0.170894,0.324291,0.594186,0.252417,-1066874,-0.148484575613114,28387934,3.9509542200138816,stress,delinquent
C002608,C003833,34,-0.131533,0.317335,0.567853,0.246344,-2032677,-0.28290236869915075,27121753,3.7747306468136834,stress,delinquent
C002608,C003833,35,-0.149205,0.322203,0.57556,0.251442,-3106448,-0.43234684971628023,25855084,3.598439155121799,delinquent,delinquent
C002608,C003833,36,-0.248992,0.336964,0.652548,0.25948,-4843503,-0.6741053652407356,24587927,3.422079744938228,delinquent,delinquent
C002608,C003862,13,0.179626,0.363692,0.242263,0.214419,35463579,7.016956989959337,30197564,5.975003475806671,healthy,healthy
C002608,C003862,14,0.215503,0.346946,0.235156,0.202396,36597580,7.241334688656101,29452043,5.827491889564586,healthy,healthy
C002608,C003862,15,0.207806,0.351066,0.23795,0.203178,37687863,7.45706217960911,28705841,5.6798455581037475,healthy,healthy
C002608,C003862,16,0.213375,0.351419,0.231661,0.203545,38806372,7.678374572977034,27958957,5.5320642835603975,healthy,healthy
C002608,C003862,17,0.221656,0.349411,0.224852,0.204081,39966292,7.907880702400509,27211391,5.384148065934535,healthy,healthy
C002608,C003862,18,0.158221,0.36723,0.264726,0.209823,40772341,8.067368586147373,26463141,5.236096509498648,healthy,healthy
C002608,C003862,19,0.179275,0.356837,0.258417,0.20547,41705845,8.25207519508707,25714207,5.087909614252733,healthy,healthy
C002608,C003862,20,0.023227,0.510314,0.258667,0.207792,41825550,8.275760476160452,24964590,4.93958757806055,watch,healthy
C002608,C003862,21,0.019343,0.52216,0.247313,0.211184,41923724,8.295185552674365,24214287,4.791129807330826,watch,healthy
C002608,C003862,22,-0.009795,0.53526,0.260379,0.214156,41874655,8.28547657596504,23463299,4.642536499927318,watch,healthy
C002608,C003862,23,0.016147,0.517573,0.259002,0.207277,41958307,8.302028274994743,22711625,4.493807457986269,watch,healthy
C002608,C003862,24,0.02159,0.53596,0.227441,0.215009,42066235,8.323383314597834,21959264,4.344942483643922,watch,healthy
C002608,C003862,25,0.014371,0.521755,0.254251,0.209624,42139985,8.337975766702273,21206215,4.195941379036519,watch,healthy
C002608,C003862,26,0.015723,0.530586,0.241069,0.212622,42219608,8.35373027265362,20452478,4.046804144164061,watch,healthy
C002608,C003862,27,0.136586,0.380726,0.266913,0.215776,42901822,8.488715698009253,19698053,3.897530779026547,healthy,healthy
C002608,C003862,28,0.148564,0.381775,0.255282,0.214379,43649382,8.63663072845257,18942939,3.74812108576022,healthy,healthy
C002608,C003862,29,0.147462,0.384062,0.252675,0.215802,44387176,8.782613421441624,18187134,3.5985746686375655,healthy,healthy
C002608,C003862,30,0.14861,0.381313,0.253468,0.216609,45128621,8.929318515008758,17430639,3.44889172552234,healthy,healthy
C002608,C003862,31,0.165203,0.36496,0.260422,0.209416,45981942,9.098159814292991,16673453,3.2990720585507876,healthy,healthy
C002608,C003862,32,0.193997,0.370749,0.226885,0.208369,46989946,9.297607273155137,15915575,3.14911546985915,healthy,healthy
C002608,C003862,33,0.197681,0.366041,0.229681,0.206597,48026850,9.502772994604651,15157005,2.999021959447427,healthy,healthy
C002608,C003862,34,0.178942,0.365196,0.248378,0.207483,48962311,9.687866822917476,14397741,2.8487911315881043,healthy,healthy
C002608,C003862,35,0.150395,0.386832,0.245481,0.217292,49713729,9.836545211736645,13637783,2.6984229862811824,healthy,healthy
C002608,C003862,36,0.158519,0.377705,0.251119,0.212657,50523737,9.99681643809885,12877131,2.5479175235266602,healthy,healthy
C002608,C003958,13,0.16547,0.370659,0.259306,0.204566,28853606,6.817649985503968,133093912,31.447982869713627,healthy,healthy
C002608,C003958,14,0.129534,0.377727,0.284478,0.208262,29389947,6.944378866839465,132490289,31.305356317690983,healthy,healthy
C002608,C003958,15,0.206475,0.357503,0.234521,0.201502,30274879,7.153474278933606,131885757,31.162514983369142,healthy,healthy
C002608,C003958,16,0.174399,0.366542,0.254419,0.204641,31011977,7.327638858882989,131280315,31.019458630463944,healthy,healthy
C002608,C003958,17,0.19166,0.36639,0.238404,0.203546,31827615,7.520361196565028,130673961,30.87618678640708,healthy,healthy
C002608,C003958,18,0.167154,0.374382,0.247638,0.210827,32515430,7.682880984378704,130066694,30.732699214914383,healthy,healthy
C002608,C003958,19,0.167404,0.383478,0.238964,0.210154,33207521,7.846411123249991,129458512,30.58899544341755,healthy,healthy
C002608,C003958,20,0.146909,0.372212,0.275211,0.205669,33829059,7.993270705954842,128849415,30.445075471916567,healthy,healthy
C002608,C003958,21,0.179032,0.375662,0.240872,0.204434,34592223,8.173594268754485,128239400,30.30093859155897,healthy,healthy
C002608,C003958,22,0.139355,0.378745,0.275998,0.205901,35182914,8.313165194051908,127628467,30.15658480234476,healthy,healthy
C002608,C003958,23,0.184622,0.365418,0.24636,0.2036,35975519,8.500445198733486,127016613,30.012013395421462,healthy,healthy
C002608,C003958,24,-1.866073,0.498158,0.241074,0.209773,28188320,6.660453443475356,134735696,31.83591041900506,watch,healthy
C002608,C003958,25,0.156657,0.384539,0.248821,0.209984,28842383,6.814998168403973,134121998,31.690903304095272,healthy,healthy
C002608,C003958,26,0.122074,0.388449,0.279934,0.209543,29353899,6.935861295528709,133507376,31.545677862623922,healthy,healthy
C002608,C003958,27,0.108717,0.393274,0.285914,0.212095,29804644,7.042365198115997,132891828,31.400233622022693,healthy,healthy
C002608,C003958,28,0.178387,0.379255,0.23651,0.205848,30567834,7.222694904303736,132275353,31.254570346007434,healthy,healthy
C002608,C003958,29,0.140137,0.381806,0.269455,0.208602,31160358,7.362698938461918,131657949,31.108687562009827,healthy,healthy
C002608,C003958,30,0.123176,0.385472,0.27911,0.212242,31673006,7.483829539252982,131039616,30.96258527002987,healthy,healthy
C002608,C003958,31,0.153774,0.383303,0.25753,0.205393,32335337,7.640327861596083,130420352,30.81626299749925,healthy,healthy
C002608,C003958,32,0.151854,0.394898,0.241354,0.211893,32970290,7.790357196274241,129800155,30.669720271849652,healthy,healthy
C002608,C003958,33,0.111457,0.39056,0.288036,0.209947,33441358,7.901663101795075,129179024,30.522956856796917,healthy,healthy
C002608,C003958,34,0.116063,0.390939,0.283745,0.209254,33934258,8.018127563043173,128556958,30.37597251605689,healthy,healthy
C002608,C003958,35,0.123043,0.40802,0.250721,0.218217,34436094,8.13670345952299,127933954,30.228766540777094,healthy,healthy
C002608,C003958,36,0.137937,0.394301,0.256249,0.211513,35017379,8.274051896034656,127310012,30.081338930957536,healthy,healthy
C002608,C003960,13,0.276112,0.33493,0.164741,0.224217,33732174,8.617337469683939,95222212,24.325794578605805,healthy,healthy
C002608,C003960,14,0.241771,0.35051,0.173754,0.233965,34662477,8.85499588150345,94592024,24.1648045794037,healthy,healthy
C002608,C003960,15,0.279122,0.346234,0.145121,0.229523,35755642,9.134259581348205,93962785,24.0040570150135,healthy,healthy
C002608,C003960,16,0.27415,0.348235,0.146462,0.231154,36820151,9.406202720634626,93334494,23.843551629971753,healthy,healthy
C002608,C003960,17,0.301787,0.329151,0.150085,0.218977,38055272,9.721730989666248,92707149,23.683287913351567,healthy,healthy
C002608,C003960,18,0.288769,0.329151,0.159705,0.222374,39217309,10.018588968083504,92080749,23.52326560968949,healthy,healthy
C002608,C003960,19,0.273562,0.333642,0.169453,0.223343,40311725,10.298172252701377,91455292,23.363484208058626,healthy,healthy
C002608,C003960,20,0.251732,0.349076,0.169658,0.229534,41290168,10.548128674894917,90830777,23.203943452995535,healthy,healthy
C002608,C003960,21,0.29673,0.33429,0.149931,0.219049,42496894,10.856403059328064,90207203,23.04464308903676,healthy,healthy
C002608,C003960,22,0.28662,0.335297,0.15905,0.219034,43660835,11.153747440149811,89584568,22.88558260525541,healthy,healthy
C002608,C003960,23,0.27609,0.346343,0.152341,0.225226,44749549,11.431874072188691,88962871,22.72676174618804,healthy,healthy
C002608,C003960,24,0.320325,0.330044,0.136707,0.212924,46083662,11.772691178838635,88342110,22.568180000907745,healthy,healthy
C002608,C003960,25,0.296607,0.337048,0.149662,0.216683,47295733,12.082331015399932,87722284,22.409837113951088,healthy,healthy
C002608,C003960,26,0.31121,0.333856,0.141864,0.21307,48587093,12.412226293268802,87103392,22.251732829854614,healthy,healthy
C002608,C003960,27,0.296553,0.336539,0.147262,0.219645,49779000,12.716714964869944,86485433,22.093866893154882,healthy,healthy
C002608,C003960,28,0.312284,0.334001,0.137777,0.215938,51053762,13.042370060433285,85868404,21.93623853746154,healthy,healthy
C002608,C003960,29,0.317933,0.327718,0.142766,0.211582,52376304,13.38023119952947,85252305,21.778847762774596,healthy,healthy
C002608,C003960,30,0.315072,0.334113,0.136298,0.214517,53667069,13.709974476646936,84637134,21.621694058167154,healthy,healthy
C002608,C003960,31,0.290447,0.334379,0.16035,0.214824,54853455,14.013052734553126,84022890,21.46477716817576,healthy,healthy
C002608,C003960,32,0.28741,0.345091,0.149621,0.217877,56009245,14.308314832812371,83409570,21.308096326410073,healthy,healthy
C002608,C003960,33,0.300579,0.331458,0.155393,0.212571,57246300,14.624337168151916,82797174,21.151651532870098,healthy,healthy
C002608,C003960,34,0.290795,0.341201,0.15616,0.211844,58445385,14.93065955638091,82185701,20.995442532092383,healthy,healthy
C002608,C003960,35,0.32248,0.329328,0.14035,0.207842,59798685,15.276378240202572,81575148,20.839468557686583,healthy,healthy
C002608,C003960,36,0.310675,0.331482,0.149986,0.207857,61100384,15.608914754657588,80965515,20.6837296096527,healthy,healthy
C002608,C003962,13,-0.011433,0.364279,0.441715,0.205439,19578791,3.7757377349728705,19089058,3.6812935290889897,watch,stress
C002608,C003962,14,0.006266,0.356797,0.435306,0.201631,19612279,3.782195840852277,18334730,3.53582261139307,watch,stress
C002608,C003962,15,-0.073516,0.367355,0.500271,0.205889,19227442,3.7079806565380995,40441435,7.799064415466336,watch,stress
C002608,C003962,16,-0.07538,0.368749,0.497095,0.209536,18839652,3.6331959910168665,39686869,7.6535475998607385,watch,stress
C002608,C003962,17,-0.03709,0.363102,0.471492,0.202496,18642176,3.5951130682791193,38932183,7.5080076424519415,stress,stress
C002608,C003962,18,-0.031539,0.35983,0.472851,0.198857,18471157,3.5621323346016758,38177377,7.3624445432399455,stress,stress
C002608,C003962,19,-0.080899,0.378111,0.49296,0.209827,18055355,3.4819456008203513,37422452,7.216858495073111,stress,stress
C002608,C003962,20,-0.098972,0.369779,0.525123,0.20407,17532228,3.3810614168029036,36667408,7.071249497951436,stress,stress
C002608,C003962,21,-0.107213,0.359835,0.548535,0.198843,16950553,3.2688863470046536,35912244,6.925617359026564,stress,stress
C002608,C003962,22,-0.085925,0.36163,0.522305,0.20199,16491562,3.180370685403642,35156960,6.7799620782984915,stress,stress
C002608,C003962,23,-0.086539,0.366466,0.514513,0.20556,16037248,3.0927569755823123,34401556,6.634283655767221,stress,stress
C002608,C003962,24,-0.06485,0.354841,0.511269,0.19874,15685060,3.0248380973735083,33646033,6.488582284281111,stress,stress
C002608,C003962,25,-0.118728,0.379168,0.532962,0.206598,15064698,2.9052023030722545,32890390,6.3428577709918015,stress,stress
C002608,C003962,26,-0.141108,0.385416,0.54642,0.209272,14336706,2.7648102397850796,32134628,6.197110308747654,stress,stress
C002608,C003962,27,-0.169737,0.366031,0.60455,0.199156,13416386,2.5873280371173952,31378746,6.051339704700307,stress,stress
C002608,C003962,28,-0.20159,0.373697,0.624526,0.203367,12345821,2.380871332602738,30622745,5.90554615169812,stress,stress
C002608,C003962,29,-0.126735,0.356626,0.572403,0.197706,11653401,2.247339271177193,29866624,5.759729456892735,stress,stress
C002608,C003962,30,-0.186633,0.377993,0.604543,0.204096,10665496,2.0568234120994604,29110382,5.613889427435791,stress,stress
C002608,C003962,31,-0.210465,0.360557,0.651102,0.198806,9521613,1.836227451526922,28354021,5.468026449024007,stress,stress
C002608,C003962,32,-0.260748,0.381169,0.671676,0.207903,8166239,1.5748457984513506,27597540,5.322140328809025,stress,stress
C002608,C003962,33,-0.227095,0.384249,0.635681,0.207165,6981395,1.3463505762051866,26840939,5.176231066790844,stress,stress
C002608,C003962,34,-0.210546,0.380285,0.623455,0.206806,5880812,1.1341049496202944,26084219,5.030298855817824,stress,stress
C002608,C003962,35,-0.272707,0.384597,0.680043,0.208067,4463718,0.8608206957660272,25327379,4.884343503041604,stress,stress
C002608,C003962,36,-0.335667,0.381749,0.746728,0.20719,2711796,0.5229654112324141,24570419,4.7383650084621864,stress,stress
C002608,C004048,13,0.059552,0.400424,0.323795,0.216229,7212662,3.4457751088052206,54896065,26.226030604006326,healthy,stress
C002608,C004048,14,0.022204,0.415956,0.337469,0.224371,7257611,3.467249031382722,54578122,26.07413660489492,watch,stress
C002608,C004048,15,0.088364,0.39652,0.300704,0.214413,7445018,3.5567807986852604,54259804,25.922063453389324,healthy,stress
C002608,C004048,16,0.063128,0.399215,0.320951,0.216705,7577644,3.6201415065044262,53941111,25.769811149489534,healthy,stress
C002608,C004048,17,0.045188,0.408571,0.323804,0.222438,7670242,3.6643792488976157,53622041,25.617378737716116,watch,stress
C002608,C004048,18,0.056448,0.399164,0.326296,0.218092,7788359,3.7208084311505405,53302595,25.46476669580879,healthy,stress
C002608,C004048,19,0.04552,0.403481,0.334309,0.21669,7884338,3.7666614115297703,52982772,25.311974546027834,watch,stress
C002608,C004048,20,0.014089,0.420306,0.339961,0.225644,7912899,3.7803061356111964,52662572,25.159002288373248,watch,stress
C002608,C004048,21,0.055207,0.419561,0.300609,0.224623,8025456,3.8340790850328923,52341994,25.00584944510532,healthy,stress
C002608,C004048,22,-0.014925,0.404905,0.284971,0.32505,7993877,3.8189925424830045,51860559,24.775848824043685,watch,stress
C002608,C004048,23,-0.048686,0.406331,0.314142,0.328212,7891736,3.770195729962402,51378556,24.545576846822314,watch,stress
C002608,C004048,24,-0.06011,0.409983,0.313216,0.336911,7768738,3.711434700146666,50895984,24.31503303570149,stress,stress
C002608,C004048,25,-0.046039,0.409903,0.300484,0.335652,7674068,3.666207081058098,50412843,24.08421739068121,stress,stress
C002608,C004048,26,-0.113879,0.418664,0.357958,0.337257,7440737,3.554735594953158,49929131,23.85312895628204,stress,stress
C002608,C004048,27,-0.05435,0.40856,0.310454,0.335337,7328607,3.501166640390982,49444849,23.621768210243694,stress,stress
C002608,C004048,28,0.027709,0.41971,0.325891,0.22669,7385050,3.5281317032854163,49121613,23.467345534805727,watch,stress
C002608,C004048,29,0.042248,0.419007,0.313064,0.225681,7471595,3.569477687166478,48797995,23.31274036279554,watch,stress
C002608,C004048,30,0.0667,0.401607,0.314341,0.217352,7613635,3.637335836689455,48473996,23.157953171952858,watch,stress
C002608,C004048,31,0.027119,0.418176,0.331346,0.223359,7669899,3.664215384174394,48149615,23.002983484537953,watch,stress
C002608,C004048,32,0.042125,0.41445,0.320975,0.222449,7757757,3.706188640304989,47824851,22.847830822811115,watch,stress
C002608,C004048,33,0.015508,0.4134,0.345372,0.22572,7789669,3.72143427018092,47499703,22.692494709032626,watch,stress
C002608,C004048,34,0.016356,0.427778,0.325963,0.229904,7822753,3.7372398110061678,47174171,22.53697514320248,watch,stress
C002608,C004048,35,0.042884,0.408719,0.325834,0.222563,7912464,3.7800983188339328,46848255,22.381272125320685,watch,stress
C002608,C004048,36,0.025672,0.403127,0.353796,0.217406,7967507,3.8063945461233812,46521955,22.22538565538723,watch,stress
C002608,C004076,13,0.17028,0.412234,0.232072,0.185414,29651566,6.5604370561706,96282781,21.3026564716197,healthy,recovered
C002608,C004076,14,0.202817,0.410129,0.204664,0.18239,30565626,6.762673696743422,95707381,21.175348676742335,healthy,recovered
C002608,C004076,15,0.219209,0.40086,0.201616,0.178314,31578058,6.986675235470007,95130892,21.04779993958374,healthy,recovered
C002608,C004076,16,0.179354,0.403767,0.234408,0.182471,32389079,7.16611439971963,94553312,20.92000981764202,healthy,recovered
C002608,C004076,17,0.20117,0.407054,0.207226,0.184551,33290200,7.365488274289813,93974639,20.791977868415277,healthy,recovered
C002608,C004076,18,0.163799,0.415863,0.234903,0.185434,34021809,7.527357458339921,93394870,20.663703428150672,healthy,recovered
C002608,C004076,19,0.185181,0.408237,0.226017,0.180564,34872834,7.715647545471494,92814004,20.53518627559726,healthy,recovered
C002608,C004076,20,0.183996,0.425896,0.201788,0.18832,35685125,7.895367698423748,92232038,20.406425747002196,healthy,recovered
C002608,C004076,21,0.160613,0.428432,0.22049,0.190465,36387527,8.050774806066169,91648971,20.277421621114538,healthy,recovered
C002608,C004076,22,0.178461,0.426316,0.205666,0.189557,37173203,8.224606365065242,91064800,20.148173234181442,healthy,recovered
C002608,C004076,23,0.153826,0.424326,0.234711,0.187137,37860481,8.37666727338593,90479523,20.018680143701015,healthy,recovered
C002608,C004076,24,0.158466,0.426932,0.222866,0.191735,38552823,8.529848596501992,89893139,19.888942128422308,healthy,recovered
C002608,C004076,25,0.20295,0.415764,0.198345,0.182941,39483892,8.735848494431556,89305644,19.758958303341537,healthy,recovered
C002608,C004076,26,0.20067,0.410109,0.20716,0.18206,40410711,8.940908075836564,88717037,19.628728447207752,healthy,recovered
C002608,C004076,27,-3.286751,0.43668,0.24116,0.191912,25982477,5.7486476404619005,97211606,21.508159882424295,stress,recovered
C002608,C004076,28,0.157127,0.421847,0.231205,0.18982,26681158,5.903231473330705,96620769,21.377436636678805,stress,recovered
C002608,C004076,29,0.178925,0.418465,0.218123,0.184487,27501312,6.08469132247886,96028813,21.24646581112367,healthy,recovered
C002608,C004076,30,0.162826,0.417776,0.235253,0.184145,28250472,6.250443681898958,95435737,21.115247184507947,healthy,recovered
C002608,C004076,31,0.175384,0.424901,0.212134,0.18758,29044134,6.426042150960406,94841539,20.983780314329746,healthy,recovered
C002608,C004076,32,0.168987,0.434049,0.205881,0.191083,29796254,6.592449413183488,94246216,20.852064536836217,healthy,recovered
C002608,C004076,33,0.126953,0.432711,0.248077,0.192259,30358896,6.71693448847961,93649766,20.72009940952547,healthy,recovered
C002608,C004076,34,0.193241,0.415002,0.206247,0.185511,31248151,6.913682999313236,93052186,20.587884268644668,healthy,recovered
C002608,C004076,35,0.139479,0.425524,0.244273,0.190724,31873645,7.052074139127315,92453475,20.45541889294286,healthy,recovered
C002608,C004076,36,0.165579,0.426535,0.220551,0.187335,32631046,7.219649827601262,91853631,20.322702839918154,healthy,recovered
C002608,C004077,13,0.080179,0.375054,0.280045,0.264721,7207210,2.5128246668724503,51365282,17.908725794095005,healthy,recovered
C002608,C004077,14,0.127258,0.359344,0.257995,0.255403,7581963,2.6434839070478375,50838798,17.725164890234336,healthy,recovered
C002608,C004077,15,0.129643,0.363563,0.24988,0.256914,7961711,2.7758846753889124,50312015,17.54149973874172,healthy,recovered
C002608,C004077,16,0.12607,0.370184,0.247885,0.255861,8332721,2.9052389025664676,49784933,17.35773033961717,healthy,recovered
C002608,C004077,17,0.117819,0.363635,0.266119,0.252426,8684370,3.0278428340851873,49257552,17.173856692860678,healthy,recovered
C002608,C004077,18,0.069616,0.382127,0.281997,0.266261,8881464,3.096560502210933,48729871,16.989878449817958,healthy,recovered
C002608,C004077,19,0.10675,0.373796,0.25677,0.262683,9187983,3.203429665738162,48201890,16.80579561048901,healthy,recovered
C002608,C004077,20,0.112728,0.370058,0.25901,0.258204,9517469,3.3183063722846806,47673610,16.62160852352812,healthy,recovered
C002608,C004077,21,0.101666,0.385655,0.248624,0.264055,9808201,3.4196713305763304,47145030,16.437316840281007,healthy,recovered
C002608,C004077,22,0.081866,0.390355,0.261556,0.266223,10040538,3.5006766217537963,46616149,16.252920212093375,healthy,recovered
C002608,C004077,23,-2.0,1.0,1.0,1.0,9466978,3.300702468658304,46415403,16.182929258509954,stress,recovered
C002608,C004077,24,-2.0,1.0,1.0,1.0,8870924,3.0928856860214737,46206784,16.110193349721634,stress,recovered
C002608,C004077,25,-2.0,1.0,1.0,1.0,8273422,2.8845640519764517,45997658,16.03728067320959,stress,recovered
C002608,C004077,26,0.0926,0.384198,0.262603,0.260599,8542505,2.9783809935996373,45467575,15.852464962568476,watch,recovered
C002608,C004077,27,0.129205,0.375823,0.235593,0.259379,8919935,3.109973581302461,44937191,15.667544306986846,watch,recovered
C002608,C004077,28,0.113727,0.380742,0.250321,0.255211,9257768,3.2277605051861165,44406506,15.482518706464703,watch,recovered
C002608,C004077,29,0.103446,0.393063,0.241355,0.262136,9557113,3.332128422855358,43875519,15.297387812347756,watch,recovered
C002608,C004077,30,0.111595,0.384265,0.244212,0.259928,9882968,3.4457391656842367,43344230,15.112151624636006,healthy,recovered
C002608,C004077,31,0.085534,0.381543,0.276108,0.256815,10135898,3.5339242946026457,42812640,14.92681049198374,healthy,recovered
C002608,C004077,32,0.048677,0.397992,0.287168,0.266163,10274863,3.5823750376546633,42280748,14.741364065736676,watch,recovered
C002608,C004077,33,0.082298,0.38552,0.270559,0.261622,10514023,3.66575919703523,41748554,14.555812345894806,healthy,recovered
C002608,C004077,34,0.12001,0.379993,0.246724,0.253273,10874474,3.7914319835918646,41216058,14.370155332458134,healthy,recovered
C002608,C004077,35,0.091703,0.380451,0.27066,0.257186,11145870,3.8860553625818643,40683259,14.184392676772374,healthy,recovered
C002608,C004077,36,0.115302,0.377386,0.255151,0.252161,11494103,4.00746829105474,40150158,13.99852472749181,healthy,recovered
C002608,C004091,13,0.179929,0.338719,0.23104,0.250311,11315814,3.291099256659646,84034693,24.44070887573104,healthy,healthy
C002608,C004091,14,0.130463,0.355086,0.253395,0.261056,11751542,3.417826692874645,83424370,24.2632021076256,healthy,healthy
C002608,C004091,15,0.136374,0.35551,0.248919,0.259198,12210312,3.5512556804824076,82814000,24.085681670007293,healthy,healthy
C002608,C004091,16,0.089567,0.364941,0.283432,0.26206,12508352,3.6379378424952193,82203584,23.908147853716823,healthy,healthy
C002608,C004091,17,0.130811,0.345578,0.269956,0.253655,12958092,3.7687405385885016,81593121,23.730600367913482,healthy,healthy
C002608,C004091,18,0.125766,0.355706,0.257887,0.260641,13378931,3.891137647631951,80982612,23.55303950343798,healthy,healthy
C002608,C004091,19,0.101231,0.359965,0.279543,0.259261,13719500,3.9901889737443557,80372056,23.375464969449606,healthy,healthy
C002608,C004091,20,0.143524,0.35537,0.244595,0.25651,14207569,4.1321393030002636,79761454,23.197877056789068,healthy,healthy
C002608,C004091,21,0.152102,0.35424,0.238924,0.254734,14728454,4.283633860643679,79150805,23.020275474615666,healthy,healthy
C002608,C004091,22,0.094951,0.362942,0.281626,0.260482,15046469,4.376125565624568,78540110,22.842660513770095,healthy,healthy
C002608,C004091,23,0.164626,0.350407,0.232533,0.252434,15615466,4.5416130509916455,77929368,22.665031883411658,healthy,healthy
C002608,C004091,24,0.128563,0.353885,0.263162,0.254389,16056438,4.669865655833658,77318580,22.487389874381055,healthy,healthy
C002608,C004091,25,0.134406,0.357297,0.249813,0.258485,16510180,4.801832296405451,76707745,22.309734195837585,healthy,healthy
C002608,C004091,26,-0.025871,0.359716,0.27651,0.389645,16423265,4.7765538770277045,75791423,22.04323046459378,watch,healthy
C002608,C004091,27,-0.057876,0.369871,0.293058,0.394947,16231424,4.7207587064375165,74875031,21.776706374501025,watch,healthy
C002608,C004091,28,-0.032347,0.359125,0.285528,0.387693,16122190,4.688989013492584,73958569,21.510161925559323,stress,healthy
C002608,C004091,29,0.012272,0.35106,0.259886,0.376782,16164834,4.7013916242725955,73042037,21.24359711776867,watch,healthy
C002608,C004091,30,-0.021161,0.353354,0.285477,0.38233,16092360,4.680313235433122,72125435,20.977011951129068,watch,healthy
C002608,C004091,31,0.001184,0.352127,0.264572,0.382117,16096417,4.681493176150093,71208763,20.710406425640514,watch,healthy
C002608,C004091,32,0.116784,0.368474,0.255349,0.259392,16489501,4.795818001585082,70597602,20.53265593302908,watch,healthy
C002608,C004091,33,0.145069,0.360733,0.239907,0.254291,16987622,4.940691861550132,69986394,20.35489177090478,watch,healthy
C002608,C004091,34,0.109466,0.358333,0.274456,0.257745,17358484,5.048553624965765,69375140,20.177114230108312,healthy,healthy
C002608,C004091,35,0.110865,0.373602,0.252864,0.262669,17727075,5.1557548891533385,68763839,19.99932301979898,healthy,healthy
C002608,C004091,36,0.119891,0.372818,0.245679,0.261613,18127312,5.2721600981102625,68152491,19.82151813997678,healthy,healthy
C002608,C004118,13,-0.042534,0.359,0.507039,0.176495,26778694,3.7479291611507124,125188821,17.521348609307708,watch,stress
C002608,C004118,14,0.031785,0.345902,0.454511,0.167802,27009126,3.7801802788662466,124337258,17.402164387692682,watch,stress
C002608,C004118,15,-0.0471,0.362474,0.508781,0.175844,26683038,3.7345412075843796,123485052,17.282890172202276,watch,stress
C002608,C004118,16,0.014885,0.350759,0.465278,0.169078,26790295,3.7495528298105247,122632203,17.163525962836495,watch,stress
C002608,C004118,17,-0.057515,0.361908,0.521182,0.174425,26388250,3.6932828646062905,121778711,17.044071759595333,watch,stress
C002608,C004118,18,-0.039116,0.34788,0.521425,0.169811,26107175,3.653943784478991,120924574,16.924527282560053,watch,stress
C002608,C004118,19,-0.007549,0.362797,0.468344,0.176408,26054919,3.646630067602242,120069792,16.804892531730655,stress,stress
C002608,C004118,20,-0.025574,0.354992,0.498328,0.172254,25873488,3.6212370990117373,119214365,16.685167507107135,stress,stress
C002608,C004118,21,-0.041221,0.356775,0.512674,0.171772,25580008,3.58016182289056,118358292,16.565352068730128,stress,stress
C002608,C004118,22,-0.087338,0.351999,0.566268,0.169072,24947778,3.491675309935361,117501573,16.445446216599628,stress,stress
C002608,C004118,23,-0.108822,0.350867,0.588098,0.169857,24163081,3.3818496116034154,116644207,16.325449810756268,stress,stress
C002608,C004118,24,-0.10581,0.366466,0.563359,0.175984,23426116,3.2787044539550463,115786195,16.20536299115942,stress,stress
C002608,C004118,25,-0.11352,0.361541,0.579192,0.172787,22620210,3.165910357329336,114927535,16.085185477890338,stress,stress
C002608,C004118,26,-0.118735,0.357263,0.589681,0.171792,21771759,3.0471616892760145,114068227,15.964917270949025,stress,stress
C002608,C004118,27,-0.189262,0.370343,0.642137,0.176782,20456522,2.8630819463981734,113208270,15.844558230376109,stress,stress
C002608,C004118,28,-0.111733,0.368927,0.567613,0.175194,19672425,2.7533402236886646,112347664,15.724108356171591,stress,stress
C002608,C004118,29,-0.127911,0.364733,0.588425,0.174754,18771859,2.6272975730298667,111486408,15.6035675083761,stress,stress
C002608,C004118,30,-0.136415,0.357336,0.608639,0.170441,17786371,2.489369292690127,110624502,15.482935686989638,stress,stress
C002608,C004118,31,-0.181358,0.363783,0.64347,0.174105,16502813,2.3097233227175704,109761946,15.3622128920122,stress,stress
C002608,C004118,32,-0.142845,0.361861,0.606557,0.174427,15492934,2.168381293366411,108898739,15.241398983484421,stress,stress
C002608,C004118,33,-0.215807,0.36361,0.678859,0.173338,13956490,1.953341557967999,108034880,15.120493821446926,stress,stress
C002608,C004118,34,-0.202687,0.353813,0.679043,0.169831,12482543,1.7470488633619583,107170369,14.999497405899715,stress,stress
C002608,C004118,35,-0.186299,0.366816,0.645374,0.17411,11160067,1.5619559545994195,106305205,14.878409596883422,stress,stress
C002608,C004118,36,-0.221778,0.376421,0.665423,0.179934,9635548,1.3485852346969356,105439388,14.757230394398041,stress,stress
C002608,C004132,13,0.293983,0.347717,0.167496,0.190804,35066486,8.360308420677947,7158007,1.706562391149535,healthy,healthy
C002608,C004132,14,0.286823,0.3446,0.182462,0.186116,36281109,8.64989041343448,6606300,1.575028234067272,healthy,healthy
C002608,C004132,15,0.324144,0.335234,0.159773,0.180848,37691944,8.986251910582704,6055302,1.4436631118483902,healthy,healthy
C002608,C004132,16,0.310936,0.338965,0.16734,0.18276,39029416,9.305122710012705,5505011,1.3124665476667585,healthy,healthy
C002608,C004132,17,0.311332,0.337799,0.167231,0.183638,40360477,9.622465043280316,4955427,1.1814385415223772,healthy,healthy
C002608,C004132,18,0.286826,0.343947,0.185366,0.183861,41583700,9.91409738839944,4406549,1.0505788550021802,healthy,healthy
C002608,C004132,19,0.311792,0.338533,0.1683,0.181375,42929891,10.235046911346817,3858375,0.9198870112800374,healthy,healthy
C002608,C004132,20,0.294597,0.343922,0.181156,0.180324,44190584,10.535612594027134,3318203,0.7911029489073649,healthy,healthy
C002608,C004132,21,0.354204,0.332624,0.1624,0.150771,45749668,10.907318589710426,2853654,0.6803483977807558,healthy,healthy
C002608,C004132,22,0.360916,0.334353,0.175611,0.129121,47344967,11.287658714557812,2454142,0.5850995171897012,healthy,healthy
C002608,C004132,23,0.407068,0.328039,0.154197,0.110696,49149918,11.717982615396096,2110562,0.5031855561735752,healthy,healthy
C002608,C004132,24,0.417264,0.335323,0.152298,0.095114,51001713,12.159474737870795,1815084,0.43273974043015917,healthy,healthy
C002608,C004132,25,0.44569,0.323195,0.151578,0.079536,53035917,12.644455549195225,1560972,0.3721561195508012,healthy,healthy
C002608,C004132,26,0.432584,0.326099,0.172259,0.069058,54991513,13.11069518627332,1342436,0.32005428188673424,healthy,healthy
C002608,C004132,27,0.431657,0.341913,0.165236,0.061194,56885394,13.562221161019178,1154495,0.27524669195911405,healthy,healthy
C002608,C004132,28,0.478607,0.322684,0.148215,0.050494,59073963,14.084004605186772,992866,0.2367122266087577,healthy,healthy
C002608,C004132,29,0.459407,0.327519,0.169197,0.043877,61153109,14.579700176497193,853865,0.20357257210266735,healthy,healthy
C002608,C004132,30,0.494615,0.324291,0.143329,0.037765,63389768,15.112948904980712,734324,0.17507243584960044,healthy,healthy
C002608,C004132,31,0.491445,0.328552,0.148053,0.03195,65648802,15.651532125802946,631518,0.15056214224629452,healthy,healthy
C002608,C004132,32,0.482962,0.324267,0.164916,0.027855,67838704,16.17363337458674,543105,0.1294833278935419,healthy,healthy
C002608,C004132,33,0.48641,0.323281,0.166623,0.023686,70069299,16.705436366241567,467070,0.1113555904645264,healthy,healthy
C002608,C004132,34,0.486026,0.331529,0.161821,0.020624,72270733,17.230286994495756,401680,0.09576576011687962,healthy,healthy
C002608,C004132,35,0.502405,0.32794,0.152001,0.017654,74556946,17.77535004402297,345445,0.08235860138312956,healthy,healthy
C002608,C004132,36,0.504176,0.325854,0.15493,0.015039,76873120,18.32755618740316,297083,0.07082846871341104,healthy,healthy
C002608,C004170,13,0.140556,0.366306,0.239167,0.253972,30815383,6.222336054470761,50750065,10.247607800825797,healthy,healthy
C002608,C004170,14,0.121259,0.379422,0.23863,0.26069,31409642,6.34233064293308,49855767,10.067028423024746,healthy,healthy
C002608,C004170,15,0.109462,0.380087,0.2515,0.25895,31950677,6.451578079099315,48959836,9.886119304886638,healthy,healthy
C002608,C004170,16,0.081237,0.395891,0.255493,0.267379,32340255,6.530242856214972,48062269,9.704879840642331,healthy,healthy
C002608,C004170,17,0.118984,0.385098,0.234024,0.261894,32923864,6.648086964218226,47163064,9.523309626445727,healthy,healthy
C002608,C004170,18,0.109606,0.38495,0.245611,0.259832,33466732,6.757704525331078,46262218,9.341408056527683,healthy,healthy
C002608,C004170,19,-0.028977,0.391635,0.23981,0.397532,33325766,6.729240240974965,44908482,9.068057557491699,watch,healthy
C002608,C004170,20,-0.0468,0.393541,0.253503,0.399756,33098948,6.683440459119164,43552275,8.7942081066046,watch,healthy
C002608,C004170,21,-0.031073,0.39227,0.236075,0.402728,32949190,6.653200867326798,42193592,8.51985869425115,stress,healthy
C002608,C004170,22,0.033055,0.374272,0.207479,0.385194,33116056,6.686894958620919,40832429,8.245008512739156,watch,healthy
C002608,C004170,23,-0.010134,0.388511,0.224074,0.397549,33066398,6.676867863913288,39468781,7.969656552453381,watch,healthy
C002608,C004170,24,0.029177,0.374501,0.212568,0.383753,33214783,6.706830215361026,38102643,7.693801803778586,watch,healthy
C002608,C004170,25,-0.053578,0.394023,0.256097,0.403458,32955139,6.654402107538157,36734011,7.417443459022578,watch,healthy
C002608,C004170,26,0.126863,0.384576,0.23024,0.258321,33596444,6.783896367707254,35819924,7.232868226028621,watch,healthy
C002608,C004170,27,0.123832,0.382477,0.23682,0.256871,34227112,6.911242772416907,34904169,7.047956185390935,watch,healthy
C002608,C004170,28,0.087978,0.400374,0.239554,0.272094,34650881,6.996811500459879,33986742,6.862706529417327,watch,healthy
C002608,C004170,29,0.13147,0.387971,0.216618,0.263941,35304891,7.128871192951269,33067640,6.677118652338655,healthy,healthy
C002608,C004170,30,0.123131,0.391875,0.216889,0.268105,35909006,7.2508559349727015,32146860,6.491191948385776,healthy,healthy
C002608,C004170,31,0.111101,0.40134,0.218281,0.269278,36452716,7.3606435152918,31224399,6.304925811789546,healthy,healthy
C002608,C004170,32,0.130136,0.387816,0.217735,0.264313,37102726,7.491895515591993,30300255,6.118319838703869,healthy,healthy
C002608,C004170,33,0.081359,0.403263,0.242269,0.27311,37496734,7.571454811809402,29374423,5.931373019513506,healthy,healthy
C002608,C004170,34,0.066348,0.396721,0.264455,0.272476,37819382,7.6366048793358345,28446901,5.744084950372363,healthy,healthy
C002608,C004170,35,0.08272,0.401687,0.246637,0.268956,38227650,7.719043598214865,27517686,5.556455025511294,healthy,healthy
C002608,C004170,36,0.095979,0.397768,0.233552,0.272701,38695709,7.81355549804488,26586775,5.368482639161157,healthy,healthy
C002608,C004175,13,0.153354,0.369128,0.265119,0.212398,46819716,7.024080199219846,87580190,13.13912878973704,healthy,stress
C002608,C004175,14,0.187302,0.360512,0.247761,0.204426,48085365,7.213957901170502,86613237,12.99406265091475,healthy,stress
C002608,C004175,15,0.146113,0.370563,0.273636,0.209687,49047957,7.358369785410198,85646245,12.848990661157186,healthy,stress
C002608,C004175,16,0.159186,0.373341,0.256296,0.211177,50089315,7.514598458563602,84679213,12.70391267044037,healthy,stress
C002608,C004175,17,0.145949,0.368553,0.273456,0.212043,51040218,7.6572567124854904,83712141,12.5588286787643,healthy,stress
C002608,C004175,18,0.146403,0.366003,0.278557,0.209036,52007843,7.802423667423238,82745029,12.413738686128978,healthy,stress
C002608,C004175,19,0.152032,0.357991,0.285464,0.204514,53034934,7.956511948434957,81777878,12.268642842558384,healthy,stress
C002608,C004175,20,0.163278,0.357568,0.276075,0.203078,54145843,8.123174939514081,80810687,12.123540998028535,healthy,stress
C002608,C004175,21,0.175892,0.363474,0.257443,0.203191,55341962,8.302621474042626,79843456,11.978433152539434,healthy,stress
C002608,C004175,22,0.144658,0.363758,0.285241,0.206342,56310694,8.447954505527708,78876185,11.833319306091079,healthy,stress
C002608,C004175,23,0.129209,0.377683,0.282211,0.210897,57157317,8.574968258676149,77908874,11.68819945868347,healthy,stress
C002608,C004175,24,-2.0,1.0,1.0,1.0,55789613,8.36977985931051,77430178,11.616383578915089,stress,stress
C002608,C004175,25,-2.0,1.0,1.0,1.0,54444123,8.167924092666214,76959257,11.545734135601576,stress,stress
C002608,C004175,26,-2.0,1.0,1.0,1.0,53115335,7.968574026558145,76494181,11.475961582458956,stress,stress
C002608,C004175,27,-2.0,1.0,1.0,1.0,51772827,7.767165631426184,76024303,11.405468614157973,stress,stress
C002608,C004175,28,-2.0,1.0,1.0,1.0,50452401,7.569070065850026,75562154,11.336135181208716,stress,stress
C002608,C004175,29,-2.0,1.0,1.0,1.0,49119937,7.369168511586577,75095792,11.266169697226102,stress,stress
C002608,C004175,30,-2.0,1.0,1.0,1.0,47754797,7.164364773709077,74617993,11.194488388968976,stress,stress
C002608,C004175,31,-2.0,1.0,1.0,1.0,46386595,6.959101662400735,74139122,11.122646255003863,stress,stress
C002608,C004175,32,0.125181,0.378713,0.289563,0.206543,47224425,7.084796254681311,73171453,10.977472699010937,watch,stress
C002608,C004175,33,0.128479,0.380565,0.282949,0.208007,48078311,7.2128996320061765,72203744,10.832293142058758,watch,stress
C002608,C004175,34,0.100326,0.386016,0.308037,0.205621,48752855,7.314097408470744,71235995,10.687107584147325,watch,stress
C002608,C004175,35,0.102404,0.390888,0.296128,0.21058,49425188,7.414963481912584,70268206,10.54191602527664,watch,stress
C002608,C004175,36,0.084268,0.39822,0.30701,0.210501,49978679,7.498000405364798,69300377,10.396718465446702,healthy,stress
C002608,C004183,13,0.131158,0.333509,0.336183,0.19915,23879381,5.642560295399312,40361019,9.537076496717281,healthy,stress
C002608,C004183,14,0.159138,0.31629,0.331972,0.1926,24553163,5.8017711041281785,39790196,9.402194307120293,healthy,stress
C002608,C004183,15,0.124617,0.317127,0.365558,0.192697,25080717,5.926429078054683,39219163,9.267262495731934,healthy,stress
C002608,C004183,16,0.09076,0.325952,0.389221,0.194067,25462368,6.016611012808329,38647919,9.132280826257961,healthy,stress
C002608,C004183,17,0.12362,0.325508,0.358975,0.191896,25988275,6.140879810113945,38076464,8.997249298698373,healthy,stress
C002608,C004183,18,0.092023,0.334976,0.375114,0.197887,26368048,6.230617984276193,37504798,8.862167913053169,healthy,stress
C002608,C004183,19,0.060258,0.328943,0.415046,0.195753,26619533,6.29004244238457,36932921,8.72703666932235,healthy,stress
C002608,C004183,20,0.089592,0.333035,0.38235,0.195023,26994980,6.378758407644591,36360833,8.591855567505917,healthy,stress
C002608,C004183,21,0.080608,0.319882,0.410191,0.189319,27343085,6.4610136156681985,35788534,8.45662460760387,healthy,stress
C002608,C004183,22,0.017281,0.335327,0.449016,0.198377,27414330,6.4778483991261835,35216024,8.321343789616206,watch,stress
C002608,C004183,23,-0.015059,0.339675,0.476132,0.199251,27352496,6.463237380804322,34643303,8.186013113542929,watch,stress
C002608,C004183,24,0.012442,0.333903,0.455845,0.19781,27403978,6.475402281105873,34070371,8.050632579384036,watch,stress
C002608,C004183,25,0.070865,0.332054,0.402877,0.194204,27702749,6.546000148865374,33497227,7.915201950845283,healthy,stress
C002608,C004183,26,0.047655,0.337589,0.416928,0.197829,27900055,6.592622421094459,32923871,7.779721227926671,watch,stress
C002608,C004183,27,-0.046545,0.342538,0.505398,0.198609,27708028,6.547247546182725,32350304,7.6441906469224445,watch,stress
C002608,C004183,28,0.019516,0.336198,0.447845,0.196441,27789464,6.566490404287637,31776525,7.508609971538358,watch,stress
C002608,C004183,29,-0.016963,0.343254,0.47555,0.198158,27719272,6.5499044386692375,31202534,7.372979201774411,watch,stress
C002608,C004183,30,-0.041802,0.339122,0.506124,0.196556,27544820,6.508682435106708,30628331,7.237298337630606,watch,stress
C002608,C004183,31,0.028952,0.3308,0.449101,0.191147,27669112,6.538051919359075,30053917,7.101567615401186,watch,stress
C002608,C004183,32,-0.012823,0.339054,0.480895,0.192875,27614534,6.525155452076179,29479291,6.965786798791906,watch,stress
C002608,C004183,33,-0.074392,0.338315,0.539949,0.196127,27303051,6.451553811879062,28904452,6.829955651508522,watch,stress
C002608,C004183,34,-0.058986,0.342364,0.522844,0.193778,27052986,6.3924648915980455,28329401,6.694074409845278,stress,stress
C002608,C004183,35,-0.05111,0.330949,0.52925,0.19091,26832975,6.340477558544852,27754138,6.558143073802174,stress,stress
C002608,C004183,36,-0.083181,0.341346,0.545271,0.196564,26485078,6.258271499724126,27178662,6.4221614070849675,stress,stress
C002608,C004189,13,0.203465,0.358554,0.221098,0.216884,32428123,5.812213763717355,8437857,1.5123486669789317,healthy,healthy
C002608,C004189,14,0.212739,0.347482,0.227466,0.212313,33655932,6.032278562688792,7580114,1.3586121812029213,healthy,healthy
C002608,C004189,15,0.198285,0.351063,0.238258,0.212393,34800319,6.237391324609031,6722050,1.204818161396398,healthy,healthy
C002608,C004189,16,0.172644,0.365308,0.239083,0.222966,35749824,6.407574656827133,5863664,1.0509664283256221,healthy,healthy
C002608,C004189,17,0.203975,0.346012,0.246201,0.203812,36923497,6.617936458054525,5042751,0.9038311211906855,healthy,healthy
C002608,C004189,18,0.206052,0.363294,0.248805,0.181848,38066283,6.8227622667571595,4336766,0.7772947893167131,healthy,healthy
C002608,C004189,19,0.229182,0.370334,0.24256,0.157924,39324995,7.048365925993194,3729619,0.6684735618284708,healthy,healthy
C002608,C004189,20,0.277241,0.35127,0.24257,0.128919,40929103,7.335876202060948,3207472,0.5748872022330134,healthy,healthy
C002608,C004189,21,0.295527,0.367685,0.220851,0.115936,42564298,7.628958317401445,2758426,0.4944030082590907,healthy,healthy
C002608,C004189,22,0.328509,0.351292,0.225285,0.094915,44473734,7.971193672810002,2372246,0.4251865225786716,healthy,healthy
C002608,C004189,23,0.305313,0.358383,0.253207,0.083097,46216951,8.28363697520361,2040132,0.3656604882805032,healthy,healthy
C002608,C004189,24,0.33885,0.35692,0.232372,0.071858,48141013,8.628493803292164,1754514,0.3144681059534279,healthy,healthy
C002608,C004189,25,-2.325927,0.362682,0.226154,0.062567,35096111,6.290407231006003,12600064,2.2583565938898023,watch,healthy
C002608,C004189,26,0.207405,0.356428,0.220645,0.215522,36280624,6.502711925974075,11738453,2.1039268320078,healthy,healthy
C002608,C004189,27,0.205342,0.356405,0.226331,0.211922,37473726,6.716556059534279,10876519,1.9494391776278055,healthy,healthy
C002608,C004189,28,0.171808,0.360695,0.250268,0.217228,38447968,6.89117309677666,10014261,1.7948934515160784,healthy,healthy
C002608,C004189,29,0.177774,0.356359,0.252401,0.213467,39474189,7.075106524586089,9151680,1.6402898329063587,healthy,healthy
C002608,C004189,30,0.199366,0.354819,0.230976,0.214839,40618128,7.280138989790846,8288775,1.4856281425649065,healthy,healthy
C002608,C004189,31,0.185614,0.36777,0.227778,0.218839,41664083,7.46760941622376,7425547,1.3309085597254617,healthy,healthy
C002608,C004189,32,0.153718,0.365259,0.26393,0.217094,42537591,7.624171521909532,6561995,1.1761309051542843,healthy,healthy
C002608,C004189,33,0.15551,0.370341,0.25577,0.218379,43416413,7.781686075689213,5698119,1.0212951788513744,healthy,healthy
C002608,C004189,34,0.200774,0.357348,0.24403,0.197847,44572899,7.988967386628684,4900382,0.8783137928727105,healthy,healthy
C002608,C004189,35,0.226435,0.369383,0.22982,0.174362,45845671,8.217091072247925,4214329,0.7553499479027262,healthy,healthy
C002608,C004189,36,0.225151,0.374202,0.251031,0.149615,47114073,8.444431506423737,3624323,0.649600965950369,healthy,healthy
C002608,C004193,13,0.14405,0.341545,0.306668,0.207737,15067067,5.699949874560299,67437735,25.51204618349946,healthy,recovered
C002608,C004193,14,0.160686,0.341492,0.288764,0.209058,15492792,5.861003858082585,67050017,25.36537044591465,healthy,recovered
C002608,C004193,15,0.161375,0.332275,0.301003,0.205347,15928558,6.025856404171193,66661864,25.218530145565538,healthy,recovered
C002608,C004193,16,0.147253,0.344543,0.298474,0.20973,16318316,6.173303884374796,66273276,25.07152528245212,healthy,recovered
C002608,C004193,17,0.134802,0.346805,0.307579,0.210814,16673681,6.307740313652845,65884252,24.924355478269202,healthy,recovered
C002608,C004193,18,0.162914,0.344249,0.280464,0.212372,17100482,6.469201353576024,65494792,24.777020733016773,healthy,recovered
C002608,C004193,19,0.150856,0.336478,0.303017,0.209649,17501275,6.620823431720009,65104896,24.62952104669484,healthy,recovered
C002608,C004193,20,0.160087,0.334585,0.299917,0.20541,17935858,6.785228442750758,64714562,24.48185566269299,healthy,recovered
C002608,C004193,21,0.163975,0.340348,0.284667,0.21101,18369667,6.949340645552612,64323790,24.33402458101122,healthy,recovered
C002608,C004193,22,0.123469,0.348797,0.312018,0.215716,18689546,7.070352536315723,63932580,24.186027801649537,healthy,recovered
C002608,C004193,23,0.153224,0.339498,0.297674,0.209603,19098550,7.225080878500347,63540931,24.037864946302726,healthy,recovered
C002608,C004193,24,-2.0,1.0,1.0,1.0,18566294,7.023725663153262,63354641,23.967390469609164,stress,recovered
C002608,C004193,25,-2.0,1.0,1.0,1.0,18033588,6.822200210463795,63168194,23.896856598998372,stress,recovered
C002608,C004193,26,-2.0,1.0,1.0,1.0,17485870,6.614995640032508,62976493,23.824335112838984,stress,recovered
C002608,C004193,27,-2.0,1.0,1.0,1.0,16951054,6.412671963359879,62789307,23.75352167468148,stress,recovered
C002608,C004193,28,0.155902,0.351914,0.279646,0.212539,17363764,6.568802304635311,62395458,23.604526547883033,watch,recovered
C002608,C004193,29,0.145073,0.341347,0.306612,0.206967,17758588,6.718166279008916,62001167,23.45536421018385,watch,recovered
C002608,C004193,30,0.107584,0.35428,0.323986,0.21415,18041881,6.82533749553127,61606434,23.306034661583926,watch,recovered
C002608,C004193,31,0.162444,0.345139,0.281465,0.210952,18476605,6.989795847595965,61211258,23.156537523778056,watch,recovered
C002608,C004193,32,0.192935,0.333809,0.267277,0.205979,19005987,7.190063813783046,60815639,23.006872796766245,healthy,recovered
C002608,C004193,33,0.175529,0.339516,0.276549,0.208406,19482532,7.3703432678381935,60419576,22.857040102243285,healthy,recovered
C002608,C004193,34,0.139364,0.337515,0.316346,0.206775,19864306,7.514770359282758,60023069,22.707039440209176,healthy,recovered
C002608,C004193,35,0.143796,0.348015,0.29817,0.210018,20252572,7.661653408120069,59626118,22.556870810663916,healthy,recovered
C002608,C004193,36,0.112795,0.352245,0.323361,0.211598,20555198,7.776138399176303,59228722,22.406533835302305,healthy,recovered
C002608,C004222,13,0.217404,0.33866,0.222863,0.221073,20663149,4.6671848876726045,52595885,11.879831076365281,healthy,recovered
C002608,C004222,14,0.19643,0.343009,0.237311,0.22325,21565708,4.87104586380131,51877833,11.717644691174764,healthy,recovered
C002608,C004222,15,-2.0,1.0,1.0,1.0,20676662,4.670237068605293,51566667,11.647361635443154,stress,recovered
C002608,C004222,16,-2.0,1.0,1.0,1.0,19792160,4.4704546265623994,51257091,11.57743771296715,stress,recovered
C002608,C004222,17,-2.0,1.0,1.0,1.0,18915910,4.272536063529092,50950403,11.508166102970506,stress,recovered
C002608,C004222,18,-2.0,1.0,1.0,1.0,18005424,4.066884616131723,50631733,11.436188118968424,stress,recovered
C002608,C004222,19,-2.0,1.0,1.0,1.0,17110926,3.864844377847938,50318659,11.365474103330092,stress,recovered
C002608,C004222,20,-2.0,1.0,1.0,1.0,16213664,3.6621798349613286,50004617,11.294541445558787,stress,recovered
C002608,C004222,21,0.16113,0.376801,0.224449,0.23762,16918030,3.821274963713989,49277500,11.13030754907138,watch,recovered
C002608,C004222,22,0.160403,0.364936,0.243601,0.231059,17640425,3.9844423021932425,48549079,10.965779118140386,watch,recovered
C002608,C004222,23,0.172385,0.364626,0.229245,0.233743,18409243,4.158095202386271,47819351,10.800955475155884,watch,recovered
C002608,C004222,24,0.172675,0.364543,0.232526,0.230256,19192420,4.334991369508367,47088314,10.635836168377933,watch,recovered
C002608,C004222,25,0.186815,0.368944,0.209613,0.234629,20025430,4.523143314949023,46355966,10.470420746066587,healthy,recovered
C002608,C004222,26,0.178899,0.352799,0.241573,0.226729,20852415,4.70993439380791,45622304,10.304708530611931,healthy,recovered
C002608,C004222,27,0.135719,0.377055,0.250285,0.236941,21453833,4.84577666067509,44887326,10.13869907027402,healthy,recovered
C002608,C004222,28,0.188974,0.3652,0.214624,0.231202,22313570,5.039965432859473,44151029,9.97239168744294,healthy,recovered
C002608,C004222,29,0.190201,0.360592,0.219601,0.229606,23186468,5.237126879746375,43413411,9.805785930378743,healthy,recovered
C002608,C004222,30,0.175216,0.37473,0.21583,0.234224,23976154,5.415493234516727,42674470,9.638881347341488,healthy,recovered
C002608,C004222,31,0.148232,0.377755,0.239723,0.234289,24645238,5.566619218914532,41934203,9.471677260721258,healthy,recovered
C002608,C004222,32,0.162951,0.376427,0.223379,0.237243,25372905,5.730977343886581,41192608,9.304173218778107,healthy,recovered
C002608,C004222,33,0.1741,0.362197,0.233666,0.230037,26176147,5.912405591998421,40449683,9.136368769772092,healthy,recovered
C002608,C004222,34,0.157183,0.37387,0.236649,0.232298,26895573,6.0749023225305745,39705425,8.968263236093298,healthy,recovered
C002608,C004222,35,0.162286,0.374317,0.225796,0.237601,27623077,6.2392236306971744,38959832,8.799856166001781,healthy,recovered
C002608,C004222,36,0.141761,0.380514,0.23891,0.238815,28256477,6.382289671011351,38212901,8.631146881887622,healthy,recovered
C002608,C004284,13,0.153045,0.366692,0.295322,0.184941,31036194,6.734119935265832,43400328,9.41684453905256,healthy,healthy
C002608,C004284,14,0.129327,0.377514,0.299191,0.193968,31610457,6.858721422045607,42797422,9.286028198824393,healthy,healthy
C002608,C004284,15,0.136841,0.381179,0.290151,0.191828,32225719,6.9922187219919705,42193677,9.155029815442814,healthy,healthy
C002608,C004284,16,0.162486,0.36398,0.286658,0.186877,32976684,7.155160362877026,41589091,9.023848954955133,healthy,healthy
C002608,C004284,17,0.055104,0.379263,0.281434,0.2842,33228227,7.209739243614676,40680949,8.82680362309994,healthy,healthy
C002608,C004284,18,0.018758,0.376326,0.317127,0.287789,33312906,7.22811258352866,39771543,8.629484033144728,watch,healthy
C002608,C004284,19,0.025083,0.376364,0.312941,0.285613,33427158,7.252902564891839,38860870,8.431889534160467,watch,healthy
C002608,C004284,20,0.015919,0.376627,0.319604,0.28785,33499204,7.268534842640076,37948929,8.23401990917081,watch,healthy
C002608,C004284,21,0.038923,0.389166,0.281205,0.290706,33673876,7.306434534765108,37035718,8.035874724223065,watch,healthy
C002608,C004284,22,0.01659,0.382992,0.311857,0.288562,33748984,7.32273119408158,36121235,7.837453545364546,watch,healthy
C002608,C004284,23,0.026953,0.374393,0.311503,0.287152,33871777,7.349374370406973,35205479,7.638756155618907,watch,healthy
C002608,C004284,24,0.15013,0.378092,0.282597,0.189181,34564856,7.4997561185882775,34594125,7.506106799228606,healthy,healthy
C002608,C004284,25,0.137436,0.386507,0.283714,0.192343,35189774,7.6353485421214735,33981919,7.373272578992409,healthy,healthy
C002608,C004284,26,0.114642,0.387203,0.304105,0.19405,35707185,7.747614489738177,33368861,7.240253494910314,healthy,healthy
C002608,C004284,27,0.108965,0.383563,0.316947,0.190525,36208768,7.856446135767018,32754949,7.107049113029633,healthy,healthy
C002608,C004284,28,0.10584,0.380053,0.320207,0.1939,36688155,7.960461774843358,32140182,6.973659216374019,healthy,healthy
C002608,C004284,29,0.125779,0.379329,0.305361,0.18953,37271797,8.087098282762415,31524559,6.840083587967129,healthy,healthy
C002608,C004284,30,0.123426,0.382248,0.299449,0.194876,37829585,8.208125084259148,30908079,6.706322010832617,healthy,healthy
C002608,C004284,31,0.128365,0.379159,0.302136,0.190339,38424351,8.337175237039425,30290740,6.5723740510177935,healthy,healthy
C002608,C004284,32,0.124044,0.386484,0.293613,0.195859,38983670,8.458534229320275,29672541,6.438239491546312,healthy,healthy
C002608,C004284,33,0.141876,0.38125,0.286298,0.190577,39642043,8.601385596473758,29053481,6.303918115441831,healthy,healthy
C002608,C004284,34,0.100479,0.390667,0.313826,0.195028,40098309,8.70038452547852,28433560,6.1694099227043475,healthy,healthy
C002608,C004284,35,0.101518,0.400193,0.300187,0.198101,40552772,8.798992246133338,27812776,6.034714479381172,healthy,healthy
C002608,C004284,36,0.059753,0.405056,0.334732,0.200459,40817490,8.856429790215698,27191127,5.899831351519616,healthy,healthy
C002608,C004288,13,0.064998,0.360298,0.335836,0.238868,15298776,4.202377032639058,22163998,6.088165232738751,healthy,stress
C002608,C004288,14,-3.923342,0.358488,0.332115,0.23641,572730,0.1573215659804005,28796821,7.91011641607264,stress,stress
C002608,C004288,15,0.04219,0.376496,0.333829,0.247485,724007,0.19887541253430382,28175648,7.739488180944843,stress,stress
C002608,C004288,16,0.071072,0.365565,0.322831,0.240532,986224,0.27090305045563273,27554446,7.568851979889971,stress,stress
C002608,C004288,17,0.084588,0.351945,0.328198,0.235268,1305305,0.3585504979345358,26933216,7.398208087595165,stress,stress
C002608,C004288,18,0.03358,0.36988,0.349028,0.247512,1425714,0.3916253018353862,26311958,7.227556504060425,stress,stress
C002608,C004288,19,0.024259,0.376864,0.350231,0.248645,1512308,0.4154115600801207,25690672,7.056897229285751,stress,stress
C002608,C004288,20,0.034759,0.374373,0.348022,0.242846,1639350,0.45030836378392886,25069357,6.886229988584002,stress,stress
C002608,C004288,21,0.099767,0.363892,0.299724,0.236617,2013612,0.5531133223629393,24448014,6.715555056642319,stress,stress
C002608,C004288,22,0.087771,0.363207,0.314523,0.234499,2345860,0.6443775754208482,23826642,6.544872158773562,stress,stress
C002608,C004288,23,0.084073,0.360557,0.317675,0.237696,2659843,0.7306246678574659,23205242,6.37418156966487,watch,stress
C002608,C004288,24,0.05223,0.373925,0.33188,0.241965,2851472,0.7832626899049545,22583814,6.203483289316245,watch,stress
C002608,C004288,25,0.067914,0.366062,0.331282,0.234743,3108323,0.8538163566303433,21962358,6.032777317727685,watch,stress
C002608,C004288,26,0.078579,0.366168,0.31453,0.240724,3398136,0.9334242608809985,21340874,5.862063654899192,watch,stress
C002608,C004288,27,0.026007,0.378929,0.347268,0.247796,3491322,0.9590212567559302,20719361,5.691342026143623,watch,stress
C002608,C004288,28,0.049049,0.378548,0.328826,0.243577,3670121,1.0081350427907627,20097820,5.52061270614812,watch,stress
C002608,C004288,29,0.022093,0.381038,0.350282,0.246587,3749678,1.0299883276277761,19476250,5.349875420225543,watch,stress
C002608,C004288,30,0.032517,0.377342,0.35021,0.239931,3870025,1.0630461009259153,18854652,5.179130443063032,watch,stress
C002608,C004288,31,0.059892,0.374855,0.326906,0.238347,4093172,1.1243417122677841,18233025,5.008377499973447,watch,stress
C002608,C004288,32,0.032701,0.386803,0.336887,0.243608,4212386,1.157088265035733,17611370,4.837616865643927,watch,stress
C002608,C004288,33,0.003446,0.383929,0.36627,0.246355,4224809,1.1605007033822043,16989687,4.666848540074473,watch,stress
C002608,C004288,34,0.035889,0.37119,0.360204,0.232717,4361780,1.1981248757040688,16367976,4.496072523265085,watch,stress
C002608,C004288,35,0.013172,0.381487,0.362129,0.243213,4409884,1.211338425910835,15746236,4.325288540528622,watch,stress
C002608,C004288,36,0.040171,0.37323,0.348907,0.237692,4560001,1.2525736353817547,15124468,4.1544968665522255,watch,stress
C002608,C004307,13,0.138698,0.290686,0.3182,0.252416,30134987,5.14212362602204,18417776,3.1427417276928544,healthy,healthy
C002608,C004307,14,0.173933,0.297595,0.271764,0.256707,31162913,5.317525147529328,17355798,2.9615296978314967,healthy,healthy
C002608,C004307,15,0.14708,0.307535,0.282879,0.262506,32014117,5.462771475293281,16292349,2.780066661926768,healthy,healthy
C002608,C004307,16,0.106895,0.314826,0.311652,0.266627,32624036,5.5668458158549585,15227428,2.598352449342339,healthy,healthy
C002608,C004307,17,0.165857,0.296904,0.282607,0.254632,33616333,5.736167735513686,14161032,2.416386548169214,healthy,healthy
C002608,C004307,18,0.127503,0.307994,0.2994,0.265103,34350045,5.861365659438322,13093160,2.234168787771063,healthy,healthy
C002608,C004307,19,0.136052,0.297934,0.31212,0.253894,35168648,6.001049072164948,12023809,2.051698656238891,healthy,healthy
C002608,C004307,20,0.11597,0.302943,0.324851,0.256236,35861002,6.1191898186988976,10952978,1.8689759829363668,healthy,healthy
C002608,C004307,21,0.130191,0.301451,0.311224,0.257133,36636621,6.251538599360114,9880663,1.6860000853181656,healthy,healthy
C002608,C004307,22,0.112224,0.308792,0.319486,0.259498,37300022,6.3647389121933875,8806864,1.5027709633842872,healthy,healthy
C002608,C004307,23,0.012475,0.441873,0.286712,0.25894,37374026,6.37736668325631,7731579,1.319288275862069,watch,healthy
C002608,C004307,24,-0.040879,0.449346,0.328997,0.262536,37134506,6.336495869178813,6654805,1.135551510842517,watch,healthy
C002608,C004307,25,0.072526,0.434203,0.272623,0.220649,37571983,6.4111453394952,5723132,0.9765742481336651,healthy,healthy
C002608,C004307,26,0.050052,0.452983,0.298744,0.198221,37861009,6.460463675790971,4921894,0.839853935300391,watch,healthy
C002608,C004307,27,0.10398,0.430664,0.302325,0.16303,38488845,6.567595307500889,4232829,0.7222744116601493,healthy,healthy
C002608,C004307,28,0.041737,0.459402,0.350684,0.148177,38727298,6.608284052612868,3640233,0.6211560042659082,watch,healthy
C002608,C004307,29,0.098711,0.448099,0.329859,0.123331,39310009,6.707715719872023,3130600,0.5341940988268752,healthy,healthy
C002608,C004307,30,0.252114,0.321928,0.317113,0.108845,40760266,6.955182253821542,2692316,0.4594069249911127,healthy,healthy
C002608,C004307,31,0.306376,0.303404,0.300722,0.089498,42603567,7.269716373977959,2315392,0.3950899964450764,healthy,healthy
C002608,C004307,32,0.337174,0.303355,0.283134,0.076336,44648963,7.618735243512264,1991237,0.33977737646640593,healthy,healthy
C002608,C004307,33,0.311755,0.311432,0.310654,0.066158,46525615,7.9389602559544965,1712464,0.29220857447564874,healthy,healthy
C002608,C004307,34,0.260812,0.321882,0.357468,0.059837,48018435,8.193689584073942,1472719,0.2512993672236047,healthy,healthy
C002608,C004307,35,0.287457,0.323572,0.338164,0.050807,49684916,8.478051788126555,1266538,0.21611739779594738,healthy,healthy
C002608,C004307,36,0.307564,0.323862,0.324442,0.044132,51450280,8.779287024528973,1089222,0.18586084607180944,healthy,healthy
C002608,C004312,13,0.138433,0.345678,0.236248,0.279641,37633722,6.914256934196246,81465447,14.967242193507905,healthy,healthy
C002608,C004312,14,0.118314,0.346329,0.254341,0.281016,38281398,7.0332512306974655,80388606,14.769399541875499,healthy,healthy
C002608,C004312,15,0.121992,0.341098,0.264845,0.272066,38971846,7.160103814444083,79310722,14.571365265030408,healthy,healthy
C002608,C004312,16,0.125496,0.340502,0.260622,0.27338,39679399,7.290099014933722,78231793,14.373138995522561,healthy,healthy
C002608,C004312,17,0.124538,0.338362,0.266377,0.270723,40389129,7.420494184827019,77151818,14.174720549626919,healthy,healthy
C002608,C004312,18,-0.038044,0.490283,0.270725,0.277036,40177055,7.381530881514561,76070797,13.976109927343485,watch,healthy
C002608,C004312,19,-0.054862,0.501231,0.270803,0.282827,39877205,7.326440929430663,74988729,13.777306944947222,watch,healthy
C002608,C004312,20,0.009154,0.479356,0.237943,0.273548,39928983,7.335953844351457,73905611,13.578311051263022,watch,healthy
C002608,C004312,21,-0.035145,0.500096,0.250347,0.284703,39737789,7.300826719793415,72821444,13.379122430015919,watch,healthy
C002608,C004312,22,-0.016757,0.489361,0.251645,0.275751,39643578,7.283517800414472,71736226,13.179740713755843,watch,healthy
C002608,C004312,23,-0.001316,0.491654,0.234028,0.275633,39636170,7.282156765346813,70649956,12.980165718757757,stress,healthy
C002608,C004312,24,0.065733,0.361106,0.287335,0.285826,39993394,7.347787757653695,69562633,12.780397261296626,watch,healthy
C002608,C004312,25,0.108698,0.34717,0.268335,0.275797,40606186,7.460372989994519,68474257,12.580435341372448,watch,healthy
C002608,C004312,26,0.091965,0.355317,0.268069,0.284649,41109007,7.552753796386974,67384826,12.380279591535151,watch,healthy
C002608,C004312,27,0.118668,0.348856,0.250452,0.282024,41764502,7.673184638945703,66294339,12.1799298280597,watch,healthy
C002608,C004312,28,0.097774,0.364408,0.251469,0.286349,42296945,7.771007748358433,65202795,11.97938586722106,healthy,healthy
C002608,C004312,29,0.109273,0.361395,0.245622,0.283711,42898116,7.881457912054378,64110194,11.778647709019229,healthy,healthy
C002608,C004312,30,0.068719,0.361126,0.283935,0.286219,43273231,7.95037592898268,63016534,11.577714986004134,healthy,healthy
C002608,C004312,31,0.106997,0.356764,0.250283,0.285956,43858395,8.057885206025276,61921814,11.37658751445074,healthy,healthy
C002608,C004312,32,0.062556,0.364319,0.282605,0.290519,44195468,8.11981395512908,60826033,11.175265110634012,healthy,healthy
C002608,C004312,33,0.101877,0.344837,0.277575,0.275711,44774457,8.226188730073567,59729190,10.973747590828912,healthy,healthy
C002608,C004312,34,0.115563,0.359686,0.24328,0.281471,45418408,8.344498650815197,58631284,10.772034771310405,healthy,healthy
C002608,C004312,35,0.074137,0.371115,0.263445,0.291303,45817966,8.417907458801652,57532314,10.570126468353456,healthy,healthy
C002608,C004312,36,0.046621,0.368867,0.291896,0.292617,46068340,8.46390743099793,56432279,10.368022498233024,watch,healthy
C002608,C004331,13,0.121902,0.368354,0.298648,0.211096,47810732,5.747671122836827,258706215,31.10093025251978,healthy,stress
C002608,C004331,14,0.144402,0.372583,0.272694,0.210321,48984047,5.888723737205737,257509965,30.95712045724843,healthy,stress
C002608,C004331,15,0.124526,0.358128,0.310139,0.207207,50012503,6.012361811860362,256312043,30.813109658860924,healthy,stress
C002608,C004331,16,0.136746,0.366675,0.285852,0.210727,51124567,6.146051004059855,255112448,30.6688977371401,healthy,stress
C002608,C004331,17,0.097669,0.369095,0.320622,0.212615,51912892,6.240821208329271,253911177,30.524484331434422,healthy,stress
C002608,C004331,18,0.110367,0.371913,0.306753,0.210967,52811922,6.348900054927227,252708228,30.37986920130955,healthy,stress
C002608,C004331,19,0.146954,0.363075,0.283844,0.206127,54038799,6.4963917416090515,251503599,30.23505210633113,healthy,stress
C002608,C004331,20,0.17413,0.354783,0.268126,0.202961,55517298,6.674132714230913,250297287,30.09003268584764,healthy,stress
C002608,C004331,21,0.156113,0.369855,0.264456,0.209576,56802772,6.82866876670042,249089290,29.944810699424725,healthy,stress
C002608,C004331,22,0.121652,0.371277,0.298655,0.208416,57811470,6.949931590416719,247879605,29.799385786410866,healthy,stress
C002608,C004331,23,0.088219,0.383333,0.314582,0.213866,58525310,7.035747418426335,246668231,29.65375782658889,healthy,stress
C002608,C004331,24,0.121522,0.368241,0.304449,0.205788,59548652,7.158770702449389,245455165,29.507926459307267,healthy,stress
C002608,C004331,25,0.093479,0.387333,0.304946,0.214242,60305839,7.249797584332048,244240404,29.361891323914477,healthy,stress
C002608,C004331,26,0.117334,0.376868,0.296512,0.209285,61280122,7.366923133979998,243023946,29.21565217997617,healthy,stress
C002608,C004331,27,0.127103,0.384857,0.274731,0.213309,62317056,7.491580409841988,241805788,29.069208666840822,healthy,stress
C002608,C004331,28,0.05072,0.369225,0.272394,0.307662,62747986,7.5433855969486,239976000,28.84923672312506,healthy,stress
C002608,C004331,29,0.022766,0.371644,0.293499,0.312091,62938933,7.5663407058118635,238143656,28.628957504310687,watch,stress
C002608,C004331,30,0.017791,0.387271,0.273816,0.321122,63084157,7.583799124794925,236308752,28.408370529529005,watch,stress
C002608,C004331,31,-0.025474,0.381248,0.324013,0.320213,62875332,7.558694773281829,234471285,28.187475438128487,watch,stress
C002608,C004331,32,0.028739,0.38501,0.267616,0.318635,63112414,7.587196101501284,232631251,27.966271749240438,watch,stress
C002608,C004331,33,-0.002907,0.387727,0.297425,0.317755,63088336,7.584301512368123,230788647,27.74475910221333,watch,stress
C002608,C004331,34,-0.017095,0.397424,0.293235,0.326437,62950291,7.567706132482452,228943469,27.522937016178467,watch,stress
C002608,C004331,35,0.045248,0.372439,0.272165,0.310149,63335389,7.614001526036816,227095713,27.300805010267148,watch,stress
C002608,C004331,36,0.146985,0.377603,0.267171,0.208241,64579245,7.763534380128389,225862155,27.15251015264095,watch,stress
C002608,C004341,13,0.092869,0.360746,0.320386,0.225999,29153364,4.913133078524042,148097852,24.958507550605752,healthy,recovered
C002608,C004341,14,0.128097,0.360399,0.284354,0.22715,29922492,5.042752021244307,147143147,24.797613846684232,healthy,recovered
C002608,C004341,15,0.098955,0.367051,0.303748,0.230246,30509207,5.141629422636689,146187534,24.6365671201189,healthy,recovered
C002608,C004341,16,0.073286,0.368372,0.329337,0.229005,30946498,5.215324824547799,145231011,24.475367033855473,healthy,recovered
C002608,C004341,17,0.095454,0.376329,0.296202,0.232016,31509210,5.3101570689804625,144273578,24.314013587893957,healthy,recovered
C002608,C004341,18,0.058572,0.37757,0.332387,0.231471,31855642,5.368540263409045,143315235,24.15250678223434,healthy,recovered
C002608,C004341,19,0.119617,0.355551,0.301499,0.223332,32589613,5.492234297441528,142355980,23.990846279822353,healthy,recovered
C002608,C004341,20,0.069391,0.367925,0.336593,0.226091,33010601,5.563182201376788,141395813,23.82903208065799,healthy,recovered
C002608,C004341,21,-2.526129,0.384039,0.338152,0.235127,18259832,3.077277277760872,152212267,25.651898146465477,stress,recovered
C002608,C004341,22,0.088719,0.371818,0.306,0.233463,18782075,3.1652893973340244,151250272,25.4897758796878,stress,recovered
C002608,C004341,23,0.097247,0.367716,0.310196,0.224842,19377033,3.265555967947711,150287362,25.327499410576326,stress,recovered
C002608,C004341,24,0.114052,0.36147,0.298358,0.22612,20071521,3.382596044881474,149323536,25.165068570603914,healthy,recovered
C002608,C004341,25,0.073535,0.36827,0.330011,0.228184,20515663,3.457446026233946,148358793,25.00248319124342,healthy,recovered
C002608,C004341,26,0.036727,0.376553,0.352325,0.234396,20731817,3.4938738418182913,147393133,24.83974327249485,watch,recovered
C002608,C004341,27,0.07185,0.371812,0.325751,0.230588,21162072,3.566383486766996,146426554,24.676848477303917,healthy,recovered
C002608,C004341,28,0.062327,0.378622,0.327326,0.231724,21533827,3.6290342939811038,145459056,24.513798805670625,healthy,recovered
C002608,C004341,29,0.077315,0.374358,0.316191,0.232136,21994600,3.7066870502115945,144490638,24.35059408906783,healthy,recovered
C002608,C004341,30,0.05145,0.374983,0.339393,0.234174,22298849,3.757961264261399,143521298,24.187233990441253,healthy,recovered
C002608,C004341,31,0.104221,0.363761,0.308858,0.22316,22946187,3.8670552865082173,142551036,24.023718509790893,healthy,recovered
C002608,C004341,32,0.046558,0.377213,0.340735,0.235494,23220483,3.913281607110767,141579851,23.86004747858961,watch,recovered
C002608,C004341,33,0.035311,0.380354,0.349585,0.23475,23429375,3.9484855785988957,140607742,23.696220728310262,watch,recovered
C002608,C004341,34,0.091495,0.365292,0.315054,0.228159,23986805,4.0424276626740525,139634708,23.53223809042571,healthy,recovered
C002608,C004341,35,0.093917,0.367179,0.314395,0.224509,24568847,4.1405175367376525,138660749,23.368099564935953,healthy,recovered
C002608,C004341,36,0.113108,0.370432,0.291915,0.224544,25270380,4.258744887378087,137685864,23.203804983313848,healthy,recovered
C002608,C004343,13,0.193279,0.310484,0.224221,0.272016,37158019,6.782504136921405,100577096,18.358475184038777,healthy,healthy
C002608,C004343,14,0.207305,0.311451,0.209895,0.27135,38303366,6.991565894646179,99527662,18.166920557662543,healthy,healthy
C002608,C004343,15,0.181077,0.315213,0.224206,0.279504,39276029,7.1691074051699335,98476704,17.975087753477514,healthy,healthy
C002608,C004343,16,0.221195,0.306418,0.204087,0.268301,40515600,7.3953679987583,97424218,17.782976041358204,healthy,healthy
C002608,C004343,17,0.203133,0.309657,0.217031,0.270178,41647687,7.602009390508893,96370203,17.59058523877324,healthy,healthy
C002608,C004343,18,0.174547,0.324002,0.220139,0.281312,42583313,7.772790486659665,95314657,17.39791498065989,healthy,healthy
C002608,C004343,19,0.221179,0.30219,0.208528,0.268103,43829121,8.000189528406475,94257577,17.204964719424034,healthy,healthy
C002608,C004343,20,0.213441,0.310326,0.201744,0.274489,45005082,8.214839301510855,93198961,17.011734090002935,healthy,healthy
C002608,C004343,21,0.203136,0.313439,0.21052,0.272904,46132403,8.420610748749159,92138807,16.818222727333847,healthy,healthy
C002608,C004343,22,0.058196,0.312663,0.212908,0.416233,46450493,8.478672152423917,90546264,16.52753367080139,watch,healthy
C002608,C004343,23,0.019066,0.323514,0.234803,0.422617,46553281,8.497434186945345,88951408,16.236422419208726,watch,healthy
C002608,C004343,24,0.053503,0.322424,0.200527,0.423545,46841509,8.55004483883119,87354234,15.944888059899009,watch,healthy
C002608,C004343,25,0.176382,0.315637,0.230579,0.277403,47810088,8.726840891237405,86287904,15.750249383485086,healthy,healthy
C002608,C004343,26,0.208501,0.318662,0.194785,0.278052,48954036,8.935647287574707,85220025,15.555327965978101,healthy,healthy
C002608,C004343,27,0.18102,0.322076,0.217584,0.27932,49944134,9.116371232544905,84150594,15.360123259783942,healthy,healthy
C002608,C004343,28,0.185251,0.318804,0.21746,0.278485,50961888,9.30214326510047,83079609,15.164634899839866,healthy,healthy
C002608,C004343,29,0.198243,0.319082,0.199968,0.282708,52036315,9.498259898022157,82007068,14.968862521083135,healthy,healthy
C002608,C004343,30,0.173369,0.319796,0.22896,0.277875,52993659,9.673005210479662,80932968,14.772805575919636,healthy,healthy
C002608,C004343,31,0.203664,0.320376,0.198303,0.277657,54120809,9.878745444853593,79857307,14.576463699286625,healthy,healthy
C002608,C004343,32,0.194326,0.311259,0.222991,0.271424,55222581,10.079853398104389,78780083,14.379836526121366,healthy,healthy
C002608,C004343,33,0.166824,0.323744,0.222739,0.286693,56119346,10.2435411426622,77701294,14.182923691361113,healthy,healthy
C002608,C004343,34,0.18708,0.320005,0.214627,0.278288,57156881,10.432923828259641,76620938,13.985724829943129,healthy,healthy
C002608,C004343,35,0.216579,0.314755,0.193455,0.275211,58373208,10.654941662669737,75539012,13.788239394273297,healthy,healthy
C002608,C004343,36,0.170248,0.324977,0.22156,0.283215,59303664,10.824779071634499,74455514,13.590467019288882,healthy,healthy
C002608,C004346,13,0.092545,0.337149,0.324673,0.245633,20715300,4.83865278970435,6206653,1.4497419227902502,healthy,healthy
C002608,C004346,14,0.062938,0.340703,0.350391,0.245967,20976456,4.899653267995662,5492223,1.2828662940255942,healthy,healthy
C002608,C004346,15,0.078514,0.334881,0.341674,0.244932,21303812,4.976116656053111,4777368,1.1158913943145545,healthy,healthy
C002608,C004346,16,0.099113,0.341341,0.330019,0.229527,21716400,5.07248842364511,4108536,0.959666486992742,healthy,healthy
C002608,C004346,17,0.183321,0.326984,0.301134,0.188561,22515271,5.259087671194694,3533341,0.8253131881569061,healthy,healthy
C002608,C004346,18,0.131707,0.330576,0.372749,0.164968,23079460,5.3908702028872355,3038673,0.7097692810844779,healthy,healthy
C002608,C004346,19,0.181779,0.333703,0.339462,0.145056,23841051,5.5687616365987305,2613259,0.6104016331199644,healthy,healthy
C002608,C004346,20,0.220532,0.320358,0.339043,0.120067,24801027,5.792991580188696,2247403,0.5249454652136307,healthy,healthy
C002608,C004346,21,0.21409,0.341124,0.33588,0.108907,25684620,5.99938008213717,1932766,0.45145296460807793,healthy,healthy
C002608,C004346,22,0.213215,0.340278,0.354739,0.091768,26582747,6.209163416873274,1662179,0.3882496056218344,healthy,healthy
C002608,C004346,23,0.19391,0.335191,0.392368,0.078532,27403592,6.400895322718947,1429474,0.3338946748494994,healthy,healthy
C002608,C004346,24,0.24388,0.341683,0.346562,0.067875,28430832,6.640836703809054,1229348,0.2871495044589006,healthy,healthy
C002608,C004346,25,0.245967,0.335451,0.361315,0.057266,29486879,6.887506786434404,1057239,0.24694850843261923,healthy,healthy
C002608,C004346,26,0.218628,0.348828,0.381592,0.050952,30394174,7.099431570668028,909225,0.21237559111955595,healthy,healthy
C002608,C004346,27,0.227263,0.334569,0.395484,0.042683,31362393,7.3255869034604455,781934,0.1826431251521668,healthy,healthy
C002608,C004346,28,0.259167,0.329356,0.375145,0.036332,32477953,7.5861579551025935,672463,0.15707303157197608,healthy,healthy
C002608,C004346,29,0.207538,0.33819,0.422555,0.031718,33357974,7.791712113944049,578318,0.1350827651077339,healthy,healthy
C002608,C004346,30,0.26381,0.335427,0.373427,0.027336,34474222,8.05244386772999,497353,0.11617106587487641,healthy,healthy
C002608,C004346,31,0.185224,0.336858,0.454533,0.023385,35262104,8.236476318974136,427723,0.09990698117674925,healthy,healthy
C002608,C004346,32,0.191857,0.336082,0.452049,0.020012,36082230,8.428040281736397,367842,0.08592005519931777,healthy,healthy
C002608,C004346,33,0.206084,0.330534,0.446392,0.01699,36974582,8.636474699495167,316344,0.0738912194419696,healthy,healthy
C002608,C004346,34,0.208888,0.344495,0.431732,0.014886,37862425,8.843855910907479,272056,0.06354648609268543,healthy,healthy
C002608,C004346,35,0.217977,0.337097,0.432189,0.012737,38793603,9.06135925517048,233968,0.05464994066711789,healthy,healthy
C002608,C004346,36,0.150102,0.345459,0.493325,0.011115,39425541,9.208966510031388,201212,0.04699883685594665,healthy,healthy
C002608,C004387,13,0.015571,0.346101,0.334276,0.304052,12777403,2.680171093157323,54487352,11.429194631576372,watch,stress
C002608,C004387,14,0.032099,0.338409,0.326906,0.302585,12929701,2.7121169194841337,53482398,11.218396814464958,watch,stress
C002608,C004387,15,0.030617,0.341114,0.325729,0.30254,13075095,2.742614571934989,52476710,11.007445034487823,watch,stress
C002608,C004387,16,0.036737,0.334724,0.331574,0.296965,13252954,2.779922039693333,51470288,10.796339291644964,watch,stress
C002608,C004387,17,-0.015124,0.353296,0.354802,0.307025,13182080,2.765055603528141,50463131,10.585079376177708,watch,stress
C002608,C004387,18,0.055812,0.338151,0.306537,0.2995,13450394,2.82133679202078,49455238,10.373665078327384,healthy,stress
C002608,C004387,19,-0.030652,0.346287,0.377548,0.306817,13306444,2.7911420310932273,48446609,10.162096398093993,watch,stress
C002608,C004387,20,0.003941,0.347284,0.339728,0.309046,13324832,2.7949990735658625,47437243,9.950373125718862,watch,stress
C002608,C004387,21,-0.041874,0.356596,0.371692,0.313586,13132145,2.7545813042095073,46427140,9.738495261201988,watch,stress
C002608,C004387,22,0.025479,0.337446,0.336618,0.300457,13254604,2.7802681415032007,45416299,9.5264625947847,watch,stress
C002608,C004387,23,-0.037561,0.348261,0.385076,0.304224,13076185,2.7428432088881745,44404721,9.314275336225673,watch,stress
C002608,C004387,24,-0.014968,0.349494,0.356852,0.308622,13006046,2.728130945347378,43392403,9.101932856248887,watch,stress
C002608,C004387,25,-0.035983,0.350197,0.377966,0.30782,12836873,2.692645441419647,42379346,8.889435364613012,stress,stress
C002608,C004387,26,-0.060699,0.353463,0.402151,0.305085,12548727,2.6322043189310698,41365549,8.676782651559382,stress,stress
C002608,C004387,27,-0.048535,0.347632,0.400791,0.300112,12314337,2.5830389836493115,40351012,8.463974717087991,stress,stress
C002608,C004387,28,-0.06099,0.353992,0.395604,0.311394,12030262,2.523451788717081,39335734,8.25101135144017,stress,stress
C002608,C004387,29,-0.071573,0.33754,0.436827,0.297207,11680722,2.450132742280007,38319715,8.037892554615915,stress,stress
C002608,C004387,30,-0.050385,0.343907,0.403626,0.302852,11439068,2.39944372000014,37302953,7.824617907097885,stress,stress
C002608,C004387,31,-0.068186,0.35332,0.405364,0.309501,11118833,2.3322716514649895,36285449,7.61118761864475,stress,stress
C002608,C004387,32,-0.107188,0.354739,0.444635,0.307814,10612292,2.226020283663645,35267202,7.397601479497839,stress,stress
C002608,C004387,33,-0.120452,0.357586,0.44773,0.315135,10055891,2.109310348444115,34248211,7.183859279898477,stress,stress
C002608,C004387,34,-0.107339,0.353323,0.443406,0.31061,9552469,2.003713217942757,33228476,6.969961019846667,stress,stress
C002608,C004387,35,-0.091912,0.346626,0.444094,0.301192,9107596,1.910397247966215,32207996,6.755906489583734,stress,stress
C002608,C004387,36,-0.181661,0.368699,0.497753,0.315209,8266809,1.7340348828672614,31186771,6.541695689109679,stress,stress
C002608,C004485,13,0.114481,0.346238,0.309536,0.229744,16715855,5.64797211624643,73570076,24.857941028929158,healthy,healthy
C002608,C004485,14,0.10828,0.345256,0.319886,0.226578,17032385,5.754921632975037,73106435,24.701285480053638,healthy,healthy
C002608,C004485,15,0.076043,0.354293,0.341175,0.228489,17253038,5.829476119800038,72642335,24.544474843735607,healthy,healthy
C002608,C004485,16,0.080255,0.357325,0.332687,0.229732,17484881,5.907811496563411,72177776,24.38750911997506,healthy,healthy
C002608,C004485,17,0.125453,0.351715,0.296171,0.22666,17852568,6.0320459986876696,71712758,24.230388308772003,healthy,healthy
C002608,C004485,18,0.072195,0.352921,0.348539,0.226345,18064665,6.103709574492767,71247280,24.073112072245294,healthy,healthy
C002608,C004485,19,0.093611,0.350598,0.325491,0.2303,18335225,6.195126695290456,70781342,23.915680410394938,healthy,healthy
C002608,C004485,20,0.087088,0.354353,0.327639,0.23092,18586505,6.2800294677403485,70314943,23.75809298533979,healthy,healthy
C002608,C004485,21,0.136859,0.345941,0.296527,0.220673,19000136,6.419787580885929,69848083,23.60034979707985,healthy,healthy
C002608,C004485,22,0.139965,0.340924,0.296965,0.222146,19420764,6.561909848356693,69380762,23.442450845615127,healthy,healthy
C002608,C004485,23,-2.0,1.0,1.0,1.0,18826868,6.361243591802643,69172898,23.372217520668755,stress,healthy
C002608,C004485,24,-2.0,1.0,1.0,1.0,18225586,6.158081745160585,68962449,23.30111077297969,stress,healthy
C002608,C004485,25,-2.0,1.0,1.0,1.0,17651226,5.964016334525754,68761423,23.2331878792575,stress,healthy
C002608,C004485,26,-2.0,1.0,1.0,1.0,17051932,5.761526195586777,68551670,23.162316296840746,stress,healthy
C002608,C004485,27,0.099176,0.356264,0.316867,0.227693,17344158,5.860263849128414,68082034,23.00363515054069,watch,healthy
C002608,C004485,28,0.045535,0.367941,0.354264,0.23226,17475821,5.904750293449769,67611934,22.84479722739243,watch,healthy
C002608,C004485,29,0.095382,0.356543,0.320921,0.227154,17758091,6.000124002377783,67141369,22.685802189514828,watch,healthy
C002608,C004485,30,0.096595,0.348982,0.330902,0.223521,18048886,6.09837814801041,66670338,22.526649699026745,watch,healthy
C002608,C004485,31,0.048269,0.362323,0.3586,0.230808,18189749,6.145973098804779,66198842,22.36734009380932,watch,healthy
C002608,C004485,32,0.096268,0.365445,0.309146,0.229141,18473012,6.241682323703196,65726880,22.207873035981414,healthy,healthy
C002608,C004485,33,0.070138,0.358145,0.346646,0.225072,18683328,6.312744133200854,65254451,22.048248187661887,healthy,healthy
C002608,C004485,34,0.06794,0.369927,0.325922,0.236212,18877635,6.37839680355433,64781555,21.888465548850743,healthy,healthy
C002608,C004485,35,0.053812,0.366715,0.350642,0.228831,19036658,6.432127675821519,64308191,21.72852478166684,healthy,healthy
C002608,C004485,36,0.045362,0.369885,0.348856,0.235897,19166825,6.476108649959872,63834359,21.56842588611018,watch,healthy
C002608,C004512,13,0.163286,0.383773,0.255718,0.197223,24828599,5.8467084564941185,109659183,25.82285341908885,healthy,healthy
C002608,C004512,14,0.158602,0.37408,0.274752,0.192566,25519822,6.009479596316515,109071712,25.68451409258698,healthy,healthy
C002608,C004512,15,0.137109,0.384806,0.279637,0.198448,26100232,6.1461561786413474,108483661,25.546038186050737,healthy,healthy
C002608,C004512,16,0.183156,0.374789,0.251116,0.190939,26906861,6.336103448543826,107895029,25.40742546399731,healthy,healthy
C002608,C004512,17,0.12438,0.38861,0.287484,0.199526,27431576,6.459664815326918,107305816,25.268675926426692,healthy,healthy
C002608,C004512,18,0.180469,0.377747,0.244945,0.196839,28204066,6.641572937309843,106716020,25.129789102373252,healthy,healthy
C002608,C004512,19,0.088244,0.377048,0.24619,0.288518,28591001,6.732689481445642,105830453,24.921253289793086,healthy,healthy
C002608,C004512,20,0.074495,0.378102,0.26006,0.287343,28919308,6.810000138934863,104944011,24.712511429747273,healthy,healthy
C002608,C004512,21,0.074818,0.379716,0.254794,0.290672,29245584,6.886832530820973,104056693,24.503563286753003,healthy,healthy
C002608,C004512,22,0.131651,0.379052,0.292822,0.196474,29812393,7.020306311339841,103464563,24.364126845802634,healthy,healthy
C002608,C004512,23,0.161233,0.372172,0.274232,0.192363,30522102,7.187430586533539,102871849,24.224552882886627,healthy,healthy
C002608,C004512,24,0.149074,0.387373,0.265027,0.198526,31158549,7.337302919523826,102278549,24.08484092703934,healthy,healthy
C002608,C004512,25,0.155074,0.390373,0.255771,0.198782,31820411,7.493160048330494,101684663,23.944990978260776,healthy,healthy
C002608,C004512,26,0.103653,0.394741,0.300554,0.201052,32258244,7.59626219693067,101090189,23.8050025655853,healthy,healthy
C002608,C004512,27,0.118727,0.386249,0.294857,0.200167,32762465,7.714997578844161,100495128,23.664875924495732,healthy,healthy
C002608,C004512,28,0.146231,0.370768,0.290237,0.192764,33407978,7.867004799061335,99899480,23.524611054992068,healthy,healthy
C002608,C004512,29,0.122711,0.388291,0.290629,0.19837,33934877,7.991080460318673,99303243,23.384207486108675,healthy,healthy
C002608,C004512,30,0.121659,0.379561,0.301917,0.196864,34461777,8.11515635705883,98706417,23.24366521784555,healthy,healthy
C002608,C004512,31,0.142628,0.389156,0.270014,0.198202,35075927,8.259778129658882,98109001,23.102984014719876,healthy,healthy
C002608,C004512,32,0.115079,0.387149,0.299919,0.197852,35572821,8.376788128965776,97510995,22.962163876731655,healthy,healthy
C002608,C004512,33,0.179112,0.375638,0.251891,0.193359,36364951,8.563321133491835,96912398,22.821204568398066,healthy,healthy
C002608,C004512,34,0.138196,0.382273,0.283355,0.196176,36967946,8.705316095258452,96313210,22.68010608971911,healthy,healthy
C002608,C004512,35,0.105817,0.403155,0.28616,0.204867,37410513,8.809533019518465,95713430,22.538868205211973,healthy,healthy
C002608,C004512,36,0.115835,0.391075,0.291134,0.201956,37902445,8.925374553083048,95113058,22.397490914876652,healthy,healthy
C002608,C004550,13,0.224666,0.31315,0.229075,0.23311,35122980,6.79904449782902,41313078,7.997312746933237,healthy,healthy
C002608,C004550,14,-2.693629,0.307677,0.245727,0.23031,21237890,4.111193274317782,50994745,9.871472762574358,stress,healthy
C002608,C004550,15,0.257743,0.29427,0.223667,0.22432,22603964,4.375635468952955,50162496,9.710367469564662,healthy,healthy
C002608,C004550,16,0.217306,0.302396,0.249352,0.230946,23724302,4.592508522281823,49329037,9.549027946889876,healthy,healthy
C002608,C004550,17,0.231708,0.303343,0.237295,0.227654,24937921,4.827438747006797,48494366,9.387453807393527,healthy,healthy
C002608,C004550,18,0.227122,0.311029,0.229756,0.232093,26106465,5.053643432761568,47658481,9.225644663919146,healthy,healthy
C002608,C004550,19,0.272389,0.292155,0.213291,0.222166,27572660,5.337466873924431,46821380,9.063600129310261,healthy,healthy
C002608,C004550,20,0.233549,0.309058,0.227069,0.230324,28787027,5.572541895169643,45983062,8.901320009988638,healthy,healthy
C002608,C004550,21,0.22994,0.313496,0.222893,0.23367,29967217,5.801000993056348,45143525,8.738803918797801,healthy,healthy
C002608,C004550,22,0.257868,0.303185,0.212865,0.226081,31337170,6.066194077667459,44302768,8.57605166215952,healthy,healthy
C002608,C004550,23,0.216556,0.309307,0.240785,0.233352,32453422,6.282276170325618,43460788,8.413062659339085,healthy,healthy
C002608,C004550,24,0.250472,0.308697,0.210539,0.230292,33763557,6.535889792038901,42617583,8.249836523180026,healthy,healthy
C002608,C004550,25,0.253165,0.302392,0.217126,0.227317,35107061,6.7959629258963155,41773152,8.086373060104107,healthy,healthy
C002608,C004550,26,0.227822,0.303664,0.236155,0.23236,36291548,7.025253829461446,40927493,7.922671882954855,healthy,healthy
C002608,C004550,27,0.193291,0.315055,0.255911,0.235744,37283518,7.217277631841297,40080604,7.758732604575802,healthy,healthy
C002608,C004550,28,0.218612,0.309175,0.23699,0.235223,38409561,7.43525504900433,39232484,7.594555031388711,healthy,healthy
C002608,C004550,29,0.253684,0.303509,0.210124,0.232683,39732437,7.691335051017544,38383131,7.4301387762371105,healthy,healthy
C002608,C004550,30,0.216326,0.317387,0.229651,0.236636,40843269,7.906367949638686,37532543,7.265483451964529,healthy,healthy
C002608,C004550,31,0.189236,0.313785,0.259135,0.237844,41811466,8.093789816623337,36680718,7.100588671414496,healthy,healthy
C002608,C004550,32,0.240211,0.297873,0.233478,0.228438,43092931,8.34185355032163,35827654,6.9354540474305395,healthy,healthy
C002608,C004550,33,0.240137,0.301902,0.228567,0.229394,44370518,8.58916658762222,34973350,6.770079386434424,healthy,healthy
C002608,C004550,34,0.233919,0.303952,0.232387,0.229742,45614945,8.830060570629923,34117803,6.604464107691444,healthy,healthy
C002608,C004550,35,0.193936,0.322798,0.242095,0.241171,46599205,9.020591884813207,33261012,6.438608017623363,healthy,healthy
C002608,C004550,36,0.1913,0.320442,0.248808,0.239451,47578482,9.210158598648437,32402975,6.2725107290737085,healthy,healthy
C002608,C004559,13,0.073015,0.326412,0.407796,0.192777,10142371,4.200319878564312,64277415,26.619584707286677,healthy,stress
C002608,C004559,14,0.124898,0.327229,0.355096,0.192777,10453522,4.329178676032396,63941238,26.48036174494226,healthy,stress
C002608,C004559,15,0.114012,0.325364,0.368985,0.191638,10739283,4.447522563158829,63605010,26.341117661667262,healthy,stress
C002608,C004559,16,0.018987,0.344809,0.433312,0.202893,10784239,4.466140456397081,63268732,26.201852871597577,watch,stress
C002608,C004559,17,0.060574,0.331014,0.416398,0.192014,10935812,4.528912276216492,62932404,26.06256737473321,healthy,stress
C002608,C004559,18,0.001333,0.341558,0.454918,0.202192,10938979,4.530223844591917,62596025,25.92326075693826,watch,stress
C002608,C004559,19,0.043798,0.332912,0.426536,0.196753,11045966,4.574531001453755,62259595,25.78393301821273,watch,stress
C002608,C004559,20,0.09719,0.328216,0.382729,0.191865,11289459,4.675370192624267,61923115,25.644584572692512,healthy,stress
C002608,C004559,21,0.048433,0.339468,0.412761,0.199338,11406267,4.723744578098367,61586584,25.505215006241716,watch,stress
C002608,C004559,22,0.006886,0.340614,0.456166,0.196335,11423130,4.730728151674234,61250003,25.365824732996234,watch,stress
C002608,C004559,23,0.006338,0.352064,0.439625,0.201972,11438222,4.736978290582315,60913372,25.226413752956066,watch,stress
C002608,C004559,24,0.026742,0.35135,0.420783,0.201124,11502174,4.763463109257746,60576690,25.08698165198532,watch,stress
C002608,C004559,25,0.024293,0.349563,0.426284,0.19986,11560645,4.787678049099675,60239957,24.947528430083988,watch,stress
C002608,C004559,26,0.034864,0.342033,0.424173,0.19893,11644965,4.822597987658474,59903174,24.808054501387975,watch,stress
C002608,C004559,27,-0.052659,0.343854,0.510752,0.198053,11517024,4.769613027279545,59566340,24.668559451761382,watch,stress
C002608,C004559,28,0.004233,0.338844,0.464119,0.192804,11527591,4.773989201268526,59229456,24.5290436953401,watch,stress
C002608,C004559,29,0.006821,0.333405,0.465792,0.193982,11544516,4.780998451269802,58892522,24.38950723212413,watch,stress
C002608,C004559,30,0.034114,0.332629,0.44076,0.192497,11629830,4.816330040906963,58555536,24.249949233841694,watch,stress
C002608,C004559,31,-0.040129,0.346968,0.494142,0.199019,11532747,4.776124485936566,58218500,24.110370528764566,watch,stress
C002608,C004559,32,-0.041937,0.341393,0.504882,0.195663,11429534,4.733380277937641,57881414,23.970771116892752,watch,stress
C002608,C004559,33,-0.081221,0.339923,0.544632,0.196666,11230629,4.65100657799649,57544277,23.83115058409036,stress,stress
C002608,C004559,34,-0.04971,0.340612,0.513786,0.195311,11108030,4.600233931561834,57207089,23.691508930357386,stress,stress
C002608,C004559,35,-0.032329,0.348758,0.486672,0.196899,11028929,4.5674753682323805,56869851,23.551846569829728,stress,stress
C002608,C004559,36,-0.094193,0.354026,0.538224,0.201942,10804182,4.474399568525617,56532562,23.41216308837149,stress,stress
C002608,C004612,13,0.164472,0.386124,0.287856,0.161548,27082756,5.952101447948221,57333912,12.600536689535433,healthy,healthy
C002608,C004612,14,0.174351,0.375497,0.291924,0.158228,27875536,6.1263343430754515,56830283,12.489851835300925,healthy,healthy
C002608,C004612,15,0.214331,0.371844,0.257181,0.156644,28861837,6.3430982355763765,56325694,12.378955997465265,healthy,healthy
C002608,C004612,16,0.209577,0.378034,0.256377,0.156012,29832019,6.55631958154919,55820144,12.267848956253868,healthy,healthy
C002608,C004612,17,0.231917,0.368913,0.243791,0.155378,30912051,6.793683165633115,55313630,12.15653005234298,healthy,healthy
C002608,C004612,18,-1.685559,0.49014,0.290231,0.158305,23192892,5.0972082034526585,63807821,14.02333735032435,watch,healthy
C002608,C004612,19,0.199295,0.381136,0.258483,0.161086,24091530,5.294705996549538,63299375,13.91159384191614,healthy,healthy
C002608,C004612,20,0.17005,0.381228,0.287374,0.161348,24858513,5.463269366719534,62789961,13.799637591710102,healthy,healthy
C002608,C004612,21,0.145276,0.38695,0.304856,0.162918,25508680,5.606159549022552,62279576,13.68746794038248,healthy,healthy
C002608,C004612,22,0.177573,0.375358,0.289414,0.157655,26331483,5.786990736501261,61768218,13.575084448384107,healthy,healthy
C002608,C004612,23,0.17869,0.397504,0.257964,0.165843,27120085,5.960305413414308,61255886,13.462486895940396,healthy,healthy
C002608,C004612,24,0.18805,0.384055,0.265649,0.162245,27970014,6.147098206273099,60742577,13.349674623727596,healthy,healthy
C002608,C004612,25,0.178482,0.387615,0.272182,0.161721,28780857,6.325300889720776,60228291,13.236647631745706,healthy,healthy
C002608,C004612,26,0.146687,0.395078,0.294968,0.163268,29442195,6.470646173907628,59713025,13.123405260670971,healthy,healthy
C002608,C004612,27,0.172469,0.380394,0.286697,0.16044,30234989,6.644882145879043,59196776,13.00994685117964,healthy,healthy
C002608,C004612,28,0.142203,0.401771,0.288669,0.167357,30862833,6.782866300131498,58679544,12.89627240327171,healthy,healthy
C002608,C004612,29,0.169038,0.378225,0.293349,0.159388,31647965,6.9554183592362095,58161326,12.78238125762343,healthy,healthy
C002608,C004612,30,0.159457,0.382519,0.296479,0.161545,32380099,7.116322804909764,57642121,12.668273194460214,healthy,healthy
C002608,C004612,31,0.15242,0.386305,0.30171,0.159565,33089960,7.272332211261982,57121927,12.553947774232894,healthy,healthy
C002608,C004612,32,0.104402,0.409487,0.31778,0.168331,33551744,7.373820598006644,56600741,12.439404337617717,healthy,healthy
C002608,C004612,33,0.189484,0.385724,0.26298,0.161812,34425285,7.565802708355463,56078562,12.324642664840095,healthy,healthy
C002608,C004612,34,0.113247,0.404296,0.315392,0.167064,34931915,7.6771471061181575,55555388,12.209662316350862,healthy,healthy
C002608,C004612,35,0.149344,0.406693,0.274594,0.169369,35592199,7.82226074789291,55031217,12.094462852600849,healthy,healthy
C002608,C004612,36,0.12526,0.39343,0.315777,0.165533,36159913,7.947029856377308,54506047,11.979043834040885,healthy,healthy
C002608,C004620,13,0.213442,0.361672,0.210174,0.214713,33778221,5.5733292743895495,113314990,18.696714400505552,healthy,healthy
C002608,C004620,14,0.217353,0.360608,0.209374,0.212666,35139119,5.797874334440468,112382902,18.542922010530155,healthy,healthy
C002608,C004620,15,0.191944,0.373744,0.213463,0.220849,36298015,5.989089526110063,111449513,18.388914958527824,healthy,healthy
C002608,C004620,16,0.177112,0.366742,0.242654,0.213492,37405755,6.171864094682289,110514821,18.234692914503135,healthy,healthy
C002608,C004620,17,-2.171876,0.364011,0.218492,0.211931,23702731,3.91089644908418,121641176,20.07051606335252,stress,healthy
C002608,C004620,18,0.155483,0.380158,0.242269,0.22209,24640157,4.065569596861083,120703873,19.91586321029454,healthy,healthy
C002608,C004620,19,0.146779,0.374567,0.2573,0.221354,25529284,4.212273520011748,119765261,19.760994375227902,healthy,healthy
C002608,C004620,20,0.15005,0.3757,0.250269,0.223981,26428821,4.360695069373289,118825339,19.605909393154906,healthy,healthy
C002608,C004620,21,0.189381,0.367579,0.225143,0.217898,27597466,4.553518823764291,117884105,19.450607934080114,healthy,healthy
C002608,C004620,22,0.164995,0.383415,0.228382,0.223207,28592798,4.71774632921334,116941557,19.2950896680081,healthy,healthy
C002608,C004620,23,0.146831,0.382604,0.246797,0.223768,29477570,4.863731687316131,115997693,19.13935426494343,healthy,healthy
C002608,C004620,24,0.198844,0.36023,0.227959,0.212967,30738284,5.0717466163093645,115052512,18.983401559888396,healthy,healthy
C002608,C004620,25,0.15156,0.381985,0.242264,0.224191,31652378,5.222570037404982,114106011,18.82723105784985,healthy,healthy
C002608,C004620,26,0.140985,0.382687,0.252039,0.224289,32503508,5.363004542387088,113158189,18.670842593830077,healthy,healthy
C002608,C004620,27,0.152019,0.374686,0.25272,0.220576,33438000,5.517193586868822,112209044,18.514235837833645,healthy,healthy
C002608,C004620,28,0.16357,0.39044,0.219985,0.226006,34420706,5.679337831171038,111258574,18.357410459865132,healthy,healthy
C002608,C004620,29,0.158902,0.367218,0.255975,0.217905,35412242,5.8429390052947765,110306777,18.2003661299291,healthy,healthy
C002608,C004620,30,0.177086,0.380992,0.22151,0.220412,36506205,6.023440400350455,109353651,18.043102518030125,healthy,healthy
C002608,C004620,31,0.16912,0.374713,0.24,0.216168,37572952,6.199451217600636,108399195,17.885619459170492,healthy,healthy
C002608,C004620,32,0.131826,0.384162,0.260268,0.223743,38377435,6.332189074181323,107443406,17.72791645835705,healthy,healthy
C002608,C004620,33,0.200781,0.367056,0.217112,0.215051,39654022,6.542823011901286,106486283,17.569993350592096,healthy,healthy
C002608,C004620,34,0.187171,0.366419,0.231476,0.214933,40846392,6.739561337075481,105527824,17.411849805880188,healthy,healthy
C002608,C004620,35,0.156207,0.377465,0.24339,0.222938,41807114,6.898078271615939,104568027,17.253485494225906,healthy,healthy
C002608,C004620,36,0.169111,0.374039,0.240726,0.216125,42881485,7.075347031443615,103606890,17.094900085633814,healthy,healthy
C002608,C004671,13,0.140747,0.304126,0.31853,0.236597,27547717,4.943658322009035,135906528,24.389514316651137,healthy,healthy
C002608,C004671,14,0.134791,0.300934,0.327729,0.236546,28312023,5.080819151614676,134967628,24.22102119620365,healthy,healthy
C002608,C004671,15,0.101632,0.310046,0.348863,0.23946,28882347,5.183168358586764,134026993,24.052216716118316,healthy,healthy
C002608,C004671,16,0.146971,0.307706,0.304122,0.241201,29702658,5.330379733735766,133084619,23.883100158563114,healthy,healthy
C002608,C004671,17,0.163583,0.299007,0.30239,0.23502,30641430,5.498849883558674,132140504,23.713671164622035,healthy,healthy
C002608,C004671,18,0.147887,0.303415,0.314006,0.234692,31492886,5.651650478258573,131194644,23.54392901646306,healthy,healthy
C002608,C004671,19,0.023861,0.442521,0.298621,0.234997,31630338,5.676317339896392,130247035,23.373872996254175,watch,healthy
C002608,C004671,20,-0.014226,0.45429,0.315519,0.244417,31551398,5.662150925019276,129297675,23.20350274507937,watch,healthy
C002608,C004671,21,-0.033729,0.452592,0.338791,0.242347,31362293,5.628214519073784,128346561,23.032817724564627,watch,healthy
C002608,C004671,22,-0.005838,0.450398,0.317044,0.238396,31328958,5.62223228649298,127393688,22.861817037419925,stress,healthy
C002608,C004671,23,0.079315,0.317408,0.358923,0.244354,31771624,5.701672243523555,126439054,22.69050032472926,watch,healthy
C002608,C004671,24,0.090449,0.316911,0.345431,0.24721,32271517,5.79138204377902,125482656,22.518867048118615,watch,healthy
C002608,C004671,25,0.057174,0.32101,0.371612,0.250204,32584304,5.847514174640036,124524490,22.34691648975597,watch,healthy
C002608,C004671,26,0.101259,0.318901,0.336442,0.243397,33154816,5.949897119716973,123564553,22.174648111267313,watch,healthy
C002608,C004671,27,0.085429,0.320689,0.347543,0.24634,33631266,6.035399885972384,122602842,22.002061374278632,healthy,healthy
C002608,C004671,28,0.070235,0.319023,0.366877,0.243864,34027687,6.106540807583752,121639354,21.829155740415914,healthy,healthy
C002608,C004671,29,0.100214,0.32169,0.329508,0.248588,34583589,6.206301871214595,120674085,21.655930491847133,healthy,healthy
C002608,C004671,30,0.096996,0.328241,0.321122,0.253641,35111897,6.301110970668606,119707032,21.482385090198285,healthy,healthy
C002608,C004671,31,0.133048,0.315277,0.30841,0.243266,35868872,6.436956193643083,118738191,21.30851881763735,healthy,healthy
C002608,C004671,32,0.033378,0.325784,0.387395,0.253442,36051490,6.469728455513229,117767560,21.134331315248314,watch,healthy
C002608,C004671,33,0.128584,0.309235,0.321185,0.240996,36792689,6.602742549008337,116795135,20.959821865199164,healthy,healthy
C002608,C004671,34,0.082167,0.329583,0.332086,0.256164,37239103,6.682855114639867,115820912,20.78498974965788,healthy,healthy
C002608,C004671,35,0.088265,0.325735,0.333012,0.252988,37725568,6.7701551528105846,114844889,20.60983460970845,healthy,healthy
C002608,C004671,36,0.087833,0.319694,0.348367,0.244106,38228193,6.860355232334409,113867062,20.434355727518863,healthy,healthy
C002608,C004713,13,0.133423,0.397575,0.238461,0.23054,21492962,4.623864299285648,62937819,13.540057175414072,healthy,stress
C002608,C004713,14,0.145366,0.405001,0.215802,0.23383,22176482,4.770912608673983,62168180,13.374481751447941,healthy,stress
C002608,C004713,15,0.126952,0.39967,0.243471,0.229906,22783983,4.901606655668545,61398065,13.20880392375512,healthy,stress
C002608,C004713,16,0.098455,0.414802,0.246626,0.240117,23235364,4.998714001379009,60627473,13.043023477201725,healthy,stress
C002608,C004713,17,0.136155,0.403886,0.221667,0.238292,23864753,5.134116898730388,59856405,12.877140626921639,healthy,stress
C002608,C004713,18,0.15683,0.396623,0.216301,0.230247,24615507,5.295629519380157,59084860,12.711155157780981,healthy,stress
C002608,C004713,19,0.109794,0.41968,0.229868,0.240658,25118674,5.4038777881799,58312838,12.54506706977975,healthy,stress
C002608,C004713,20,0.118501,0.405141,0.242241,0.234117,25677260,5.524048561453531,57540338,12.378876147784068,healthy,stress
C002608,C004713,21,0.110992,0.419922,0.228937,0.24015,26187619,5.633844073115401,56767361,12.212582606927814,healthy,stress
C002608,C004713,22,0.123333,0.418717,0.219691,0.238259,26759581,5.756892477162642,55993906,12.046186232077108,healthy,stress
C002608,C004713,23,0.069456,0.425982,0.261497,0.243065,27075514,5.824860369148224,55219973,11.87968702323195,healthy,stress
C002608,C004713,24,0.096658,0.41865,0.246565,0.238127,27524575,5.921468604258002,54445561,11.713084765258461,healthy,stress
C002608,C004713,25,0.128018,0.411905,0.225005,0.235073,28127427,6.051162493846275,53670670,11.54637945815664,healthy,stress
C002608,C004713,26,0.092073,0.421441,0.244475,0.242011,28548840,6.141822707452704,52895300,11.379571101926489,healthy,stress
C002608,C004713,27,0.08598,0.425465,0.249039,0.239517,28946709,6.227417808997688,52119450,11.212659481434127,healthy,stress
C002608,C004713,28,-0.028841,0.424255,0.240495,0.364092,28814930,6.199067681477081,50954955,10.962137154302265,watch,stress
C002608,C004713,29,-0.003322,0.420286,0.224229,0.358806,28799520,6.195752468392351,49789741,10.71146014591097,watch,stress
C002608,C004713,30,-0.034307,0.435917,0.22837,0.370019,28645088,6.162528913097028,48623806,10.460628025992476,stress,stress
C002608,C004713,31,0.00196,0.415563,0.230306,0.352171,28654365,6.164524710098133,47457150,10.209640794546788,watch,stress
C002608,C004713,32,-0.064155,0.430539,0.263859,0.369757,28365014,6.102275506900241,46289772,9.958498236440022,watch,stress
C002608,C004713,33,-0.054987,0.433607,0.259584,0.361797,28111397,6.04771389775619,45121672,9.707200351672183,watch,stress
C002608,C004713,34,0.105649,0.424449,0.233951,0.235951,28609824,6.1549424319666,44342457,9.539564805674946,watch,stress
C002608,C004713,35,0.045894,0.441202,0.26697,0.245934,28817679,6.199659084512118,43562761,9.371825780281618,watch,stress
C002608,C004713,36,0.089125,0.424252,0.248857,0.237766,29235457,6.289537286466179,42782582,9.203982845224441,watch,stress
C002608,C004740,13,0.051223,0.41447,0.328122,0.206184,7451783,2.8294382282715387,40832017,15.50389615978261,healthy,stress
C002608,C004740,14,0.042692,0.421875,0.329021,0.206413,7564105,2.872086834742757,40451865,15.359552638057155,watch,stress
C002608,C004740,15,0.007652,0.426078,0.358622,0.207648,7584119,2.87968614039895,40071684,15.215198105046397,watch,stress
C002608,C004740,16,0.022594,0.423318,0.347155,0.206933,7643425,2.902204598540562,39691473,15.070832181050845,watch,stress
C002608,C004740,17,-0.011794,0.425994,0.376122,0.209678,7612870,2.890602880526922,39311233,14.92645524576999,watch,stress
C002608,C004740,18,0.044397,0.416717,0.331832,0.207054,7729352,2.9348310368897046,38930964,14.782067299203835,watch,stress
C002608,C004740,19,0.013102,0.435803,0.338259,0.212836,7762795,2.9475293270396032,38550665,14.637667961652884,watch,stress
C002608,C004740,20,0.014426,0.429886,0.348351,0.207337,7800598,2.9618831069796996,38170337,14.493257612816631,watch,stress
C002608,C004740,21,-0.022187,0.417838,0.399811,0.204538,7741656,2.9395028594536,37789980,14.348836252695076,watch,stress
C002608,C004740,22,0.022841,0.421474,0.348627,0.207058,7801600,2.9622635658718504,37409594,14.20440388128822,watch,stress
C002608,C004740,23,0.041211,0.412985,0.343288,0.202516,7912190,3.004254532820908,37029178,14.05996011889657,watch,stress
C002608,C004740,24,0.027633,0.418248,0.349676,0.204442,7985651,3.0321476372882623,36648733,13.915505345219616,watch,stress
C002608,C004740,25,0.01719,0.419116,0.360415,0.20328,8031613,3.0495993853930874,36268259,13.77103956025736,watch,stress
C002608,C004740,26,-0.031764,0.427185,0.398494,0.206085,7947832,3.0177877821562755,35887756,13.626562764009805,watch,stress
C002608,C004740,27,-0.036576,0.420544,0.409995,0.206037,7851329,2.9811456419674256,35507223,13.482074576777453,watch,stress
C002608,C004740,28,-0.024998,0.414692,0.409204,0.201103,7783749,2.9554855502193718,35126661,13.3375753782598,stress,stress
C002608,C004740,29,-0.067195,0.419685,0.442162,0.205348,7605836,2.887932074292003,34746070,13.193065168456846,stress,stress
C002608,C004740,30,-0.018269,0.415551,0.400148,0.20257,7556799,2.8693127502456974,34365449,13.048543567669094,stress,stress
C002608,C004740,31,-0.109057,0.444794,0.452296,0.211967,7277022,2.7630815651466243,33984799,12.904010955596043,stress,stress
C002608,C004740,32,-0.043206,0.428336,0.410011,0.204859,7162325,2.71953117237914,33604119,12.759466952538197,stress,stress
C002608,C004740,33,-0.051912,0.42186,0.426115,0.203937,7023883,2.666964815146466,33223410,12.614911938195048,stress,stress
C002608,C004740,34,-0.104454,0.426002,0.47352,0.204933,6746651,2.5616999652574965,32842672,12.470345912566598,stress,stress
C002608,C004740,35,-0.057328,0.427354,0.425057,0.204917,6594475,2.5039188151857017,32461905,12.325768875652846,stress,stress
C002608,C004740,36,-0.110866,0.423399,0.486163,0.201304,6294877,2.3901616064326157,32081109,12.181180827453792,stress,stress
C002608,C004780,13,0.151245,0.399057,0.203285,0.246413,22817993,5.015177925532344,74268868,16.32359109532006,healthy,recovered
C002608,C004780,14,0.150763,0.381514,0.227581,0.240142,23528760,5.171397754708242,73476369,16.14940734958894,healthy,recovered
C002608,C004780,15,0.176299,0.390865,0.192003,0.240833,24358132,5.353685835279334,72683299,15.97509810348645,healthy,recovered
C002608,C004780,16,0.122632,0.3988,0.234186,0.244383,24927062,5.478731240331966,71889657,15.800663137222093,healthy,recovered
C002608,C004780,17,0.110702,0.400253,0.239195,0.24985,25429767,5.589221020000789,71095443,15.62610245079587,healthy,recovered
C002608,C004780,18,0.105748,0.402835,0.23998,0.251436,25907293,5.6941766948521115,70300657,15.451416044207782,healthy,recovered
C002608,C004780,19,0.151284,0.396241,0.205733,0.246742,26603943,5.847293741641551,69505297,15.276603477876842,healthy,recovered
C002608,C004780,20,0.096835,0.406346,0.244043,0.252776,27039529,5.943031403226026,68709364,15.101664971593545,healthy,recovered
C002608,C004780,21,0.006921,0.562518,0.1915,0.239062,27072469,5.950271302057928,67912857,14.926600305567396,stress,recovered
C002608,C004780,22,-0.032478,0.57767,0.208686,0.246122,26922210,5.917245802404538,67115776,14.751409479798397,stress,recovered
C002608,C004780,23,-0.058557,0.580709,0.231309,0.246539,26651560,5.8577595055358636,66318120,14.576092274496053,stress,recovered
C002608,C004780,24,-0.018027,0.561777,0.214741,0.241509,26566440,5.839050938791132,65519889,14.400648689660368,stress,recovered
C002608,C004780,25,-0.033832,0.583468,0.201055,0.249309,26411581,5.805014402870992,64721083,14.225078725291336,stress,recovered
C002608,C004780,26,0.124848,0.418655,0.206082,0.250415,26980931,5.930152119930588,63921701,14.04938216159847,watch,recovered
C002608,C004780,27,0.10891,0.418528,0.220694,0.251867,27475091,6.038763789838676,63121742,13.873558778791274,watch,recovered
C002608,C004780,28,0.112409,0.406017,0.23866,0.242914,28004306,6.1550802154708775,62321207,13.69760879666024,watch,recovered
C002608,C004780,29,0.123168,0.419252,0.209,0.248581,28571360,6.27971329355907,61520095,13.521531995414879,watch,recovered
C002608,C004780,30,0.096207,0.418626,0.236264,0.248902,29014038,6.3770097093182825,60718405,13.345328155264694,healthy,recovered
C002608,C004780,31,0.135066,0.415377,0.202808,0.246749,29641391,6.514895934330118,59916137,13.168997276209687,healthy,recovered
C002608,C004780,32,0.155939,0.401902,0.202734,0.239425,30388391,6.6790794324306155,59113291,12.992539358249859,healthy,recovered
C002608,C004780,33,0.096407,0.421124,0.233789,0.248679,30833347,6.776876530932362,58309866,12.815954181594716,healthy,recovered
C002608,C004780,34,0.096615,0.421779,0.232901,0.248705,31279539,6.874945290483175,57505862,12.639241746244258,healthy,recovered
C002608,C004780,35,0.12643,0.40904,0.225815,0.238715,31888294,7.008743851910442,56701278,12.462401832407991,healthy,recovered
C002608,C004780,36,0.106251,0.415441,0.231786,0.246522,32384047,7.117705648073515,55896114,12.285434440085918,healthy,recovered
C002608,C004794,13,0.109563,0.324632,0.349456,0.21635,15501548,3.7020711457466535,115843291,27.66563088018261,healthy,stress
C002608,C004794,14,0.089875,0.327117,0.365765,0.217243,15883052,3.7931817206638767,115197780,27.511470299099866,healthy,stress
C002608,C004794,15,0.108997,0.331359,0.33822,0.221423,16337804,3.9017853425518703,114551115,27.35703412037344,healthy,stress
C002608,C004794,16,0.065167,0.332593,0.378493,0.223748,16607345,3.9661569755459234,113903294,27.20232186636444,healthy,stress
C002608,C004794,17,0.091981,0.336295,0.345388,0.226336,16984117,4.056137456832389,113254315,27.047333059433964,healthy,stress
C002608,C004794,18,0.075765,0.336241,0.365131,0.222862,17299866,4.1315444589071735,112604176,26.892067221943115,healthy,stress
C002608,C004794,19,0.057286,0.336698,0.378137,0.227879,17533764,4.187403850294914,111952875,26.736523876252996,healthy,stress
C002608,C004794,20,0.06775,0.338276,0.366763,0.227211,17811698,4.253779894921035,111300410,26.580702544724716,healthy,stress
C002608,C004794,21,0.084267,0.348632,0.337371,0.22973,18154209,4.335578183079149,110646779,26.42460274971937,healthy,stress
C002608,C004794,22,0.056887,0.352699,0.357679,0.232734,18382856,4.390183533542311,109991979,26.268223774778612,healthy,stress
C002608,C004794,23,0.079293,0.33544,0.361095,0.224172,18714324,4.469344538529578,109336009,26.111565381083,healthy,stress
C002608,C004794,24,0.049188,0.339275,0.382753,0.228783,18916159,4.51754666193698,108678867,25.954627090993633,watch,stress
C002608,C004794,25,-2.0,1.0,1.0,1.0,18108991,4.324779245252528,108396358,25.887158447390185,stress,stress
C002608,C004794,26,-2.0,1.0,1.0,1.0,17306695,4.133175356921637,108115554,25.820096990946595,stress,stress
C002608,C004794,27,-2.0,1.0,1.0,1.0,16493617,3.938996517295981,107830977,25.75213446872345,stress,stress
C002608,C004794,28,-2.0,1.0,1.0,1.0,15681379,3.745018286007147,107546694,25.684242159418194,stress,stress
C002608,C004794,29,-2.0,1.0,1.0,1.0,14870705,3.5514135683359167,107262958,25.616480484351317,stress,stress
C002608,C004794,30,-2.0,1.0,1.0,1.0,14052237,3.355947491882328,106976494,25.54806730982867,stress,stress
C002608,C004794,31,-2.0,1.0,1.0,1.0,13243725,3.1628591018589627,106693515,25.480486421084382,stress,stress
C002608,C004794,32,0.045558,0.343605,0.380706,0.230131,13432244,3.207881105488859,106026918,25.32129009310854,watch,stress
C002608,C004794,33,-0.003383,0.359868,0.408088,0.235426,13418536,3.2046073684875034,105359129,25.16180909234997,watch,stress
C002608,C004794,34,0.031745,0.350881,0.384163,0.233211,13548624,3.2356749129164784,104690147,25.002043179989222,watch,stress
C002608,C004794,35,-0.008953,0.35573,0.416166,0.237057,13512467,3.2270399181135874,104019969,24.841991639567958,watch,stress
C002608,C004794,36,0.038552,0.362262,0.360438,0.238747,13667342,3.264027080214915,103348593,24.681653993447274,watch,stress
C002608,C004802,13,0.204383,0.368417,0.234628,0.192572,26190584,6.818207827565407,55235694,14.379535835925141,healthy,recovered
C002608,C004802,14,0.221072,0.351256,0.242273,0.185399,27060265,7.044612317121078,54725153,14.246626442133346,healthy,recovered
C002608,C004802,15,0.216814,0.357535,0.239527,0.186125,27910953,7.266072349490572,54213958,14.113546792194562,healthy,recovered
C002608,C004802,16,0.180963,0.360517,0.269457,0.189062,28610841,7.448274542462638,53702110,13.980297146439291,healthy,recovered
C002608,C004802,17,0.179574,0.364013,0.264276,0.192137,29295115,7.62641193500797,53189607,13.84687698420653,healthy,recovered
C002608,C004802,18,0.207907,0.363592,0.240329,0.188172,30105085,7.837271830079159,52676449,13.713286305496279,healthy,recovered
C002608,C004802,19,0.210099,0.36083,0.240499,0.188572,30922898,8.050173497261714,52162634,13.57952458964754,healthy,recovered
C002608,C004802,20,0.166054,0.367782,0.272764,0.1934,31553937,8.214452195640453,51648162,13.445591836660313,healthy,recovered
C002608,C004802,21,0.178293,0.372359,0.256391,0.192957,32233914,8.391470948027358,51133032,13.311487786204097,healthy,recovered
C002608,C004802,22,0.190542,0.364355,0.254897,0.190206,32972057,8.583632084276273,50617243,13.177212177948393,healthy,recovered
C002608,C004802,23,-3.582273,0.357631,0.242459,0.186684,18814739,4.898050410918677,57713409,15.02456062069039,stress,recovered
C002608,C004802,24,0.161233,0.376962,0.268813,0.192992,19431899,5.058715982288154,57196301,14.889941636505208,stress,recovered
C002608,C004802,25,0.179143,0.371346,0.25613,0.193381,20117109,5.23709704418147,56678531,14.755150313529038,stress,recovered
C002608,C004802,26,0.167844,0.369932,0.271512,0.190712,20768920,5.406783327705856,56160099,14.620186651761879,healthy,recovered
C002608,C004802,27,0.18991,0.374354,0.243691,0.192045,21502241,5.597689150283851,55641004,14.48505039087323,healthy,recovered
C002608,C004802,28,0.21044,0.361972,0.241507,0.18608,22341957,5.816292836407533,55121245,14.349741270532592,healthy,recovered
C002608,C004802,29,0.185603,0.36998,0.25493,0.189487,23070181,6.005871754427115,54600822,14.214259290739966,healthy,recovered
C002608,C004802,30,0.191753,0.360462,0.258993,0.188791,23826273,6.202705562820223,54079733,14.078603930834351,healthy,recovered
C002608,C004802,31,0.156074,0.375546,0.275986,0.192395,24430924,6.360114659965412,53557978,13.942775190815748,healthy,recovered
C002608,C004802,32,0.158496,0.37818,0.270005,0.193319,25042804,6.519405686294979,53035555,13.806772550023156,healthy,recovered
C002608,C004802,33,0.195823,0.368496,0.245312,0.19037,25811484,6.719516535021872,52512464,13.670596008456576,healthy,recovered
C002608,C004802,34,0.198955,0.374609,0.235774,0.190663,26592252,6.9227742588325585,51988704,13.534245305785507,healthy,recovered
C002608,C004802,35,0.190494,0.372037,0.246396,0.191073,27339168,7.117219274557822,51464274,13.39772018167945,healthy,recovered
C002608,C004802,36,0.14002,0.3793,0.285233,0.195447,27876576,7.257122967892658,50939174,13.261020636138403,healthy,recovered
C002608,C004804,13,0.15199,0.352787,0.213427,0.281795,24848033,6.308567713131162,4743538,1.204317889983918,healthy,recovered
C002608,C004804,14,0.197691,0.340313,0.223814,0.238182,25635459,6.508484150785604,4079442,1.0357132127436894,healthy,recovered
C002608,C004804,15,0.217528,0.353019,0.22055,0.208903,26485033,6.724179095585287,3508320,0.8907133324932528,healthy,recovered
C002608,C004804,16,0.235583,0.353636,0.230641,0.18014,27402657,6.957150982703848,3017155,0.7660134151669974,healthy,recovered
C002608,C004804,17,0.258921,0.361522,0.222995,0.156561,28400613,7.210518039996693,2594753,0.6587714608778177,healthy,recovered
C002608,C004804,18,0.304922,0.34731,0.217033,0.130736,29610990,7.517815815354467,2231487,0.566543309101043,healthy,recovered
C002608,C004804,19,0.338595,0.348446,0.199695,0.113264,30945164,7.856543915888584,1919079,0.48722729152637706,healthy,recovered
C002608,C004804,20,-1.944983,1.0,1.0,0.944983,30155186,7.655979561161434,1650408,0.41901548594584426,stress,recovered
C002608,C004804,21,-1.836085,1.0,1.0,0.836085,29430309,7.471943438938344,1419351,0.3603533483797461,stress,recovered
C002608,C004804,22,-1.708508,1.0,1.0,0.708508,28745780,7.298151109054447,1220642,0.3099039151506217,stress,recovered
C002608,C004804,23,-1.612745,1.0,1.0,0.612745,28103235,7.135017929006197,1049752,0.26651733656321464,stress,recovered
C002608,C004804,24,-1.525226,1.0,1.0,0.525226,27493552,6.980227950699063,902787,0.22920498053244465,stress,recovered
C002608,C004804,25,-1.460325,1.0,1.0,0.460325,26920757,6.834803319170162,776397,0.19711632895738246,stress,recovered
C002608,C004804,26,0.395971,0.358547,0.205967,0.039515,28476770,7.22985323611982,667702,0.16952019015722908,watch,recovered
C002608,C004804,27,0.400595,0.360375,0.205533,0.033497,30073805,7.635318064572858,574224,0.14578743462329707,watch,recovered
C002608,C004804,28,0.401701,0.360503,0.208595,0.0292,31653690,8.036428748121137,493832,0.1253770312889953,watch,recovered
C002608,C004804,29,0.384532,0.359413,0.231294,0.024761,33187498,8.425841126434635,424696,0.1078243687738161,watch,recovered
C002608,C004804,30,0.407448,0.362952,0.207913,0.021687,34783317,8.830997229511336,365239,0.09272906885532196,healthy,recovered
C002608,C004804,31,0.397153,0.368905,0.215398,0.018544,36347744,9.228183343267329,314105,0.07974686211713675,healthy,recovered
C002608,C004804,32,0.433051,0.34838,0.203208,0.015361,38118811,9.677832460120646,270130,0.06858222525493751,healthy,recovered
C002608,C004804,33,0.431739,0.347104,0.207952,0.013205,39885162,10.126284250596653,232312,0.05898076449644632,healthy,recovered
C002608,C004804,34,0.421643,0.367586,0.198832,0.011939,41526069,10.542887565653862,199789,0.050723630109424024,healthy,recovered
C002608,C004804,35,0.429998,0.359357,0.200842,0.009803,43278700,10.987856040206065,171818,0.04362218479566451,healthy,recovered
C002608,C004804,36,0.423581,0.362349,0.205464,0.008606,44970067,11.417270442837271,147763,0.03751495705899134,healthy,recovered
C002608,C004821,13,0.038153,0.376763,0.375565,0.209519,19469960,3.735101050325874,66977630,12.848933236706072,watch,stress
C002608,C004821,14,0.050098,0.372046,0.371921,0.205934,19733279,3.785615949867052,66219950,12.70358053111187,healthy,stress
C002608,C004821,15,0.061514,0.373296,0.357206,0.207984,20053577,3.8470616537214655,65461886,12.55815415927473,healthy,stress
C002608,C004821,16,0.059179,0.36733,0.368631,0.204861,20366572,3.907106356085864,64703437,12.412653929355479,healthy,stress
C002608,C004821,17,0.032697,0.378417,0.380196,0.20869,20536418,3.9396894724863936,63944604,12.267080033193292,watch,stress
C002608,C004821,18,0.048081,0.37056,0.375423,0.205936,20789644,3.988268139241221,63185386,12.121432278948994,watch,stress
C002608,C004821,19,0.012447,0.380497,0.398979,0.208077,20854556,4.000720803724289,62425783,11.975710666622586,watch,stress
C002608,C004821,20,0.011068,0.37537,0.408517,0.205045,20913158,4.011962963017435,61665795,11.829915196214065,watch,stress
C002608,C004821,21,0.057218,0.37337,0.364876,0.204536,21217031,4.070257708433743,60905422,11.684045867723436,healthy,stress
C002608,C004821,22,0.022724,0.389565,0.373757,0.213954,21332459,4.092401320646454,60144663,11.53810248931152,watch,stress
C002608,C004821,23,-0.000259,0.371915,0.422794,0.205549,21331091,4.092138884655993,59383519,11.392085252817493,watch,stress
C002608,C004821,24,0.033599,0.370955,0.391139,0.204307,21509998,4.1264602558149805,58621989,11.245993966402182,watch,stress
C002608,C004821,25,-0.018588,0.390536,0.413496,0.214557,21415701,4.108370397194697,57860073,11.099828630065584,watch,stress
C002608,C004821,26,-0.072607,0.39404,0.465031,0.213536,21045416,4.037335228533852,57097770,10.953589051968528,watch,stress
C002608,C004821,27,0.045857,0.370675,0.379449,0.204018,21290317,4.084316834162515,56335081,10.807275423950186,watch,stress
C002608,C004821,28,-0.060096,0.388964,0.458921,0.21221,20981610,4.025094738177575,55572005,10.660887554171385,watch,stress
C002608,C004821,29,-0.076678,0.395283,0.465139,0.216256,20594894,3.9509074600435765,54808542,10.514425442632126,watch,stress
C002608,C004821,30,-0.016954,0.377093,0.434635,0.205226,20504746,3.933613542157522,54044692,10.367889089332404,stress,stress
C002608,C004821,31,-0.126683,0.405249,0.50529,0.216145,19864859,3.810858148423283,53280455,10.221278494272225,stress,stress
C002608,C004821,32,-0.002233,0.379772,0.417644,0.204817,19852952,3.808573919374727,52515831,10.074593657451587,stress,stress
C002608,C004821,33,-0.120429,0.394358,0.514687,0.211384,19230323,3.689129286110799,51750819,9.927834387031313,stress,stress
C002608,C004821,34,-0.026503,0.383097,0.437461,0.205945,19089609,3.662134828536384,50985419,9.781000683011406,stress,stress
C002608,C004821,35,-0.064096,0.398378,0.453821,0.211897,18758695,3.5986525600074533,50219631,9.634092545391866,stress,stress
C002608,C004821,36,-0.100461,0.388241,0.503904,0.208316,18230851,3.4973914028808744,49453455,9.487109974172691,stress,stress
C002608,C004829,13,0.218455,0.391231,0.220036,0.170278,29308597,6.164635621254365,52771441,11.099702417468945,healthy,healthy
C002608,C004829,14,0.19839,0.401889,0.227044,0.172677,30263799,6.365548420822813,52189460,10.977291208106271,healthy,healthy
C002608,C004829,15,0.217404,0.396124,0.215771,0.170702,31324021,6.588550644628938,51606734,10.85472329886684,healthy,healthy
C002608,C004829,16,0.207887,0.407359,0.209221,0.175533,32311184,6.796185974077985,51023262,10.731998479415246,healthy,healthy
C002608,C004829,17,0.206755,0.414417,0.201277,0.177551,33283061,7.000606116525534,50439043,10.609116539416084,healthy,healthy
C002608,C004829,18,0.160549,0.415472,0.243661,0.180318,34027106,7.157105122971193,49854077,10.486077478869355,healthy,healthy
C002608,C004829,19,0.199074,0.405578,0.222565,0.172782,34991168,7.359881494228327,49268363,10.362881087439654,healthy,healthy
C002608,C004829,20,0.198547,0.415908,0.206312,0.179232,35919258,7.555091680295233,48681899,10.23952694445617,healthy,healthy
C002608,C004829,21,0.16594,0.423835,0.229468,0.180758,36689367,7.717072868737947,48094685,10.116015049918902,healthy,healthy
C002608,C004829,22,0.184872,0.404096,0.236989,0.174044,37581575,7.904735799801079,47506720,9.992345193492447,healthy,healthy
C002608,C004829,23,0.1669,0.411381,0.244061,0.177658,38371670,8.070920751648995,46918002,9.868516954505996,healthy,healthy
C002608,C004829,24,0.176283,0.423556,0.22183,0.178331,39204103,8.246010883875647,46328531,9.744530332959545,healthy,healthy
C002608,C004829,25,0.203464,0.410703,0.211078,0.174754,40185806,8.452497782013154,45738306,9.62038511851769,healthy,healthy
C002608,C004829,26,0.212553,0.410261,0.205404,0.171782,41230439,8.672221087190055,45147326,9.49608110084503,healthy,healthy
C002608,C004829,27,0.1906,0.419762,0.212023,0.177615,42137573,8.863023484508869,44555590,9.371618069606155,healthy,healthy
C002608,C004829,28,-2.888066,0.415834,0.205616,0.174483,28127509,5.91621099838224,53364285,11.224398500336607,watch,healthy
C002608,C004829,29,0.173221,0.418735,0.229046,0.178998,28947659,6.0887175808287415,52771034,11.099616810959093,healthy,healthy
C002608,C004829,30,0.135701,0.432482,0.252031,0.179785,29588167,6.223439090442402,52177024,10.97467547700915,healthy,healthy
C002608,C004829,31,0.18763,0.409024,0.230128,0.173218,30508530,6.417024014834536,51582254,10.849574288151373,healthy,healthy
C002608,C004829,32,0.163514,0.41798,0.243734,0.174773,31304482,6.584440901149792,50986723,10.724313034050358,healthy,healthy
C002608,C004829,33,0.187462,0.414702,0.225039,0.172797,32228627,6.778821314043801,50390429,10.598891294035296,healthy,healthy
C002608,C004829,34,0.140222,0.430366,0.252592,0.176821,32905020,6.9210907096674505,49793373,10.473309278441588,healthy,healthy
C002608,C004829,35,0.162465,0.433895,0.221876,0.181763,33668378,7.081651923790716,49195553,10.347566566598429,healthy,healthy
C002608,C004829,36,0.15661,0.437772,0.224738,0.180881,34408757,7.237379840641484,48596968,10.221662948170412,healthy,healthy
C002608,C004844,13,-1.853466,0.320781,0.209707,0.306708,18784802,2.477460978204488,189362156,24.974303814257443,stress,recovered
C002608,C004844,14,0.128552,0.325154,0.23591,0.310384,19730758,2.6022197633701984,187763378,24.763446648565104,stress,recovered
C002608,C004844,15,0.156438,0.316399,0.227563,0.2996,20924505,2.759658825562532,186163046,24.552384531318832,stress,recovered
C002608,C004844,16,0.145102,0.321843,0.225297,0.307759,22003441,2.901955871758709,184561158,24.341117198745724,healthy,recovered
C002608,C004844,17,0.119321,0.325009,0.243053,0.312618,22877737,3.0172636734273275,182957713,24.129644518959314,healthy,recovered
C002608,C004844,18,0.148735,0.324919,0.221902,0.304444,23997905,3.1649986620118953,181352709,23.917966228186692,healthy,recovered
C002608,C004844,19,0.089768,0.337984,0.25618,0.316068,24649745,3.2509675300379097,179746145,23.706082194541402,healthy,recovered
C002608,C004844,20,0.139067,0.323686,0.229377,0.30787,25687461,3.387828216483178,178138019,23.49399215425053,healthy,recovered
C002608,C004844,21,0.14896,0.313861,0.237908,0.299271,26832048,3.5387837404573004,176528329,23.28169584354116,healthy,recovered
C002608,C004844,22,0.133973,0.317002,0.246153,0.302872,27850229,3.673068024968216,174917075,23.069193262413297,healthy,recovered
C002608,C004844,23,0.139797,0.325555,0.224145,0.310503,28887567,3.8098788583327994,173304254,22.856484015207563,healthy,recovered
C002608,C004844,24,0.096072,0.335986,0.256484,0.311458,29598960,3.9037019605229544,171689865,22.643567970037505,healthy,recovered
C002608,C004844,25,0.12902,0.317163,0.251776,0.302042,30585058,4.033754931839101,170073907,22.430444995016668,healthy,recovered
C002608,C004844,26,0.119017,0.32655,0.244531,0.309902,31472497,4.150796117209956,168456378,22.21711482637214,healthy,recovered
C002608,C004844,27,0.098103,0.341177,0.242506,0.318213,32185582,4.244842371285083,166837276,22.003577200330998,healthy,recovered
C002608,C004844,28,0.114045,0.326827,0.250029,0.309099,33039818,4.357504530629509,165216600,21.789831985006796,healthy,recovered
C002608,C004844,29,0.122747,0.330747,0.241362,0.305143,33972061,4.480454756812584,163594349,21.57587904851307,healthy,recovered
C002608,C004844,30,0.109437,0.329299,0.25411,0.307154,34798572,4.589460364141145,161970521,21.36171812707691,healthy,recovered
C002608,C004844,31,0.13663,0.320884,0.239692,0.302793,35846338,4.727646509477647,160345114,21.1473489569254,healthy,recovered
C002608,C004844,32,0.128744,0.332475,0.229025,0.309756,36812372,4.855053310923773,158718126,20.932771274285628,healthy,recovered
C002608,C004844,33,0.117476,0.336944,0.233075,0.312505,37686954,4.970398832119047,157089557,20.71798507915759,healthy,recovered
C002608,C004844,34,0.087885,0.337252,0.265623,0.309241,38348784,5.057685245848885,155459405,20.50299010776838,healthy,recovered
C002608,C004844,35,0.051604,0.349733,0.278279,0.320384,38724244,5.107203334933702,153827668,20.287786096345076,healthy,recovered
C002608,C004844,36,0.132645,0.324555,0.238472,0.304328,39741247,5.2413322571984615,152194345,20.072372913001228,healthy,recovered
C002608,C004902,13,0.121323,0.364665,0.208703,0.305309,18957765,4.147028545828464,25186378,5.50954337349503,healthy,recovered
C002608,C004902,14,0.073569,0.381741,0.228784,0.315907,19285765,4.218778847777651,24200465,5.293873997136405,healthy,recovered
C002608,C004902,15,0.115241,0.362097,0.220899,0.301763,19823720,4.336456999256539,23214405,5.078172464392455,healthy,recovered
C002608,C004902,16,0.102887,0.373487,0.216833,0.306793,20296203,4.4398130904634225,22228199,4.8624389940141,healthy,recovered
C002608,C004902,17,0.093913,0.380898,0.213148,0.312041,20720282,4.532580762110707,21241846,4.646673367250421,healthy,recovered
C002608,C004902,18,0.067208,0.384966,0.231672,0.316155,21019865,4.598114819149864,20255347,4.430875802852337,healthy,recovered
C002608,C004902,19,0.074086,0.370894,0.24745,0.30757,21359379,4.672383819198573,19268701,4.215046082068929,healthy,recovered
C002608,C004902,20,0.077331,0.386222,0.221739,0.314708,21705775,4.748158263082691,18281908,3.999184204900196,healthy,recovered
C002608,C004902,21,0.100321,0.371547,0.21904,0.309093,22163383,4.8482604343459945,17294968,3.783290171346138,healthy,recovered
C002608,C004902,22,-0.118796,0.560621,0.247243,0.310932,21624626,4.730406844628805,16307881,3.5673639814067553,stress,recovered
C002608,C004902,23,-0.067777,0.546141,0.216917,0.304719,21310933,4.66178621210031,15320648,3.3514058538329685,watch,recovered
C002608,C004902,24,-0.082069,0.538054,0.243858,0.300156,20925260,4.577419888308697,14333268,3.1354155698738566,stress,recovered
C002608,C004902,25,-0.062717,0.540029,0.22201,0.300678,20630998,4.513049804917929,13345741,2.9193931295294204,stress,recovered
C002608,C004902,26,-0.060369,0.537445,0.223977,0.298947,20346072,4.450721980121667,12358067,2.703338532799659,stress,recovered
C002608,C004902,27,-0.103029,0.561352,0.229363,0.312313,19880540,4.348886426563712,11370247,2.4872519984354935,stress,recovered
C002608,C004902,28,-0.07761,0.542728,0.232607,0.302274,19518164,4.269616342968777,10382280,2.271133307686003,stress,recovered
C002608,C004902,29,0.065565,0.378236,0.252273,0.303926,19822681,4.33622971705006,9394166,2.054982460551188,watch,recovered
C002608,C004902,30,0.090305,0.370556,0.24144,0.297699,20250943,4.429912423798117,8405905,1.8387994570310484,watch,recovered
C002608,C004902,31,0.101249,0.381951,0.213366,0.303434,20722097,4.532977795031554,7417497,1.622584297125584,watch,recovered
C002608,C004902,32,0.081708,0.389827,0.22155,0.306915,21098063,4.615220703637128,6428942,1.4063369808347945,watch,recovered
C002608,C004902,33,0.100585,0.393048,0.222036,0.284332,21552921,4.714721309868846,5528890,1.2094497772678128,healthy,recovered
C002608,C004902,34,0.166798,0.378559,0.221303,0.23334,22343363,4.887631225031406,4754845,1.0401267209499507,healthy,recovered
C002608,C004902,35,0.138282,0.392271,0.262083,0.207364,22977524,5.026354527575304,4089167,0.8945090456422338,healthy,recovered
C002608,C004902,36,0.176335,0.390208,0.255652,0.177805,23788595,5.203777055478442,3516684,0.7692778623776709,healthy,recovered
C002608,C004966,13,0.139426,0.319972,0.296583,0.244019,11111063,3.7368677304528837,4679319,1.5737464697657693,healthy,recovered
C002608,C004966,14,0.11894,0.320025,0.312972,0.248064,11463436,3.855377659951337,4164877,1.4007295667935116,healthy,recovered
C002608,C004966,15,0.136279,0.31332,0.306992,0.243409,11875453,3.993947032809542,3649744,1.2274802670108187,healthy,recovered
C002608,C004966,16,0.117448,0.319701,0.316411,0.24644,12223331,4.110945205921736,3138780,1.0556330834404324,healthy,recovered
C002608,C004966,17,0.166074,0.323725,0.300108,0.210093,12719560,4.277836720893337,2699351,0.9078445190226824,healthy,recovered
C002608,C004966,18,0.176963,0.327885,0.311768,0.183384,13240527,4.453048108942423,2321442,0.780746333444244,healthy,recovered
C002608,C004966,19,0.21498,0.316578,0.315223,0.153218,13891969,4.672140790539286,1996440,0.6714418064037037,healthy,recovered
C002608,C004966,20,0.251347,0.323122,0.291139,0.134392,14638742,4.923295151348283,1716938,0.5774398189793644,healthy,recovered
C002608,C004966,21,0.265713,0.324503,0.293313,0.116471,15422140,5.186767215749441,1476566,0.496598015624958,healthy,recovered
C002608,C004966,22,0.231277,0.334343,0.331984,0.102397,16089145,5.4110940385341495,1269847,0.42707437415415633,healthy,recovered
C002608,C004966,23,0.242247,0.330679,0.339053,0.088021,16788105,5.646167952603158,1092069,0.3672841568379146,healthy,recovered
C002608,C004966,24,0.28125,0.334791,0.30931,0.074649,17611004,5.922924975628043,939179,0.3158642605319589,healthy,recovered
C002608,C004966,25,0.270395,0.337324,0.327433,0.064849,18394210,6.186332466675217,807694,0.2716432842366578,healthy,recovered
C002608,C004966,26,0.294091,0.337054,0.313531,0.055323,19252927,6.475135783413796,694617,0.233613278254654,healthy,recovered
C002608,C004966,27,0.300861,0.322998,0.330467,0.045674,20168041,6.782906513926768,597371,0.2009075471004322,healthy,recovered
C002608,C004966,28,0.045802,0.593929,0.320358,0.03991,20305155,6.829020632980303,513739,0.17278047032719857,stress,recovered
C002608,C004966,29,0.059714,0.586309,0.31983,0.034147,20484832,6.889449521125801,441815,0.1485910228688327,stress,recovered
C002608,C004966,30,0.055662,0.609815,0.304034,0.030489,20646152,6.943704591255154,379961,0.12778831329915133,stress,recovered
C002608,C004966,31,0.048959,0.605254,0.319934,0.025853,20790062,6.99210433798411,326767,0.10989813104982821,stress,recovered
C002608,C004966,32,0.356094,0.323462,0.298742,0.021701,21862423,7.3527603090911215,281020,0.09451252050428202,healthy,recovered
C002608,C004966,33,0.298426,0.336109,0.346358,0.019108,22740227,7.647982957118809,241677,0.08128070036977214,healthy,recovered
C002608,C004966,34,0.318823,0.32566,0.339346,0.016171,23693177,7.968478674201421,207843,0.0699016646472546,healthy,recovered
C002608,C004966,35,0.326076,0.324286,0.335791,0.013847,24672070,8.297699529421683,178745,0.06011543832303,healthy,recovered
C002608,C004966,36,0.317647,0.324176,0.346296,0.011881,25627836,8.61914232236274,153721,0.0516993778536714,healthy,recovered
C002608,C004967,13,0.1526,0.334676,0.291068,0.221656,12269948,3.7402984264769135,107403148,32.74014082725265,healthy,stress
C002608,C004967,14,0.085026,0.344888,0.341722,0.228365,12546724,3.8246691864252504,106882788,32.581517360453816,healthy,stress
C002608,C004967,15,0.096734,0.334586,0.347859,0.220822,12872551,3.9239923632963905,106362132,32.42280366276449,healthy,stress
C002608,C004967,16,0.04479,0.348827,0.373624,0.232759,13015761,3.967647653250004,105841180,32.26399973418467,watch,stress
C002608,C004967,17,0.144198,0.335274,0.297583,0.222945,13497385,4.1144630667589706,105319932,32.10510557471438,healthy,stress
C002608,C004967,18,0.113393,0.348758,0.311105,0.226745,13869984,4.228043943663002,104798387,31.94612087951951,healthy,stress
C002608,C004967,19,0.110778,0.350658,0.308913,0.229652,14229586,4.337662891906136,104276546,31.787045953434156,healthy,stress
C002608,C004967,20,0.092638,0.34942,0.325636,0.232306,14527037,4.428336096654355,103754408,31.627880491624225,healthy,stress
C002608,C004967,21,0.103174,0.34436,0.328877,0.22359,14871426,4.533317603894316,103231974,31.468624798923813,healthy,stress
C002608,C004967,22,0.116654,0.342521,0.314282,0.226543,15255957,4.6505357611539555,102709242,31.309278265664737,healthy,stress
C002608,C004967,23,0.046591,0.35371,0.37033,0.22937,15407729,4.696801040581648,102186213,31.149841196681088,watch,stress
C002608,C004967,24,0.064673,0.349031,0.360827,0.225469,15622173,4.762170882064873,101662887,30.990313591972864,healthy,stress
C002608,C004967,25,0.083322,0.363386,0.320129,0.233163,15889485,4.843656692190425,101139263,30.830695146705978,healthy,stress
C002608,C004967,26,-0.184642,0.613652,0.336885,0.234106,15299166,4.66370733732605,100615342,30.670986165714517,stress,stress
C002608,C004967,27,-0.148094,0.583621,0.341249,0.223224,14802334,4.512256006984359,100091123,30.511186344164393,stress,stress
C002608,C004967,28,-0.166907,0.603306,0.332219,0.231382,14261820,4.347488913946251,99566605,30.351295377221515,stress,stress
C002608,C004967,29,-0.200724,0.596963,0.374862,0.228898,13604366,4.14707452248502,99041789,30.191313569719977,stress,stress
C002608,C004967,30,-0.19689,0.609556,0.355525,0.231809,12967207,3.952846738869669,98516675,30.031240921659773,stress,stress
C002608,C004967,31,-0.235913,0.612979,0.389369,0.233565,12209071,3.721741041611987,97991263,29.871077433040906,stress,stress
C002608,C004967,32,0.036344,0.368938,0.361123,0.233595,12325917,3.7573596856307003,97465552,29.710822799029287,watch,stress
C002608,C004967,33,0.029829,0.375006,0.358948,0.236217,12420809,3.7862860020490947,96939542,29.550477019624914,watch,stress
C002608,C004967,34,0.068552,0.352317,0.353754,0.225377,12649501,3.8559991196391494,96413233,29.39004009482779,watch,stress
C002608,C004967,35,0.051629,0.368512,0.345693,0.234165,12815370,3.906561645226161,95886624,29.22951171980382,watch,stress
C002608,C004967,36,0.052974,0.370906,0.343262,0.232858,12986610,3.9587614347077387,95359716,29.0688921993871,healthy,stress
C002608,C004969,13,0.169504,0.347,0.263221,0.220274,26359524,5.805873288712174,26222301,5.77564894360272,healthy,recovered
C002608,C004969,14,0.146273,0.353849,0.2751,0.224777,27007829,5.948667091909779,25524929,5.622047783464327,healthy,recovered
C002608,C004969,15,0.179317,0.337767,0.26848,0.214436,27841246,6.132233134250249,24827283,5.4683862728704,healthy,recovered
C002608,C004969,16,0.18508,0.339521,0.259421,0.215978,28695638,6.320419070039127,24129364,5.314664632078073,healthy,recovered
C002608,C004969,17,0.20001,0.331994,0.253989,0.214007,29627816,6.525737927486064,23431172,5.160882861087348,healthy,recovered
C002608,C004969,18,0.12967,0.353077,0.294661,0.222593,30209080,6.653765471962588,22732706,5.007040739641087,healthy,recovered
C002608,C004969,19,0.156343,0.341806,0.281794,0.220057,30918265,6.809968529660266,22033967,4.853138487996427,healthy,recovered
C002608,C004969,20,0.144827,0.344142,0.293145,0.217886,31582018,6.956164865110124,21334955,4.6991761061533674,healthy,recovered
C002608,C004969,21,0.165442,0.352388,0.262119,0.220051,32333087,7.121593172733576,20635669,4.545153373854773,healthy,recovered
C002608,C004969,22,0.122773,0.352973,0.304172,0.220082,32890589,7.244386967120896,19936109,4.391070291100642,healthy,recovered
C002608,C004969,23,0.137864,0.351608,0.291424,0.219105,33519656,7.382943463517049,19236275,4.2369268578909764,healthy,recovered
C002608,C004969,24,0.186395,0.337296,0.262977,0.213331,34393528,7.57542000833453,18536167,4.0827230742257745,healthy,recovered
C002608,C004969,25,0.141578,0.356468,0.278327,0.223627,35026973,7.714940790476434,17835785,3.928458940105036,healthy,recovered
C002608,C004969,26,-2.0,1.0,1.0,1.0,34097775,7.510278299297732,17510566,3.856827134269632,stress,recovered
C002608,C004969,27,-2.0,1.0,1.0,1.0,33184599,7.309144767967917,17190954,3.7864303102013412,stress,recovered
C002608,C004969,28,-2.0,1.0,1.0,1.0,32254627,7.104311797765183,16865464,3.7147388146818123,stress,recovered
C002608,C004969,29,0.123662,0.354308,0.297946,0.224084,32807647,7.226118399664505,16163984,3.560232838224657,watch,recovered
C002608,C004969,30,0.166248,0.350499,0.266836,0.216416,33577758,7.395740843690558,15462230,3.405666511311966,watch,recovered
C002608,C004969,31,0.162706,0.351759,0.268924,0.216612,34331075,7.561664289357968,14760201,3.2510396136866024,watch,recovered
C002608,C004969,32,0.153721,0.340988,0.290089,0.215202,35047738,7.719514429926073,14057897,3.0963521453485656,watch,recovered
C002608,C004969,33,0.113819,0.352589,0.314488,0.219103,35569130,7.834354739096611,13355318,2.941604106297856,healthy,recovered
C002608,C004969,34,0.091518,0.363887,0.31972,0.224875,35977762,7.92435885349993,12652464,2.786795496534474,healthy,recovered
C002608,C004969,35,0.163213,0.350177,0.271131,0.215479,36738591,8.091936870780424,11949334,2.6319260958012825,healthy,recovered
C002608,C004969,36,0.161264,0.357052,0.262589,0.219095,37478217,8.254844775985276,11245929,2.4769961243554173,healthy,recovered
C002608,C004994,13,0.277134,0.310273,0.218879,0.193714,34980504,7.374286667152938,129248234,27.246992460121874,healthy,healthy
C002608,C004994,14,0.285656,0.303595,0.218268,0.192481,36377613,7.668813077385889,128589251,27.108071375657783,healthy,healthy
C002608,C004994,15,0.255923,0.323347,0.219982,0.200748,37577139,7.9216867520677425,127930611,26.969222599480815,healthy,healthy
C002608,C004994,16,0.286775,0.303612,0.220509,0.189104,39003282,8.222333858534634,127272314,26.830446131590964,healthy,healthy
C002608,C004994,17,0.256766,0.322332,0.220902,0.200001,40209991,8.476721791019353,126614360,26.691741971988233,healthy,healthy
C002608,C004994,18,0.244098,0.320017,0.2374,0.198486,41365319,8.720278026418033,125956749,26.553110120672624,healthy,healthy
C002608,C004994,19,0.315214,0.301776,0.19312,0.18989,42923963,9.048857845280503,125299481,26.414550577644132,healthy,healthy
C002608,C004994,20,0.25713,0.322661,0.223049,0.197161,44147875,9.306872365121855,124642555,26.27606313209143,healthy,healthy
C002608,C004994,21,0.296433,0.30521,0.212427,0.185929,45643325,9.622130172624967,123985971,26.137647784014515,healthy,healthy
C002608,C004994,22,0.260256,0.312899,0.232991,0.193855,46901930,9.887458370032073,123329729,25.999304533413387,healthy,healthy
C002608,C004994,23,0.286117,0.30833,0.216703,0.18885,48321535,10.186727192005696,122673828,25.861033169476713,healthy,healthy
C002608,C004994,24,0.303792,0.303509,0.207677,0.185022,49859217,10.510887983711873,122018269,25.722833903015825,healthy,healthy
C002608,C004994,25,0.301325,0.308781,0.200002,0.189892,51344529,10.82400858592396,121363051,25.584706523219392,healthy,healthy
C002608,C004994,26,0.259522,0.316932,0.229638,0.193907,52596637,11.087967142102439,120708175,25.44665124089875,healthy,healthy
C002608,C004994,27,0.295527,0.305406,0.214274,0.184793,54092004,11.403207452264937,120053640,25.308667845242557,healthy,healthy
C002608,C004994,28,0.293695,0.309908,0.211512,0.184885,55576579,11.716172686524812,119399446,25.17075633625082,healthy,healthy
C002608,C004994,29,0.304139,0.306751,0.204464,0.184647,57115134,12.040517516524446,118745592,25.032916503112208,healthy,healthy
C002608,C004994,30,0.287226,0.307748,0.221451,0.183575,58575855,12.348454057253829,118092079,24.89514855663805,healthy,healthy
C002608,C004994,31,0.307526,0.314449,0.191459,0.186566,60113941,12.67270001673842,117438906,24.75745228601701,healthy,healthy
C002608,C004994,32,0.293736,0.316104,0.200832,0.189328,61560870,12.977729047567047,116786073,24.619827691249096,healthy,healthy
C002608,C004994,33,0.302247,0.306361,0.209477,0.181916,63109579,13.30421445583903,116133581,24.482274983145633,healthy,healthy
C002608,C004994,34,0.321524,0.295368,0.205199,0.17791,64793278,13.659157285913713,115481428,24.34479374008396,healthy,healthy
C002608,C004994,35,0.303965,0.307269,0.204645,0.184122,66330527,13.983226796312826,114829615,24.20738417287541,healthy,healthy
C002608,C004994,36,0.30434,0.30483,0.209229,0.181601,67890220,14.31202775626331,114178141,24.07004607070865,healthy,healthy
